192 128
1,1,1
2,1,2
3,1,3
4,1,4
5,1,5
6,1,6
7,1,7
8,1,8
9,1,9
10,1,10
11,1,11
12,1,12
13,1,13
14,1,14
15,1,15
16,1,16
17,1,17
18,1,18
19,1,19
20,1,20
21,1,21
22,1,22
23,1,23
24,1,24
25,1,25
26,1,26
27,1,27
28,1,28
29,1,29
30,1,30
31,1,31
32,1,32
33,1,33
34,1,34
35,1,35
36,1,36
37,1,37
38,1,38
39,1,39
40,1,40
41,1,41
42,1,42
43,1,43
44,1,44
45,1,45
46,1,46
47,1,47
48,1,48
49,1,49
50,1,50
51,1,51
52,1,52
53,1,53
54,1,54
55,1,55
56,1,56
57,1,57
58,1,58
59,1,59
60,1,60
61,1,61
62,1,62
63,1,63
64,1,64
65,1,65
66,1,66
67,1,67
68,1,68
69,1,69
70,1,70
71,1,71
72,1,72
73,1,73
74,1,74
75,1,75
76,1,76
77,1,77
78,1,78
79,1,79
80,1,80
81,1,81
82,1,82
83,1,83
84,1,84
85,1,85
86,1,86
87,1,87
88,1,88
89,1,89
90,1,90
91,1,91
92,1,92
93,1,93
94,1,94
95,1,95
96,1,96
97,1,97
98,1,98
99,1,99
100,1,100
101,1,101
102,1,102
103,1,103
104,1,104
105,1,105
106,1,106
107,1,107
108,1,108
109,1,109
110,1,110
111,1,111
112,1,112
113,1,113
114,1,114
115,1,115
116,1,116
117,1,117
118,1,118
119,1,119
120,1,120
121,1,121
122,1,122
123,1,123
124,1,124
125,1,125
126,1,126
127,1,127
128,1,128
129,1,129
130,1,130
131,1,131
132,1,132
133,1,133
134,1,134
135,1,135
136,1,136
137,1,137
138,1,138
139,1,139
140,1,140
141,1,141
142,1,142
143,1,143
144,1,144
145,1,145
146,1,146
147,1,147
148,1,148
149,1,149
150,1,150
151,1,151
152,1,152
153,1,153
154,1,154
155,1,155
156,1,156
157,1,157
158,1,158
159,1,159
160,1,160
161,1,161
162,1,162
163,1,163
164,1,164
165,1,165
166,1,166
167,1,167
168,1,168
169,1,169
170,1,170
171,1,171
172,1,172
173,1,173
174,1,174
175,1,175
176,1,176
177,1,177
178,1,178
179,1,179
180,1,180
181,1,181
182,1,182
183,1,183
184,1,184
185,1,185
186,1,186
187,1,187
188,1,188
189,1,189
190,1,190
191,1,191
192,1,192
1,2,193
2,2,194
3,2,195
4,2,196
5,2,197
6,2,198
7,2,199
8,2,200
9,2,201
10,2,202
11,2,203
12,2,204
13,2,205
14,2,206
15,2,207
16,2,208
17,2,209
18,2,210
19,2,211
20,2,212
21,2,213
22,2,214
23,2,215
24,2,216
25,2,217
26,2,218
27,2,219
28,2,220
29,2,221
30,2,222
31,2,223
32,2,224
33,2,225
34,2,226
35,2,227
36,2,228
37,2,229
38,2,230
39,2,231
40,2,232
41,2,233
42,2,234
43,2,235
44,2,236
45,2,237
46,2,238
47,2,239
48,2,240
49,2,241
50,2,242
51,2,243
52,2,244
53,2,245
54,2,246
55,2,247
56,2,248
57,2,249
58,2,250
59,2,251
60,2,252
61,2,253
62,2,254
63,2,255
64,2,256
65,2,257
66,2,258
67,2,259
68,2,260
69,2,261
70,2,262
71,2,263
72,2,264
73,2,265
74,2,266
75,2,267
76,2,268
77,2,269
78,2,270
79,2,271
80,2,272
81,2,273
82,2,274
83,2,275
84,2,276
85,2,277
86,2,278
87,2,279
88,2,280
89,2,281
90,2,282
91,2,283
92,2,284
93,2,285
94,2,286
95,2,287
96,2,288
97,2,289
98,2,290
99,2,291
100,2,292
101,2,293
102,2,294
103,2,295
104,2,296
105,2,297
106,2,298
107,2,299
108,2,300
109,2,301
110,2,302
111,2,303
112,2,304
113,2,305
114,2,306
115,2,307
116,2,308
117,2,309
118,2,310
119,2,311
120,2,312
121,2,313
122,2,314
123,2,315
124,2,316
125,2,317
126,2,318
127,2,319
128,2,320
129,2,321
130,2,322
131,2,323
132,2,324
133,2,325
134,2,326
135,2,327
136,2,328
137,2,329
138,2,330
139,2,331
140,2,332
141,2,333
142,2,334
143,2,335
144,2,336
145,2,337
146,2,338
147,2,339
148,2,340
149,2,341
150,2,342
151,2,343
152,2,344
153,2,345
154,2,346
155,2,347
156,2,348
157,2,349
158,2,350
159,2,351
160,2,352
161,2,353
162,2,354
163,2,355
164,2,356
165,2,357
166,2,358
167,2,359
168,2,360
169,2,361
170,2,362
171,2,363
172,2,364
173,2,365
174,2,366
175,2,367
176,2,368
177,2,369
178,2,370
179,2,371
180,2,372
181,2,373
182,2,374
183,2,375
184,2,376
185,2,377
186,2,378
187,2,379
188,2,380
189,2,381
190,2,382
191,2,383
192,2,384
1,3,385
2,3,386
3,3,387
4,3,388
5,3,389
6,3,390
7,3,391
8,3,392
9,3,393
10,3,394
11,3,395
12,3,396
13,3,397
14,3,398
15,3,399
16,3,400
17,3,401
18,3,402
19,3,403
20,3,404
21,3,405
22,3,406
23,3,407
24,3,408
25,3,409
26,3,410
27,3,411
28,3,412
29,3,413
30,3,414
31,3,415
32,3,416
33,3,417
34,3,418
35,3,419
36,3,420
37,3,421
38,3,422
39,3,423
40,3,424
41,3,425
42,3,426
43,3,427
44,3,428
45,3,429
46,3,430
47,3,431
48,3,432
49,3,433
50,3,434
51,3,435
52,3,436
53,3,437
54,3,438
55,3,439
56,3,440
57,3,441
58,3,442
59,3,443
60,3,444
61,3,445
62,3,446
63,3,447
64,3,448
65,3,449
66,3,450
67,3,451
68,3,452
69,3,453
70,3,454
71,3,455
72,3,456
73,3,457
74,3,458
75,3,459
76,3,460
77,3,461
78,3,462
79,3,463
80,3,464
81,3,465
82,3,466
83,3,467
84,3,468
85,3,469
86,3,470
87,3,471
88,3,472
89,3,473
90,3,474
91,3,475
92,3,476
93,3,477
94,3,478
95,3,479
96,3,480
97,3,481
98,3,482
99,3,483
100,3,484
101,3,485
102,3,486
103,3,487
104,3,488
105,3,489
106,3,490
107,3,491
108,3,492
109,3,493
110,3,494
111,3,495
112,3,496
113,3,497
114,3,498
115,3,499
116,3,500
117,3,501
118,3,502
119,3,503
120,3,504
121,3,505
122,3,506
123,3,507
124,3,508
125,3,509
126,3,510
127,3,511
128,3,512
129,3,513
130,3,514
131,3,515
132,3,516
133,3,517
134,3,518
135,3,519
136,3,520
137,3,521
138,3,522
139,3,523
140,3,524
141,3,525
142,3,526
143,3,527
144,3,528
145,3,529
146,3,530
147,3,531
148,3,532
149,3,533
150,3,534
151,3,535
152,3,536
153,3,537
154,3,538
155,3,539
156,3,540
157,3,541
158,3,542
159,3,543
160,3,544
161,3,545
162,3,546
163,3,547
164,3,548
165,3,549
166,3,550
167,3,551
168,3,552
169,3,553
170,3,554
171,3,555
172,3,556
173,3,557
174,3,558
175,3,559
176,3,560
177,3,561
178,3,562
179,3,563
180,3,564
181,3,565
182,3,566
183,3,567
184,3,568
185,3,569
186,3,570
187,3,571
188,3,572
189,3,573
190,3,574
191,3,575
192,3,576
1,4,577
2,4,578
3,4,579
4,4,580
5,4,581
6,4,582
7,4,583
8,4,584
9,4,585
10,4,586
11,4,587
12,4,588
13,4,589
14,4,590
15,4,591
16,4,592
17,4,593
18,4,594
19,4,595
20,4,596
21,4,597
22,4,598
23,4,599
24,4,600
25,4,601
26,4,602
27,4,603
28,4,604
29,4,605
30,4,606
31,4,607
32,4,608
33,4,609
34,4,610
35,4,611
36,4,612
37,4,613
38,4,614
39,4,615
40,4,616
41,4,617
42,4,618
43,4,619
44,4,620
45,4,621
46,4,622
47,4,623
48,4,624
49,4,625
50,4,626
51,4,627
52,4,628
53,4,629
54,4,630
55,4,631
56,4,632
57,4,633
58,4,634
59,4,635
60,4,636
61,4,637
62,4,638
63,4,639
64,4,640
65,4,641
66,4,642
67,4,643
68,4,644
69,4,645
70,4,646
71,4,647
72,4,648
73,4,649
74,4,650
75,4,651
76,4,652
77,4,653
78,4,654
79,4,655
80,4,656
81,4,657
82,4,658
83,4,659
84,4,660
85,4,661
86,4,662
87,4,663
88,4,664
89,4,665
90,4,666
91,4,667
92,4,668
93,4,669
94,4,670
95,4,671
96,4,672
97,4,673
98,4,674
99,4,675
100,4,676
101,4,677
102,4,678
103,4,679
104,4,680
105,4,681
106,4,682
107,4,683
108,4,684
109,4,685
110,4,686
111,4,687
112,4,688
113,4,689
114,4,690
115,4,691
116,4,692
117,4,693
118,4,694
119,4,695
120,4,696
121,4,697
122,4,698
123,4,699
124,4,700
125,4,701
126,4,702
127,4,703
128,4,704
129,4,705
130,4,706
131,4,707
132,4,708
133,4,709
134,4,710
135,4,711
136,4,712
137,4,713
138,4,714
139,4,715
140,4,716
141,4,717
142,4,718
143,4,719
144,4,720
145,4,721
146,4,722
147,4,723
148,4,724
149,4,725
150,4,726
151,4,727
152,4,728
153,4,729
154,4,730
155,4,731
156,4,732
157,4,733
158,4,734
159,4,735
160,4,736
161,4,737
162,4,738
163,4,739
164,4,740
165,4,741
166,4,742
167,4,743
168,4,744
169,4,745
170,4,746
171,4,747
172,4,748
173,4,749
174,4,750
175,4,751
176,4,752
177,4,753
178,4,754
179,4,755
180,4,756
181,4,757
182,4,758
183,4,759
184,4,760
185,4,761
186,4,762
187,4,763
188,4,764
189,4,765
190,4,766
191,4,767
192,4,768
1,5,769
2,5,770
3,5,771
4,5,772
5,5,773
6,5,774
7,5,775
8,5,776
9,5,777
10,5,778
11,5,779
12,5,780
13,5,781
14,5,782
15,5,783
16,5,784
17,5,785
18,5,786
19,5,787
20,5,788
21,5,789
22,5,790
23,5,791
24,5,792
25,5,793
26,5,794
27,5,795
28,5,796
29,5,797
30,5,798
31,5,799
32,5,800
33,5,801
34,5,802
35,5,803
36,5,804
37,5,805
38,5,806
39,5,807
40,5,808
41,5,809
42,5,810
43,5,811
44,5,812
45,5,813
46,5,814
47,5,815
48,5,816
49,5,817
50,5,818
51,5,819
52,5,820
53,5,821
54,5,822
55,5,823
56,5,824
57,5,825
58,5,826
59,5,827
60,5,828
61,5,829
62,5,830
63,5,831
64,5,832
65,5,833
66,5,834
67,5,835
68,5,836
69,5,837
70,5,838
71,5,839
72,5,840
73,5,841
74,5,842
75,5,843
76,5,844
77,5,845
78,5,846
79,5,847
80,5,848
81,5,849
82,5,850
83,5,851
84,5,852
85,5,853
86,5,854
87,5,855
88,5,856
89,5,857
90,5,858
91,5,859
92,5,860
93,5,861
94,5,862
95,5,863
96,5,864
97,5,865
98,5,866
99,5,867
100,5,868
101,5,869
102,5,870
103,5,871
104,5,872
105,5,873
106,5,874
107,5,875
108,5,876
109,5,877
110,5,878
111,5,879
112,5,880
113,5,881
114,5,882
115,5,883
116,5,884
117,5,885
118,5,886
119,5,887
120,5,888
121,5,889
122,5,890
123,5,891
124,5,892
125,5,893
126,5,894
127,5,895
128,5,896
129,5,897
130,5,898
131,5,899
132,5,900
133,5,901
134,5,902
135,5,903
136,5,904
137,5,905
138,5,906
139,5,907
140,5,908
141,5,909
142,5,910
143,5,911
144,5,912
145,5,913
146,5,914
147,5,915
148,5,916
149,5,917
150,5,918
151,5,919
152,5,920
153,5,921
154,5,922
155,5,923
156,5,924
157,5,925
158,5,926
159,5,927
160,5,928
161,5,929
162,5,930
163,5,931
164,5,932
165,5,933
166,5,934
167,5,935
168,5,936
169,5,937
170,5,938
171,5,939
172,5,940
173,5,941
174,5,942
175,5,943
176,5,944
177,5,945
178,5,946
179,5,947
180,5,948
181,5,949
182,5,950
183,5,951
184,5,952
185,5,953
186,5,954
187,5,955
188,5,956
189,5,957
190,5,958
191,5,959
192,5,960
1,6,961
2,6,962
3,6,963
4,6,964
5,6,965
6,6,966
7,6,967
8,6,968
9,6,969
10,6,970
11,6,971
12,6,972
13,6,973
14,6,974
15,6,975
16,6,976
17,6,977
18,6,978
19,6,979
20,6,980
21,6,981
22,6,982
23,6,983
24,6,984
25,6,985
26,6,986
27,6,987
28,6,988
29,6,989
30,6,990
31,6,991
32,6,992
33,6,993
34,6,994
35,6,995
36,6,996
37,6,997
38,6,998
39,6,999
40,6,1000
41,6,1001
42,6,1002
43,6,1003
44,6,1004
45,6,1005
46,6,1006
47,6,1007
48,6,1008
49,6,1009
50,6,1010
51,6,1011
52,6,1012
53,6,1013
54,6,1014
55,6,1015
56,6,1016
57,6,1017
58,6,1018
59,6,1019
60,6,1020
61,6,1021
62,6,1022
63,6,1023
64,6,1024
65,6,1025
66,6,1026
67,6,1027
68,6,1028
69,6,1029
70,6,1030
71,6,1031
72,6,1032
73,6,1033
74,6,1034
75,6,1035
76,6,1036
77,6,1037
78,6,1038
79,6,1039
80,6,1040
81,6,1041
82,6,1042
83,6,1043
84,6,1044
85,6,1045
86,6,1046
87,6,1047
88,6,1048
89,6,1049
90,6,1050
91,6,1051
92,6,1052
93,6,1053
94,6,1054
95,6,1055
96,6,1056
97,6,1057
98,6,1058
99,6,1059
100,6,1060
101,6,1061
102,6,1062
103,6,1063
104,6,1064
105,6,1065
106,6,1066
107,6,1067
108,6,1068
109,6,1069
110,6,1070
111,6,1071
112,6,1072
113,6,1073
114,6,1074
115,6,1075
116,6,1076
117,6,1077
118,6,1078
119,6,1079
120,6,1080
121,6,1081
122,6,1082
123,6,1083
124,6,1084
125,6,1085
126,6,1086
127,6,1087
128,6,1088
129,6,1089
130,6,1090
131,6,1091
132,6,1092
133,6,1093
134,6,1094
135,6,1095
136,6,1096
137,6,1097
138,6,1098
139,6,1099
140,6,1100
141,6,1101
142,6,1102
143,6,1103
144,6,1104
145,6,1105
146,6,1106
147,6,1107
148,6,1108
149,6,1109
150,6,1110
151,6,1111
152,6,1112
153,6,1113
154,6,1114
155,6,1115
156,6,1116
157,6,1117
158,6,1118
159,6,1119
160,6,1120
161,6,1121
162,6,1122
163,6,1123
164,6,1124
165,6,1125
166,6,1126
167,6,1127
168,6,1128
169,6,1129
170,6,1130
171,6,1131
172,6,1132
173,6,1133
174,6,1134
175,6,1135
176,6,1136
177,6,1137
178,6,1138
179,6,1139
180,6,1140
181,6,1141
182,6,1142
183,6,1143
184,6,1144
185,6,1145
186,6,1146
187,6,1147
188,6,1148
189,6,1149
190,6,1150
191,6,1151
192,6,1152
1,7,1153
2,7,1154
3,7,1155
4,7,1156
5,7,1157
6,7,1158
7,7,1159
8,7,1160
9,7,1161
10,7,1162
11,7,1163
12,7,1164
13,7,1165
14,7,1166
15,7,1167
16,7,1168
17,7,1169
18,7,1170
19,7,1171
20,7,1172
21,7,1173
22,7,1174
23,7,1175
24,7,1176
25,7,1177
26,7,1178
27,7,1179
28,7,1180
29,7,1181
30,7,1182
31,7,1183
32,7,1184
33,7,1185
34,7,1186
35,7,1187
36,7,1188
37,7,1189
38,7,1190
39,7,1191
40,7,1192
41,7,1193
42,7,1194
43,7,1195
44,7,1196
45,7,1197
46,7,1198
47,7,1199
48,7,1200
49,7,1201
50,7,1202
51,7,1203
52,7,1204
53,7,1205
54,7,1206
55,7,1207
56,7,1208
57,7,1209
58,7,1210
59,7,1211
60,7,1212
61,7,1213
62,7,1214
63,7,1215
64,7,1216
65,7,1217
66,7,1218
67,7,1219
68,7,1220
69,7,1221
70,7,1222
71,7,1223
72,7,1224
73,7,1225
74,7,1226
75,7,1227
76,7,1228
77,7,1229
78,7,1230
79,7,1231
80,7,1232
81,7,1233
82,7,1234
83,7,1235
84,7,1236
85,7,1237
86,7,1238
87,7,1239
88,7,1240
89,7,1241
90,7,1242
91,7,1243
92,7,1244
93,7,1245
94,7,1246
95,7,1247
96,7,1248
97,7,1249
98,7,1250
99,7,1251
100,7,1252
101,7,1253
102,7,1254
103,7,1255
104,7,1256
105,7,1257
106,7,1258
107,7,1259
108,7,1260
109,7,1261
110,7,1262
111,7,1263
112,7,1264
113,7,1265
114,7,1266
115,7,1267
116,7,1268
117,7,1269
118,7,1270
119,7,1271
120,7,1272
121,7,1273
122,7,1274
123,7,1275
124,7,1276
125,7,1277
126,7,1278
127,7,1279
128,7,1280
129,7,1281
130,7,1282
131,7,1283
132,7,1284
133,7,1285
134,7,1286
135,7,1287
136,7,1288
137,7,1289
138,7,1290
139,7,1291
140,7,1292
141,7,1293
142,7,1294
143,7,1295
144,7,1296
145,7,1297
146,7,1298
147,7,1299
148,7,1300
149,7,1301
150,7,1302
151,7,1303
152,7,1304
153,7,1305
154,7,1306
155,7,1307
156,7,1308
157,7,1309
158,7,1310
159,7,1311
160,7,1312
161,7,1313
162,7,1314
163,7,1315
164,7,1316
165,7,1317
166,7,1318
167,7,1319
168,7,1320
169,7,1321
170,7,1322
171,7,1323
172,7,1324
173,7,1325
174,7,1326
175,7,1327
176,7,1328
177,7,1329
178,7,1330
179,7,1331
180,7,1332
181,7,1333
182,7,1334
183,7,1335
184,7,1336
185,7,1337
186,7,1338
187,7,1339
188,7,1340
189,7,1341
190,7,1342
191,7,1343
192,7,1344
1,8,1345
2,8,1346
3,8,1347
4,8,1348
5,8,1349
6,8,1350
7,8,1351
8,8,1352
9,8,1353
10,8,1354
11,8,1355
12,8,1356
13,8,1357
14,8,1358
15,8,1359
16,8,1360
17,8,1361
18,8,1362
19,8,1363
20,8,1364
21,8,1365
22,8,1366
23,8,1367
24,8,1368
25,8,1369
26,8,1370
27,8,1371
28,8,1372
29,8,1373
30,8,1374
31,8,1375
32,8,1376
33,8,1377
34,8,1378
35,8,1379
36,8,1380
37,8,1381
38,8,1382
39,8,1383
40,8,1384
41,8,1385
42,8,1386
43,8,1387
44,8,1388
45,8,1389
46,8,1390
47,8,1391
48,8,1392
49,8,1393
50,8,1394
51,8,1395
52,8,1396
53,8,1397
54,8,1398
55,8,1399
56,8,1400
57,8,1401
58,8,1402
59,8,1403
60,8,1404
61,8,1405
62,8,1406
63,8,1407
64,8,1408
65,8,1409
66,8,1410
67,8,1411
68,8,1412
69,8,1413
70,8,1414
71,8,1415
72,8,1416
73,8,1417
74,8,1418
75,8,1419
76,8,1420
77,8,1421
78,8,1422
79,8,1423
80,8,1424
81,8,1425
82,8,1426
83,8,1427
84,8,1428
85,8,1429
86,8,1430
87,8,1431
88,8,1432
89,8,1433
90,8,1434
91,8,1435
92,8,1436
93,8,1437
94,8,1438
95,8,1439
96,8,1440
97,8,1441
98,8,1442
99,8,1443
100,8,1444
101,8,1445
102,8,1446
103,8,1447
104,8,1448
105,8,1449
106,8,1450
107,8,1451
108,8,1452
109,8,1453
110,8,1454
111,8,1455
112,8,1456
113,8,1457
114,8,1458
115,8,1459
116,8,1460
117,8,1461
118,8,1462
119,8,1463
120,8,1464
121,8,1465
122,8,1466
123,8,1467
124,8,1468
125,8,1469
126,8,1470
127,8,1471
128,8,1472
129,8,1473
130,8,1474
131,8,1475
132,8,1476
133,8,1477
134,8,1478
135,8,1479
136,8,1480
137,8,1481
138,8,1482
139,8,1483
140,8,1484
141,8,1485
142,8,1486
143,8,1487
144,8,1488
145,8,1489
146,8,1490
147,8,1491
148,8,1492
149,8,1493
150,8,1494
151,8,1495
152,8,1496
153,8,1497
154,8,1498
155,8,1499
156,8,1500
157,8,1501
158,8,1502
159,8,1503
160,8,1504
161,8,1505
162,8,1506
163,8,1507
164,8,1508
165,8,1509
166,8,1510
167,8,1511
168,8,1512
169,8,1513
170,8,1514
171,8,1515
172,8,1516
173,8,1517
174,8,1518
175,8,1519
176,8,1520
177,8,1521
178,8,1522
179,8,1523
180,8,1524
181,8,1525
182,8,1526
183,8,1527
184,8,1528
185,8,1529
186,8,1530
187,8,1531
188,8,1532
189,8,1533
190,8,1534
191,8,1535
192,8,1536
1,9,1537
2,9,1538
3,9,1539
4,9,1540
5,9,1541
6,9,1542
7,9,1543
8,9,1544
9,9,1545
10,9,1546
11,9,1547
12,9,1548
13,9,1549
14,9,1550
15,9,1551
16,9,1552
17,9,1553
18,9,1554
19,9,1555
20,9,1556
21,9,1557
22,9,1558
23,9,1559
24,9,1560
25,9,1561
26,9,1562
27,9,1563
28,9,1564
29,9,1565
30,9,1566
31,9,1567
32,9,1568
33,9,1569
34,9,1570
35,9,1571
36,9,1572
37,9,1573
38,9,1574
39,9,1575
40,9,1576
41,9,1577
42,9,1578
43,9,1579
44,9,1580
45,9,1581
46,9,1582
47,9,1583
48,9,1584
49,9,1585
50,9,1586
51,9,1587
52,9,1588
53,9,1589
54,9,1590
55,9,1591
56,9,1592
57,9,1593
58,9,1594
59,9,1595
60,9,1596
61,9,1597
62,9,1598
63,9,1599
64,9,1600
65,9,1601
66,9,1602
67,9,1603
68,9,1604
69,9,1605
70,9,1606
71,9,1607
72,9,1608
73,9,1609
74,9,1610
75,9,1611
76,9,1612
77,9,1613
78,9,1614
79,9,1615
80,9,1616
81,9,1617
82,9,1618
83,9,1619
84,9,1620
85,9,1621
86,9,1622
87,9,1623
88,9,1624
89,9,1625
90,9,1626
91,9,1627
92,9,1628
93,9,1629
94,9,1630
95,9,1631
96,9,1632
97,9,1633
98,9,1634
99,9,1635
100,9,1636
101,9,1637
102,9,1638
103,9,1639
104,9,1640
105,9,1641
106,9,1642
107,9,1643
108,9,1644
109,9,1645
110,9,1646
111,9,1647
112,9,1648
113,9,1649
114,9,1650
115,9,1651
116,9,1652
117,9,1653
118,9,1654
119,9,1655
120,9,1656
121,9,1657
122,9,1658
123,9,1659
124,9,1660
125,9,1661
126,9,1662
127,9,1663
128,9,1664
129,9,1665
130,9,1666
131,9,1667
132,9,1668
133,9,1669
134,9,1670
135,9,1671
136,9,1672
137,9,1673
138,9,1674
139,9,1675
140,9,1676
141,9,1677
142,9,1678
143,9,1679
144,9,1680
145,9,1681
146,9,1682
147,9,1683
148,9,1684
149,9,1685
150,9,1686
151,9,1687
152,9,1688
153,9,1689
154,9,1690
155,9,1691
156,9,1692
157,9,1693
158,9,1694
159,9,1695
160,9,1696
161,9,1697
162,9,1698
163,9,1699
164,9,1700
165,9,1701
166,9,1702
167,9,1703
168,9,1704
169,9,1705
170,9,1706
171,9,1707
172,9,1708
173,9,1709
174,9,1710
175,9,1711
176,9,1712
177,9,1713
178,9,1714
179,9,1715
180,9,1716
181,9,1717
182,9,1718
183,9,1719
184,9,1720
185,9,1721
186,9,1722
187,9,1723
188,9,1724
189,9,1725
190,9,1726
191,9,1727
192,9,1728
1,10,1729
2,10,1730
3,10,1731
4,10,1732
5,10,1733
6,10,1734
7,10,1735
8,10,1736
9,10,1737
10,10,1738
11,10,1739
12,10,1740
13,10,1741
14,10,1742
15,10,1743
16,10,1744
17,10,1745
18,10,1746
19,10,1747
20,10,1748
21,10,1749
22,10,1750
23,10,1751
24,10,1752
25,10,1753
26,10,1754
27,10,1755
28,10,1756
29,10,1757
30,10,1758
31,10,1759
32,10,1760
33,10,1761
34,10,1762
35,10,1763
36,10,1764
37,10,1765
38,10,1766
39,10,1767
40,10,1768
41,10,1769
42,10,1770
43,10,1771
44,10,1772
45,10,1773
46,10,1774
47,10,1775
48,10,1776
49,10,1777
50,10,1778
51,10,1779
52,10,1780
53,10,1781
54,10,1782
55,10,1783
56,10,1784
57,10,1785
58,10,1786
59,10,1787
60,10,1788
61,10,1789
62,10,1790
63,10,1791
64,10,1792
65,10,1793
66,10,1794
67,10,1795
68,10,1796
69,10,1797
70,10,1798
71,10,1799
72,10,1800
73,10,1801
74,10,1802
75,10,1803
76,10,1804
77,10,1805
78,10,1806
79,10,1807
80,10,1808
81,10,1809
82,10,1810
83,10,1811
84,10,1812
85,10,1813
86,10,1814
87,10,1815
88,10,1816
89,10,1817
90,10,1818
91,10,1819
92,10,1820
93,10,1821
94,10,1822
95,10,1823
96,10,1824
97,10,1825
98,10,1826
99,10,1827
100,10,1828
101,10,1829
102,10,1830
103,10,1831
104,10,1832
105,10,1833
106,10,1834
107,10,1835
108,10,1836
109,10,1837
110,10,1838
111,10,1839
112,10,1840
113,10,1841
114,10,1842
115,10,1843
116,10,1844
117,10,1845
118,10,1846
119,10,1847
120,10,1848
121,10,1849
122,10,1850
123,10,1851
124,10,1852
125,10,1853
126,10,1854
127,10,1855
128,10,1856
129,10,1857
130,10,1858
131,10,1859
132,10,1860
133,10,1861
134,10,1862
135,10,1863
136,10,1864
137,10,1865
138,10,1866
139,10,1867
140,10,1868
141,10,1869
142,10,1870
143,10,1871
144,10,1872
145,10,1873
146,10,1874
147,10,1875
148,10,1876
149,10,1877
150,10,1878
151,10,1879
152,10,1880
153,10,1881
154,10,1882
155,10,1883
156,10,1884
157,10,1885
158,10,1886
159,10,1887
160,10,1888
161,10,1889
162,10,1890
163,10,1891
164,10,1892
165,10,1893
166,10,1894
167,10,1895
168,10,1896
169,10,1897
170,10,1898
171,10,1899
172,10,1900
173,10,1901
174,10,1902
175,10,1903
176,10,1904
177,10,1905
178,10,1906
179,10,1907
180,10,1908
181,10,1909
182,10,1910
183,10,1911
184,10,1912
185,10,1913
186,10,1914
187,10,1915
188,10,1916
189,10,1917
190,10,1918
191,10,1919
192,10,1920
1,11,1921
2,11,1922
3,11,1923
4,11,1924
5,11,1925
6,11,1926
7,11,1927
8,11,1928
9,11,1929
10,11,1930
11,11,1931
12,11,1932
13,11,1933
14,11,1934
15,11,1935
16,11,1936
17,11,1937
18,11,1938
19,11,1939
20,11,1940
21,11,1941
22,11,1942
23,11,1943
24,11,1944
25,11,1945
26,11,1946
27,11,1947
28,11,1948
29,11,1949
30,11,1950
31,11,1951
32,11,1952
33,11,1953
34,11,1954
35,11,1955
36,11,1956
37,11,1957
38,11,1958
39,11,1959
40,11,1960
41,11,1961
42,11,1962
43,11,1963
44,11,1964
45,11,1965
46,11,1966
47,11,1967
48,11,1968
49,11,1969
50,11,1970
51,11,1971
52,11,1972
53,11,1973
54,11,1974
55,11,1975
56,11,1976
57,11,1977
58,11,1978
59,11,1979
60,11,1980
61,11,1981
62,11,1982
63,11,1983
64,11,1984
65,11,1985
66,11,1986
67,11,1987
68,11,1988
69,11,1989
70,11,1990
71,11,1991
72,11,1992
73,11,1993
74,11,1994
75,11,1995
76,11,1996
77,11,1997
78,11,1998
79,11,1999
80,11,2000
81,11,2001
82,11,2002
83,11,2003
84,11,2004
85,11,2005
86,11,2006
87,11,2007
88,11,2008
89,11,2009
90,11,2010
91,11,2011
92,11,2012
93,11,2013
94,11,2014
95,11,2015
96,11,2016
97,11,2017
98,11,2018
99,11,2019
100,11,2020
101,11,2021
102,11,2022
103,11,2023
104,11,2024
105,11,2025
106,11,2026
107,11,2027
108,11,2028
109,11,2029
110,11,2030
111,11,2031
112,11,2032
113,11,2033
114,11,2034
115,11,2035
116,11,2036
117,11,2037
118,11,2038
119,11,2039
120,11,2040
121,11,2041
122,11,2042
123,11,2043
124,11,2044
125,11,2045
126,11,2046
127,11,2047
128,11,2048
129,11,2049
130,11,2050
131,11,2051
132,11,2052
133,11,2053
134,11,2054
135,11,2055
136,11,2056
137,11,2057
138,11,2058
139,11,2059
140,11,2060
141,11,2061
142,11,2062
143,11,2063
144,11,2064
145,11,2065
146,11,2066
147,11,2067
148,11,2068
149,11,2069
150,11,2070
151,11,2071
152,11,2072
153,11,2073
154,11,2074
155,11,2075
156,11,2076
157,11,2077
158,11,2078
159,11,2079
160,11,2080
161,11,2081
162,11,2082
163,11,2083
164,11,2084
165,11,2085
166,11,2086
167,11,2087
168,11,2088
169,11,2089
170,11,2090
171,11,2091
172,11,2092
173,11,2093
174,11,2094
175,11,2095
176,11,2096
177,11,2097
178,11,2098
179,11,2099
180,11,2100
181,11,2101
182,11,2102
183,11,2103
184,11,2104
185,11,2105
186,11,2106
187,11,2107
188,11,2108
189,11,2109
190,11,2110
191,11,2111
192,11,2112
1,12,2113
2,12,2114
3,12,2115
4,12,2116
5,12,2117
6,12,2118
7,12,2119
8,12,2120
9,12,2121
10,12,2122
11,12,2123
12,12,2124
13,12,2125
14,12,2126
15,12,2127
16,12,2128
17,12,2129
18,12,2130
19,12,2131
20,12,2132
21,12,2133
22,12,2134
23,12,2135
24,12,2136
25,12,2137
26,12,2138
27,12,2139
28,12,2140
29,12,2141
30,12,2142
31,12,2143
32,12,2144
33,12,2145
34,12,2146
35,12,2147
36,12,2148
37,12,2149
38,12,2150
39,12,2151
40,12,2152
41,12,2153
42,12,2154
43,12,2155
44,12,2156
45,12,2157
46,12,2158
47,12,2159
48,12,2160
49,12,2161
50,12,2162
51,12,2163
52,12,2164
53,12,2165
54,12,2166
55,12,2167
56,12,2168
57,12,2169
58,12,2170
59,12,2171
60,12,2172
61,12,2173
62,12,2174
63,12,2175
64,12,2176
65,12,2177
66,12,2178
67,12,2179
68,12,2180
69,12,2181
70,12,2182
71,12,2183
72,12,2184
73,12,2185
74,12,2186
75,12,2187
76,12,2188
77,12,2189
78,12,2190
79,12,2191
80,12,2192
81,12,2193
82,12,2194
83,12,2195
84,12,2196
85,12,2197
86,12,2198
87,12,2199
88,12,2200
89,12,2201
90,12,2202
91,12,2203
92,12,2204
93,12,2205
94,12,2206
95,12,2207
96,12,2208
97,12,2209
98,12,2210
99,12,2211
100,12,2212
101,12,2213
102,12,2214
103,12,2215
104,12,2216
105,12,2217
106,12,2218
107,12,2219
108,12,2220
109,12,2221
110,12,2222
111,12,2223
112,12,2224
113,12,2225
114,12,2226
115,12,2227
116,12,2228
117,12,2229
118,12,2230
119,12,2231
120,12,2232
121,12,2233
122,12,2234
123,12,2235
124,12,2236
125,12,2237
126,12,2238
127,12,2239
128,12,2240
129,12,2241
130,12,2242
131,12,2243
132,12,2244
133,12,2245
134,12,2246
135,12,2247
136,12,2248
137,12,2249
138,12,2250
139,12,2251
140,12,2252
141,12,2253
142,12,2254
143,12,2255
144,12,2256
145,12,2257
146,12,2258
147,12,2259
148,12,2260
149,12,2261
150,12,2262
151,12,2263
152,12,2264
153,12,2265
154,12,2266
155,12,2267
156,12,2268
157,12,2269
158,12,2270
159,12,2271
160,12,2272
161,12,2273
162,12,2274
163,12,2275
164,12,2276
165,12,2277
166,12,2278
167,12,2279
168,12,2280
169,12,2281
170,12,2282
171,12,2283
172,12,2284
173,12,2285
174,12,2286
175,12,2287
176,12,2288
177,12,2289
178,12,2290
179,12,2291
180,12,2292
181,12,2293
182,12,2294
183,12,2295
184,12,2296
185,12,2297
186,12,2298
187,12,2299
188,12,2300
189,12,2301
190,12,2302
191,12,2303
192,12,2304
1,13,2305
2,13,2306
3,13,2307
4,13,2308
5,13,2309
6,13,2310
7,13,2311
8,13,2312
9,13,2313
10,13,2314
11,13,2315
12,13,2316
13,13,2317
14,13,2318
15,13,2319
16,13,2320
17,13,2321
18,13,2322
19,13,2323
20,13,2324
21,13,2325
22,13,2326
23,13,2327
24,13,2328
25,13,2329
26,13,2330
27,13,2331
28,13,2332
29,13,2333
30,13,2334
31,13,2335
32,13,2336
33,13,2337
34,13,2338
35,13,2339
36,13,2340
37,13,2341
38,13,2342
39,13,2343
40,13,2344
41,13,2345
42,13,2346
43,13,2347
44,13,2348
45,13,2349
46,13,2350
47,13,2351
48,13,2352
49,13,2353
50,13,2354
51,13,2355
52,13,2356
53,13,2357
54,13,2358
55,13,2359
56,13,2360
57,13,2361
58,13,2362
59,13,2363
60,13,2364
61,13,2365
62,13,2366
63,13,2367
64,13,2368
65,13,2369
66,13,2370
67,13,2371
68,13,2372
69,13,2373
70,13,2374
71,13,2375
72,13,2376
73,13,2377
74,13,2378
75,13,2379
76,13,2380
77,13,2381
78,13,2382
79,13,2383
80,13,2384
81,13,2385
82,13,2386
83,13,2387
84,13,2388
85,13,2389
86,13,2390
87,13,2391
88,13,2392
89,13,2393
90,13,2394
91,13,2395
92,13,2396
93,13,2397
94,13,2398
95,13,2399
96,13,2400
97,13,2401
98,13,2402
99,13,2403
100,13,2404
101,13,2405
102,13,2406
103,13,2407
104,13,2408
105,13,2409
106,13,2410
107,13,2411
108,13,2412
109,13,2413
110,13,2414
111,13,2415
112,13,2416
113,13,2417
114,13,2418
115,13,2419
116,13,2420
117,13,2421
118,13,2422
119,13,2423
120,13,2424
121,13,2425
122,13,2426
123,13,2427
124,13,2428
125,13,2429
126,13,2430
127,13,2431
128,13,2432
129,13,2433
130,13,2434
131,13,2435
132,13,2436
133,13,2437
134,13,2438
135,13,2439
136,13,2440
137,13,2441
138,13,2442
139,13,2443
140,13,2444
141,13,2445
142,13,2446
143,13,2447
144,13,2448
145,13,2449
146,13,2450
147,13,2451
148,13,2452
149,13,2453
150,13,2454
151,13,2455
152,13,2456
153,13,2457
154,13,2458
155,13,2459
156,13,2460
157,13,2461
158,13,2462
159,13,2463
160,13,2464
161,13,2465
162,13,2466
163,13,2467
164,13,2468
165,13,2469
166,13,2470
167,13,2471
168,13,2472
169,13,2473
170,13,2474
171,13,2475
172,13,2476
173,13,2477
174,13,2478
175,13,2479
176,13,2480
177,13,2481
178,13,2482
179,13,2483
180,13,2484
181,13,2485
182,13,2486
183,13,2487
184,13,2488
185,13,2489
186,13,2490
187,13,2491
188,13,2492
189,13,2493
190,13,2494
191,13,2495
192,13,2496
1,14,2497
2,14,2498
3,14,2499
4,14,2500
5,14,2501
6,14,2502
7,14,2503
8,14,2504
9,14,2505
10,14,2506
11,14,2507
12,14,2508
13,14,2509
14,14,2510
15,14,2511
16,14,2512
17,14,2513
18,14,2514
19,14,2515
20,14,2516
21,14,2517
22,14,2518
23,14,2519
24,14,2520
25,14,2521
26,14,2522
27,14,2523
28,14,2524
29,14,2525
30,14,2526
31,14,2527
32,14,2528
33,14,2529
34,14,2530
35,14,2531
36,14,2532
37,14,2533
38,14,2534
39,14,2535
40,14,2536
41,14,2537
42,14,2538
43,14,2539
44,14,2540
45,14,2541
46,14,2542
47,14,2543
48,14,2544
49,14,2545
50,14,2546
51,14,2547
52,14,2548
53,14,2549
54,14,2550
55,14,2551
56,14,2552
57,14,2553
58,14,2554
59,14,2555
60,14,2556
61,14,2557
62,14,2558
63,14,2559
64,14,2560
65,14,2561
66,14,2562
67,14,2563
68,14,2564
69,14,2565
70,14,2566
71,14,2567
72,14,2568
73,14,2569
74,14,2570
75,14,2571
76,14,2572
77,14,2573
78,14,2574
79,14,2575
80,14,2576
81,14,2577
82,14,2578
83,14,2579
84,14,2580
85,14,2581
86,14,2582
87,14,2583
88,14,2584
89,14,2585
90,14,2586
91,14,2587
92,14,2588
93,14,2589
94,14,2590
95,14,2591
96,14,2592
97,14,2593
98,14,2594
99,14,2595
100,14,2596
101,14,2597
102,14,2598
103,14,2599
104,14,2600
105,14,2601
106,14,2602
107,14,2603
108,14,2604
109,14,2605
110,14,2606
111,14,2607
112,14,2608
113,14,2609
114,14,2610
115,14,2611
116,14,2612
117,14,2613
118,14,2614
119,14,2615
120,14,2616
121,14,2617
122,14,2618
123,14,2619
124,14,2620
125,14,2621
126,14,2622
127,14,2623
128,14,2624
129,14,2625
130,14,2626
131,14,2627
132,14,2628
133,14,2629
134,14,2630
135,14,2631
136,14,2632
137,14,2633
138,14,2634
139,14,2635
140,14,2636
141,14,2637
142,14,2638
143,14,2639
144,14,2640
145,14,2641
146,14,2642
147,14,2643
148,14,2644
149,14,2645
150,14,2646
151,14,2647
152,14,2648
153,14,2649
154,14,2650
155,14,2651
156,14,2652
157,14,2653
158,14,2654
159,14,2655
160,14,2656
161,14,2657
162,14,2658
163,14,2659
164,14,2660
165,14,2661
166,14,2662
167,14,2663
168,14,2664
169,14,2665
170,14,2666
171,14,2667
172,14,2668
173,14,2669
174,14,2670
175,14,2671
176,14,2672
177,14,2673
178,14,2674
179,14,2675
180,14,2676
181,14,2677
182,14,2678
183,14,2679
184,14,2680
185,14,2681
186,14,2682
187,14,2683
188,14,2684
189,14,2685
190,14,2686
191,14,2687
192,14,2688
1,15,2689
2,15,2690
3,15,2691
4,15,2692
5,15,2693
6,15,2694
7,15,2695
8,15,2696
9,15,2697
10,15,2698
11,15,2699
12,15,2700
13,15,2701
14,15,2702
15,15,2703
16,15,2704
17,15,2705
18,15,2706
19,15,2707
20,15,2708
21,15,2709
22,15,2710
23,15,2711
24,15,2712
25,15,2713
26,15,2714
27,15,2715
28,15,2716
29,15,2717
30,15,2718
31,15,2719
32,15,2720
33,15,2721
34,15,2722
35,15,2723
36,15,2724
37,15,2725
38,15,2726
39,15,2727
40,15,2728
41,15,2729
42,15,2730
43,15,2731
44,15,2732
45,15,2733
46,15,2734
47,15,2735
48,15,2736
49,15,2737
50,15,2738
51,15,2739
52,15,2740
53,15,2741
54,15,2742
55,15,2743
56,15,2744
57,15,2745
58,15,2746
59,15,2747
60,15,2748
61,15,2749
62,15,2750
63,15,2751
64,15,2752
65,15,2753
66,15,2754
67,15,2755
68,15,2756
69,15,2757
70,15,2758
71,15,2759
72,15,2760
73,15,2761
74,15,2762
75,15,2763
76,15,2764
77,15,2765
78,15,2766
79,15,2767
80,15,2768
81,15,2769
82,15,2770
83,15,2771
84,15,2772
85,15,2773
86,15,2774
87,15,2775
88,15,2776
89,15,2777
90,15,2778
91,15,2779
92,15,2780
93,15,2781
94,15,2782
95,15,2783
96,15,2784
97,15,2785
98,15,2786
99,15,2787
100,15,2788
101,15,2789
102,15,2790
103,15,2791
104,15,2792
105,15,2793
106,15,2794
107,15,2795
108,15,2796
109,15,2797
110,15,2798
111,15,2799
112,15,2800
113,15,2801
114,15,2802
115,15,2803
116,15,2804
117,15,2805
118,15,2806
119,15,2807
120,15,2808
121,15,2809
122,15,2810
123,15,2811
124,15,2812
125,15,2813
126,15,2814
127,15,2815
128,15,2816
129,15,2817
130,15,2818
131,15,2819
132,15,2820
133,15,2821
134,15,2822
135,15,2823
136,15,2824
137,15,2825
138,15,2826
139,15,2827
140,15,2828
141,15,2829
142,15,2830
143,15,2831
144,15,2832
145,15,2833
146,15,2834
147,15,2835
148,15,2836
149,15,2837
150,15,2838
151,15,2839
152,15,2840
153,15,2841
154,15,2842
155,15,2843
156,15,2844
157,15,2845
158,15,2846
159,15,2847
160,15,2848
161,15,2849
162,15,2850
163,15,2851
164,15,2852
165,15,2853
166,15,2854
167,15,2855
168,15,2856
169,15,2857
170,15,2858
171,15,2859
172,15,2860
173,15,2861
174,15,2862
175,15,2863
176,15,2864
177,15,2865
178,15,2866
179,15,2867
180,15,2868
181,15,2869
182,15,2870
183,15,2871
184,15,2872
185,15,2873
186,15,2874
187,15,2875
188,15,2876
189,15,2877
190,15,2878
191,15,2879
192,15,2880
1,16,2881
2,16,2882
3,16,2883
4,16,2884
5,16,2885
6,16,2886
7,16,2887
8,16,2888
9,16,2889
10,16,2890
11,16,2891
12,16,2892
13,16,2893
14,16,2894
15,16,2895
16,16,2896
17,16,2897
18,16,2898
19,16,2899
20,16,2900
21,16,2901
22,16,2902
23,16,2903
24,16,2904
25,16,2905
26,16,2906
27,16,2907
28,16,2908
29,16,2909
30,16,2910
31,16,2911
32,16,2912
33,16,2913
34,16,2914
35,16,2915
36,16,2916
37,16,2917
38,16,2918
39,16,2919
40,16,2920
41,16,2921
42,16,2922
43,16,2923
44,16,2924
45,16,2925
46,16,2926
47,16,2927
48,16,2928
49,16,2929
50,16,2930
51,16,2931
52,16,2932
53,16,2933
54,16,2934
55,16,2935
56,16,2936
57,16,2937
58,16,2938
59,16,2939
60,16,2940
61,16,2941
62,16,2942
63,16,2943
64,16,2944
65,16,2945
66,16,2946
67,16,2947
68,16,2948
69,16,2949
70,16,2950
71,16,2951
72,16,2952
73,16,2953
74,16,2954
75,16,2955
76,16,2956
77,16,2957
78,16,2958
79,16,2959
80,16,2960
81,16,2961
82,16,2962
83,16,2963
84,16,2964
85,16,2965
86,16,2966
87,16,2967
88,16,2968
89,16,2969
90,16,2970
91,16,2971
92,16,2972
93,16,2973
94,16,2974
95,16,2975
96,16,2976
97,16,2977
98,16,2978
99,16,2979
100,16,2980
101,16,2981
102,16,2982
103,16,2983
104,16,2984
105,16,2985
106,16,2986
107,16,2987
108,16,2988
109,16,2989
110,16,2990
111,16,2991
112,16,2992
113,16,2993
114,16,2994
115,16,2995
116,16,2996
117,16,2997
118,16,2998
119,16,2999
120,16,3000
121,16,3001
122,16,3002
123,16,3003
124,16,3004
125,16,3005
126,16,3006
127,16,3007
128,16,3008
129,16,3009
130,16,3010
131,16,3011
132,16,3012
133,16,3013
134,16,3014
135,16,3015
136,16,3016
137,16,3017
138,16,3018
139,16,3019
140,16,3020
141,16,3021
142,16,3022
143,16,3023
144,16,3024
145,16,3025
146,16,3026
147,16,3027
148,16,3028
149,16,3029
150,16,3030
151,16,3031
152,16,3032
153,16,3033
154,16,3034
155,16,3035
156,16,3036
157,16,3037
158,16,3038
159,16,3039
160,16,3040
161,16,3041
162,16,3042
163,16,3043
164,16,3044
165,16,3045
166,16,3046
167,16,3047
168,16,3048
169,16,3049
170,16,3050
171,16,3051
172,16,3052
173,16,3053
174,16,3054
175,16,3055
176,16,3056
177,16,3057
178,16,3058
179,16,3059
180,16,3060
181,16,3061
182,16,3062
183,16,3063
184,16,3064
185,16,3065
186,16,3066
187,16,3067
188,16,3068
189,16,3069
190,16,3070
191,16,3071
192,16,3072
1,17,3073
2,17,3074
3,17,3075
4,17,3076
5,17,3077
6,17,3078
7,17,3079
8,17,3080
9,17,3081
10,17,3082
11,17,3083
12,17,3084
13,17,3085
14,17,3086
15,17,3087
16,17,3088
17,17,3089
18,17,3090
19,17,3091
20,17,3092
21,17,3093
22,17,3094
23,17,3095
24,17,3096
25,17,3097
26,17,3098
27,17,3099
28,17,3100
29,17,3101
30,17,3102
31,17,3103
32,17,3104
33,17,3105
34,17,3106
35,17,3107
36,17,3108
37,17,3109
38,17,3110
39,17,3111
40,17,3112
41,17,3113
42,17,3114
43,17,3115
44,17,3116
45,17,3117
46,17,3118
47,17,3119
48,17,3120
49,17,3121
50,17,3122
51,17,3123
52,17,3124
53,17,3125
54,17,3126
55,17,3127
56,17,3128
57,17,3129
58,17,3130
59,17,3131
60,17,3132
61,17,3133
62,17,3134
63,17,3135
64,17,3136
65,17,3137
66,17,3138
67,17,3139
68,17,3140
69,17,3141
70,17,3142
71,17,3143
72,17,3144
73,17,3145
74,17,3146
75,17,3147
76,17,3148
77,17,3149
78,17,3150
79,17,3151
80,17,3152
81,17,3153
82,17,3154
83,17,3155
84,17,3156
85,17,3157
86,17,3158
87,17,3159
88,17,3160
89,17,3161
90,17,3162
91,17,3163
92,17,3164
93,17,3165
94,17,3166
95,17,3167
96,17,3168
97,17,3169
98,17,3170
99,17,3171
100,17,3172
101,17,3173
102,17,3174
103,17,3175
104,17,3176
105,17,3177
106,17,3178
107,17,3179
108,17,3180
109,17,3181
110,17,3182
111,17,3183
112,17,3184
113,17,3185
114,17,3186
115,17,3187
116,17,3188
117,17,3189
118,17,3190
119,17,3191
120,17,3192
121,17,3193
122,17,3194
123,17,3195
124,17,3196
125,17,3197
126,17,3198
127,17,3199
128,17,3200
129,17,3201
130,17,3202
131,17,3203
132,17,3204
133,17,3205
134,17,3206
135,17,3207
136,17,3208
137,17,3209
138,17,3210
139,17,3211
140,17,3212
141,17,3213
142,17,3214
143,17,3215
144,17,3216
145,17,3217
146,17,3218
147,17,3219
148,17,3220
149,17,3221
150,17,3222
151,17,3223
152,17,3224
153,17,3225
154,17,3226
155,17,3227
156,17,3228
157,17,3229
158,17,3230
159,17,3231
160,17,3232
161,17,3233
162,17,3234
163,17,3235
164,17,3236
165,17,3237
166,17,3238
167,17,3239
168,17,3240
169,17,3241
170,17,3242
171,17,3243
172,17,3244
173,17,3245
174,17,3246
175,17,3247
176,17,3248
177,17,3249
178,17,3250
179,17,3251
180,17,3252
181,17,3253
182,17,3254
183,17,3255
184,17,3256
185,17,3257
186,17,3258
187,17,3259
188,17,3260
189,17,3261
190,17,3262
191,17,3263
192,17,3264
1,18,3265
2,18,3266
3,18,3267
4,18,3268
5,18,3269
6,18,3270
7,18,3271
8,18,3272
9,18,3273
10,18,3274
11,18,3275
12,18,3276
13,18,3277
14,18,3278
15,18,3279
16,18,3280
17,18,3281
18,18,3282
19,18,3283
20,18,3284
21,18,3285
22,18,3286
23,18,3287
24,18,3288
25,18,3289
26,18,3290
27,18,3291
28,18,3292
29,18,3293
30,18,3294
31,18,3295
32,18,3296
33,18,3297
34,18,3298
35,18,3299
36,18,3300
37,18,3301
38,18,3302
39,18,3303
40,18,3304
41,18,3305
42,18,3306
43,18,3307
44,18,3308
45,18,3309
46,18,3310
47,18,3311
48,18,3312
49,18,3313
50,18,3314
51,18,3315
52,18,3316
53,18,3317
54,18,3318
55,18,3319
56,18,3320
57,18,3321
58,18,3322
59,18,3323
60,18,3324
61,18,3325
62,18,3326
63,18,3327
64,18,3328
65,18,3329
66,18,3330
67,18,3331
68,18,3332
69,18,3333
70,18,3334
71,18,3335
72,18,3336
73,18,3337
74,18,3338
75,18,3339
76,18,3340
77,18,3341
78,18,3342
79,18,3343
80,18,3344
81,18,3345
82,18,3346
83,18,3347
84,18,3348
85,18,3349
86,18,3350
87,18,3351
88,18,3352
89,18,3353
90,18,3354
91,18,3355
92,18,3356
93,18,3357
94,18,3358
95,18,3359
96,18,3360
97,18,3361
98,18,3362
99,18,3363
100,18,3364
101,18,3365
102,18,3366
103,18,3367
104,18,3368
105,18,3369
106,18,3370
107,18,3371
108,18,3372
109,18,3373
110,18,3374
111,18,3375
112,18,3376
113,18,3377
114,18,3378
115,18,3379
116,18,3380
117,18,3381
118,18,3382
119,18,3383
120,18,3384
121,18,3385
122,18,3386
123,18,3387
124,18,3388
125,18,3389
126,18,3390
127,18,3391
128,18,3392
129,18,3393
130,18,3394
131,18,3395
132,18,3396
133,18,3397
134,18,3398
135,18,3399
136,18,3400
137,18,3401
138,18,3402
139,18,3403
140,18,3404
141,18,3405
142,18,3406
143,18,3407
144,18,3408
145,18,3409
146,18,3410
147,18,3411
148,18,3412
149,18,3413
150,18,3414
151,18,3415
152,18,3416
153,18,3417
154,18,3418
155,18,3419
156,18,3420
157,18,3421
158,18,3422
159,18,3423
160,18,3424
161,18,3425
162,18,3426
163,18,3427
164,18,3428
165,18,3429
166,18,3430
167,18,3431
168,18,3432
169,18,3433
170,18,3434
171,18,3435
172,18,3436
173,18,3437
174,18,3438
175,18,3439
176,18,3440
177,18,3441
178,18,3442
179,18,3443
180,18,3444
181,18,3445
182,18,3446
183,18,3447
184,18,3448
185,18,3449
186,18,3450
187,18,3451
188,18,3452
189,18,3453
190,18,3454
191,18,3455
192,18,3456
1,19,3457
2,19,3458
3,19,3459
4,19,3460
5,19,3461
6,19,3462
7,19,3463
8,19,3464
9,19,3465
10,19,3466
11,19,3467
12,19,3468
13,19,3469
14,19,3470
15,19,3471
16,19,3472
17,19,3473
18,19,3474
19,19,3475
20,19,3476
21,19,3477
22,19,3478
23,19,3479
24,19,3480
25,19,3481
26,19,3482
27,19,3483
28,19,3484
29,19,3485
30,19,3486
31,19,3487
32,19,3488
33,19,3489
34,19,3490
35,19,3491
36,19,3492
37,19,3493
38,19,3494
39,19,3495
40,19,3496
41,19,3497
42,19,3498
43,19,3499
44,19,3500
45,19,3501
46,19,3502
47,19,3503
48,19,3504
49,19,3505
50,19,3506
51,19,3507
52,19,3508
53,19,3509
54,19,3510
55,19,3511
56,19,3512
57,19,3513
58,19,3514
59,19,3515
60,19,3516
61,19,3517
62,19,3518
63,19,3519
64,19,3520
65,19,3521
66,19,3522
67,19,3523
68,19,3524
69,19,3525
70,19,3526
71,19,3527
72,19,3528
73,19,3529
74,19,3530
75,19,3531
76,19,3532
77,19,3533
78,19,3534
79,19,3535
80,19,3536
81,19,3537
82,19,3538
83,19,3539
84,19,3540
85,19,3541
86,19,3542
87,19,3543
88,19,3544
89,19,3545
90,19,3546
91,19,3547
92,19,3548
93,19,3549
94,19,3550
95,19,3551
96,19,3552
97,19,3553
98,19,3554
99,19,3555
100,19,3556
101,19,3557
102,19,3558
103,19,3559
104,19,3560
105,19,3561
106,19,3562
107,19,3563
108,19,3564
109,19,3565
110,19,3566
111,19,3567
112,19,3568
113,19,3569
114,19,3570
115,19,3571
116,19,3572
117,19,3573
118,19,3574
119,19,3575
120,19,3576
121,19,3577
122,19,3578
123,19,3579
124,19,3580
125,19,3581
126,19,3582
127,19,3583
128,19,3584
129,19,3585
130,19,3586
131,19,3587
132,19,3588
133,19,3589
134,19,3590
135,19,3591
136,19,3592
137,19,3593
138,19,3594
139,19,3595
140,19,3596
141,19,3597
142,19,3598
143,19,3599
144,19,3600
145,19,3601
146,19,3602
147,19,3603
148,19,3604
149,19,3605
150,19,3606
151,19,3607
152,19,3608
153,19,3609
154,19,3610
155,19,3611
156,19,3612
157,19,3613
158,19,3614
159,19,3615
160,19,3616
161,19,3617
162,19,3618
163,19,3619
164,19,3620
165,19,3621
166,19,3622
167,19,3623
168,19,3624
169,19,3625
170,19,3626
171,19,3627
172,19,3628
173,19,3629
174,19,3630
175,19,3631
176,19,3632
177,19,3633
178,19,3634
179,19,3635
180,19,3636
181,19,3637
182,19,3638
183,19,3639
184,19,3640
185,19,3641
186,19,3642
187,19,3643
188,19,3644
189,19,3645
190,19,3646
191,19,3647
192,19,3648
1,20,3649
2,20,3650
3,20,3651
4,20,3652
5,20,3653
6,20,3654
7,20,3655
8,20,3656
9,20,3657
10,20,3658
11,20,3659
12,20,3660
13,20,3661
14,20,3662
15,20,3663
16,20,3664
17,20,3665
18,20,3666
19,20,3667
20,20,3668
21,20,3669
22,20,3670
23,20,3671
24,20,3672
25,20,3673
26,20,3674
27,20,3675
28,20,3676
29,20,3677
30,20,3678
31,20,3679
32,20,3680
33,20,3681
34,20,3682
35,20,3683
36,20,3684
37,20,3685
38,20,3686
39,20,3687
40,20,3688
41,20,3689
42,20,3690
43,20,3691
44,20,3692
45,20,3693
46,20,3694
47,20,3695
48,20,3696
49,20,3697
50,20,3698
51,20,3699
52,20,3700
53,20,3701
54,20,3702
55,20,3703
56,20,3704
57,20,3705
58,20,3706
59,20,3707
60,20,3708
61,20,3709
62,20,3710
63,20,3711
64,20,3712
65,20,3713
66,20,3714
67,20,3715
68,20,3716
69,20,3717
70,20,3718
71,20,3719
72,20,3720
73,20,3721
74,20,3722
75,20,3723
76,20,3724
77,20,3725
78,20,3726
79,20,3727
80,20,3728
81,20,3729
82,20,3730
83,20,3731
84,20,3732
85,20,3733
86,20,3734
87,20,3735
88,20,3736
89,20,3737
90,20,3738
91,20,3739
92,20,3740
93,20,3741
94,20,3742
95,20,3743
96,20,3744
97,20,3745
98,20,3746
99,20,3747
100,20,3748
101,20,3749
102,20,3750
103,20,3751
104,20,3752
105,20,3753
106,20,3754
107,20,3755
108,20,3756
109,20,3757
110,20,3758
111,20,3759
112,20,3760
113,20,3761
114,20,3762
115,20,3763
116,20,3764
117,20,3765
118,20,3766
119,20,3767
120,20,3768
121,20,3769
122,20,3770
123,20,3771
124,20,3772
125,20,3773
126,20,3774
127,20,3775
128,20,3776
129,20,3777
130,20,3778
131,20,3779
132,20,3780
133,20,3781
134,20,3782
135,20,3783
136,20,3784
137,20,3785
138,20,3786
139,20,3787
140,20,3788
141,20,3789
142,20,3790
143,20,3791
144,20,3792
145,20,3793
146,20,3794
147,20,3795
148,20,3796
149,20,3797
150,20,3798
151,20,3799
152,20,3800
153,20,3801
154,20,3802
155,20,3803
156,20,3804
157,20,3805
158,20,3806
159,20,3807
160,20,3808
161,20,3809
162,20,3810
163,20,3811
164,20,3812
165,20,3813
166,20,3814
167,20,3815
168,20,3816
169,20,3817
170,20,3818
171,20,3819
172,20,3820
173,20,3821
174,20,3822
175,20,3823
176,20,3824
177,20,3825
178,20,3826
179,20,3827
180,20,3828
181,20,3829
182,20,3830
183,20,3831
184,20,3832
185,20,3833
186,20,3834
187,20,3835
188,20,3836
189,20,3837
190,20,3838
191,20,3839
192,20,3840
1,21,3841
2,21,3842
3,21,3843
4,21,3844
5,21,3845
6,21,3846
7,21,3847
8,21,3848
9,21,3849
10,21,3850
11,21,3851
12,21,3852
13,21,3853
14,21,3854
15,21,3855
16,21,3856
17,21,3857
18,21,3858
19,21,3859
20,21,3860
21,21,3861
22,21,3862
23,21,3863
24,21,3864
25,21,3865
26,21,3866
27,21,3867
28,21,3868
29,21,3869
30,21,3870
31,21,3871
32,21,3872
33,21,3873
34,21,3874
35,21,3875
36,21,3876
37,21,3877
38,21,3878
39,21,3879
40,21,3880
41,21,3881
42,21,3882
43,21,3883
44,21,3884
45,21,3885
46,21,3886
47,21,3887
48,21,3888
49,21,3889
50,21,3890
51,21,3891
52,21,3892
53,21,3893
54,21,3894
55,21,3895
56,21,3896
57,21,3897
58,21,3898
59,21,3899
60,21,3900
61,21,3901
62,21,3902
63,21,3903
64,21,3904
65,21,3905
66,21,3906
67,21,3907
68,21,3908
69,21,3909
70,21,3910
71,21,3911
72,21,3912
73,21,3913
74,21,3914
75,21,3915
76,21,3916
77,21,3917
78,21,3918
79,21,3919
80,21,3920
81,21,3921
82,21,3922
83,21,3923
84,21,3924
85,21,3925
86,21,3926
87,21,3927
88,21,3928
89,21,3929
90,21,3930
91,21,3931
92,21,3932
93,21,3933
94,21,3934
95,21,3935
96,21,3936
97,21,3937
98,21,3938
99,21,3939
100,21,3940
101,21,3941
102,21,3942
103,21,3943
104,21,3944
105,21,3945
106,21,3946
107,21,3947
108,21,3948
109,21,3949
110,21,3950
111,21,3951
112,21,3952
113,21,3953
114,21,3954
115,21,3955
116,21,3956
117,21,3957
118,21,3958
119,21,3959
120,21,3960
121,21,3961
122,21,3962
123,21,3963
124,21,3964
125,21,3965
126,21,3966
127,21,3967
128,21,3968
129,21,3969
130,21,3970
131,21,3971
132,21,3972
133,21,3973
134,21,3974
135,21,3975
136,21,3976
137,21,3977
138,21,3978
139,21,3979
140,21,3980
141,21,3981
142,21,3982
143,21,3983
144,21,3984
145,21,3985
146,21,3986
147,21,3987
148,21,3988
149,21,3989
150,21,3990
151,21,3991
152,21,3992
153,21,3993
154,21,3994
155,21,3995
156,21,3996
157,21,3997
158,21,3998
159,21,3999
160,21,4000
161,21,4001
162,21,4002
163,21,4003
164,21,4004
165,21,4005
166,21,4006
167,21,4007
168,21,4008
169,21,4009
170,21,4010
171,21,4011
172,21,4012
173,21,4013
174,21,4014
175,21,4015
176,21,4016
177,21,4017
178,21,4018
179,21,4019
180,21,4020
181,21,4021
182,21,4022
183,21,4023
184,21,4024
185,21,4025
186,21,4026
187,21,4027
188,21,4028
189,21,4029
190,21,4030
191,21,4031
192,21,4032
1,22,4033
2,22,4034
3,22,4035
4,22,4036
5,22,4037
6,22,4038
7,22,4039
8,22,4040
9,22,4041
10,22,4042
11,22,4043
12,22,4044
13,22,4045
14,22,4046
15,22,4047
16,22,4048
17,22,4049
18,22,4050
19,22,4051
20,22,4052
21,22,4053
22,22,4054
23,22,4055
24,22,4056
25,22,4057
26,22,4058
27,22,4059
28,22,4060
29,22,4061
30,22,4062
31,22,4063
32,22,4064
33,22,4065
34,22,4066
35,22,4067
36,22,4068
37,22,4069
38,22,4070
39,22,4071
40,22,4072
41,22,4073
42,22,4074
43,22,4075
44,22,4076
45,22,4077
46,22,4078
47,22,4079
48,22,4080
49,22,4081
50,22,4082
51,22,4083
52,22,4084
53,22,4085
54,22,4086
55,22,4087
56,22,4088
57,22,4089
58,22,4090
59,22,4091
60,22,4092
61,22,4093
62,22,4094
63,22,4095
64,22,4096
65,22,4097
66,22,4098
67,22,4099
68,22,4100
69,22,4101
70,22,4102
71,22,4103
72,22,4104
73,22,4105
74,22,4106
75,22,4107
76,22,4108
77,22,4109
78,22,4110
79,22,4111
80,22,4112
81,22,4113
82,22,4114
83,22,4115
84,22,4116
85,22,4117
86,22,4118
87,22,4119
88,22,4120
89,22,4121
90,22,4122
91,22,4123
92,22,4124
93,22,4125
94,22,4126
95,22,4127
96,22,4128
97,22,4129
98,22,4130
99,22,4131
100,22,4132
101,22,4133
102,22,4134
103,22,4135
104,22,4136
105,22,4137
106,22,4138
107,22,4139
108,22,4140
109,22,4141
110,22,4142
111,22,4143
112,22,4144
113,22,4145
114,22,4146
115,22,4147
116,22,4148
117,22,4149
118,22,4150
119,22,4151
120,22,4152
121,22,4153
122,22,4154
123,22,4155
124,22,4156
125,22,4157
126,22,4158
127,22,4159
128,22,4160
129,22,4161
130,22,4162
131,22,4163
132,22,4164
133,22,4165
134,22,4166
135,22,4167
136,22,4168
137,22,4169
138,22,4170
139,22,4171
140,22,4172
141,22,4173
142,22,4174
143,22,4175
144,22,4176
145,22,4177
146,22,4178
147,22,4179
148,22,4180
149,22,4181
150,22,4182
151,22,4183
152,22,4184
153,22,4185
154,22,4186
155,22,4187
156,22,4188
157,22,4189
158,22,4190
159,22,4191
160,22,4192
161,22,4193
162,22,4194
163,22,4195
164,22,4196
165,22,4197
166,22,4198
167,22,4199
168,22,4200
169,22,4201
170,22,4202
171,22,4203
172,22,4204
173,22,4205
174,22,4206
175,22,4207
176,22,4208
177,22,4209
178,22,4210
179,22,4211
180,22,4212
181,22,4213
182,22,4214
183,22,4215
184,22,4216
185,22,4217
186,22,4218
187,22,4219
188,22,4220
189,22,4221
190,22,4222
191,22,4223
192,22,4224
1,23,4225
2,23,4226
3,23,4227
4,23,4228
5,23,4229
6,23,4230
7,23,4231
8,23,4232
9,23,4233
10,23,4234
11,23,4235
12,23,4236
13,23,4237
14,23,4238
15,23,4239
16,23,4240
17,23,4241
18,23,4242
19,23,4243
20,23,4244
21,23,4245
22,23,4246
23,23,4247
24,23,4248
25,23,4249
26,23,4250
27,23,4251
28,23,4252
29,23,4253
30,23,4254
31,23,4255
32,23,4256
33,23,4257
34,23,4258
35,23,4259
36,23,4260
37,23,4261
38,23,4262
39,23,4263
40,23,4264
41,23,4265
42,23,4266
43,23,4267
44,23,4268
45,23,4269
46,23,4270
47,23,4271
48,23,4272
49,23,4273
50,23,4274
51,23,4275
52,23,4276
53,23,4277
54,23,4278
55,23,4279
56,23,4280
57,23,4281
58,23,4282
59,23,4283
60,23,4284
61,23,4285
62,23,4286
63,23,4287
64,23,4288
65,23,4289
66,23,4290
67,23,4291
68,23,4292
69,23,4293
70,23,4294
71,23,4295
72,23,4296
73,23,4297
74,23,4298
75,23,4299
76,23,4300
77,23,4301
78,23,4302
79,23,4303
80,23,4304
81,23,4305
82,23,4306
83,23,4307
84,23,4308
85,23,4309
86,23,4310
87,23,4311
88,23,4312
89,23,4313
90,23,4314
91,23,4315
92,23,4316
93,23,4317
94,23,4318
95,23,4319
96,23,4320
97,23,4321
98,23,4322
99,23,4323
100,23,4324
101,23,4325
102,23,4326
103,23,4327
104,23,4328
105,23,4329
106,23,4330
107,23,4331
108,23,4332
109,23,4333
110,23,4334
111,23,4335
112,23,4336
113,23,4337
114,23,4338
115,23,4339
116,23,4340
117,23,4341
118,23,4342
119,23,4343
120,23,4344
121,23,4345
122,23,4346
123,23,4347
124,23,4348
125,23,4349
126,23,4350
127,23,4351
128,23,4352
129,23,4353
130,23,4354
131,23,4355
132,23,4356
133,23,4357
134,23,4358
135,23,4359
136,23,4360
137,23,4361
138,23,4362
139,23,4363
140,23,4364
141,23,4365
142,23,4366
143,23,4367
144,23,4368
145,23,4369
146,23,4370
147,23,4371
148,23,4372
149,23,4373
150,23,4374
151,23,4375
152,23,4376
153,23,4377
154,23,4378
155,23,4379
156,23,4380
157,23,4381
158,23,4382
159,23,4383
160,23,4384
161,23,4385
162,23,4386
163,23,4387
164,23,4388
165,23,4389
166,23,4390
167,23,4391
168,23,4392
169,23,4393
170,23,4394
171,23,4395
172,23,4396
173,23,4397
174,23,4398
175,23,4399
176,23,4400
177,23,4401
178,23,4402
179,23,4403
180,23,4404
181,23,4405
182,23,4406
183,23,4407
184,23,4408
185,23,4409
186,23,4410
187,23,4411
188,23,4412
189,23,4413
190,23,4414
191,23,4415
192,23,4416
1,24,4417
2,24,4418
3,24,4419
4,24,4420
5,24,4421
6,24,4422
7,24,4423
8,24,4424
9,24,4425
10,24,4426
11,24,4427
12,24,4428
13,24,4429
14,24,4430
15,24,4431
16,24,4432
17,24,4433
18,24,4434
19,24,4435
20,24,4436
21,24,4437
22,24,4438
23,24,4439
24,24,4440
25,24,4441
26,24,4442
27,24,4443
28,24,4444
29,24,4445
30,24,4446
31,24,4447
32,24,4448
33,24,4449
34,24,4450
35,24,4451
36,24,4452
37,24,4453
38,24,4454
39,24,4455
40,24,4456
41,24,4457
42,24,4458
43,24,4459
44,24,4460
45,24,4461
46,24,4462
47,24,4463
48,24,4464
49,24,4465
50,24,4466
51,24,4467
52,24,4468
53,24,4469
54,24,4470
55,24,4471
56,24,4472
57,24,4473
58,24,4474
59,24,4475
60,24,4476
61,24,4477
62,24,4478
63,24,4479
64,24,4480
65,24,4481
66,24,4482
67,24,4483
68,24,4484
69,24,4485
70,24,4486
71,24,4487
72,24,4488
73,24,4489
74,24,4490
75,24,4491
76,24,4492
77,24,4493
78,24,4494
79,24,4495
80,24,4496
81,24,4497
82,24,4498
83,24,4499
84,24,4500
85,24,4501
86,24,4502
87,24,4503
88,24,4504
89,24,4505
90,24,4506
91,24,4507
92,24,4508
93,24,4509
94,24,4510
95,24,4511
96,24,4512
97,24,4513
98,24,4514
99,24,4515
100,24,4516
101,24,4517
102,24,4518
103,24,4519
104,24,4520
105,24,4521
106,24,4522
107,24,4523
108,24,4524
109,24,4525
110,24,4526
111,24,4527
112,24,4528
113,24,4529
114,24,4530
115,24,4531
116,24,4532
117,24,4533
118,24,4534
119,24,4535
120,24,4536
121,24,4537
122,24,4538
123,24,4539
124,24,4540
125,24,4541
126,24,4542
127,24,4543
128,24,4544
129,24,4545
130,24,4546
131,24,4547
132,24,4548
133,24,4549
134,24,4550
135,24,4551
136,24,4552
137,24,4553
138,24,4554
139,24,4555
140,24,4556
141,24,4557
142,24,4558
143,24,4559
144,24,4560
145,24,4561
146,24,4562
147,24,4563
148,24,4564
149,24,4565
150,24,4566
151,24,4567
152,24,4568
153,24,4569
154,24,4570
155,24,4571
156,24,4572
157,24,4573
158,24,4574
159,24,4575
160,24,4576
161,24,4577
162,24,4578
163,24,4579
164,24,4580
165,24,4581
166,24,4582
167,24,4583
168,24,4584
169,24,4585
170,24,4586
171,24,4587
172,24,4588
173,24,4589
174,24,4590
175,24,4591
176,24,4592
177,24,4593
178,24,4594
179,24,4595
180,24,4596
181,24,4597
182,24,4598
183,24,4599
184,24,4600
185,24,4601
186,24,4602
187,24,4603
188,24,4604
189,24,4605
190,24,4606
191,24,4607
192,24,4608
1,25,4609
2,25,4610
3,25,4611
4,25,4612
5,25,4613
6,25,4614
7,25,4615
8,25,4616
9,25,4617
10,25,4618
11,25,4619
12,25,4620
13,25,4621
14,25,4622
15,25,4623
16,25,4624
17,25,4625
18,25,4626
19,25,4627
20,25,4628
21,25,4629
22,25,4630
23,25,4631
24,25,4632
25,25,4633
26,25,4634
27,25,4635
28,25,4636
29,25,4637
30,25,4638
31,25,4639
32,25,4640
33,25,4641
34,25,4642
35,25,4643
36,25,4644
37,25,4645
38,25,4646
39,25,4647
40,25,4648
41,25,4649
42,25,4650
43,25,4651
44,25,4652
45,25,4653
46,25,4654
47,25,4655
48,25,4656
49,25,4657
50,25,4658
51,25,4659
52,25,4660
53,25,4661
54,25,4662
55,25,4663
56,25,4664
57,25,4665
58,25,4666
59,25,4667
60,25,4668
61,25,4669
62,25,4670
63,25,4671
64,25,4672
65,25,4673
66,25,4674
67,25,4675
68,25,4676
69,25,4677
70,25,4678
71,25,4679
72,25,4680
73,25,4681
74,25,4682
75,25,4683
76,25,4684
77,25,4685
78,25,4686
79,25,4687
80,25,4688
81,25,4689
82,25,4690
83,25,4691
84,25,4692
85,25,4693
86,25,4694
87,25,4695
88,25,4696
89,25,4697
90,25,4698
91,25,4699
92,25,4700
93,25,4701
94,25,4702
95,25,4703
96,25,4704
97,25,4705
98,25,4706
99,25,4707
100,25,4708
101,25,4709
102,25,4710
103,25,4711
104,25,4712
105,25,4713
106,25,4714
107,25,4715
108,25,4716
109,25,4717
110,25,4718
111,25,4719
112,25,4720
113,25,4721
114,25,4722
115,25,4723
116,25,4724
117,25,4725
118,25,4726
119,25,4727
120,25,4728
121,25,4729
122,25,4730
123,25,4731
124,25,4732
125,25,4733
126,25,4734
127,25,4735
128,25,4736
129,25,4737
130,25,4738
131,25,4739
132,25,4740
133,25,4741
134,25,4742
135,25,4743
136,25,4744
137,25,4745
138,25,4746
139,25,4747
140,25,4748
141,25,4749
142,25,4750
143,25,4751
144,25,4752
145,25,4753
146,25,4754
147,25,4755
148,25,4756
149,25,4757
150,25,4758
151,25,4759
152,25,4760
153,25,4761
154,25,4762
155,25,4763
156,25,4764
157,25,4765
158,25,4766
159,25,4767
160,25,4768
161,25,4769
162,25,4770
163,25,4771
164,25,4772
165,25,4773
166,25,4774
167,25,4775
168,25,4776
169,25,4777
170,25,4778
171,25,4779
172,25,4780
173,25,4781
174,25,4782
175,25,4783
176,25,4784
177,25,4785
178,25,4786
179,25,4787
180,25,4788
181,25,4789
182,25,4790
183,25,4791
184,25,4792
185,25,4793
186,25,4794
187,25,4795
188,25,4796
189,25,4797
190,25,4798
191,25,4799
192,25,4800
1,26,4801
2,26,4802
3,26,4803
4,26,4804
5,26,4805
6,26,4806
7,26,4807
8,26,4808
9,26,4809
10,26,4810
11,26,4811
12,26,4812
13,26,4813
14,26,4814
15,26,4815
16,26,4816
17,26,4817
18,26,4818
19,26,4819
20,26,4820
21,26,4821
22,26,4822
23,26,4823
24,26,4824
25,26,4825
26,26,4826
27,26,4827
28,26,4828
29,26,4829
30,26,4830
31,26,4831
32,26,4832
33,26,4833
34,26,4834
35,26,4835
36,26,4836
37,26,4837
38,26,4838
39,26,4839
40,26,4840
41,26,4841
42,26,4842
43,26,4843
44,26,4844
45,26,4845
46,26,4846
47,26,4847
48,26,4848
49,26,4849
50,26,4850
51,26,4851
52,26,4852
53,26,4853
54,26,4854
55,26,4855
56,26,4856
57,26,4857
58,26,4858
59,26,4859
60,26,4860
61,26,4861
62,26,4862
63,26,4863
64,26,4864
65,26,4865
66,26,4866
67,26,4867
68,26,4868
69,26,4869
70,26,4870
71,26,4871
72,26,4872
73,26,4873
74,26,4874
75,26,4875
76,26,4876
77,26,4877
78,26,4878
79,26,4879
80,26,4880
81,26,4881
82,26,4882
83,26,4883
84,26,4884
85,26,4885
86,26,4886
87,26,4887
88,26,4888
89,26,4889
90,26,4890
91,26,4891
92,26,4892
93,26,4893
94,26,4894
95,26,4895
96,26,4896
97,26,4897
98,26,4898
99,26,4899
100,26,4900
101,26,4901
102,26,4902
103,26,4903
104,26,4904
105,26,4905
106,26,4906
107,26,4907
108,26,4908
109,26,4909
110,26,4910
111,26,4911
112,26,4912
113,26,4913
114,26,4914
115,26,4915
116,26,4916
117,26,4917
118,26,4918
119,26,4919
120,26,4920
121,26,4921
122,26,4922
123,26,4923
124,26,4924
125,26,4925
126,26,4926
127,26,4927
128,26,4928
129,26,4929
130,26,4930
131,26,4931
132,26,4932
133,26,4933
134,26,4934
135,26,4935
136,26,4936
137,26,4937
138,26,4938
139,26,4939
140,26,4940
141,26,4941
142,26,4942
143,26,4943
144,26,4944
145,26,4945
146,26,4946
147,26,4947
148,26,4948
149,26,4949
150,26,4950
151,26,4951
152,26,4952
153,26,4953
154,26,4954
155,26,4955
156,26,4956
157,26,4957
158,26,4958
159,26,4959
160,26,4960
161,26,4961
162,26,4962
163,26,4963
164,26,4964
165,26,4965
166,26,4966
167,26,4967
168,26,4968
169,26,4969
170,26,4970
171,26,4971
172,26,4972
173,26,4973
174,26,4974
175,26,4975
176,26,4976
177,26,4977
178,26,4978
179,26,4979
180,26,4980
181,26,4981
182,26,4982
183,26,4983
184,26,4984
185,26,4985
186,26,4986
187,26,4987
188,26,4988
189,26,4989
190,26,4990
191,26,4991
192,26,4992
1,27,4993
2,27,4994
3,27,4995
4,27,4996
5,27,4997
6,27,4998
7,27,4999
8,27,5000
9,27,5001
10,27,5002
11,27,5003
12,27,5004
13,27,5005
14,27,5006
15,27,5007
16,27,5008
17,27,5009
18,27,5010
19,27,5011
20,27,5012
21,27,5013
22,27,5014
23,27,5015
24,27,5016
25,27,5017
26,27,5018
27,27,5019
28,27,5020
29,27,5021
30,27,5022
31,27,5023
32,27,5024
33,27,5025
34,27,5026
35,27,5027
36,27,5028
37,27,5029
38,27,5030
39,27,5031
40,27,5032
41,27,5033
42,27,5034
43,27,5035
44,27,5036
45,27,5037
46,27,5038
47,27,5039
48,27,5040
49,27,5041
50,27,5042
51,27,5043
52,27,5044
53,27,5045
54,27,5046
55,27,5047
56,27,5048
57,27,5049
58,27,5050
59,27,5051
60,27,5052
61,27,5053
62,27,5054
63,27,5055
64,27,5056
65,27,5057
66,27,5058
67,27,5059
68,27,5060
69,27,5061
70,27,5062
71,27,5063
72,27,5064
73,27,5065
74,27,5066
75,27,5067
76,27,5068
77,27,5069
78,27,5070
79,27,5071
80,27,5072
81,27,5073
82,27,5074
83,27,5075
84,27,5076
85,27,5077
86,27,5078
87,27,5079
88,27,5080
89,27,5081
90,27,5082
91,27,5083
92,27,5084
93,27,5085
94,27,5086
95,27,5087
96,27,5088
97,27,5089
98,27,5090
99,27,5091
100,27,5092
101,27,5093
102,27,5094
103,27,5095
104,27,5096
105,27,5097
106,27,5098
107,27,5099
108,27,5100
109,27,5101
110,27,5102
111,27,5103
112,27,5104
113,27,5105
114,27,5106
115,27,5107
116,27,5108
117,27,5109
118,27,5110
119,27,5111
120,27,5112
121,27,5113
122,27,5114
123,27,5115
124,27,5116
125,27,5117
126,27,5118
127,27,5119
128,27,5120
129,27,5121
130,27,5122
131,27,5123
132,27,5124
133,27,5125
134,27,5126
135,27,5127
136,27,5128
137,27,5129
138,27,5130
139,27,5131
140,27,5132
141,27,5133
142,27,5134
143,27,5135
144,27,5136
145,27,5137
146,27,5138
147,27,5139
148,27,5140
149,27,5141
150,27,5142
151,27,5143
152,27,5144
153,27,5145
154,27,5146
155,27,5147
156,27,5148
157,27,5149
158,27,5150
159,27,5151
160,27,5152
161,27,5153
162,27,5154
163,27,5155
164,27,5156
165,27,5157
166,27,5158
167,27,5159
168,27,5160
169,27,5161
170,27,5162
171,27,5163
172,27,5164
173,27,5165
174,27,5166
175,27,5167
176,27,5168
177,27,5169
178,27,5170
179,27,5171
180,27,5172
181,27,5173
182,27,5174
183,27,5175
184,27,5176
185,27,5177
186,27,5178
187,27,5179
188,27,5180
189,27,5181
190,27,5182
191,27,5183
192,27,5184
1,28,5185
2,28,5186
3,28,5187
4,28,5188
5,28,5189
6,28,5190
7,28,5191
8,28,5192
9,28,5193
10,28,5194
11,28,5195
12,28,5196
13,28,5197
14,28,5198
15,28,5199
16,28,5200
17,28,5201
18,28,5202
19,28,5203
20,28,5204
21,28,5205
22,28,5206
23,28,5207
24,28,5208
25,28,5209
26,28,5210
27,28,5211
28,28,5212
29,28,5213
30,28,5214
31,28,5215
32,28,5216
33,28,5217
34,28,5218
35,28,5219
36,28,5220
37,28,5221
38,28,5222
39,28,5223
40,28,5224
41,28,5225
42,28,5226
43,28,5227
44,28,5228
45,28,5229
46,28,5230
47,28,5231
48,28,5232
49,28,5233
50,28,5234
51,28,5235
52,28,5236
53,28,5237
54,28,5238
55,28,5239
56,28,5240
57,28,5241
58,28,5242
59,28,5243
60,28,5244
61,28,5245
62,28,5246
63,28,5247
64,28,5248
65,28,5249
66,28,5250
67,28,5251
68,28,5252
69,28,5253
70,28,5254
71,28,5255
72,28,5256
73,28,5257
74,28,5258
75,28,5259
76,28,5260
77,28,5261
78,28,5262
79,28,5263
80,28,5264
81,28,5265
82,28,5266
83,28,5267
84,28,5268
85,28,5269
86,28,5270
87,28,5271
88,28,5272
89,28,5273
90,28,5274
91,28,5275
92,28,5276
93,28,5277
94,28,5278
95,28,5279
96,28,5280
97,28,5281
98,28,5282
99,28,5283
100,28,5284
101,28,5285
102,28,5286
103,28,5287
104,28,5288
105,28,5289
106,28,5290
107,28,5291
108,28,5292
109,28,5293
110,28,5294
111,28,5295
112,28,5296
113,28,5297
114,28,5298
115,28,5299
116,28,5300
117,28,5301
118,28,5302
119,28,5303
120,28,5304
121,28,5305
122,28,5306
123,28,5307
124,28,5308
125,28,5309
126,28,5310
127,28,5311
128,28,5312
129,28,5313
130,28,5314
131,28,5315
132,28,5316
133,28,5317
134,28,5318
135,28,5319
136,28,5320
137,28,5321
138,28,5322
139,28,5323
140,28,5324
141,28,5325
142,28,5326
143,28,5327
144,28,5328
145,28,5329
146,28,5330
147,28,5331
148,28,5332
149,28,5333
150,28,5334
151,28,5335
152,28,5336
153,28,5337
154,28,5338
155,28,5339
156,28,5340
157,28,5341
158,28,5342
159,28,5343
160,28,5344
161,28,5345
162,28,5346
163,28,5347
164,28,5348
165,28,5349
166,28,5350
167,28,5351
168,28,5352
169,28,5353
170,28,5354
171,28,5355
172,28,5356
173,28,5357
174,28,5358
175,28,5359
176,28,5360
177,28,5361
178,28,5362
179,28,5363
180,28,5364
181,28,5365
182,28,5366
183,28,5367
184,28,5368
185,28,5369
186,28,5370
187,28,5371
188,28,5372
189,28,5373
190,28,5374
191,28,5375
192,28,5376
1,29,5377
2,29,5378
3,29,5379
4,29,5380
5,29,5381
6,29,5382
7,29,5383
8,29,5384
9,29,5385
10,29,5386
11,29,5387
12,29,5388
13,29,5389
14,29,5390
15,29,5391
16,29,5392
17,29,5393
18,29,5394
19,29,5395
20,29,5396
21,29,5397
22,29,5398
23,29,5399
24,29,5400
25,29,5401
26,29,5402
27,29,5403
28,29,5404
29,29,5405
30,29,5406
31,29,5407
32,29,5408
33,29,5409
34,29,5410
35,29,5411
36,29,5412
37,29,5413
38,29,5414
39,29,5415
40,29,5416
41,29,5417
42,29,5418
43,29,5419
44,29,5420
45,29,5421
46,29,5422
47,29,5423
48,29,5424
49,29,5425
50,29,5426
51,29,5427
52,29,5428
53,29,5429
54,29,5430
55,29,5431
56,29,5432
57,29,5433
58,29,5434
59,29,5435
60,29,5436
61,29,5437
62,29,5438
63,29,5439
64,29,5440
65,29,5441
66,29,5442
67,29,5443
68,29,5444
69,29,5445
70,29,5446
71,29,5447
72,29,5448
73,29,5449
74,29,5450
75,29,5451
76,29,5452
77,29,5453
78,29,5454
79,29,5455
80,29,5456
81,29,5457
82,29,5458
83,29,5459
84,29,5460
85,29,5461
86,29,5462
87,29,5463
88,29,5464
89,29,5465
90,29,5466
91,29,5467
92,29,5468
93,29,5469
94,29,5470
95,29,5471
96,29,5472
97,29,5473
98,29,5474
99,29,5475
100,29,5476
101,29,5477
102,29,5478
103,29,5479
104,29,5480
105,29,5481
106,29,5482
107,29,5483
108,29,5484
109,29,5485
110,29,5486
111,29,5487
112,29,5488
113,29,5489
114,29,5490
115,29,5491
116,29,5492
117,29,5493
118,29,5494
119,29,5495
120,29,5496
121,29,5497
122,29,5498
123,29,5499
124,29,5500
125,29,5501
126,29,5502
127,29,5503
128,29,5504
129,29,5505
130,29,5506
131,29,5507
132,29,5508
133,29,5509
134,29,5510
135,29,5511
136,29,5512
137,29,5513
138,29,5514
139,29,5515
140,29,5516
141,29,5517
142,29,5518
143,29,5519
144,29,5520
145,29,5521
146,29,5522
147,29,5523
148,29,5524
149,29,5525
150,29,5526
151,29,5527
152,29,5528
153,29,5529
154,29,5530
155,29,5531
156,29,5532
157,29,5533
158,29,5534
159,29,5535
160,29,5536
161,29,5537
162,29,5538
163,29,5539
164,29,5540
165,29,5541
166,29,5542
167,29,5543
168,29,5544
169,29,5545
170,29,5546
171,29,5547
172,29,5548
173,29,5549
174,29,5550
175,29,5551
176,29,5552
177,29,5553
178,29,5554
179,29,5555
180,29,5556
181,29,5557
182,29,5558
183,29,5559
184,29,5560
185,29,5561
186,29,5562
187,29,5563
188,29,5564
189,29,5565
190,29,5566
191,29,5567
192,29,5568
1,30,5569
2,30,5570
3,30,5571
4,30,5572
5,30,5573
6,30,5574
7,30,5575
8,30,5576
9,30,5577
10,30,5578
11,30,5579
12,30,5580
13,30,5581
14,30,5582
15,30,5583
16,30,5584
17,30,5585
18,30,5586
19,30,5587
20,30,5588
21,30,5589
22,30,5590
23,30,5591
24,30,5592
25,30,5593
26,30,5594
27,30,5595
28,30,5596
29,30,5597
30,30,5598
31,30,5599
32,30,5600
33,30,5601
34,30,5602
35,30,5603
36,30,5604
37,30,5605
38,30,5606
39,30,5607
40,30,5608
41,30,5609
42,30,5610
43,30,5611
44,30,5612
45,30,5613
46,30,5614
47,30,5615
48,30,5616
49,30,5617
50,30,5618
51,30,5619
52,30,5620
53,30,5621
54,30,5622
55,30,5623
56,30,5624
57,30,5625
58,30,5626
59,30,5627
60,30,5628
61,30,5629
62,30,5630
63,30,5631
64,30,5632
65,30,5633
66,30,5634
67,30,5635
68,30,5636
69,30,5637
70,30,5638
71,30,5639
72,30,5640
73,30,5641
74,30,5642
75,30,5643
76,30,5644
77,30,5645
78,30,5646
79,30,5647
80,30,5648
81,30,5649
82,30,5650
83,30,5651
84,30,5652
85,30,5653
86,30,5654
87,30,5655
88,30,5656
89,30,5657
90,30,5658
91,30,5659
92,30,5660
93,30,5661
94,30,5662
95,30,5663
96,30,5664
97,30,5665
98,30,5666
99,30,5667
100,30,5668
101,30,5669
102,30,5670
103,30,5671
104,30,5672
105,30,5673
106,30,5674
107,30,5675
108,30,5676
109,30,5677
110,30,5678
111,30,5679
112,30,5680
113,30,5681
114,30,5682
115,30,5683
116,30,5684
117,30,5685
118,30,5686
119,30,5687
120,30,5688
121,30,5689
122,30,5690
123,30,5691
124,30,5692
125,30,5693
126,30,5694
127,30,5695
128,30,5696
129,30,5697
130,30,5698
131,30,5699
132,30,5700
133,30,5701
134,30,5702
135,30,5703
136,30,5704
137,30,5705
138,30,5706
139,30,5707
140,30,5708
141,30,5709
142,30,5710
143,30,5711
144,30,5712
145,30,5713
146,30,5714
147,30,5715
148,30,5716
149,30,5717
150,30,5718
151,30,5719
152,30,5720
153,30,5721
154,30,5722
155,30,5723
156,30,5724
157,30,5725
158,30,5726
159,30,5727
160,30,5728
161,30,5729
162,30,5730
163,30,5731
164,30,5732
165,30,5733
166,30,5734
167,30,5735
168,30,5736
169,30,5737
170,30,5738
171,30,5739
172,30,5740
173,30,5741
174,30,5742
175,30,5743
176,30,5744
177,30,5745
178,30,5746
179,30,5747
180,30,5748
181,30,5749
182,30,5750
183,30,5751
184,30,5752
185,30,5753
186,30,5754
187,30,5755
188,30,5756
189,30,5757
190,30,5758
191,30,5759
192,30,5760
1,31,5761
2,31,5762
3,31,5763
4,31,5764
5,31,5765
6,31,5766
7,31,5767
8,31,5768
9,31,5769
10,31,5770
11,31,5771
12,31,5772
13,31,5773
14,31,5774
15,31,5775
16,31,5776
17,31,5777
18,31,5778
19,31,5779
20,31,5780
21,31,5781
22,31,5782
23,31,5783
24,31,5784
25,31,5785
26,31,5786
27,31,5787
28,31,5788
29,31,5789
30,31,5790
31,31,5791
32,31,5792
33,31,5793
34,31,5794
35,31,5795
36,31,5796
37,31,5797
38,31,5798
39,31,5799
40,31,5800
41,31,5801
42,31,5802
43,31,5803
44,31,5804
45,31,5805
46,31,5806
47,31,5807
48,31,5808
49,31,5809
50,31,5810
51,31,5811
52,31,5812
53,31,5813
54,31,5814
55,31,5815
56,31,5816
57,31,5817
58,31,5818
59,31,5819
60,31,5820
61,31,5821
62,31,5822
63,31,5823
64,31,5824
65,31,5825
66,31,5826
67,31,5827
68,31,5828
69,31,5829
70,31,5830
71,31,5831
72,31,5832
73,31,5833
74,31,5834
75,31,5835
76,31,5836
77,31,5837
78,31,5838
79,31,5839
80,31,5840
81,31,5841
82,31,5842
83,31,5843
84,31,5844
85,31,5845
86,31,5846
87,31,5847
88,31,5848
89,31,5849
90,31,5850
91,31,5851
92,31,5852
93,31,5853
94,31,5854
95,31,5855
96,31,5856
97,31,5857
98,31,5858
99,31,5859
100,31,5860
101,31,5861
102,31,5862
103,31,5863
104,31,5864
105,31,5865
106,31,5866
107,31,5867
108,31,5868
109,31,5869
110,31,5870
111,31,5871
112,31,5872
113,31,5873
114,31,5874
115,31,5875
116,31,5876
117,31,5877
118,31,5878
119,31,5879
120,31,5880
121,31,5881
122,31,5882
123,31,5883
124,31,5884
125,31,5885
126,31,5886
127,31,5887
128,31,5888
129,31,5889
130,31,5890
131,31,5891
132,31,5892
133,31,5893
134,31,5894
135,31,5895
136,31,5896
137,31,5897
138,31,5898
139,31,5899
140,31,5900
141,31,5901
142,31,5902
143,31,5903
144,31,5904
145,31,5905
146,31,5906
147,31,5907
148,31,5908
149,31,5909
150,31,5910
151,31,5911
152,31,5912
153,31,5913
154,31,5914
155,31,5915
156,31,5916
157,31,5917
158,31,5918
159,31,5919
160,31,5920
161,31,5921
162,31,5922
163,31,5923
164,31,5924
165,31,5925
166,31,5926
167,31,5927
168,31,5928
169,31,5929
170,31,5930
171,31,5931
172,31,5932
173,31,5933
174,31,5934
175,31,5935
176,31,5936
177,31,5937
178,31,5938
179,31,5939
180,31,5940
181,31,5941
182,31,5942
183,31,5943
184,31,5944
185,31,5945
186,31,5946
187,31,5947
188,31,5948
189,31,5949
190,31,5950
191,31,5951
192,31,5952
1,32,5953
2,32,5954
3,32,5955
4,32,5956
5,32,5957
6,32,5958
7,32,5959
8,32,5960
9,32,5961
10,32,5962
11,32,5963
12,32,5964
13,32,5965
14,32,5966
15,32,5967
16,32,5968
17,32,5969
18,32,5970
19,32,5971
20,32,5972
21,32,5973
22,32,5974
23,32,5975
24,32,5976
25,32,5977
26,32,5978
27,32,5979
28,32,5980
29,32,5981
30,32,5982
31,32,5983
32,32,5984
33,32,5985
34,32,5986
35,32,5987
36,32,5988
37,32,5989
38,32,5990
39,32,5991
40,32,5992
41,32,5993
42,32,5994
43,32,5995
44,32,5996
45,32,5997
46,32,5998
47,32,5999
48,32,6000
49,32,6001
50,32,6002
51,32,6003
52,32,6004
53,32,6005
54,32,6006
55,32,6007
56,32,6008
57,32,6009
58,32,6010
59,32,6011
60,32,6012
61,32,6013
62,32,6014
63,32,6015
64,32,6016
65,32,6017
66,32,6018
67,32,6019
68,32,6020
69,32,6021
70,32,6022
71,32,6023
72,32,6024
73,32,6025
74,32,6026
75,32,6027
76,32,6028
77,32,6029
78,32,6030
79,32,6031
80,32,6032
81,32,6033
82,32,6034
83,32,6035
84,32,6036
85,32,6037
86,32,6038
87,32,6039
88,32,6040
89,32,6041
90,32,6042
91,32,6043
92,32,6044
93,32,6045
94,32,6046
95,32,6047
96,32,6048
97,32,6049
98,32,6050
99,32,6051
100,32,6052
101,32,6053
102,32,6054
103,32,6055
104,32,6056
105,32,6057
106,32,6058
107,32,6059
108,32,6060
109,32,6061
110,32,6062
111,32,6063
112,32,6064
113,32,6065
114,32,6066
115,32,6067
116,32,6068
117,32,6069
118,32,6070
119,32,6071
120,32,6072
121,32,6073
122,32,6074
123,32,6075
124,32,6076
125,32,6077
126,32,6078
127,32,6079
128,32,6080
129,32,6081
130,32,6082
131,32,6083
132,32,6084
133,32,6085
134,32,6086
135,32,6087
136,32,6088
137,32,6089
138,32,6090
139,32,6091
140,32,6092
141,32,6093
142,32,6094
143,32,6095
144,32,6096
145,32,6097
146,32,6098
147,32,6099
148,32,6100
149,32,6101
150,32,6102
151,32,6103
152,32,6104
153,32,6105
154,32,6106
155,32,6107
156,32,6108
157,32,6109
158,32,6110
159,32,6111
160,32,6112
161,32,6113
162,32,6114
163,32,6115
164,32,6116
165,32,6117
166,32,6118
167,32,6119
168,32,6120
169,32,6121
170,32,6122
171,32,6123
172,32,6124
173,32,6125
174,32,6126
175,32,6127
176,32,6128
177,32,6129
178,32,6130
179,32,6131
180,32,6132
181,32,6133
182,32,6134
183,32,6135
184,32,6136
185,32,6137
186,32,6138
187,32,6139
188,32,6140
189,32,6141
190,32,6142
191,32,6143
192,32,6144
1,33,6145
2,33,6146
3,33,6147
4,33,6148
5,33,6149
6,33,6150
7,33,6151
8,33,6152
9,33,6153
10,33,6154
11,33,6155
12,33,6156
13,33,6157
14,33,6158
15,33,6159
16,33,6160
17,33,6161
18,33,6162
19,33,6163
20,33,6164
21,33,6165
22,33,6166
23,33,6167
24,33,6168
25,33,6169
26,33,6170
27,33,6171
28,33,6172
29,33,6173
30,33,6174
31,33,6175
32,33,6176
33,33,6177
34,33,6178
35,33,6179
36,33,6180
37,33,6181
38,33,6182
39,33,6183
40,33,6184
41,33,6185
42,33,6186
43,33,6187
44,33,6188
45,33,6189
46,33,6190
47,33,6191
48,33,6192
49,33,6193
50,33,6194
51,33,6195
52,33,6196
53,33,6197
54,33,6198
55,33,6199
56,33,6200
57,33,6201
58,33,6202
59,33,6203
60,33,6204
61,33,6205
62,33,6206
63,33,6207
64,33,6208
65,33,6209
66,33,6210
67,33,6211
68,33,6212
69,33,6213
70,33,6214
71,33,6215
72,33,6216
73,33,6217
74,33,6218
75,33,6219
76,33,6220
77,33,6221
78,33,6222
79,33,6223
80,33,6224
81,33,6225
82,33,6226
83,33,6227
84,33,6228
85,33,6229
86,33,6230
87,33,6231
88,33,6232
89,33,6233
90,33,6234
91,33,6235
92,33,6236
93,33,6237
94,33,6238
95,33,6239
96,33,6240
97,33,6241
98,33,6242
99,33,6243
100,33,6244
101,33,6245
102,33,6246
103,33,6247
104,33,6248
105,33,6249
106,33,6250
107,33,6251
108,33,6252
109,33,6253
110,33,6254
111,33,6255
112,33,6256
113,33,6257
114,33,6258
115,33,6259
116,33,6260
117,33,6261
118,33,6262
119,33,6263
120,33,6264
121,33,6265
122,33,6266
123,33,6267
124,33,6268
125,33,6269
126,33,6270
127,33,6271
128,33,6272
129,33,6273
130,33,6274
131,33,6275
132,33,6276
133,33,6277
134,33,6278
135,33,6279
136,33,6280
137,33,6281
138,33,6282
139,33,6283
140,33,6284
141,33,6285
142,33,6286
143,33,6287
144,33,6288
145,33,6289
146,33,6290
147,33,6291
148,33,6292
149,33,6293
150,33,6294
151,33,6295
152,33,6296
153,33,6297
154,33,6298
155,33,6299
156,33,6300
157,33,6301
158,33,6302
159,33,6303
160,33,6304
161,33,6305
162,33,6306
163,33,6307
164,33,6308
165,33,6309
166,33,6310
167,33,6311
168,33,6312
169,33,6313
170,33,6314
171,33,6315
172,33,6316
173,33,6317
174,33,6318
175,33,6319
176,33,6320
177,33,6321
178,33,6322
179,33,6323
180,33,6324
181,33,6325
182,33,6326
183,33,6327
184,33,6328
185,33,6329
186,33,6330
187,33,6331
188,33,6332
189,33,6333
190,33,6334
191,33,6335
192,33,6336
1,34,6337
2,34,6338
3,34,6339
4,34,6340
5,34,6341
6,34,6342
7,34,6343
8,34,6344
9,34,6345
10,34,6346
11,34,6347
12,34,6348
13,34,6349
14,34,6350
15,34,6351
16,34,6352
17,34,6353
18,34,6354
19,34,6355
20,34,6356
21,34,6357
22,34,6358
23,34,6359
24,34,6360
25,34,6361
26,34,6362
27,34,6363
28,34,6364
29,34,6365
30,34,6366
31,34,6367
32,34,6368
33,34,6369
34,34,6370
35,34,6371
36,34,6372
37,34,6373
38,34,6374
39,34,6375
40,34,6376
41,34,6377
42,34,6378
43,34,6379
44,34,6380
45,34,6381
46,34,6382
47,34,6383
48,34,6384
49,34,6385
50,34,6386
51,34,6387
52,34,6388
53,34,6389
54,34,6390
55,34,6391
56,34,6392
57,34,6393
58,34,6394
59,34,6395
60,34,6396
61,34,6397
62,34,6398
63,34,6399
64,34,6400
65,34,6401
66,34,6402
67,34,6403
68,34,6404
69,34,6405
70,34,6406
71,34,6407
72,34,6408
73,34,6409
74,34,6410
75,34,6411
76,34,6412
77,34,6413
78,34,6414
79,34,6415
80,34,6416
81,34,6417
82,34,6418
83,34,6419
84,34,6420
85,34,6421
86,34,6422
87,34,6423
88,34,6424
89,34,6425
90,34,6426
91,34,6427
92,34,6428
93,34,6429
94,34,6430
95,34,6431
96,34,6432
97,34,6433
98,34,6434
99,34,6435
100,34,6436
101,34,6437
102,34,6438
103,34,6439
104,34,6440
105,34,6441
106,34,6442
107,34,6443
108,34,6444
109,34,6445
110,34,6446
111,34,6447
112,34,6448
113,34,6449
114,34,6450
115,34,6451
116,34,6452
117,34,6453
118,34,6454
119,34,6455
120,34,6456
121,34,6457
122,34,6458
123,34,6459
124,34,6460
125,34,6461
126,34,6462
127,34,6463
128,34,6464
129,34,6465
130,34,6466
131,34,6467
132,34,6468
133,34,6469
134,34,6470
135,34,6471
136,34,6472
137,34,6473
138,34,6474
139,34,6475
140,34,6476
141,34,6477
142,34,6478
143,34,6479
144,34,6480
145,34,6481
146,34,6482
147,34,6483
148,34,6484
149,34,6485
150,34,6486
151,34,6487
152,34,6488
153,34,6489
154,34,6490
155,34,6491
156,34,6492
157,34,6493
158,34,6494
159,34,6495
160,34,6496
161,34,6497
162,34,6498
163,34,6499
164,34,6500
165,34,6501
166,34,6502
167,34,6503
168,34,6504
169,34,6505
170,34,6506
171,34,6507
172,34,6508
173,34,6509
174,34,6510
175,34,6511
176,34,6512
177,34,6513
178,34,6514
179,34,6515
180,34,6516
181,34,6517
182,34,6518
183,34,6519
184,34,6520
185,34,6521
186,34,6522
187,34,6523
188,34,6524
189,34,6525
190,34,6526
191,34,6527
192,34,6528
1,35,6529
2,35,6530
3,35,6531
4,35,6532
5,35,6533
6,35,6534
7,35,6535
8,35,6536
9,35,6537
10,35,6538
11,35,6539
12,35,6540
13,35,6541
14,35,6542
15,35,6543
16,35,6544
17,35,6545
18,35,6546
19,35,6547
20,35,6548
21,35,6549
22,35,6550
23,35,6551
24,35,6552
25,35,6553
26,35,6554
27,35,6555
28,35,6556
29,35,6557
30,35,6558
31,35,6559
32,35,6560
33,35,6561
34,35,6562
35,35,6563
36,35,6564
37,35,6565
38,35,6566
39,35,6567
40,35,6568
41,35,6569
42,35,6570
43,35,6571
44,35,6572
45,35,6573
46,35,6574
47,35,6575
48,35,6576
49,35,6577
50,35,6578
51,35,6579
52,35,6580
53,35,6581
54,35,6582
55,35,6583
56,35,6584
57,35,6585
58,35,6586
59,35,6587
60,35,6588
61,35,6589
62,35,6590
63,35,6591
64,35,6592
65,35,6593
66,35,6594
67,35,6595
68,35,6596
69,35,6597
70,35,6598
71,35,6599
72,35,6600
73,35,6601
74,35,6602
75,35,6603
76,35,6604
77,35,6605
78,35,6606
79,35,6607
80,35,6608
81,35,6609
82,35,6610
83,35,6611
84,35,6612
85,35,6613
86,35,6614
87,35,6615
88,35,6616
89,35,6617
90,35,6618
91,35,6619
92,35,6620
93,35,6621
94,35,6622
95,35,6623
96,35,6624
97,35,6625
98,35,6626
99,35,6627
100,35,6628
101,35,6629
102,35,6630
103,35,6631
104,35,6632
105,35,6633
106,35,6634
107,35,6635
108,35,6636
109,35,6637
110,35,6638
111,35,6639
112,35,6640
113,35,6641
114,35,6642
115,35,6643
116,35,6644
117,35,6645
118,35,6646
119,35,6647
120,35,6648
121,35,6649
122,35,6650
123,35,6651
124,35,6652
125,35,6653
126,35,6654
127,35,6655
128,35,6656
129,35,6657
130,35,6658
131,35,6659
132,35,6660
133,35,6661
134,35,6662
135,35,6663
136,35,6664
137,35,6665
138,35,6666
139,35,6667
140,35,6668
141,35,6669
142,35,6670
143,35,6671
144,35,6672
145,35,6673
146,35,6674
147,35,6675
148,35,6676
149,35,6677
150,35,6678
151,35,6679
152,35,6680
153,35,6681
154,35,6682
155,35,6683
156,35,6684
157,35,6685
158,35,6686
159,35,6687
160,35,6688
161,35,6689
162,35,6690
163,35,6691
164,35,6692
165,35,6693
166,35,6694
167,35,6695
168,35,6696
169,35,6697
170,35,6698
171,35,6699
172,35,6700
173,35,6701
174,35,6702
175,35,6703
176,35,6704
177,35,6705
178,35,6706
179,35,6707
180,35,6708
181,35,6709
182,35,6710
183,35,6711
184,35,6712
185,35,6713
186,35,6714
187,35,6715
188,35,6716
189,35,6717
190,35,6718
191,35,6719
192,35,6720
1,36,6721
2,36,6722
3,36,6723
4,36,6724
5,36,6725
6,36,6726
7,36,6727
8,36,6728
9,36,6729
10,36,6730
11,36,6731
12,36,6732
13,36,6733
14,36,6734
15,36,6735
16,36,6736
17,36,6737
18,36,6738
19,36,6739
20,36,6740
21,36,6741
22,36,6742
23,36,6743
24,36,6744
25,36,6745
26,36,6746
27,36,6747
28,36,6748
29,36,6749
30,36,6750
31,36,6751
32,36,6752
33,36,6753
34,36,6754
35,36,6755
36,36,6756
37,36,6757
38,36,6758
39,36,6759
40,36,6760
41,36,6761
42,36,6762
43,36,6763
44,36,6764
45,36,6765
46,36,6766
47,36,6767
48,36,6768
49,36,6769
50,36,6770
51,36,6771
52,36,6772
53,36,6773
54,36,6774
55,36,6775
56,36,6776
57,36,6777
58,36,6778
59,36,6779
60,36,6780
61,36,6781
62,36,6782
63,36,6783
64,36,6784
65,36,6785
66,36,6786
67,36,6787
68,36,6788
69,36,6789
70,36,6790
71,36,6791
72,36,6792
73,36,6793
74,36,6794
75,36,6795
76,36,6796
77,36,6797
78,36,6798
79,36,6799
80,36,6800
81,36,6801
82,36,6802
83,36,6803
84,36,6804
85,36,6805
86,36,6806
87,36,6807
88,36,6808
89,36,6809
90,36,6810
91,36,6811
92,36,6812
93,36,6813
94,36,6814
95,36,6815
96,36,6816
97,36,6817
98,36,6818
99,36,6819
100,36,6820
101,36,6821
102,36,6822
103,36,6823
104,36,6824
105,36,6825
106,36,6826
107,36,6827
108,36,6828
109,36,6829
110,36,6830
111,36,6831
112,36,6832
113,36,6833
114,36,6834
115,36,6835
116,36,6836
117,36,6837
118,36,6838
119,36,6839
120,36,6840
121,36,6841
122,36,6842
123,36,6843
124,36,6844
125,36,6845
126,36,6846
127,36,6847
128,36,6848
129,36,6849
130,36,6850
131,36,6851
132,36,6852
133,36,6853
134,36,6854
135,36,6855
136,36,6856
137,36,6857
138,36,6858
139,36,6859
140,36,6860
141,36,6861
142,36,6862
143,36,6863
144,36,6864
145,36,6865
146,36,6866
147,36,6867
148,36,6868
149,36,6869
150,36,6870
151,36,6871
152,36,6872
153,36,6873
154,36,6874
155,36,6875
156,36,6876
157,36,6877
158,36,6878
159,36,6879
160,36,6880
161,36,6881
162,36,6882
163,36,6883
164,36,6884
165,36,6885
166,36,6886
167,36,6887
168,36,6888
169,36,6889
170,36,6890
171,36,6891
172,36,6892
173,36,6893
174,36,6894
175,36,6895
176,36,6896
177,36,6897
178,36,6898
179,36,6899
180,36,6900
181,36,6901
182,36,6902
183,36,6903
184,36,6904
185,36,6905
186,36,6906
187,36,6907
188,36,6908
189,36,6909
190,36,6910
191,36,6911
192,36,6912
1,37,6913
2,37,6914
3,37,6915
4,37,6916
5,37,6917
6,37,6918
7,37,6919
8,37,6920
9,37,6921
10,37,6922
11,37,6923
12,37,6924
13,37,6925
14,37,6926
15,37,6927
16,37,6928
17,37,6929
18,37,6930
19,37,6931
20,37,6932
21,37,6933
22,37,6934
23,37,6935
24,37,6936
25,37,6937
26,37,6938
27,37,6939
28,37,6940
29,37,6941
30,37,6942
31,37,6943
32,37,6944
33,37,6945
34,37,6946
35,37,6947
36,37,6948
37,37,6949
38,37,6950
39,37,6951
40,37,6952
41,37,6953
42,37,6954
43,37,6955
44,37,6956
45,37,6957
46,37,6958
47,37,6959
48,37,6960
49,37,6961
50,37,6962
51,37,6963
52,37,6964
53,37,6965
54,37,6966
55,37,6967
56,37,6968
57,37,6969
58,37,6970
59,37,6971
60,37,6972
61,37,6973
62,37,6974
63,37,6975
64,37,6976
65,37,6977
66,37,6978
67,37,6979
68,37,6980
69,37,6981
70,37,6982
71,37,6983
72,37,6984
73,37,6985
74,37,6986
75,37,6987
76,37,6988
77,37,6989
78,37,6990
79,37,6991
80,37,6992
81,37,6993
82,37,6994
83,37,6995
84,37,6996
85,37,6997
86,37,6998
87,37,6999
88,37,7000
89,37,7001
90,37,7002
91,37,7003
92,37,7004
93,37,7005
94,37,7006
95,37,7007
96,37,7008
97,37,7009
98,37,7010
99,37,7011
100,37,7012
101,37,7013
102,37,7014
103,37,7015
104,37,7016
105,37,7017
106,37,7018
107,37,7019
108,37,7020
109,37,7021
110,37,7022
111,37,7023
112,37,7024
113,37,7025
114,37,7026
115,37,7027
116,37,7028
117,37,7029
118,37,7030
119,37,7031
120,37,7032
121,37,7033
122,37,7034
123,37,7035
124,37,7036
125,37,7037
126,37,7038
127,37,7039
128,37,7040
129,37,7041
130,37,7042
131,37,7043
132,37,7044
133,37,7045
134,37,7046
135,37,7047
136,37,7048
137,37,7049
138,37,7050
139,37,7051
140,37,7052
141,37,7053
142,37,7054
143,37,7055
144,37,7056
145,37,7057
146,37,7058
147,37,7059
148,37,7060
149,37,7061
150,37,7062
151,37,7063
152,37,7064
153,37,7065
154,37,7066
155,37,7067
156,37,7068
157,37,7069
158,37,7070
159,37,7071
160,37,7072
161,37,7073
162,37,7074
163,37,7075
164,37,7076
165,37,7077
166,37,7078
167,37,7079
168,37,7080
169,37,7081
170,37,7082
171,37,7083
172,37,7084
173,37,7085
174,37,7086
175,37,7087
176,37,7088
177,37,7089
178,37,7090
179,37,7091
180,37,7092
181,37,7093
182,37,7094
183,37,7095
184,37,7096
185,37,7097
186,37,7098
187,37,7099
188,37,7100
189,37,7101
190,37,7102
191,37,7103
192,37,7104
1,38,7105
2,38,7106
3,38,7107
4,38,7108
5,38,7109
6,38,7110
7,38,7111
8,38,7112
9,38,7113
10,38,7114
11,38,7115
12,38,7116
13,38,7117
14,38,7118
15,38,7119
16,38,7120
17,38,7121
18,38,7122
19,38,7123
20,38,7124
21,38,7125
22,38,7126
23,38,7127
24,38,7128
25,38,7129
26,38,7130
27,38,7131
28,38,7132
29,38,7133
30,38,7134
31,38,7135
32,38,7136
33,38,7137
34,38,7138
35,38,7139
36,38,7140
37,38,7141
38,38,7142
39,38,7143
40,38,7144
41,38,7145
42,38,7146
43,38,7147
44,38,7148
45,38,7149
46,38,7150
47,38,7151
48,38,7152
49,38,7153
50,38,7154
51,38,7155
52,38,7156
53,38,7157
54,38,7158
55,38,7159
56,38,7160
57,38,7161
58,38,7162
59,38,7163
60,38,7164
61,38,7165
62,38,7166
63,38,7167
64,38,7168
65,38,7169
66,38,7170
67,38,7171
68,38,7172
69,38,7173
70,38,7174
71,38,7175
72,38,7176
73,38,7177
74,38,7178
75,38,7179
76,38,7180
77,38,7181
78,38,7182
79,38,7183
80,38,7184
81,38,7185
82,38,7186
83,38,7187
84,38,7188
85,38,7189
86,38,7190
87,38,7191
88,38,7192
89,38,7193
90,38,7194
91,38,7195
92,38,7196
93,38,7197
94,38,7198
95,38,7199
96,38,7200
97,38,7201
98,38,7202
99,38,7203
100,38,7204
101,38,7205
102,38,7206
103,38,7207
104,38,7208
105,38,7209
106,38,7210
107,38,7211
108,38,7212
109,38,7213
110,38,7214
111,38,7215
112,38,7216
113,38,7217
114,38,7218
115,38,7219
116,38,7220
117,38,7221
118,38,7222
119,38,7223
120,38,7224
121,38,7225
122,38,7226
123,38,7227
124,38,7228
125,38,7229
126,38,7230
127,38,7231
128,38,7232
129,38,7233
130,38,7234
131,38,7235
132,38,7236
133,38,7237
134,38,7238
135,38,7239
136,38,7240
137,38,7241
138,38,7242
139,38,7243
140,38,7244
141,38,7245
142,38,7246
143,38,7247
144,38,7248
145,38,7249
146,38,7250
147,38,7251
148,38,7252
149,38,7253
150,38,7254
151,38,7255
152,38,7256
153,38,7257
154,38,7258
155,38,7259
156,38,7260
157,38,7261
158,38,7262
159,38,7263
160,38,7264
161,38,7265
162,38,7266
163,38,7267
164,38,7268
165,38,7269
166,38,7270
167,38,7271
168,38,7272
169,38,7273
170,38,7274
171,38,7275
172,38,7276
173,38,7277
174,38,7278
175,38,7279
176,38,7280
177,38,7281
178,38,7282
179,38,7283
180,38,7284
181,38,7285
182,38,7286
183,38,7287
184,38,7288
185,38,7289
186,38,7290
187,38,7291
188,38,7292
189,38,7293
190,38,7294
191,38,7295
192,38,7296
1,39,7297
2,39,7298
3,39,7299
4,39,7300
5,39,7301
6,39,7302
7,39,7303
8,39,7304
9,39,7305
10,39,7306
11,39,7307
12,39,7308
13,39,7309
14,39,7310
15,39,7311
16,39,7312
17,39,7313
18,39,7314
19,39,7315
20,39,7316
21,39,7317
22,39,7318
23,39,7319
24,39,7320
25,39,7321
26,39,7322
27,39,7323
28,39,7324
29,39,7325
30,39,7326
31,39,7327
32,39,7328
33,39,7329
34,39,7330
35,39,7331
36,39,7332
37,39,7333
38,39,7334
39,39,7335
40,39,7336
41,39,7337
42,39,7338
43,39,7339
44,39,7340
45,39,7341
46,39,7342
47,39,7343
48,39,7344
49,39,7345
50,39,7346
51,39,7347
52,39,7348
53,39,7349
54,39,7350
55,39,7351
56,39,7352
57,39,7353
58,39,7354
59,39,7355
60,39,7356
61,39,7357
62,39,7358
63,39,7359
64,39,7360
65,39,7361
66,39,7362
67,39,7363
68,39,7364
69,39,7365
70,39,7366
71,39,7367
72,39,7368
73,39,7369
74,39,7370
75,39,7371
76,39,7372
77,39,7373
78,39,7374
79,39,7375
80,39,7376
81,39,7377
82,39,7378
83,39,7379
84,39,7380
85,39,7381
86,39,7382
87,39,7383
88,39,7384
89,39,7385
90,39,7386
91,39,7387
92,39,7388
93,39,7389
94,39,7390
95,39,7391
96,39,7392
97,39,7393
98,39,7394
99,39,7395
100,39,7396
101,39,7397
102,39,7398
103,39,7399
104,39,7400
105,39,7401
106,39,7402
107,39,7403
108,39,7404
109,39,7405
110,39,7406
111,39,7407
112,39,7408
113,39,7409
114,39,7410
115,39,7411
116,39,7412
117,39,7413
118,39,7414
119,39,7415
120,39,7416
121,39,7417
122,39,7418
123,39,7419
124,39,7420
125,39,7421
126,39,7422
127,39,7423
128,39,7424
129,39,7425
130,39,7426
131,39,7427
132,39,7428
133,39,7429
134,39,7430
135,39,7431
136,39,7432
137,39,7433
138,39,7434
139,39,7435
140,39,7436
141,39,7437
142,39,7438
143,39,7439
144,39,7440
145,39,7441
146,39,7442
147,39,7443
148,39,7444
149,39,7445
150,39,7446
151,39,7447
152,39,7448
153,39,7449
154,39,7450
155,39,7451
156,39,7452
157,39,7453
158,39,7454
159,39,7455
160,39,7456
161,39,7457
162,39,7458
163,39,7459
164,39,7460
165,39,7461
166,39,7462
167,39,7463
168,39,7464
169,39,7465
170,39,7466
171,39,7467
172,39,7468
173,39,7469
174,39,7470
175,39,7471
176,39,7472
177,39,7473
178,39,7474
179,39,7475
180,39,7476
181,39,7477
182,39,7478
183,39,7479
184,39,7480
185,39,7481
186,39,7482
187,39,7483
188,39,7484
189,39,7485
190,39,7486
191,39,7487
192,39,7488
1,40,7489
2,40,7490
3,40,7491
4,40,7492
5,40,7493
6,40,7494
7,40,7495
8,40,7496
9,40,7497
10,40,7498
11,40,7499
12,40,7500
13,40,7501
14,40,7502
15,40,7503
16,40,7504
17,40,7505
18,40,7506
19,40,7507
20,40,7508
21,40,7509
22,40,7510
23,40,7511
24,40,7512
25,40,7513
26,40,7514
27,40,7515
28,40,7516
29,40,7517
30,40,7518
31,40,7519
32,40,7520
33,40,7521
34,40,7522
35,40,7523
36,40,7524
37,40,7525
38,40,7526
39,40,7527
40,40,7528
41,40,7529
42,40,7530
43,40,7531
44,40,7532
45,40,7533
46,40,7534
47,40,7535
48,40,7536
49,40,7537
50,40,7538
51,40,7539
52,40,7540
53,40,7541
54,40,7542
55,40,7543
56,40,7544
57,40,7545
58,40,7546
59,40,7547
60,40,7548
61,40,7549
62,40,7550
63,40,7551
64,40,7552
65,40,7553
66,40,7554
67,40,7555
68,40,7556
69,40,7557
70,40,7558
71,40,7559
72,40,7560
73,40,7561
74,40,7562
75,40,7563
76,40,7564
77,40,7565
78,40,7566
79,40,7567
80,40,7568
81,40,7569
82,40,7570
83,40,7571
84,40,7572
85,40,7573
86,40,7574
87,40,7575
88,40,7576
89,40,7577
90,40,7578
91,40,7579
92,40,7580
93,40,7581
94,40,7582
95,40,7583
96,40,7584
97,40,7585
98,40,7586
99,40,7587
100,40,7588
101,40,7589
102,40,7590
103,40,7591
104,40,7592
105,40,7593
106,40,7594
107,40,7595
108,40,7596
109,40,7597
110,40,7598
111,40,7599
112,40,7600
113,40,7601
114,40,7602
115,40,7603
116,40,7604
117,40,7605
118,40,7606
119,40,7607
120,40,7608
121,40,7609
122,40,7610
123,40,7611
124,40,7612
125,40,7613
126,40,7614
127,40,7615
128,40,7616
129,40,7617
130,40,7618
131,40,7619
132,40,7620
133,40,7621
134,40,7622
135,40,7623
136,40,7624
137,40,7625
138,40,7626
139,40,7627
140,40,7628
141,40,7629
142,40,7630
143,40,7631
144,40,7632
145,40,7633
146,40,7634
147,40,7635
148,40,7636
149,40,7637
150,40,7638
151,40,7639
152,40,7640
153,40,7641
154,40,7642
155,40,7643
156,40,7644
157,40,7645
158,40,7646
159,40,7647
160,40,7648
161,40,7649
162,40,7650
163,40,7651
164,40,7652
165,40,7653
166,40,7654
167,40,7655
168,40,7656
169,40,7657
170,40,7658
171,40,7659
172,40,7660
173,40,7661
174,40,7662
175,40,7663
176,40,7664
177,40,7665
178,40,7666
179,40,7667
180,40,7668
181,40,7669
182,40,7670
183,40,7671
184,40,7672
185,40,7673
186,40,7674
187,40,7675
188,40,7676
189,40,7677
190,40,7678
191,40,7679
192,40,7680
1,41,7681
2,41,7682
3,41,7683
4,41,7684
5,41,7685
6,41,7686
7,41,7687
8,41,7688
9,41,7689
10,41,7690
11,41,7691
12,41,7692
13,41,7693
14,41,7694
15,41,7695
16,41,7696
17,41,7697
18,41,7698
19,41,7699
20,41,7700
21,41,7701
22,41,7702
23,41,7703
24,41,7704
25,41,7705
26,41,7706
27,41,7707
28,41,7708
29,41,7709
30,41,7710
31,41,7711
32,41,7712
33,41,7713
34,41,7714
35,41,7715
36,41,7716
37,41,7717
38,41,7718
39,41,7719
40,41,7720
41,41,7721
42,41,7722
43,41,7723
44,41,7724
45,41,7725
46,41,7726
47,41,7727
48,41,7728
49,41,7729
50,41,7730
51,41,7731
52,41,7732
53,41,7733
54,41,7734
55,41,7735
56,41,7736
57,41,7737
58,41,7738
59,41,7739
60,41,7740
61,41,7741
62,41,7742
63,41,7743
64,41,7744
65,41,7745
66,41,7746
67,41,7747
68,41,7748
69,41,7749
70,41,7750
71,41,7751
72,41,7752
73,41,7753
74,41,7754
75,41,7755
76,41,7756
77,41,7757
78,41,7758
79,41,7759
80,41,7760
81,41,7761
82,41,7762
83,41,7763
84,41,7764
85,41,7765
86,41,7766
87,41,7767
88,41,7768
89,41,7769
90,41,7770
91,41,7771
92,41,7772
93,41,7773
94,41,7774
95,41,7775
96,41,7776
97,41,7777
98,41,7778
99,41,7779
100,41,7780
101,41,7781
102,41,7782
103,41,7783
104,41,7784
105,41,7785
106,41,7786
107,41,7787
108,41,7788
109,41,7789
110,41,7790
111,41,7791
112,41,7792
113,41,7793
114,41,7794
115,41,7795
116,41,7796
117,41,7797
118,41,7798
119,41,7799
120,41,7800
121,41,7801
122,41,7802
123,41,7803
124,41,7804
125,41,7805
126,41,7806
127,41,7807
128,41,7808
129,41,7809
130,41,7810
131,41,7811
132,41,7812
133,41,7813
134,41,7814
135,41,7815
136,41,7816
137,41,7817
138,41,7818
139,41,7819
140,41,7820
141,41,7821
142,41,7822
143,41,7823
144,41,7824
145,41,7825
146,41,7826
147,41,7827
148,41,7828
149,41,7829
150,41,7830
151,41,7831
152,41,7832
153,41,7833
154,41,7834
155,41,7835
156,41,7836
157,41,7837
158,41,7838
159,41,7839
160,41,7840
161,41,7841
162,41,7842
163,41,7843
164,41,7844
165,41,7845
166,41,7846
167,41,7847
168,41,7848
169,41,7849
170,41,7850
171,41,7851
172,41,7852
173,41,7853
174,41,7854
175,41,7855
176,41,7856
177,41,7857
178,41,7858
179,41,7859
180,41,7860
181,41,7861
182,41,7862
183,41,7863
184,41,7864
185,41,7865
186,41,7866
187,41,7867
188,41,7868
189,41,7869
190,41,7870
191,41,7871
192,41,7872
1,42,7873
2,42,7874
3,42,7875
4,42,7876
5,42,7877
6,42,7878
7,42,7879
8,42,7880
9,42,7881
10,42,7882
11,42,7883
12,42,7884
13,42,7885
14,42,7886
15,42,7887
16,42,7888
17,42,7889
18,42,7890
19,42,7891
20,42,7892
21,42,7893
22,42,7894
23,42,7895
24,42,7896
25,42,7897
26,42,7898
27,42,7899
28,42,7900
29,42,7901
30,42,7902
31,42,7903
32,42,7904
33,42,7905
34,42,7906
35,42,7907
36,42,7908
37,42,7909
38,42,7910
39,42,7911
40,42,7912
41,42,7913
42,42,7914
43,42,7915
44,42,7916
45,42,7917
46,42,7918
47,42,7919
48,42,7920
49,42,7921
50,42,7922
51,42,7923
52,42,7924
53,42,7925
54,42,7926
55,42,7927
56,42,7928
57,42,7929
58,42,7930
59,42,7931
60,42,7932
61,42,7933
62,42,7934
63,42,7935
64,42,7936
65,42,7937
66,42,7938
67,42,7939
68,42,7940
69,42,7941
70,42,7942
71,42,7943
72,42,7944
73,42,7945
74,42,7946
75,42,7947
76,42,7948
77,42,7949
78,42,7950
79,42,7951
80,42,7952
81,42,7953
82,42,7954
83,42,7955
84,42,7956
85,42,7957
86,42,7958
87,42,7959
88,42,7960
89,42,7961
90,42,7962
91,42,7963
92,42,7964
93,42,7965
94,42,7966
95,42,7967
96,42,7968
97,42,7969
98,42,7970
99,42,7971
100,42,7972
101,42,7973
102,42,7974
103,42,7975
104,42,7976
105,42,7977
106,42,7978
107,42,7979
108,42,7980
109,42,7981
110,42,7982
111,42,7983
112,42,7984
113,42,7985
114,42,7986
115,42,7987
116,42,7988
117,42,7989
118,42,7990
119,42,7991
120,42,7992
121,42,7993
122,42,7994
123,42,7995
124,42,7996
125,42,7997
126,42,7998
127,42,7999
128,42,8000
129,42,8001
130,42,8002
131,42,8003
132,42,8004
133,42,8005
134,42,8006
135,42,8007
136,42,8008
137,42,8009
138,42,8010
139,42,8011
140,42,8012
141,42,8013
142,42,8014
143,42,8015
144,42,8016
145,42,8017
146,42,8018
147,42,8019
148,42,8020
149,42,8021
150,42,8022
151,42,8023
152,42,8024
153,42,8025
154,42,8026
155,42,8027
156,42,8028
157,42,8029
158,42,8030
159,42,8031
160,42,8032
161,42,8033
162,42,8034
163,42,8035
164,42,8036
165,42,8037
166,42,8038
167,42,8039
168,42,8040
169,42,8041
170,42,8042
171,42,8043
172,42,8044
173,42,8045
174,42,8046
175,42,8047
176,42,8048
177,42,8049
178,42,8050
179,42,8051
180,42,8052
181,42,8053
182,42,8054
183,42,8055
184,42,8056
185,42,8057
186,42,8058
187,42,8059
188,42,8060
189,42,8061
190,42,8062
191,42,8063
192,42,8064
1,43,8065
2,43,8066
3,43,8067
4,43,8068
5,43,8069
6,43,8070
7,43,8071
8,43,8072
9,43,8073
10,43,8074
11,43,8075
12,43,8076
13,43,8077
14,43,8078
15,43,8079
16,43,8080
17,43,8081
18,43,8082
19,43,8083
20,43,8084
21,43,8085
22,43,8086
23,43,8087
24,43,8088
25,43,8089
26,43,8090
27,43,8091
28,43,8092
29,43,8093
30,43,8094
31,43,8095
32,43,8096
33,43,8097
34,43,8098
35,43,8099
36,43,8100
37,43,8101
38,43,8102
39,43,8103
40,43,8104
41,43,8105
42,43,8106
43,43,8107
44,43,8108
45,43,8109
46,43,8110
47,43,8111
48,43,8112
49,43,8113
50,43,8114
51,43,8115
52,43,8116
53,43,8117
54,43,8118
55,43,8119
56,43,8120
57,43,8121
58,43,8122
59,43,8123
60,43,8124
61,43,8125
62,43,8126
63,43,8127
64,43,8128
65,43,8129
66,43,8130
67,43,8131
68,43,8132
69,43,8133
70,43,8134
71,43,8135
72,43,8136
73,43,8137
74,43,8138
75,43,8139
76,43,8140
77,43,8141
78,43,8142
79,43,8143
80,43,8144
81,43,8145
82,43,8146
83,43,8147
84,43,8148
85,43,8149
86,43,8150
87,43,8151
88,43,8152
89,43,8153
90,43,8154
91,43,8155
92,43,8156
93,43,8157
94,43,8158
95,43,8159
96,43,8160
97,43,8161
98,43,8162
99,43,8163
100,43,8164
101,43,8165
102,43,8166
103,43,8167
104,43,8168
105,43,8169
106,43,8170
107,43,8171
108,43,8172
109,43,8173
110,43,8174
111,43,8175
112,43,8176
113,43,8177
114,43,8178
115,43,8179
116,43,8180
117,43,8181
118,43,8182
119,43,8183
120,43,8184
121,43,8185
122,43,8186
123,43,8187
124,43,8188
125,43,8189
126,43,8190
127,43,8191
128,43,8192
129,43,8193
130,43,8194
131,43,8195
132,43,8196
133,43,8197
134,43,8198
135,43,8199
136,43,8200
137,43,8201
138,43,8202
139,43,8203
140,43,8204
141,43,8205
142,43,8206
143,43,8207
144,43,8208
145,43,8209
146,43,8210
147,43,8211
148,43,8212
149,43,8213
150,43,8214
151,43,8215
152,43,8216
153,43,8217
154,43,8218
155,43,8219
156,43,8220
157,43,8221
158,43,8222
159,43,8223
160,43,8224
161,43,8225
162,43,8226
163,43,8227
164,43,8228
165,43,8229
166,43,8230
167,43,8231
168,43,8232
169,43,8233
170,43,8234
171,43,8235
172,43,8236
173,43,8237
174,43,8238
175,43,8239
176,43,8240
177,43,8241
178,43,8242
179,43,8243
180,43,8244
181,43,8245
182,43,8246
183,43,8247
184,43,8248
185,43,8249
186,43,8250
187,43,8251
188,43,8252
189,43,8253
190,43,8254
191,43,8255
192,43,8256
1,44,8257
2,44,8258
3,44,8259
4,44,8260
5,44,8261
6,44,8262
7,44,8263
8,44,8264
9,44,8265
10,44,8266
11,44,8267
12,44,8268
13,44,8269
14,44,8270
15,44,8271
16,44,8272
17,44,8273
18,44,8274
19,44,8275
20,44,8276
21,44,8277
22,44,8278
23,44,8279
24,44,8280
25,44,8281
26,44,8282
27,44,8283
28,44,8284
29,44,8285
30,44,8286
31,44,8287
32,44,8288
33,44,8289
34,44,8290
35,44,8291
36,44,8292
37,44,8293
38,44,8294
39,44,8295
40,44,8296
41,44,8297
42,44,8298
43,44,8299
44,44,8300
45,44,8301
46,44,8302
47,44,8303
48,44,8304
49,44,8305
50,44,8306
51,44,8307
52,44,8308
53,44,8309
54,44,8310
55,44,8311
56,44,8312
57,44,8313
58,44,8314
59,44,8315
60,44,8316
61,44,8317
62,44,8318
63,44,8319
64,44,8320
65,44,8321
66,44,8322
67,44,8323
68,44,8324
69,44,8325
70,44,8326
71,44,8327
72,44,8328
73,44,8329
74,44,8330
75,44,8331
76,44,8332
77,44,8333
78,44,8334
79,44,8335
80,44,8336
81,44,8337
82,44,8338
83,44,8339
84,44,8340
85,44,8341
86,44,8342
87,44,8343
88,44,8344
89,44,8345
90,44,8346
91,44,8347
92,44,8348
93,44,8349
94,44,8350
95,44,8351
96,44,8352
97,44,8353
98,44,8354
99,44,8355
100,44,8356
101,44,8357
102,44,8358
103,44,8359
104,44,8360
105,44,8361
106,44,8362
107,44,8363
108,44,8364
109,44,8365
110,44,8366
111,44,8367
112,44,8368
113,44,8369
114,44,8370
115,44,8371
116,44,8372
117,44,8373
118,44,8374
119,44,8375
120,44,8376
121,44,8377
122,44,8378
123,44,8379
124,44,8380
125,44,8381
126,44,8382
127,44,8383
128,44,8384
129,44,8385
130,44,8386
131,44,8387
132,44,8388
133,44,8389
134,44,8390
135,44,8391
136,44,8392
137,44,8393
138,44,8394
139,44,8395
140,44,8396
141,44,8397
142,44,8398
143,44,8399
144,44,8400
145,44,8401
146,44,8402
147,44,8403
148,44,8404
149,44,8405
150,44,8406
151,44,8407
152,44,8408
153,44,8409
154,44,8410
155,44,8411
156,44,8412
157,44,8413
158,44,8414
159,44,8415
160,44,8416
161,44,8417
162,44,8418
163,44,8419
164,44,8420
165,44,8421
166,44,8422
167,44,8423
168,44,8424
169,44,8425
170,44,8426
171,44,8427
172,44,8428
173,44,8429
174,44,8430
175,44,8431
176,44,8432
177,44,8433
178,44,8434
179,44,8435
180,44,8436
181,44,8437
182,44,8438
183,44,8439
184,44,8440
185,44,8441
186,44,8442
187,44,8443
188,44,8444
189,44,8445
190,44,8446
191,44,8447
192,44,8448
1,45,8449
2,45,8450
3,45,8451
4,45,8452
5,45,8453
6,45,8454
7,45,8455
8,45,8456
9,45,8457
10,45,8458
11,45,8459
12,45,8460
13,45,8461
14,45,8462
15,45,8463
16,45,8464
17,45,8465
18,45,8466
19,45,8467
20,45,8468
21,45,8469
22,45,8470
23,45,8471
24,45,8472
25,45,8473
26,45,8474
27,45,8475
28,45,8476
29,45,8477
30,45,8478
31,45,8479
32,45,8480
33,45,8481
34,45,8482
35,45,8483
36,45,8484
37,45,8485
38,45,8486
39,45,8487
40,45,8488
41,45,8489
42,45,8490
43,45,8491
44,45,8492
45,45,8493
46,45,8494
47,45,8495
48,45,8496
49,45,8497
50,45,8498
51,45,8499
52,45,8500
53,45,8501
54,45,8502
55,45,8503
56,45,8504
57,45,8505
58,45,8506
59,45,8507
60,45,8508
61,45,8509
62,45,8510
63,45,8511
64,45,8512
65,45,8513
66,45,8514
67,45,8515
68,45,8516
69,45,8517
70,45,8518
71,45,8519
72,45,8520
73,45,8521
74,45,8522
75,45,8523
76,45,8524
77,45,8525
78,45,8526
79,45,8527
80,45,8528
81,45,8529
82,45,8530
83,45,8531
84,45,8532
85,45,8533
86,45,8534
87,45,8535
88,45,8536
89,45,8537
90,45,8538
91,45,8539
92,45,8540
93,45,8541
94,45,8542
95,45,8543
96,45,8544
97,45,8545
98,45,8546
99,45,8547
100,45,8548
101,45,8549
102,45,8550
103,45,8551
104,45,8552
105,45,8553
106,45,8554
107,45,8555
108,45,8556
109,45,8557
110,45,8558
111,45,8559
112,45,8560
113,45,8561
114,45,8562
115,45,8563
116,45,8564
117,45,8565
118,45,8566
119,45,8567
120,45,8568
121,45,8569
122,45,8570
123,45,8571
124,45,8572
125,45,8573
126,45,8574
127,45,8575
128,45,8576
129,45,8577
130,45,8578
131,45,8579
132,45,8580
133,45,8581
134,45,8582
135,45,8583
136,45,8584
137,45,8585
138,45,8586
139,45,8587
140,45,8588
141,45,8589
142,45,8590
143,45,8591
144,45,8592
145,45,8593
146,45,8594
147,45,8595
148,45,8596
149,45,8597
150,45,8598
151,45,8599
152,45,8600
153,45,8601
154,45,8602
155,45,8603
156,45,8604
157,45,8605
158,45,8606
159,45,8607
160,45,8608
161,45,8609
162,45,8610
163,45,8611
164,45,8612
165,45,8613
166,45,8614
167,45,8615
168,45,8616
169,45,8617
170,45,8618
171,45,8619
172,45,8620
173,45,8621
174,45,8622
175,45,8623
176,45,8624
177,45,8625
178,45,8626
179,45,8627
180,45,8628
181,45,8629
182,45,8630
183,45,8631
184,45,8632
185,45,8633
186,45,8634
187,45,8635
188,45,8636
189,45,8637
190,45,8638
191,45,8639
192,45,8640
1,46,8641
2,46,8642
3,46,8643
4,46,8644
5,46,8645
6,46,8646
7,46,8647
8,46,8648
9,46,8649
10,46,8650
11,46,8651
12,46,8652
13,46,8653
14,46,8654
15,46,8655
16,46,8656
17,46,8657
18,46,8658
19,46,8659
20,46,8660
21,46,8661
22,46,8662
23,46,8663
24,46,8664
25,46,8665
26,46,8666
27,46,8667
28,46,8668
29,46,8669
30,46,8670
31,46,8671
32,46,8672
33,46,8673
34,46,8674
35,46,8675
36,46,8676
37,46,8677
38,46,8678
39,46,8679
40,46,8680
41,46,8681
42,46,8682
43,46,8683
44,46,8684
45,46,8685
46,46,8686
47,46,8687
48,46,8688
49,46,8689
50,46,8690
51,46,8691
52,46,8692
53,46,8693
54,46,8694
55,46,8695
56,46,8696
57,46,8697
58,46,8698
59,46,8699
60,46,8700
61,46,8701
62,46,8702
63,46,8703
64,46,8704
65,46,8705
66,46,8706
67,46,8707
68,46,8708
69,46,8709
70,46,8710
71,46,8711
72,46,8712
73,46,8713
74,46,8714
75,46,8715
76,46,8716
77,46,8717
78,46,8718
79,46,8719
80,46,8720
81,46,8721
82,46,8722
83,46,8723
84,46,8724
85,46,8725
86,46,8726
87,46,8727
88,46,8728
89,46,8729
90,46,8730
91,46,8731
92,46,8732
93,46,8733
94,46,8734
95,46,8735
96,46,8736
97,46,8737
98,46,8738
99,46,8739
100,46,8740
101,46,8741
102,46,8742
103,46,8743
104,46,8744
105,46,8745
106,46,8746
107,46,8747
108,46,8748
109,46,8749
110,46,8750
111,46,8751
112,46,8752
113,46,8753
114,46,8754
115,46,8755
116,46,8756
117,46,8757
118,46,8758
119,46,8759
120,46,8760
121,46,8761
122,46,8762
123,46,8763
124,46,8764
125,46,8765
126,46,8766
127,46,8767
128,46,8768
129,46,8769
130,46,8770
131,46,8771
132,46,8772
133,46,8773
134,46,8774
135,46,8775
136,46,8776
137,46,8777
138,46,8778
139,46,8779
140,46,8780
141,46,8781
142,46,8782
143,46,8783
144,46,8784
145,46,8785
146,46,8786
147,46,8787
148,46,8788
149,46,8789
150,46,8790
151,46,8791
152,46,8792
153,46,8793
154,46,8794
155,46,8795
156,46,8796
157,46,8797
158,46,8798
159,46,8799
160,46,8800
161,46,8801
162,46,8802
163,46,8803
164,46,8804
165,46,8805
166,46,8806
167,46,8807
168,46,8808
169,46,8809
170,46,8810
171,46,8811
172,46,8812
173,46,8813
174,46,8814
175,46,8815
176,46,8816
177,46,8817
178,46,8818
179,46,8819
180,46,8820
181,46,8821
182,46,8822
183,46,8823
184,46,8824
185,46,8825
186,46,8826
187,46,8827
188,46,8828
189,46,8829
190,46,8830
191,46,8831
192,46,8832
1,47,8833
2,47,8834
3,47,8835
4,47,8836
5,47,8837
6,47,8838
7,47,8839
8,47,8840
9,47,8841
10,47,8842
11,47,8843
12,47,8844
13,47,8845
14,47,8846
15,47,8847
16,47,8848
17,47,8849
18,47,8850
19,47,8851
20,47,8852
21,47,8853
22,47,8854
23,47,8855
24,47,8856
25,47,8857
26,47,8858
27,47,8859
28,47,8860
29,47,8861
30,47,8862
31,47,8863
32,47,8864
33,47,8865
34,47,8866
35,47,8867
36,47,8868
37,47,8869
38,47,8870
39,47,8871
40,47,8872
41,47,8873
42,47,8874
43,47,8875
44,47,8876
45,47,8877
46,47,8878
47,47,8879
48,47,8880
49,47,8881
50,47,8882
51,47,8883
52,47,8884
53,47,8885
54,47,8886
55,47,8887
56,47,8888
57,47,8889
58,47,8890
59,47,8891
60,47,8892
61,47,8893
62,47,8894
63,47,8895
64,47,8896
65,47,8897
66,47,8898
67,47,8899
68,47,8900
69,47,8901
70,47,8902
71,47,8903
72,47,8904
73,47,8905
74,47,8906
75,47,8907
76,47,8908
77,47,8909
78,47,8910
79,47,8911
80,47,8912
81,47,8913
82,47,8914
83,47,8915
84,47,8916
85,47,8917
86,47,8918
87,47,8919
88,47,8920
89,47,8921
90,47,8922
91,47,8923
92,47,8924
93,47,8925
94,47,8926
95,47,8927
96,47,8928
97,47,8929
98,47,8930
99,47,8931
100,47,8932
101,47,8933
102,47,8934
103,47,8935
104,47,8936
105,47,8937
106,47,8938
107,47,8939
108,47,8940
109,47,8941
110,47,8942
111,47,8943
112,47,8944
113,47,8945
114,47,8946
115,47,8947
116,47,8948
117,47,8949
118,47,8950
119,47,8951
120,47,8952
121,47,8953
122,47,8954
123,47,8955
124,47,8956
125,47,8957
126,47,8958
127,47,8959
128,47,8960
129,47,8961
130,47,8962
131,47,8963
132,47,8964
133,47,8965
134,47,8966
135,47,8967
136,47,8968
137,47,8969
138,47,8970
139,47,8971
140,47,8972
141,47,8973
142,47,8974
143,47,8975
144,47,8976
145,47,8977
146,47,8978
147,47,8979
148,47,8980
149,47,8981
150,47,8982
151,47,8983
152,47,8984
153,47,8985
154,47,8986
155,47,8987
156,47,8988
157,47,8989
158,47,8990
159,47,8991
160,47,8992
161,47,8993
162,47,8994
163,47,8995
164,47,8996
165,47,8997
166,47,8998
167,47,8999
168,47,9000
169,47,9001
170,47,9002
171,47,9003
172,47,9004
173,47,9005
174,47,9006
175,47,9007
176,47,9008
177,47,9009
178,47,9010
179,47,9011
180,47,9012
181,47,9013
182,47,9014
183,47,9015
184,47,9016
185,47,9017
186,47,9018
187,47,9019
188,47,9020
189,47,9021
190,47,9022
191,47,9023
192,47,9024
1,48,9025
2,48,9026
3,48,9027
4,48,9028
5,48,9029
6,48,9030
7,48,9031
8,48,9032
9,48,9033
10,48,9034
11,48,9035
12,48,9036
13,48,9037
14,48,9038
15,48,9039
16,48,9040
17,48,9041
18,48,9042
19,48,9043
20,48,9044
21,48,9045
22,48,9046
23,48,9047
24,48,9048
25,48,9049
26,48,9050
27,48,9051
28,48,9052
29,48,9053
30,48,9054
31,48,9055
32,48,9056
33,48,9057
34,48,9058
35,48,9059
36,48,9060
37,48,9061
38,48,9062
39,48,9063
40,48,9064
41,48,9065
42,48,9066
43,48,9067
44,48,9068
45,48,9069
46,48,9070
47,48,9071
48,48,9072
49,48,9073
50,48,9074
51,48,9075
52,48,9076
53,48,9077
54,48,9078
55,48,9079
56,48,9080
57,48,9081
58,48,9082
59,48,9083
60,48,9084
61,48,9085
62,48,9086
63,48,9087
64,48,9088
65,48,9089
66,48,9090
67,48,9091
68,48,9092
69,48,9093
70,48,9094
71,48,9095
72,48,9096
73,48,9097
74,48,9098
75,48,9099
76,48,9100
77,48,9101
78,48,9102
79,48,9103
80,48,9104
81,48,9105
82,48,9106
83,48,9107
84,48,9108
85,48,9109
86,48,9110
87,48,9111
88,48,9112
89,48,9113
90,48,9114
91,48,9115
92,48,9116
93,48,9117
94,48,9118
95,48,9119
96,48,9120
97,48,9121
98,48,9122
99,48,9123
100,48,9124
101,48,9125
102,48,9126
103,48,9127
104,48,9128
105,48,9129
106,48,9130
107,48,9131
108,48,9132
109,48,9133
110,48,9134
111,48,9135
112,48,9136
113,48,9137
114,48,9138
115,48,9139
116,48,9140
117,48,9141
118,48,9142
119,48,9143
120,48,9144
121,48,9145
122,48,9146
123,48,9147
124,48,9148
125,48,9149
126,48,9150
127,48,9151
128,48,9152
129,48,9153
130,48,9154
131,48,9155
132,48,9156
133,48,9157
134,48,9158
135,48,9159
136,48,9160
137,48,9161
138,48,9162
139,48,9163
140,48,9164
141,48,9165
142,48,9166
143,48,9167
144,48,9168
145,48,9169
146,48,9170
147,48,9171
148,48,9172
149,48,9173
150,48,9174
151,48,9175
152,48,9176
153,48,9177
154,48,9178
155,48,9179
156,48,9180
157,48,9181
158,48,9182
159,48,9183
160,48,9184
161,48,9185
162,48,9186
163,48,9187
164,48,9188
165,48,9189
166,48,9190
167,48,9191
168,48,9192
169,48,9193
170,48,9194
171,48,9195
172,48,9196
173,48,9197
174,48,9198
175,48,9199
176,48,9200
177,48,9201
178,48,9202
179,48,9203
180,48,9204
181,48,9205
182,48,9206
183,48,9207
184,48,9208
185,48,9209
186,48,9210
187,48,9211
188,48,9212
189,48,9213
190,48,9214
191,48,9215
192,48,9216
1,49,9217
2,49,9218
3,49,9219
4,49,9220
5,49,9221
6,49,9222
7,49,9223
8,49,9224
9,49,9225
10,49,9226
11,49,9227
12,49,9228
13,49,9229
14,49,9230
15,49,9231
16,49,9232
17,49,9233
18,49,9234
19,49,9235
20,49,9236
21,49,9237
22,49,9238
23,49,9239
24,49,9240
25,49,9241
26,49,9242
27,49,9243
28,49,9244
29,49,9245
30,49,9246
31,49,9247
32,49,9248
33,49,9249
34,49,9250
35,49,9251
36,49,9252
37,49,9253
38,49,9254
39,49,9255
40,49,9256
41,49,9257
42,49,9258
43,49,9259
44,49,9260
45,49,9261
46,49,9262
47,49,9263
48,49,9264
49,49,9265
50,49,9266
51,49,9267
52,49,9268
53,49,9269
54,49,9270
55,49,9271
56,49,9272
57,49,9273
58,49,9274
59,49,9275
60,49,9276
61,49,9277
62,49,9278
63,49,9279
64,49,9280
65,49,9281
66,49,9282
67,49,9283
68,49,9284
69,49,9285
70,49,9286
71,49,9287
72,49,9288
73,49,9289
74,49,9290
75,49,9291
76,49,9292
77,49,9293
78,49,9294
79,49,9295
80,49,9296
81,49,9297
82,49,9298
83,49,9299
84,49,9300
85,49,9301
86,49,9302
87,49,9303
88,49,9304
89,49,9305
90,49,9306
91,49,9307
92,49,9308
93,49,9309
94,49,9310
95,49,9311
96,49,9312
97,49,9313
98,49,9314
99,49,9315
100,49,9316
101,49,9317
102,49,9318
103,49,9319
104,49,9320
105,49,9321
106,49,9322
107,49,9323
108,49,9324
109,49,9325
110,49,9326
111,49,9327
112,49,9328
113,49,9329
114,49,9330
115,49,9331
116,49,9332
117,49,9333
118,49,9334
119,49,9335
120,49,9336
121,49,9337
122,49,9338
123,49,9339
124,49,9340
125,49,9341
126,49,9342
127,49,9343
128,49,9344
129,49,9345
130,49,9346
131,49,9347
132,49,9348
133,49,9349
134,49,9350
135,49,9351
136,49,9352
137,49,9353
138,49,9354
139,49,9355
140,49,9356
141,49,9357
142,49,9358
143,49,9359
144,49,9360
145,49,9361
146,49,9362
147,49,9363
148,49,9364
149,49,9365
150,49,9366
151,49,9367
152,49,9368
153,49,9369
154,49,9370
155,49,9371
156,49,9372
157,49,9373
158,49,9374
159,49,9375
160,49,9376
161,49,9377
162,49,9378
163,49,9379
164,49,9380
165,49,9381
166,49,9382
167,49,9383
168,49,9384
169,49,9385
170,49,9386
171,49,9387
172,49,9388
173,49,9389
174,49,9390
175,49,9391
176,49,9392
177,49,9393
178,49,9394
179,49,9395
180,49,9396
181,49,9397
182,49,9398
183,49,9399
184,49,9400
185,49,9401
186,49,9402
187,49,9403
188,49,9404
189,49,9405
190,49,9406
191,49,9407
192,49,9408
1,50,9409
2,50,9410
3,50,9411
4,50,9412
5,50,9413
6,50,9414
7,50,9415
8,50,9416
9,50,9417
10,50,9418
11,50,9419
12,50,9420
13,50,9421
14,50,9422
15,50,9423
16,50,9424
17,50,9425
18,50,9426
19,50,9427
20,50,9428
21,50,9429
22,50,9430
23,50,9431
24,50,9432
25,50,9433
26,50,9434
27,50,9435
28,50,9436
29,50,9437
30,50,9438
31,50,9439
32,50,9440
33,50,9441
34,50,9442
35,50,9443
36,50,9444
37,50,9445
38,50,9446
39,50,9447
40,50,9448
41,50,9449
42,50,9450
43,50,9451
44,50,9452
45,50,9453
46,50,9454
47,50,9455
48,50,9456
49,50,9457
50,50,9458
51,50,9459
52,50,9460
53,50,9461
54,50,9462
55,50,9463
56,50,9464
57,50,9465
58,50,9466
59,50,9467
60,50,9468
61,50,9469
62,50,9470
63,50,9471
64,50,9472
65,50,9473
66,50,9474
67,50,9475
68,50,9476
69,50,9477
70,50,9478
71,50,9479
72,50,9480
73,50,9481
74,50,9482
75,50,9483
76,50,9484
77,50,9485
78,50,9486
79,50,9487
80,50,9488
81,50,9489
82,50,9490
83,50,9491
84,50,9492
85,50,9493
86,50,9494
87,50,9495
88,50,9496
89,50,9497
90,50,9498
91,50,9499
92,50,9500
93,50,9501
94,50,9502
95,50,9503
96,50,9504
97,50,9505
98,50,9506
99,50,9507
100,50,9508
101,50,9509
102,50,9510
103,50,9511
104,50,9512
105,50,9513
106,50,9514
107,50,9515
108,50,9516
109,50,9517
110,50,9518
111,50,9519
112,50,9520
113,50,9521
114,50,9522
115,50,9523
116,50,9524
117,50,9525
118,50,9526
119,50,9527
120,50,9528
121,50,9529
122,50,9530
123,50,9531
124,50,9532
125,50,9533
126,50,9534
127,50,9535
128,50,9536
129,50,9537
130,50,9538
131,50,9539
132,50,9540
133,50,9541
134,50,9542
135,50,9543
136,50,9544
137,50,9545
138,50,9546
139,50,9547
140,50,9548
141,50,9549
142,50,9550
143,50,9551
144,50,9552
145,50,9553
146,50,9554
147,50,9555
148,50,9556
149,50,9557
150,50,9558
151,50,9559
152,50,9560
153,50,9561
154,50,9562
155,50,9563
156,50,9564
157,50,9565
158,50,9566
159,50,9567
160,50,9568
161,50,9569
162,50,9570
163,50,9571
164,50,9572
165,50,9573
166,50,9574
167,50,9575
168,50,9576
169,50,9577
170,50,9578
171,50,9579
172,50,9580
173,50,9581
174,50,9582
175,50,9583
176,50,9584
177,50,9585
178,50,9586
179,50,9587
180,50,9588
181,50,9589
182,50,9590
183,50,9591
184,50,9592
185,50,9593
186,50,9594
187,50,9595
188,50,9596
189,50,9597
190,50,9598
191,50,9599
192,50,9600
1,51,9601
2,51,9602
3,51,9603
4,51,9604
5,51,9605
6,51,9606
7,51,9607
8,51,9608
9,51,9609
10,51,9610
11,51,9611
12,51,9612
13,51,9613
14,51,9614
15,51,9615
16,51,9616
17,51,9617
18,51,9618
19,51,9619
20,51,9620
21,51,9621
22,51,9622
23,51,9623
24,51,9624
25,51,9625
26,51,9626
27,51,9627
28,51,9628
29,51,9629
30,51,9630
31,51,9631
32,51,9632
33,51,9633
34,51,9634
35,51,9635
36,51,9636
37,51,9637
38,51,9638
39,51,9639
40,51,9640
41,51,9641
42,51,9642
43,51,9643
44,51,9644
45,51,9645
46,51,9646
47,51,9647
48,51,9648
49,51,9649
50,51,9650
51,51,9651
52,51,9652
53,51,9653
54,51,9654
55,51,9655
56,51,9656
57,51,9657
58,51,9658
59,51,9659
60,51,9660
61,51,9661
62,51,9662
63,51,9663
64,51,9664
65,51,9665
66,51,9666
67,51,9667
68,51,9668
69,51,9669
70,51,9670
71,51,9671
72,51,9672
73,51,9673
74,51,9674
75,51,9675
76,51,9676
77,51,9677
78,51,9678
79,51,9679
80,51,9680
81,51,9681
82,51,9682
83,51,9683
84,51,9684
85,51,9685
86,51,9686
87,51,9687
88,51,9688
89,51,9689
90,51,9690
91,51,9691
92,51,9692
93,51,9693
94,51,9694
95,51,9695
96,51,9696
97,51,9697
98,51,9698
99,51,9699
100,51,9700
101,51,9701
102,51,9702
103,51,9703
104,51,9704
105,51,9705
106,51,9706
107,51,9707
108,51,9708
109,51,9709
110,51,9710
111,51,9711
112,51,9712
113,51,9713
114,51,9714
115,51,9715
116,51,9716
117,51,9717
118,51,9718
119,51,9719
120,51,9720
121,51,9721
122,51,9722
123,51,9723
124,51,9724
125,51,9725
126,51,9726
127,51,9727
128,51,9728
129,51,9729
130,51,9730
131,51,9731
132,51,9732
133,51,9733
134,51,9734
135,51,9735
136,51,9736
137,51,9737
138,51,9738
139,51,9739
140,51,9740
141,51,9741
142,51,9742
143,51,9743
144,51,9744
145,51,9745
146,51,9746
147,51,9747
148,51,9748
149,51,9749
150,51,9750
151,51,9751
152,51,9752
153,51,9753
154,51,9754
155,51,9755
156,51,9756
157,51,9757
158,51,9758
159,51,9759
160,51,9760
161,51,9761
162,51,9762
163,51,9763
164,51,9764
165,51,9765
166,51,9766
167,51,9767
168,51,9768
169,51,9769
170,51,9770
171,51,9771
172,51,9772
173,51,9773
174,51,9774
175,51,9775
176,51,9776
177,51,9777
178,51,9778
179,51,9779
180,51,9780
181,51,9781
182,51,9782
183,51,9783
184,51,9784
185,51,9785
186,51,9786
187,51,9787
188,51,9788
189,51,9789
190,51,9790
191,51,9791
192,51,9792
1,52,9793
2,52,9794
3,52,9795
4,52,9796
5,52,9797
6,52,9798
7,52,9799
8,52,9800
9,52,9801
10,52,9802
11,52,9803
12,52,9804
13,52,9805
14,52,9806
15,52,9807
16,52,9808
17,52,9809
18,52,9810
19,52,9811
20,52,9812
21,52,9813
22,52,9814
23,52,9815
24,52,9816
25,52,9817
26,52,9818
27,52,9819
28,52,9820
29,52,9821
30,52,9822
31,52,9823
32,52,9824
33,52,9825
34,52,9826
35,52,9827
36,52,9828
37,52,9829
38,52,9830
39,52,9831
40,52,9832
41,52,9833
42,52,9834
43,52,9835
44,52,9836
45,52,9837
46,52,9838
47,52,9839
48,52,9840
49,52,9841
50,52,9842
51,52,9843
52,52,9844
53,52,9845
54,52,9846
55,52,9847
56,52,9848
57,52,9849
58,52,9850
59,52,9851
60,52,9852
61,52,9853
62,52,9854
63,52,9855
64,52,9856
65,52,9857
66,52,9858
67,52,9859
68,52,9860
69,52,9861
70,52,9862
71,52,9863
72,52,9864
73,52,9865
74,52,9866
75,52,9867
76,52,9868
77,52,9869
78,52,9870
79,52,9871
80,52,9872
81,52,9873
82,52,9874
83,52,9875
84,52,9876
85,52,9877
86,52,9878
87,52,9879
88,52,9880
89,52,9881
90,52,9882
91,52,9883
92,52,9884
93,52,9885
94,52,9886
95,52,9887
96,52,9888
97,52,9889
98,52,9890
99,52,9891
100,52,9892
101,52,9893
102,52,9894
103,52,9895
104,52,9896
105,52,9897
106,52,9898
107,52,9899
108,52,9900
109,52,9901
110,52,9902
111,52,9903
112,52,9904
113,52,9905
114,52,9906
115,52,9907
116,52,9908
117,52,9909
118,52,9910
119,52,9911
120,52,9912
121,52,9913
122,52,9914
123,52,9915
124,52,9916
125,52,9917
126,52,9918
127,52,9919
128,52,9920
129,52,9921
130,52,9922
131,52,9923
132,52,9924
133,52,9925
134,52,9926
135,52,9927
136,52,9928
137,52,9929
138,52,9930
139,52,9931
140,52,9932
141,52,9933
142,52,9934
143,52,9935
144,52,9936
145,52,9937
146,52,9938
147,52,9939
148,52,9940
149,52,9941
150,52,9942
151,52,9943
152,52,9944
153,52,9945
154,52,9946
155,52,9947
156,52,9948
157,52,9949
158,52,9950
159,52,9951
160,52,9952
161,52,9953
162,52,9954
163,52,9955
164,52,9956
165,52,9957
166,52,9958
167,52,9959
168,52,9960
169,52,9961
170,52,9962
171,52,9963
172,52,9964
173,52,9965
174,52,9966
175,52,9967
176,52,9968
177,52,9969
178,52,9970
179,52,9971
180,52,9972
181,52,9973
182,52,9974
183,52,9975
184,52,9976
185,52,9977
186,52,9978
187,52,9979
188,52,9980
189,52,9981
190,52,9982
191,52,9983
192,52,9984
1,53,9985
2,53,9986
3,53,9987
4,53,9988
5,53,9989
6,53,9990
7,53,9991
8,53,9992
9,53,9993
10,53,9994
11,53,9995
12,53,9996
13,53,9997
14,53,9998
15,53,9999
16,53,10000
17,53,10001
18,53,10002
19,53,10003
20,53,10004
21,53,10005
22,53,10006
23,53,10007
24,53,10008
25,53,10009
26,53,10010
27,53,10011
28,53,10012
29,53,10013
30,53,10014
31,53,10015
32,53,10016
33,53,10017
34,53,10018
35,53,10019
36,53,10020
37,53,10021
38,53,10022
39,53,10023
40,53,10024
41,53,10025
42,53,10026
43,53,10027
44,53,10028
45,53,10029
46,53,10030
47,53,10031
48,53,10032
49,53,10033
50,53,10034
51,53,10035
52,53,10036
53,53,10037
54,53,10038
55,53,10039
56,53,10040
57,53,10041
58,53,10042
59,53,10043
60,53,10044
61,53,10045
62,53,10046
63,53,10047
64,53,10048
65,53,10049
66,53,10050
67,53,10051
68,53,10052
69,53,10053
70,53,10054
71,53,10055
72,53,10056
73,53,10057
74,53,10058
75,53,10059
76,53,10060
77,53,10061
78,53,10062
79,53,10063
80,53,10064
81,53,10065
82,53,10066
83,53,10067
84,53,10068
85,53,10069
86,53,10070
87,53,10071
88,53,10072
89,53,10073
90,53,10074
91,53,10075
92,53,10076
93,53,10077
94,53,10078
95,53,10079
96,53,10080
97,53,10081
98,53,10082
99,53,10083
100,53,10084
101,53,10085
102,53,10086
103,53,10087
104,53,10088
105,53,10089
106,53,10090
107,53,10091
108,53,10092
109,53,10093
110,53,10094
111,53,10095
112,53,10096
113,53,10097
114,53,10098
115,53,10099
116,53,10100
117,53,10101
118,53,10102
119,53,10103
120,53,10104
121,53,10105
122,53,10106
123,53,10107
124,53,10108
125,53,10109
126,53,10110
127,53,10111
128,53,10112
129,53,10113
130,53,10114
131,53,10115
132,53,10116
133,53,10117
134,53,10118
135,53,10119
136,53,10120
137,53,10121
138,53,10122
139,53,10123
140,53,10124
141,53,10125
142,53,10126
143,53,10127
144,53,10128
145,53,10129
146,53,10130
147,53,10131
148,53,10132
149,53,10133
150,53,10134
151,53,10135
152,53,10136
153,53,10137
154,53,10138
155,53,10139
156,53,10140
157,53,10141
158,53,10142
159,53,10143
160,53,10144
161,53,10145
162,53,10146
163,53,10147
164,53,10148
165,53,10149
166,53,10150
167,53,10151
168,53,10152
169,53,10153
170,53,10154
171,53,10155
172,53,10156
173,53,10157
174,53,10158
175,53,10159
176,53,10160
177,53,10161
178,53,10162
179,53,10163
180,53,10164
181,53,10165
182,53,10166
183,53,10167
184,53,10168
185,53,10169
186,53,10170
187,53,10171
188,53,10172
189,53,10173
190,53,10174
191,53,10175
192,53,10176
1,54,10177
2,54,10178
3,54,10179
4,54,10180
5,54,10181
6,54,10182
7,54,10183
8,54,10184
9,54,10185
10,54,10186
11,54,10187
12,54,10188
13,54,10189
14,54,10190
15,54,10191
16,54,10192
17,54,10193
18,54,10194
19,54,10195
20,54,10196
21,54,10197
22,54,10198
23,54,10199
24,54,10200
25,54,10201
26,54,10202
27,54,10203
28,54,10204
29,54,10205
30,54,10206
31,54,10207
32,54,10208
33,54,10209
34,54,10210
35,54,10211
36,54,10212
37,54,10213
38,54,10214
39,54,10215
40,54,10216
41,54,10217
42,54,10218
43,54,10219
44,54,10220
45,54,10221
46,54,10222
47,54,10223
48,54,10224
49,54,10225
50,54,10226
51,54,10227
52,54,10228
53,54,10229
54,54,10230
55,54,10231
56,54,10232
57,54,10233
58,54,10234
59,54,10235
60,54,10236
61,54,10237
62,54,10238
63,54,10239
64,54,10240
65,54,10241
66,54,10242
67,54,10243
68,54,10244
69,54,10245
70,54,10246
71,54,10247
72,54,10248
73,54,10249
74,54,10250
75,54,10251
76,54,10252
77,54,10253
78,54,10254
79,54,10255
80,54,10256
81,54,10257
82,54,10258
83,54,10259
84,54,10260
85,54,10261
86,54,10262
87,54,10263
88,54,10264
89,54,10265
90,54,10266
91,54,10267
92,54,10268
93,54,10269
94,54,10270
95,54,10271
96,54,10272
97,54,10273
98,54,10274
99,54,10275
100,54,10276
101,54,10277
102,54,10278
103,54,10279
104,54,10280
105,54,10281
106,54,10282
107,54,10283
108,54,10284
109,54,10285
110,54,10286
111,54,10287
112,54,10288
113,54,10289
114,54,10290
115,54,10291
116,54,10292
117,54,10293
118,54,10294
119,54,10295
120,54,10296
121,54,10297
122,54,10298
123,54,10299
124,54,10300
125,54,10301
126,54,10302
127,54,10303
128,54,10304
129,54,10305
130,54,10306
131,54,10307
132,54,10308
133,54,10309
134,54,10310
135,54,10311
136,54,10312
137,54,10313
138,54,10314
139,54,10315
140,54,10316
141,54,10317
142,54,10318
143,54,10319
144,54,10320
145,54,10321
146,54,10322
147,54,10323
148,54,10324
149,54,10325
150,54,10326
151,54,10327
152,54,10328
153,54,10329
154,54,10330
155,54,10331
156,54,10332
157,54,10333
158,54,10334
159,54,10335
160,54,10336
161,54,10337
162,54,10338
163,54,10339
164,54,10340
165,54,10341
166,54,10342
167,54,10343
168,54,10344
169,54,10345
170,54,10346
171,54,10347
172,54,10348
173,54,10349
174,54,10350
175,54,10351
176,54,10352
177,54,10353
178,54,10354
179,54,10355
180,54,10356
181,54,10357
182,54,10358
183,54,10359
184,54,10360
185,54,10361
186,54,10362
187,54,10363
188,54,10364
189,54,10365
190,54,10366
191,54,10367
192,54,10368
1,55,10369
2,55,10370
3,55,10371
4,55,10372
5,55,10373
6,55,10374
7,55,10375
8,55,10376
9,55,10377
10,55,10378
11,55,10379
12,55,10380
13,55,10381
14,55,10382
15,55,10383
16,55,10384
17,55,10385
18,55,10386
19,55,10387
20,55,10388
21,55,10389
22,55,10390
23,55,10391
24,55,10392
25,55,10393
26,55,10394
27,55,10395
28,55,10396
29,55,10397
30,55,10398
31,55,10399
32,55,10400
33,55,10401
34,55,10402
35,55,10403
36,55,10404
37,55,10405
38,55,10406
39,55,10407
40,55,10408
41,55,10409
42,55,10410
43,55,10411
44,55,10412
45,55,10413
46,55,10414
47,55,10415
48,55,10416
49,55,10417
50,55,10418
51,55,10419
52,55,10420
53,55,10421
54,55,10422
55,55,10423
56,55,10424
57,55,10425
58,55,10426
59,55,10427
60,55,10428
61,55,10429
62,55,10430
63,55,10431
64,55,10432
65,55,10433
66,55,10434
67,55,10435
68,55,10436
69,55,10437
70,55,10438
71,55,10439
72,55,10440
73,55,10441
74,55,10442
75,55,10443
76,55,10444
77,55,10445
78,55,10446
79,55,10447
80,55,10448
81,55,10449
82,55,10450
83,55,10451
84,55,10452
85,55,10453
86,55,10454
87,55,10455
88,55,10456
89,55,10457
90,55,10458
91,55,10459
92,55,10460
93,55,10461
94,55,10462
95,55,10463
96,55,10464
97,55,10465
98,55,10466
99,55,10467
100,55,10468
101,55,10469
102,55,10470
103,55,10471
104,55,10472
105,55,10473
106,55,10474
107,55,10475
108,55,10476
109,55,10477
110,55,10478
111,55,10479
112,55,10480
113,55,10481
114,55,10482
115,55,10483
116,55,10484
117,55,10485
118,55,10486
119,55,10487
120,55,10488
121,55,10489
122,55,10490
123,55,10491
124,55,10492
125,55,10493
126,55,10494
127,55,10495
128,55,10496
129,55,10497
130,55,10498
131,55,10499
132,55,10500
133,55,10501
134,55,10502
135,55,10503
136,55,10504
137,55,10505
138,55,10506
139,55,10507
140,55,10508
141,55,10509
142,55,10510
143,55,10511
144,55,10512
145,55,10513
146,55,10514
147,55,10515
148,55,10516
149,55,10517
150,55,10518
151,55,10519
152,55,10520
153,55,10521
154,55,10522
155,55,10523
156,55,10524
157,55,10525
158,55,10526
159,55,10527
160,55,10528
161,55,10529
162,55,10530
163,55,10531
164,55,10532
165,55,10533
166,55,10534
167,55,10535
168,55,10536
169,55,10537
170,55,10538
171,55,10539
172,55,10540
173,55,10541
174,55,10542
175,55,10543
176,55,10544
177,55,10545
178,55,10546
179,55,10547
180,55,10548
181,55,10549
182,55,10550
183,55,10551
184,55,10552
185,55,10553
186,55,10554
187,55,10555
188,55,10556
189,55,10557
190,55,10558
191,55,10559
192,55,10560
1,56,10561
2,56,10562
3,56,10563
4,56,10564
5,56,10565
6,56,10566
7,56,10567
8,56,10568
9,56,10569
10,56,10570
11,56,10571
12,56,10572
13,56,10573
14,56,10574
15,56,10575
16,56,10576
17,56,10577
18,56,10578
19,56,10579
20,56,10580
21,56,10581
22,56,10582
23,56,10583
24,56,10584
25,56,10585
26,56,10586
27,56,10587
28,56,10588
29,56,10589
30,56,10590
31,56,10591
32,56,10592
33,56,10593
34,56,10594
35,56,10595
36,56,10596
37,56,10597
38,56,10598
39,56,10599
40,56,10600
41,56,10601
42,56,10602
43,56,10603
44,56,10604
45,56,10605
46,56,10606
47,56,10607
48,56,10608
49,56,10609
50,56,10610
51,56,10611
52,56,10612
53,56,10613
54,56,10614
55,56,10615
56,56,10616
57,56,10617
58,56,10618
59,56,10619
60,56,10620
61,56,10621
62,56,10622
63,56,10623
64,56,10624
65,56,10625
66,56,10626
67,56,10627
68,56,10628
69,56,10629
70,56,10630
71,56,10631
72,56,10632
73,56,10633
74,56,10634
75,56,10635
76,56,10636
77,56,10637
78,56,10638
79,56,10639
80,56,10640
81,56,10641
82,56,10642
83,56,10643
84,56,10644
85,56,10645
86,56,10646
87,56,10647
88,56,10648
89,56,10649
90,56,10650
91,56,10651
92,56,10652
93,56,10653
94,56,10654
95,56,10655
96,56,10656
97,56,10657
98,56,10658
99,56,10659
100,56,10660
101,56,10661
102,56,10662
103,56,10663
104,56,10664
105,56,10665
106,56,10666
107,56,10667
108,56,10668
109,56,10669
110,56,10670
111,56,10671
112,56,10672
113,56,10673
114,56,10674
115,56,10675
116,56,10676
117,56,10677
118,56,10678
119,56,10679
120,56,10680
121,56,10681
122,56,10682
123,56,10683
124,56,10684
125,56,10685
126,56,10686
127,56,10687
128,56,10688
129,56,10689
130,56,10690
131,56,10691
132,56,10692
133,56,10693
134,56,10694
135,56,10695
136,56,10696
137,56,10697
138,56,10698
139,56,10699
140,56,10700
141,56,10701
142,56,10702
143,56,10703
144,56,10704
145,56,10705
146,56,10706
147,56,10707
148,56,10708
149,56,10709
150,56,10710
151,56,10711
152,56,10712
153,56,10713
154,56,10714
155,56,10715
156,56,10716
157,56,10717
158,56,10718
159,56,10719
160,56,10720
161,56,10721
162,56,10722
163,56,10723
164,56,10724
165,56,10725
166,56,10726
167,56,10727
168,56,10728
169,56,10729
170,56,10730
171,56,10731
172,56,10732
173,56,10733
174,56,10734
175,56,10735
176,56,10736
177,56,10737
178,56,10738
179,56,10739
180,56,10740
181,56,10741
182,56,10742
183,56,10743
184,56,10744
185,56,10745
186,56,10746
187,56,10747
188,56,10748
189,56,10749
190,56,10750
191,56,10751
192,56,10752
1,57,10753
2,57,10754
3,57,10755
4,57,10756
5,57,10757
6,57,10758
7,57,10759
8,57,10760
9,57,10761
10,57,10762
11,57,10763
12,57,10764
13,57,10765
14,57,10766
15,57,10767
16,57,10768
17,57,10769
18,57,10770
19,57,10771
20,57,10772
21,57,10773
22,57,10774
23,57,10775
24,57,10776
25,57,10777
26,57,10778
27,57,10779
28,57,10780
29,57,10781
30,57,10782
31,57,10783
32,57,10784
33,57,10785
34,57,10786
35,57,10787
36,57,10788
37,57,10789
38,57,10790
39,57,10791
40,57,10792
41,57,10793
42,57,10794
43,57,10795
44,57,10796
45,57,10797
46,57,10798
47,57,10799
48,57,10800
49,57,10801
50,57,10802
51,57,10803
52,57,10804
53,57,10805
54,57,10806
55,57,10807
56,57,10808
57,57,10809
58,57,10810
59,57,10811
60,57,10812
61,57,10813
62,57,10814
63,57,10815
64,57,10816
65,57,10817
66,57,10818
67,57,10819
68,57,10820
69,57,10821
70,57,10822
71,57,10823
72,57,10824
73,57,10825
74,57,10826
75,57,10827
76,57,10828
77,57,10829
78,57,10830
79,57,10831
80,57,10832
81,57,10833
82,57,10834
83,57,10835
84,57,10836
85,57,10837
86,57,10838
87,57,10839
88,57,10840
89,57,10841
90,57,10842
91,57,10843
92,57,10844
93,57,10845
94,57,10846
95,57,10847
96,57,10848
97,57,10849
98,57,10850
99,57,10851
100,57,10852
101,57,10853
102,57,10854
103,57,10855
104,57,10856
105,57,10857
106,57,10858
107,57,10859
108,57,10860
109,57,10861
110,57,10862
111,57,10863
112,57,10864
113,57,10865
114,57,10866
115,57,10867
116,57,10868
117,57,10869
118,57,10870
119,57,10871
120,57,10872
121,57,10873
122,57,10874
123,57,10875
124,57,10876
125,57,10877
126,57,10878
127,57,10879
128,57,10880
129,57,10881
130,57,10882
131,57,10883
132,57,10884
133,57,10885
134,57,10886
135,57,10887
136,57,10888
137,57,10889
138,57,10890
139,57,10891
140,57,10892
141,57,10893
142,57,10894
143,57,10895
144,57,10896
145,57,10897
146,57,10898
147,57,10899
148,57,10900
149,57,10901
150,57,10902
151,57,10903
152,57,10904
153,57,10905
154,57,10906
155,57,10907
156,57,10908
157,57,10909
158,57,10910
159,57,10911
160,57,10912
161,57,10913
162,57,10914
163,57,10915
164,57,10916
165,57,10917
166,57,10918
167,57,10919
168,57,10920
169,57,10921
170,57,10922
171,57,10923
172,57,10924
173,57,10925
174,57,10926
175,57,10927
176,57,10928
177,57,10929
178,57,10930
179,57,10931
180,57,10932
181,57,10933
182,57,10934
183,57,10935
184,57,10936
185,57,10937
186,57,10938
187,57,10939
188,57,10940
189,57,10941
190,57,10942
191,57,10943
192,57,10944
1,58,10945
2,58,10946
3,58,10947
4,58,10948
5,58,10949
6,58,10950
7,58,10951
8,58,10952
9,58,10953
10,58,10954
11,58,10955
12,58,10956
13,58,10957
14,58,10958
15,58,10959
16,58,10960
17,58,10961
18,58,10962
19,58,10963
20,58,10964
21,58,10965
22,58,10966
23,58,10967
24,58,10968
25,58,10969
26,58,10970
27,58,10971
28,58,10972
29,58,10973
30,58,10974
31,58,10975
32,58,10976
33,58,10977
34,58,10978
35,58,10979
36,58,10980
37,58,10981
38,58,10982
39,58,10983
40,58,10984
41,58,10985
42,58,10986
43,58,10987
44,58,10988
45,58,10989
46,58,10990
47,58,10991
48,58,10992
49,58,10993
50,58,10994
51,58,10995
52,58,10996
53,58,10997
54,58,10998
55,58,10999
56,58,11000
57,58,11001
58,58,11002
59,58,11003
60,58,11004
61,58,11005
62,58,11006
63,58,11007
64,58,11008
65,58,11009
66,58,11010
67,58,11011
68,58,11012
69,58,11013
70,58,11014
71,58,11015
72,58,11016
73,58,11017
74,58,11018
75,58,11019
76,58,11020
77,58,11021
78,58,11022
79,58,11023
80,58,11024
81,58,11025
82,58,11026
83,58,11027
84,58,11028
85,58,11029
86,58,11030
87,58,11031
88,58,11032
89,58,11033
90,58,11034
91,58,11035
92,58,11036
93,58,11037
94,58,11038
95,58,11039
96,58,11040
97,58,11041
98,58,11042
99,58,11043
100,58,11044
101,58,11045
102,58,11046
103,58,11047
104,58,11048
105,58,11049
106,58,11050
107,58,11051
108,58,11052
109,58,11053
110,58,11054
111,58,11055
112,58,11056
113,58,11057
114,58,11058
115,58,11059
116,58,11060
117,58,11061
118,58,11062
119,58,11063
120,58,11064
121,58,11065
122,58,11066
123,58,11067
124,58,11068
125,58,11069
126,58,11070
127,58,11071
128,58,11072
129,58,11073
130,58,11074
131,58,11075
132,58,11076
133,58,11077
134,58,11078
135,58,11079
136,58,11080
137,58,11081
138,58,11082
139,58,11083
140,58,11084
141,58,11085
142,58,11086
143,58,11087
144,58,11088
145,58,11089
146,58,11090
147,58,11091
148,58,11092
149,58,11093
150,58,11094
151,58,11095
152,58,11096
153,58,11097
154,58,11098
155,58,11099
156,58,11100
157,58,11101
158,58,11102
159,58,11103
160,58,11104
161,58,11105
162,58,11106
163,58,11107
164,58,11108
165,58,11109
166,58,11110
167,58,11111
168,58,11112
169,58,11113
170,58,11114
171,58,11115
172,58,11116
173,58,11117
174,58,11118
175,58,11119
176,58,11120
177,58,11121
178,58,11122
179,58,11123
180,58,11124
181,58,11125
182,58,11126
183,58,11127
184,58,11128
185,58,11129
186,58,11130
187,58,11131
188,58,11132
189,58,11133
190,58,11134
191,58,11135
192,58,11136
1,59,11137
2,59,11138
3,59,11139
4,59,11140
5,59,11141
6,59,11142
7,59,11143
8,59,11144
9,59,11145
10,59,11146
11,59,11147
12,59,11148
13,59,11149
14,59,11150
15,59,11151
16,59,11152
17,59,11153
18,59,11154
19,59,11155
20,59,11156
21,59,11157
22,59,11158
23,59,11159
24,59,11160
25,59,11161
26,59,11162
27,59,11163
28,59,11164
29,59,11165
30,59,11166
31,59,11167
32,59,11168
33,59,11169
34,59,11170
35,59,11171
36,59,11172
37,59,11173
38,59,11174
39,59,11175
40,59,11176
41,59,11177
42,59,11178
43,59,11179
44,59,11180
45,59,11181
46,59,11182
47,59,11183
48,59,11184
49,59,11185
50,59,11186
51,59,11187
52,59,11188
53,59,11189
54,59,11190
55,59,11191
56,59,11192
57,59,11193
58,59,11194
59,59,11195
60,59,11196
61,59,11197
62,59,11198
63,59,11199
64,59,11200
65,59,11201
66,59,11202
67,59,11203
68,59,11204
69,59,11205
70,59,11206
71,59,11207
72,59,11208
73,59,11209
74,59,11210
75,59,11211
76,59,11212
77,59,11213
78,59,11214
79,59,11215
80,59,11216
81,59,11217
82,59,11218
83,59,11219
84,59,11220
85,59,11221
86,59,11222
87,59,11223
88,59,11224
89,59,11225
90,59,11226
91,59,11227
92,59,11228
93,59,11229
94,59,11230
95,59,11231
96,59,11232
97,59,11233
98,59,11234
99,59,11235
100,59,11236
101,59,11237
102,59,11238
103,59,11239
104,59,11240
105,59,11241
106,59,11242
107,59,11243
108,59,11244
109,59,11245
110,59,11246
111,59,11247
112,59,11248
113,59,11249
114,59,11250
115,59,11251
116,59,11252
117,59,11253
118,59,11254
119,59,11255
120,59,11256
121,59,11257
122,59,11258
123,59,11259
124,59,11260
125,59,11261
126,59,11262
127,59,11263
128,59,11264
129,59,11265
130,59,11266
131,59,11267
132,59,11268
133,59,11269
134,59,11270
135,59,11271
136,59,11272
137,59,11273
138,59,11274
139,59,11275
140,59,11276
141,59,11277
142,59,11278
143,59,11279
144,59,11280
145,59,11281
146,59,11282
147,59,11283
148,59,11284
149,59,11285
150,59,11286
151,59,11287
152,59,11288
153,59,11289
154,59,11290
155,59,11291
156,59,11292
157,59,11293
158,59,11294
159,59,11295
160,59,11296
161,59,11297
162,59,11298
163,59,11299
164,59,11300
165,59,11301
166,59,11302
167,59,11303
168,59,11304
169,59,11305
170,59,11306
171,59,11307
172,59,11308
173,59,11309
174,59,11310
175,59,11311
176,59,11312
177,59,11313
178,59,11314
179,59,11315
180,59,11316
181,59,11317
182,59,11318
183,59,11319
184,59,11320
185,59,11321
186,59,11322
187,59,11323
188,59,11324
189,59,11325
190,59,11326
191,59,11327
192,59,11328
1,60,11329
2,60,11330
3,60,11331
4,60,11332
5,60,11333
6,60,11334
7,60,11335
8,60,11336
9,60,11337
10,60,11338
11,60,11339
12,60,11340
13,60,11341
14,60,11342
15,60,11343
16,60,11344
17,60,11345
18,60,11346
19,60,11347
20,60,11348
21,60,11349
22,60,11350
23,60,11351
24,60,11352
25,60,11353
26,60,11354
27,60,11355
28,60,11356
29,60,11357
30,60,11358
31,60,11359
32,60,11360
33,60,11361
34,60,11362
35,60,11363
36,60,11364
37,60,11365
38,60,11366
39,60,11367
40,60,11368
41,60,11369
42,60,11370
43,60,11371
44,60,11372
45,60,11373
46,60,11374
47,60,11375
48,60,11376
49,60,11377
50,60,11378
51,60,11379
52,60,11380
53,60,11381
54,60,11382
55,60,11383
56,60,11384
57,60,11385
58,60,11386
59,60,11387
60,60,11388
61,60,11389
62,60,11390
63,60,11391
64,60,11392
65,60,11393
66,60,11394
67,60,11395
68,60,11396
69,60,11397
70,60,11398
71,60,11399
72,60,11400
73,60,11401
74,60,11402
75,60,11403
76,60,11404
77,60,11405
78,60,11406
79,60,11407
80,60,11408
81,60,11409
82,60,11410
83,60,11411
84,60,11412
85,60,11413
86,60,11414
87,60,11415
88,60,11416
89,60,11417
90,60,11418
91,60,11419
92,60,11420
93,60,11421
94,60,11422
95,60,11423
96,60,11424
97,60,11425
98,60,11426
99,60,11427
100,60,11428
101,60,11429
102,60,11430
103,60,11431
104,60,11432
105,60,11433
106,60,11434
107,60,11435
108,60,11436
109,60,11437
110,60,11438
111,60,11439
112,60,11440
113,60,11441
114,60,11442
115,60,11443
116,60,11444
117,60,11445
118,60,11446
119,60,11447
120,60,11448
121,60,11449
122,60,11450
123,60,11451
124,60,11452
125,60,11453
126,60,11454
127,60,11455
128,60,11456
129,60,11457
130,60,11458
131,60,11459
132,60,11460
133,60,11461
134,60,11462
135,60,11463
136,60,11464
137,60,11465
138,60,11466
139,60,11467
140,60,11468
141,60,11469
142,60,11470
143,60,11471
144,60,11472
145,60,11473
146,60,11474
147,60,11475
148,60,11476
149,60,11477
150,60,11478
151,60,11479
152,60,11480
153,60,11481
154,60,11482
155,60,11483
156,60,11484
157,60,11485
158,60,11486
159,60,11487
160,60,11488
161,60,11489
162,60,11490
163,60,11491
164,60,11492
165,60,11493
166,60,11494
167,60,11495
168,60,11496
169,60,11497
170,60,11498
171,60,11499
172,60,11500
173,60,11501
174,60,11502
175,60,11503
176,60,11504
177,60,11505
178,60,11506
179,60,11507
180,60,11508
181,60,11509
182,60,11510
183,60,11511
184,60,11512
185,60,11513
186,60,11514
187,60,11515
188,60,11516
189,60,11517
190,60,11518
191,60,11519
192,60,11520
1,61,11521
2,61,11522
3,61,11523
4,61,11524
5,61,11525
6,61,11526
7,61,11527
8,61,11528
9,61,11529
10,61,11530
11,61,11531
12,61,11532
13,61,11533
14,61,11534
15,61,11535
16,61,11536
17,61,11537
18,61,11538
19,61,11539
20,61,11540
21,61,11541
22,61,11542
23,61,11543
24,61,11544
25,61,11545
26,61,11546
27,61,11547
28,61,11548
29,61,11549
30,61,11550
31,61,11551
32,61,11552
33,61,11553
34,61,11554
35,61,11555
36,61,11556
37,61,11557
38,61,11558
39,61,11559
40,61,11560
41,61,11561
42,61,11562
43,61,11563
44,61,11564
45,61,11565
46,61,11566
47,61,11567
48,61,11568
49,61,11569
50,61,11570
51,61,11571
52,61,11572
53,61,11573
54,61,11574
55,61,11575
56,61,11576
57,61,11577
58,61,11578
59,61,11579
60,61,11580
61,61,11581
62,61,11582
63,61,11583
64,61,11584
65,61,11585
66,61,11586
67,61,11587
68,61,11588
69,61,11589
70,61,11590
71,61,11591
72,61,11592
73,61,11593
74,61,11594
75,61,11595
76,61,11596
77,61,11597
78,61,11598
79,61,11599
80,61,11600
81,61,11601
82,61,11602
83,61,11603
84,61,11604
85,61,11605
86,61,11606
87,61,11607
88,61,11608
89,61,11609
90,61,11610
91,61,11611
92,61,11612
93,61,11613
94,61,11614
95,61,11615
96,61,11616
97,61,11617
98,61,11618
99,61,11619
100,61,11620
101,61,11621
102,61,11622
103,61,11623
104,61,11624
105,61,11625
106,61,11626
107,61,11627
108,61,11628
109,61,11629
110,61,11630
111,61,11631
112,61,11632
113,61,11633
114,61,11634
115,61,11635
116,61,11636
117,61,11637
118,61,11638
119,61,11639
120,61,11640
121,61,11641
122,61,11642
123,61,11643
124,61,11644
125,61,11645
126,61,11646
127,61,11647
128,61,11648
129,61,11649
130,61,11650
131,61,11651
132,61,11652
133,61,11653
134,61,11654
135,61,11655
136,61,11656
137,61,11657
138,61,11658
139,61,11659
140,61,11660
141,61,11661
142,61,11662
143,61,11663
144,61,11664
145,61,11665
146,61,11666
147,61,11667
148,61,11668
149,61,11669
150,61,11670
151,61,11671
152,61,11672
153,61,11673
154,61,11674
155,61,11675
156,61,11676
157,61,11677
158,61,11678
159,61,11679
160,61,11680
161,61,11681
162,61,11682
163,61,11683
164,61,11684
165,61,11685
166,61,11686
167,61,11687
168,61,11688
169,61,11689
170,61,11690
171,61,11691
172,61,11692
173,61,11693
174,61,11694
175,61,11695
176,61,11696
177,61,11697
178,61,11698
179,61,11699
180,61,11700
181,61,11701
182,61,11702
183,61,11703
184,61,11704
185,61,11705
186,61,11706
187,61,11707
188,61,11708
189,61,11709
190,61,11710
191,61,11711
192,61,11712
1,62,11713
2,62,11714
3,62,11715
4,62,11716
5,62,11717
6,62,11718
7,62,11719
8,62,11720
9,62,11721
10,62,11722
11,62,11723
12,62,11724
13,62,11725
14,62,11726
15,62,11727
16,62,11728
17,62,11729
18,62,11730
19,62,11731
20,62,11732
21,62,11733
22,62,11734
23,62,11735
24,62,11736
25,62,11737
26,62,11738
27,62,11739
28,62,11740
29,62,11741
30,62,11742
31,62,11743
32,62,11744
33,62,11745
34,62,11746
35,62,11747
36,62,11748
37,62,11749
38,62,11750
39,62,11751
40,62,11752
41,62,11753
42,62,11754
43,62,11755
44,62,11756
45,62,11757
46,62,11758
47,62,11759
48,62,11760
49,62,11761
50,62,11762
51,62,11763
52,62,11764
53,62,11765
54,62,11766
55,62,11767
56,62,11768
57,62,11769
58,62,11770
59,62,11771
60,62,11772
61,62,11773
62,62,11774
63,62,11775
64,62,11776
65,62,11777
66,62,11778
67,62,11779
68,62,11780
69,62,11781
70,62,11782
71,62,11783
72,62,11784
73,62,11785
74,62,11786
75,62,11787
76,62,11788
77,62,11789
78,62,11790
79,62,11791
80,62,11792
81,62,11793
82,62,11794
83,62,11795
84,62,11796
85,62,11797
86,62,11798
87,62,11799
88,62,11800
89,62,11801
90,62,11802
91,62,11803
92,62,11804
93,62,11805
94,62,11806
95,62,11807
96,62,11808
97,62,11809
98,62,11810
99,62,11811
100,62,11812
101,62,11813
102,62,11814
103,62,11815
104,62,11816
105,62,11817
106,62,11818
107,62,11819
108,62,11820
109,62,11821
110,62,11822
111,62,11823
112,62,11824
113,62,11825
114,62,11826
115,62,11827
116,62,11828
117,62,11829
118,62,11830
119,62,11831
120,62,11832
121,62,11833
122,62,11834
123,62,11835
124,62,11836
125,62,11837
126,62,11838
127,62,11839
128,62,11840
129,62,11841
130,62,11842
131,62,11843
132,62,11844
133,62,11845
134,62,11846
135,62,11847
136,62,11848
137,62,11849
138,62,11850
139,62,11851
140,62,11852
141,62,11853
142,62,11854
143,62,11855
144,62,11856
145,62,11857
146,62,11858
147,62,11859
148,62,11860
149,62,11861
150,62,11862
151,62,11863
152,62,11864
153,62,11865
154,62,11866
155,62,11867
156,62,11868
157,62,11869
158,62,11870
159,62,11871
160,62,11872
161,62,11873
162,62,11874
163,62,11875
164,62,11876
165,62,11877
166,62,11878
167,62,11879
168,62,11880
169,62,11881
170,62,11882
171,62,11883
172,62,11884
173,62,11885
174,62,11886
175,62,11887
176,62,11888
177,62,11889
178,62,11890
179,62,11891
180,62,11892
181,62,11893
182,62,11894
183,62,11895
184,62,11896
185,62,11897
186,62,11898
187,62,11899
188,62,11900
189,62,11901
190,62,11902
191,62,11903
192,62,11904
1,63,11905
2,63,11906
3,63,11907
4,63,11908
5,63,11909
6,63,11910
7,63,11911
8,63,11912
9,63,11913
10,63,11914
11,63,11915
12,63,11916
13,63,11917
14,63,11918
15,63,11919
16,63,11920
17,63,11921
18,63,11922
19,63,11923
20,63,11924
21,63,11925
22,63,11926
23,63,11927
24,63,11928
25,63,11929
26,63,11930
27,63,11931
28,63,11932
29,63,11933
30,63,11934
31,63,11935
32,63,11936
33,63,11937
34,63,11938
35,63,11939
36,63,11940
37,63,11941
38,63,11942
39,63,11943
40,63,11944
41,63,11945
42,63,11946
43,63,11947
44,63,11948
45,63,11949
46,63,11950
47,63,11951
48,63,11952
49,63,11953
50,63,11954
51,63,11955
52,63,11956
53,63,11957
54,63,11958
55,63,11959
56,63,11960
57,63,11961
58,63,11962
59,63,11963
60,63,11964
61,63,11965
62,63,11966
63,63,11967
64,63,11968
65,63,11969
66,63,11970
67,63,11971
68,63,11972
69,63,11973
70,63,11974
71,63,11975
72,63,11976
73,63,11977
74,63,11978
75,63,11979
76,63,11980
77,63,11981
78,63,11982
79,63,11983
80,63,11984
81,63,11985
82,63,11986
83,63,11987
84,63,11988
85,63,11989
86,63,11990
87,63,11991
88,63,11992
89,63,11993
90,63,11994
91,63,11995
92,63,11996
93,63,11997
94,63,11998
95,63,11999
96,63,12000
97,63,12001
98,63,12002
99,63,12003
100,63,12004
101,63,12005
102,63,12006
103,63,12007
104,63,12008
105,63,12009
106,63,12010
107,63,12011
108,63,12012
109,63,12013
110,63,12014
111,63,12015
112,63,12016
113,63,12017
114,63,12018
115,63,12019
116,63,12020
117,63,12021
118,63,12022
119,63,12023
120,63,12024
121,63,12025
122,63,12026
123,63,12027
124,63,12028
125,63,12029
126,63,12030
127,63,12031
128,63,12032
129,63,12033
130,63,12034
131,63,12035
132,63,12036
133,63,12037
134,63,12038
135,63,12039
136,63,12040
137,63,12041
138,63,12042
139,63,12043
140,63,12044
141,63,12045
142,63,12046
143,63,12047
144,63,12048
145,63,12049
146,63,12050
147,63,12051
148,63,12052
149,63,12053
150,63,12054
151,63,12055
152,63,12056
153,63,12057
154,63,12058
155,63,12059
156,63,12060
157,63,12061
158,63,12062
159,63,12063
160,63,12064
161,63,12065
162,63,12066
163,63,12067
164,63,12068
165,63,12069
166,63,12070
167,63,12071
168,63,12072
169,63,12073
170,63,12074
171,63,12075
172,63,12076
173,63,12077
174,63,12078
175,63,12079
176,63,12080
177,63,12081
178,63,12082
179,63,12083
180,63,12084
181,63,12085
182,63,12086
183,63,12087
184,63,12088
185,63,12089
186,63,12090
187,63,12091
188,63,12092
189,63,12093
190,63,12094
191,63,12095
192,63,12096
1,64,12097
2,64,12098
3,64,12099
4,64,12100
5,64,12101
6,64,12102
7,64,12103
8,64,12104
9,64,12105
10,64,12106
11,64,12107
12,64,12108
13,64,12109
14,64,12110
15,64,12111
16,64,12112
17,64,12113
18,64,12114
19,64,12115
20,64,12116
21,64,12117
22,64,12118
23,64,12119
24,64,12120
25,64,12121
26,64,12122
27,64,12123
28,64,12124
29,64,12125
30,64,12126
31,64,12127
32,64,12128
33,64,12129
34,64,12130
35,64,12131
36,64,12132
37,64,12133
38,64,12134
39,64,12135
40,64,12136
41,64,12137
42,64,12138
43,64,12139
44,64,12140
45,64,12141
46,64,12142
47,64,12143
48,64,12144
49,64,12145
50,64,12146
51,64,12147
52,64,12148
53,64,12149
54,64,12150
55,64,12151
56,64,12152
57,64,12153
58,64,12154
59,64,12155
60,64,12156
61,64,12157
62,64,12158
63,64,12159
64,64,12160
65,64,12161
66,64,12162
67,64,12163
68,64,12164
69,64,12165
70,64,12166
71,64,12167
72,64,12168
73,64,12169
74,64,12170
75,64,12171
76,64,12172
77,64,12173
78,64,12174
79,64,12175
80,64,12176
81,64,12177
82,64,12178
83,64,12179
84,64,12180
85,64,12181
86,64,12182
87,64,12183
88,64,12184
89,64,12185
90,64,12186
91,64,12187
92,64,12188
93,64,12189
94,64,12190
95,64,12191
96,64,12192
97,64,12193
98,64,12194
99,64,12195
100,64,12196
101,64,12197
102,64,12198
103,64,12199
104,64,12200
105,64,12201
106,64,12202
107,64,12203
108,64,12204
109,64,12205
110,64,12206
111,64,12207
112,64,12208
113,64,12209
114,64,12210
115,64,12211
116,64,12212
117,64,12213
118,64,12214
119,64,12215
120,64,12216
121,64,12217
122,64,12218
123,64,12219
124,64,12220
125,64,12221
126,64,12222
127,64,12223
128,64,12224
129,64,12225
130,64,12226
131,64,12227
132,64,12228
133,64,12229
134,64,12230
135,64,12231
136,64,12232
137,64,12233
138,64,12234
139,64,12235
140,64,12236
141,64,12237
142,64,12238
143,64,12239
144,64,12240
145,64,12241
146,64,12242
147,64,12243
148,64,12244
149,64,12245
150,64,12246
151,64,12247
152,64,12248
153,64,12249
154,64,12250
155,64,12251
156,64,12252
157,64,12253
158,64,12254
159,64,12255
160,64,12256
161,64,12257
162,64,12258
163,64,12259
164,64,12260
165,64,12261
166,64,12262
167,64,12263
168,64,12264
169,64,12265
170,64,12266
171,64,12267
172,64,12268
173,64,12269
174,64,12270
175,64,12271
176,64,12272
177,64,12273
178,64,12274
179,64,12275
180,64,12276
181,64,12277
182,64,12278
183,64,12279
184,64,12280
185,64,12281
186,64,12282
187,64,12283
188,64,12284
189,64,12285
190,64,12286
191,64,12287
192,64,12288
1,65,12289
2,65,12290
3,65,12291
4,65,12292
5,65,12293
6,65,12294
7,65,12295
8,65,12296
9,65,12297
10,65,12298
11,65,12299
12,65,12300
13,65,12301
14,65,12302
15,65,12303
16,65,12304
17,65,12305
18,65,12306
19,65,12307
20,65,12308
21,65,12309
22,65,12310
23,65,12311
24,65,12312
25,65,12313
26,65,12314
27,65,12315
28,65,12316
29,65,12317
30,65,12318
31,65,12319
32,65,12320
33,65,12321
34,65,12322
35,65,12323
36,65,12324
37,65,12325
38,65,12326
39,65,12327
40,65,12328
41,65,12329
42,65,12330
43,65,12331
44,65,12332
45,65,12333
46,65,12334
47,65,12335
48,65,12336
49,65,12337
50,65,12338
51,65,12339
52,65,12340
53,65,12341
54,65,12342
55,65,12343
56,65,12344
57,65,12345
58,65,12346
59,65,12347
60,65,12348
61,65,12349
62,65,12350
63,65,12351
64,65,12352
65,65,12353
66,65,12354
67,65,12355
68,65,12356
69,65,12357
70,65,12358
71,65,12359
72,65,12360
73,65,12361
74,65,12362
75,65,12363
76,65,12364
77,65,12365
78,65,12366
79,65,12367
80,65,12368
81,65,12369
82,65,12370
83,65,12371
84,65,12372
85,65,12373
86,65,12374
87,65,12375
88,65,12376
89,65,12377
90,65,12378
91,65,12379
92,65,12380
93,65,12381
94,65,12382
95,65,12383
96,65,12384
97,65,12385
98,65,12386
99,65,12387
100,65,12388
101,65,12389
102,65,12390
103,65,12391
104,65,12392
105,65,12393
106,65,12394
107,65,12395
108,65,12396
109,65,12397
110,65,12398
111,65,12399
112,65,12400
113,65,12401
114,65,12402
115,65,12403
116,65,12404
117,65,12405
118,65,12406
119,65,12407
120,65,12408
121,65,12409
122,65,12410
123,65,12411
124,65,12412
125,65,12413
126,65,12414
127,65,12415
128,65,12416
129,65,12417
130,65,12418
131,65,12419
132,65,12420
133,65,12421
134,65,12422
135,65,12423
136,65,12424
137,65,12425
138,65,12426
139,65,12427
140,65,12428
141,65,12429
142,65,12430
143,65,12431
144,65,12432
145,65,12433
146,65,12434
147,65,12435
148,65,12436
149,65,12437
150,65,12438
151,65,12439
152,65,12440
153,65,12441
154,65,12442
155,65,12443
156,65,12444
157,65,12445
158,65,12446
159,65,12447
160,65,12448
161,65,12449
162,65,12450
163,65,12451
164,65,12452
165,65,12453
166,65,12454
167,65,12455
168,65,12456
169,65,12457
170,65,12458
171,65,12459
172,65,12460
173,65,12461
174,65,12462
175,65,12463
176,65,12464
177,65,12465
178,65,12466
179,65,12467
180,65,12468
181,65,12469
182,65,12470
183,65,12471
184,65,12472
185,65,12473
186,65,12474
187,65,12475
188,65,12476
189,65,12477
190,65,12478
191,65,12479
192,65,12480
1,66,12481
2,66,12482
3,66,12483
4,66,12484
5,66,12485
6,66,12486
7,66,12487
8,66,12488
9,66,12489
10,66,12490
11,66,12491
12,66,12492
13,66,12493
14,66,12494
15,66,12495
16,66,12496
17,66,12497
18,66,12498
19,66,12499
20,66,12500
21,66,12501
22,66,12502
23,66,12503
24,66,12504
25,66,12505
26,66,12506
27,66,12507
28,66,12508
29,66,12509
30,66,12510
31,66,12511
32,66,12512
33,66,12513
34,66,12514
35,66,12515
36,66,12516
37,66,12517
38,66,12518
39,66,12519
40,66,12520
41,66,12521
42,66,12522
43,66,12523
44,66,12524
45,66,12525
46,66,12526
47,66,12527
48,66,12528
49,66,12529
50,66,12530
51,66,12531
52,66,12532
53,66,12533
54,66,12534
55,66,12535
56,66,12536
57,66,12537
58,66,12538
59,66,12539
60,66,12540
61,66,12541
62,66,12542
63,66,12543
64,66,12544
65,66,12545
66,66,12546
67,66,12547
68,66,12548
69,66,12549
70,66,12550
71,66,12551
72,66,12552
73,66,12553
74,66,12554
75,66,12555
76,66,12556
77,66,12557
78,66,12558
79,66,12559
80,66,12560
81,66,12561
82,66,12562
83,66,12563
84,66,12564
85,66,12565
86,66,12566
87,66,12567
88,66,12568
89,66,12569
90,66,12570
91,66,12571
92,66,12572
93,66,12573
94,66,12574
95,66,12575
96,66,12576
97,66,12577
98,66,12578
99,66,12579
100,66,12580
101,66,12581
102,66,12582
103,66,12583
104,66,12584
105,66,12585
106,66,12586
107,66,12587
108,66,12588
109,66,12589
110,66,12590
111,66,12591
112,66,12592
113,66,12593
114,66,12594
115,66,12595
116,66,12596
117,66,12597
118,66,12598
119,66,12599
120,66,12600
121,66,12601
122,66,12602
123,66,12603
124,66,12604
125,66,12605
126,66,12606
127,66,12607
128,66,12608
129,66,12609
130,66,12610
131,66,12611
132,66,12612
133,66,12613
134,66,12614
135,66,12615
136,66,12616
137,66,12617
138,66,12618
139,66,12619
140,66,12620
141,66,12621
142,66,12622
143,66,12623
144,66,12624
145,66,12625
146,66,12626
147,66,12627
148,66,12628
149,66,12629
150,66,12630
151,66,12631
152,66,12632
153,66,12633
154,66,12634
155,66,12635
156,66,12636
157,66,12637
158,66,12638
159,66,12639
160,66,12640
161,66,12641
162,66,12642
163,66,12643
164,66,12644
165,66,12645
166,66,12646
167,66,12647
168,66,12648
169,66,12649
170,66,12650
171,66,12651
172,66,12652
173,66,12653
174,66,12654
175,66,12655
176,66,12656
177,66,12657
178,66,12658
179,66,12659
180,66,12660
181,66,12661
182,66,12662
183,66,12663
184,66,12664
185,66,12665
186,66,12666
187,66,12667
188,66,12668
189,66,12669
190,66,12670
191,66,12671
192,66,12672
1,67,12673
2,67,12674
3,67,12675
4,67,12676
5,67,12677
6,67,12678
7,67,12679
8,67,12680
9,67,12681
10,67,12682
11,67,12683
12,67,12684
13,67,12685
14,67,12686
15,67,12687
16,67,12688
17,67,12689
18,67,12690
19,67,12691
20,67,12692
21,67,12693
22,67,12694
23,67,12695
24,67,12696
25,67,12697
26,67,12698
27,67,12699
28,67,12700
29,67,12701
30,67,12702
31,67,12703
32,67,12704
33,67,12705
34,67,12706
35,67,12707
36,67,12708
37,67,12709
38,67,12710
39,67,12711
40,67,12712
41,67,12713
42,67,12714
43,67,12715
44,67,12716
45,67,12717
46,67,12718
47,67,12719
48,67,12720
49,67,12721
50,67,12722
51,67,12723
52,67,12724
53,67,12725
54,67,12726
55,67,12727
56,67,12728
57,67,12729
58,67,12730
59,67,12731
60,67,12732
61,67,12733
62,67,12734
63,67,12735
64,67,12736
65,67,12737
66,67,12738
67,67,12739
68,67,12740
69,67,12741
70,67,12742
71,67,12743
72,67,12744
73,67,12745
74,67,12746
75,67,12747
76,67,12748
77,67,12749
78,67,12750
79,67,12751
80,67,12752
81,67,12753
82,67,12754
83,67,12755
84,67,12756
85,67,12757
86,67,12758
87,67,12759
88,67,12760
89,67,12761
90,67,12762
91,67,12763
92,67,12764
93,67,12765
94,67,12766
95,67,12767
96,67,12768
97,67,12769
98,67,12770
99,67,12771
100,67,12772
101,67,12773
102,67,12774
103,67,12775
104,67,12776
105,67,12777
106,67,12778
107,67,12779
108,67,12780
109,67,12781
110,67,12782
111,67,12783
112,67,12784
113,67,12785
114,67,12786
115,67,12787
116,67,12788
117,67,12789
118,67,12790
119,67,12791
120,67,12792
121,67,12793
122,67,12794
123,67,12795
124,67,12796
125,67,12797
126,67,12798
127,67,12799
128,67,12800
129,67,12801
130,67,12802
131,67,12803
132,67,12804
133,67,12805
134,67,12806
135,67,12807
136,67,12808
137,67,12809
138,67,12810
139,67,12811
140,67,12812
141,67,12813
142,67,12814
143,67,12815
144,67,12816
145,67,12817
146,67,12818
147,67,12819
148,67,12820
149,67,12821
150,67,12822
151,67,12823
152,67,12824
153,67,12825
154,67,12826
155,67,12827
156,67,12828
157,67,12829
158,67,12830
159,67,12831
160,67,12832
161,67,12833
162,67,12834
163,67,12835
164,67,12836
165,67,12837
166,67,12838
167,67,12839
168,67,12840
169,67,12841
170,67,12842
171,67,12843
172,67,12844
173,67,12845
174,67,12846
175,67,12847
176,67,12848
177,67,12849
178,67,12850
179,67,12851
180,67,12852
181,67,12853
182,67,12854
183,67,12855
184,67,12856
185,67,12857
186,67,12858
187,67,12859
188,67,12860
189,67,12861
190,67,12862
191,67,12863
192,67,12864
1,68,12865
2,68,12866
3,68,12867
4,68,12868
5,68,12869
6,68,12870
7,68,12871
8,68,12872
9,68,12873
10,68,12874
11,68,12875
12,68,12876
13,68,12877
14,68,12878
15,68,12879
16,68,12880
17,68,12881
18,68,12882
19,68,12883
20,68,12884
21,68,12885
22,68,12886
23,68,12887
24,68,12888
25,68,12889
26,68,12890
27,68,12891
28,68,12892
29,68,12893
30,68,12894
31,68,12895
32,68,12896
33,68,12897
34,68,12898
35,68,12899
36,68,12900
37,68,12901
38,68,12902
39,68,12903
40,68,12904
41,68,12905
42,68,12906
43,68,12907
44,68,12908
45,68,12909
46,68,12910
47,68,12911
48,68,12912
49,68,12913
50,68,12914
51,68,12915
52,68,12916
53,68,12917
54,68,12918
55,68,12919
56,68,12920
57,68,12921
58,68,12922
59,68,12923
60,68,12924
61,68,12925
62,68,12926
63,68,12927
64,68,12928
65,68,12929
66,68,12930
67,68,12931
68,68,12932
69,68,12933
70,68,12934
71,68,12935
72,68,12936
73,68,12937
74,68,12938
75,68,12939
76,68,12940
77,68,12941
78,68,12942
79,68,12943
80,68,12944
81,68,12945
82,68,12946
83,68,12947
84,68,12948
85,68,12949
86,68,12950
87,68,12951
88,68,12952
89,68,12953
90,68,12954
91,68,12955
92,68,12956
93,68,12957
94,68,12958
95,68,12959
96,68,12960
97,68,12961
98,68,12962
99,68,12963
100,68,12964
101,68,12965
102,68,12966
103,68,12967
104,68,12968
105,68,12969
106,68,12970
107,68,12971
108,68,12972
109,68,12973
110,68,12974
111,68,12975
112,68,12976
113,68,12977
114,68,12978
115,68,12979
116,68,12980
117,68,12981
118,68,12982
119,68,12983
120,68,12984
121,68,12985
122,68,12986
123,68,12987
124,68,12988
125,68,12989
126,68,12990
127,68,12991
128,68,12992
129,68,12993
130,68,12994
131,68,12995
132,68,12996
133,68,12997
134,68,12998
135,68,12999
136,68,13000
137,68,13001
138,68,13002
139,68,13003
140,68,13004
141,68,13005
142,68,13006
143,68,13007
144,68,13008
145,68,13009
146,68,13010
147,68,13011
148,68,13012
149,68,13013
150,68,13014
151,68,13015
152,68,13016
153,68,13017
154,68,13018
155,68,13019
156,68,13020
157,68,13021
158,68,13022
159,68,13023
160,68,13024
161,68,13025
162,68,13026
163,68,13027
164,68,13028
165,68,13029
166,68,13030
167,68,13031
168,68,13032
169,68,13033
170,68,13034
171,68,13035
172,68,13036
173,68,13037
174,68,13038
175,68,13039
176,68,13040
177,68,13041
178,68,13042
179,68,13043
180,68,13044
181,68,13045
182,68,13046
183,68,13047
184,68,13048
185,68,13049
186,68,13050
187,68,13051
188,68,13052
189,68,13053
190,68,13054
191,68,13055
192,68,13056
1,69,13057
2,69,13058
3,69,13059
4,69,13060
5,69,13061
6,69,13062
7,69,13063
8,69,13064
9,69,13065
10,69,13066
11,69,13067
12,69,13068
13,69,13069
14,69,13070
15,69,13071
16,69,13072
17,69,13073
18,69,13074
19,69,13075
20,69,13076
21,69,13077
22,69,13078
23,69,13079
24,69,13080
25,69,13081
26,69,13082
27,69,13083
28,69,13084
29,69,13085
30,69,13086
31,69,13087
32,69,13088
33,69,13089
34,69,13090
35,69,13091
36,69,13092
37,69,13093
38,69,13094
39,69,13095
40,69,13096
41,69,13097
42,69,13098
43,69,13099
44,69,13100
45,69,13101
46,69,13102
47,69,13103
48,69,13104
49,69,13105
50,69,13106
51,69,13107
52,69,13108
53,69,13109
54,69,13110
55,69,13111
56,69,13112
57,69,13113
58,69,13114
59,69,13115
60,69,13116
61,69,13117
62,69,13118
63,69,13119
64,69,13120
65,69,13121
66,69,13122
67,69,13123
68,69,13124
69,69,13125
70,69,13126
71,69,13127
72,69,13128
73,69,13129
74,69,13130
75,69,13131
76,69,13132
77,69,13133
78,69,13134
79,69,13135
80,69,13136
81,69,13137
82,69,13138
83,69,13139
84,69,13140
85,69,13141
86,69,13142
87,69,13143
88,69,13144
89,69,13145
90,69,13146
91,69,13147
92,69,13148
93,69,13149
94,69,13150
95,69,13151
96,69,13152
97,69,13153
98,69,13154
99,69,13155
100,69,13156
101,69,13157
102,69,13158
103,69,13159
104,69,13160
105,69,13161
106,69,13162
107,69,13163
108,69,13164
109,69,13165
110,69,13166
111,69,13167
112,69,13168
113,69,13169
114,69,13170
115,69,13171
116,69,13172
117,69,13173
118,69,13174
119,69,13175
120,69,13176
121,69,13177
122,69,13178
123,69,13179
124,69,13180
125,69,13181
126,69,13182
127,69,13183
128,69,13184
129,69,13185
130,69,13186
131,69,13187
132,69,13188
133,69,13189
134,69,13190
135,69,13191
136,69,13192
137,69,13193
138,69,13194
139,69,13195
140,69,13196
141,69,13197
142,69,13198
143,69,13199
144,69,13200
145,69,13201
146,69,13202
147,69,13203
148,69,13204
149,69,13205
150,69,13206
151,69,13207
152,69,13208
153,69,13209
154,69,13210
155,69,13211
156,69,13212
157,69,13213
158,69,13214
159,69,13215
160,69,13216
161,69,13217
162,69,13218
163,69,13219
164,69,13220
165,69,13221
166,69,13222
167,69,13223
168,69,13224
169,69,13225
170,69,13226
171,69,13227
172,69,13228
173,69,13229
174,69,13230
175,69,13231
176,69,13232
177,69,13233
178,69,13234
179,69,13235
180,69,13236
181,69,13237
182,69,13238
183,69,13239
184,69,13240
185,69,13241
186,69,13242
187,69,13243
188,69,13244
189,69,13245
190,69,13246
191,69,13247
192,69,13248
1,70,13249
2,70,13250
3,70,13251
4,70,13252
5,70,13253
6,70,13254
7,70,13255
8,70,13256
9,70,13257
10,70,13258
11,70,13259
12,70,13260
13,70,13261
14,70,13262
15,70,13263
16,70,13264
17,70,13265
18,70,13266
19,70,13267
20,70,13268
21,70,13269
22,70,13270
23,70,13271
24,70,13272
25,70,13273
26,70,13274
27,70,13275
28,70,13276
29,70,13277
30,70,13278
31,70,13279
32,70,13280
33,70,13281
34,70,13282
35,70,13283
36,70,13284
37,70,13285
38,70,13286
39,70,13287
40,70,13288
41,70,13289
42,70,13290
43,70,13291
44,70,13292
45,70,13293
46,70,13294
47,70,13295
48,70,13296
49,70,13297
50,70,13298
51,70,13299
52,70,13300
53,70,13301
54,70,13302
55,70,13303
56,70,13304
57,70,13305
58,70,13306
59,70,13307
60,70,13308
61,70,13309
62,70,13310
63,70,13311
64,70,13312
65,70,13313
66,70,13314
67,70,13315
68,70,13316
69,70,13317
70,70,13318
71,70,13319
72,70,13320
73,70,13321
74,70,13322
75,70,13323
76,70,13324
77,70,13325
78,70,13326
79,70,13327
80,70,13328
81,70,13329
82,70,13330
83,70,13331
84,70,13332
85,70,13333
86,70,13334
87,70,13335
88,70,13336
89,70,13337
90,70,13338
91,70,13339
92,70,13340
93,70,13341
94,70,13342
95,70,13343
96,70,13344
97,70,13345
98,70,13346
99,70,13347
100,70,13348
101,70,13349
102,70,13350
103,70,13351
104,70,13352
105,70,13353
106,70,13354
107,70,13355
108,70,13356
109,70,13357
110,70,13358
111,70,13359
112,70,13360
113,70,13361
114,70,13362
115,70,13363
116,70,13364
117,70,13365
118,70,13366
119,70,13367
120,70,13368
121,70,13369
122,70,13370
123,70,13371
124,70,13372
125,70,13373
126,70,13374
127,70,13375
128,70,13376
129,70,13377
130,70,13378
131,70,13379
132,70,13380
133,70,13381
134,70,13382
135,70,13383
136,70,13384
137,70,13385
138,70,13386
139,70,13387
140,70,13388
141,70,13389
142,70,13390
143,70,13391
144,70,13392
145,70,13393
146,70,13394
147,70,13395
148,70,13396
149,70,13397
150,70,13398
151,70,13399
152,70,13400
153,70,13401
154,70,13402
155,70,13403
156,70,13404
157,70,13405
158,70,13406
159,70,13407
160,70,13408
161,70,13409
162,70,13410
163,70,13411
164,70,13412
165,70,13413
166,70,13414
167,70,13415
168,70,13416
169,70,13417
170,70,13418
171,70,13419
172,70,13420
173,70,13421
174,70,13422
175,70,13423
176,70,13424
177,70,13425
178,70,13426
179,70,13427
180,70,13428
181,70,13429
182,70,13430
183,70,13431
184,70,13432
185,70,13433
186,70,13434
187,70,13435
188,70,13436
189,70,13437
190,70,13438
191,70,13439
192,70,13440
1,71,13441
2,71,13442
3,71,13443
4,71,13444
5,71,13445
6,71,13446
7,71,13447
8,71,13448
9,71,13449
10,71,13450
11,71,13451
12,71,13452
13,71,13453
14,71,13454
15,71,13455
16,71,13456
17,71,13457
18,71,13458
19,71,13459
20,71,13460
21,71,13461
22,71,13462
23,71,13463
24,71,13464
25,71,13465
26,71,13466
27,71,13467
28,71,13468
29,71,13469
30,71,13470
31,71,13471
32,71,13472
33,71,13473
34,71,13474
35,71,13475
36,71,13476
37,71,13477
38,71,13478
39,71,13479
40,71,13480
41,71,13481
42,71,13482
43,71,13483
44,71,13484
45,71,13485
46,71,13486
47,71,13487
48,71,13488
49,71,13489
50,71,13490
51,71,13491
52,71,13492
53,71,13493
54,71,13494
55,71,13495
56,71,13496
57,71,13497
58,71,13498
59,71,13499
60,71,13500
61,71,13501
62,71,13502
63,71,13503
64,71,13504
65,71,13505
66,71,13506
67,71,13507
68,71,13508
69,71,13509
70,71,13510
71,71,13511
72,71,13512
73,71,13513
74,71,13514
75,71,13515
76,71,13516
77,71,13517
78,71,13518
79,71,13519
80,71,13520
81,71,13521
82,71,13522
83,71,13523
84,71,13524
85,71,13525
86,71,13526
87,71,13527
88,71,13528
89,71,13529
90,71,13530
91,71,13531
92,71,13532
93,71,13533
94,71,13534
95,71,13535
96,71,13536
97,71,13537
98,71,13538
99,71,13539
100,71,13540
101,71,13541
102,71,13542
103,71,13543
104,71,13544
105,71,13545
106,71,13546
107,71,13547
108,71,13548
109,71,13549
110,71,13550
111,71,13551
112,71,13552
113,71,13553
114,71,13554
115,71,13555
116,71,13556
117,71,13557
118,71,13558
119,71,13559
120,71,13560
121,71,13561
122,71,13562
123,71,13563
124,71,13564
125,71,13565
126,71,13566
127,71,13567
128,71,13568
129,71,13569
130,71,13570
131,71,13571
132,71,13572
133,71,13573
134,71,13574
135,71,13575
136,71,13576
137,71,13577
138,71,13578
139,71,13579
140,71,13580
141,71,13581
142,71,13582
143,71,13583
144,71,13584
145,71,13585
146,71,13586
147,71,13587
148,71,13588
149,71,13589
150,71,13590
151,71,13591
152,71,13592
153,71,13593
154,71,13594
155,71,13595
156,71,13596
157,71,13597
158,71,13598
159,71,13599
160,71,13600
161,71,13601
162,71,13602
163,71,13603
164,71,13604
165,71,13605
166,71,13606
167,71,13607
168,71,13608
169,71,13609
170,71,13610
171,71,13611
172,71,13612
173,71,13613
174,71,13614
175,71,13615
176,71,13616
177,71,13617
178,71,13618
179,71,13619
180,71,13620
181,71,13621
182,71,13622
183,71,13623
184,71,13624
185,71,13625
186,71,13626
187,71,13627
188,71,13628
189,71,13629
190,71,13630
191,71,13631
192,71,13632
1,72,13633
2,72,13634
3,72,13635
4,72,13636
5,72,13637
6,72,13638
7,72,13639
8,72,13640
9,72,13641
10,72,13642
11,72,13643
12,72,13644
13,72,13645
14,72,13646
15,72,13647
16,72,13648
17,72,13649
18,72,13650
19,72,13651
20,72,13652
21,72,13653
22,72,13654
23,72,13655
24,72,13656
25,72,13657
26,72,13658
27,72,13659
28,72,13660
29,72,13661
30,72,13662
31,72,13663
32,72,13664
33,72,13665
34,72,13666
35,72,13667
36,72,13668
37,72,13669
38,72,13670
39,72,13671
40,72,13672
41,72,13673
42,72,13674
43,72,13675
44,72,13676
45,72,13677
46,72,13678
47,72,13679
48,72,13680
49,72,13681
50,72,13682
51,72,13683
52,72,13684
53,72,13685
54,72,13686
55,72,13687
56,72,13688
57,72,13689
58,72,13690
59,72,13691
60,72,13692
61,72,13693
62,72,13694
63,72,13695
64,72,13696
65,72,13697
66,72,13698
67,72,13699
68,72,13700
69,72,13701
70,72,13702
71,72,13703
72,72,13704
73,72,13705
74,72,13706
75,72,13707
76,72,13708
77,72,13709
78,72,13710
79,72,13711
80,72,13712
81,72,13713
82,72,13714
83,72,13715
84,72,13716
85,72,13717
86,72,13718
87,72,13719
88,72,13720
89,72,13721
90,72,13722
91,72,13723
92,72,13724
93,72,13725
94,72,13726
95,72,13727
96,72,13728
97,72,13729
98,72,13730
99,72,13731
100,72,13732
101,72,13733
102,72,13734
103,72,13735
104,72,13736
105,72,13737
106,72,13738
107,72,13739
108,72,13740
109,72,13741
110,72,13742
111,72,13743
112,72,13744
113,72,13745
114,72,13746
115,72,13747
116,72,13748
117,72,13749
118,72,13750
119,72,13751
120,72,13752
121,72,13753
122,72,13754
123,72,13755
124,72,13756
125,72,13757
126,72,13758
127,72,13759
128,72,13760
129,72,13761
130,72,13762
131,72,13763
132,72,13764
133,72,13765
134,72,13766
135,72,13767
136,72,13768
137,72,13769
138,72,13770
139,72,13771
140,72,13772
141,72,13773
142,72,13774
143,72,13775
144,72,13776
145,72,13777
146,72,13778
147,72,13779
148,72,13780
149,72,13781
150,72,13782
151,72,13783
152,72,13784
153,72,13785
154,72,13786
155,72,13787
156,72,13788
157,72,13789
158,72,13790
159,72,13791
160,72,13792
161,72,13793
162,72,13794
163,72,13795
164,72,13796
165,72,13797
166,72,13798
167,72,13799
168,72,13800
169,72,13801
170,72,13802
171,72,13803
172,72,13804
173,72,13805
174,72,13806
175,72,13807
176,72,13808
177,72,13809
178,72,13810
179,72,13811
180,72,13812
181,72,13813
182,72,13814
183,72,13815
184,72,13816
185,72,13817
186,72,13818
187,72,13819
188,72,13820
189,72,13821
190,72,13822
191,72,13823
192,72,13824
1,73,13825
2,73,13826
3,73,13827
4,73,13828
5,73,13829
6,73,13830
7,73,13831
8,73,13832
9,73,13833
10,73,13834
11,73,13835
12,73,13836
13,73,13837
14,73,13838
15,73,13839
16,73,13840
17,73,13841
18,73,13842
19,73,13843
20,73,13844
21,73,13845
22,73,13846
23,73,13847
24,73,13848
25,73,13849
26,73,13850
27,73,13851
28,73,13852
29,73,13853
30,73,13854
31,73,13855
32,73,13856
33,73,13857
34,73,13858
35,73,13859
36,73,13860
37,73,13861
38,73,13862
39,73,13863
40,73,13864
41,73,13865
42,73,13866
43,73,13867
44,73,13868
45,73,13869
46,73,13870
47,73,13871
48,73,13872
49,73,13873
50,73,13874
51,73,13875
52,73,13876
53,73,13877
54,73,13878
55,73,13879
56,73,13880
57,73,13881
58,73,13882
59,73,13883
60,73,13884
61,73,13885
62,73,13886
63,73,13887
64,73,13888
65,73,13889
66,73,13890
67,73,13891
68,73,13892
69,73,13893
70,73,13894
71,73,13895
72,73,13896
73,73,13897
74,73,13898
75,73,13899
76,73,13900
77,73,13901
78,73,13902
79,73,13903
80,73,13904
81,73,13905
82,73,13906
83,73,13907
84,73,13908
85,73,13909
86,73,13910
87,73,13911
88,73,13912
89,73,13913
90,73,13914
91,73,13915
92,73,13916
93,73,13917
94,73,13918
95,73,13919
96,73,13920
97,73,13921
98,73,13922
99,73,13923
100,73,13924
101,73,13925
102,73,13926
103,73,13927
104,73,13928
105,73,13929
106,73,13930
107,73,13931
108,73,13932
109,73,13933
110,73,13934
111,73,13935
112,73,13936
113,73,13937
114,73,13938
115,73,13939
116,73,13940
117,73,13941
118,73,13942
119,73,13943
120,73,13944
121,73,13945
122,73,13946
123,73,13947
124,73,13948
125,73,13949
126,73,13950
127,73,13951
128,73,13952
129,73,13953
130,73,13954
131,73,13955
132,73,13956
133,73,13957
134,73,13958
135,73,13959
136,73,13960
137,73,13961
138,73,13962
139,73,13963
140,73,13964
141,73,13965
142,73,13966
143,73,13967
144,73,13968
145,73,13969
146,73,13970
147,73,13971
148,73,13972
149,73,13973
150,73,13974
151,73,13975
152,73,13976
153,73,13977
154,73,13978
155,73,13979
156,73,13980
157,73,13981
158,73,13982
159,73,13983
160,73,13984
161,73,13985
162,73,13986
163,73,13987
164,73,13988
165,73,13989
166,73,13990
167,73,13991
168,73,13992
169,73,13993
170,73,13994
171,73,13995
172,73,13996
173,73,13997
174,73,13998
175,73,13999
176,73,14000
177,73,14001
178,73,14002
179,73,14003
180,73,14004
181,73,14005
182,73,14006
183,73,14007
184,73,14008
185,73,14009
186,73,14010
187,73,14011
188,73,14012
189,73,14013
190,73,14014
191,73,14015
192,73,14016
1,74,14017
2,74,14018
3,74,14019
4,74,14020
5,74,14021
6,74,14022
7,74,14023
8,74,14024
9,74,14025
10,74,14026
11,74,14027
12,74,14028
13,74,14029
14,74,14030
15,74,14031
16,74,14032
17,74,14033
18,74,14034
19,74,14035
20,74,14036
21,74,14037
22,74,14038
23,74,14039
24,74,14040
25,74,14041
26,74,14042
27,74,14043
28,74,14044
29,74,14045
30,74,14046
31,74,14047
32,74,14048
33,74,14049
34,74,14050
35,74,14051
36,74,14052
37,74,14053
38,74,14054
39,74,14055
40,74,14056
41,74,14057
42,74,14058
43,74,14059
44,74,14060
45,74,14061
46,74,14062
47,74,14063
48,74,14064
49,74,14065
50,74,14066
51,74,14067
52,74,14068
53,74,14069
54,74,14070
55,74,14071
56,74,14072
57,74,14073
58,74,14074
59,74,14075
60,74,14076
61,74,14077
62,74,14078
63,74,14079
64,74,14080
65,74,14081
66,74,14082
67,74,14083
68,74,14084
69,74,14085
70,74,14086
71,74,14087
72,74,14088
73,74,14089
74,74,14090
75,74,14091
76,74,14092
77,74,14093
78,74,14094
79,74,14095
80,74,14096
81,74,14097
82,74,14098
83,74,14099
84,74,14100
85,74,14101
86,74,14102
87,74,14103
88,74,14104
89,74,14105
90,74,14106
91,74,14107
92,74,14108
93,74,14109
94,74,14110
95,74,14111
96,74,14112
97,74,14113
98,74,14114
99,74,14115
100,74,14116
101,74,14117
102,74,14118
103,74,14119
104,74,14120
105,74,14121
106,74,14122
107,74,14123
108,74,14124
109,74,14125
110,74,14126
111,74,14127
112,74,14128
113,74,14129
114,74,14130
115,74,14131
116,74,14132
117,74,14133
118,74,14134
119,74,14135
120,74,14136
121,74,14137
122,74,14138
123,74,14139
124,74,14140
125,74,14141
126,74,14142
127,74,14143
128,74,14144
129,74,14145
130,74,14146
131,74,14147
132,74,14148
133,74,14149
134,74,14150
135,74,14151
136,74,14152
137,74,14153
138,74,14154
139,74,14155
140,74,14156
141,74,14157
142,74,14158
143,74,14159
144,74,14160
145,74,14161
146,74,14162
147,74,14163
148,74,14164
149,74,14165
150,74,14166
151,74,14167
152,74,14168
153,74,14169
154,74,14170
155,74,14171
156,74,14172
157,74,14173
158,74,14174
159,74,14175
160,74,14176
161,74,14177
162,74,14178
163,74,14179
164,74,14180
165,74,14181
166,74,14182
167,74,14183
168,74,14184
169,74,14185
170,74,14186
171,74,14187
172,74,14188
173,74,14189
174,74,14190
175,74,14191
176,74,14192
177,74,14193
178,74,14194
179,74,14195
180,74,14196
181,74,14197
182,74,14198
183,74,14199
184,74,14200
185,74,14201
186,74,14202
187,74,14203
188,74,14204
189,74,14205
190,74,14206
191,74,14207
192,74,14208
1,75,14209
2,75,14210
3,75,14211
4,75,14212
5,75,14213
6,75,14214
7,75,14215
8,75,14216
9,75,14217
10,75,14218
11,75,14219
12,75,14220
13,75,14221
14,75,14222
15,75,14223
16,75,14224
17,75,14225
18,75,14226
19,75,14227
20,75,14228
21,75,14229
22,75,14230
23,75,14231
24,75,14232
25,75,14233
26,75,14234
27,75,14235
28,75,14236
29,75,14237
30,75,14238
31,75,14239
32,75,14240
33,75,14241
34,75,14242
35,75,14243
36,75,14244
37,75,14245
38,75,14246
39,75,14247
40,75,14248
41,75,14249
42,75,14250
43,75,14251
44,75,14252
45,75,14253
46,75,14254
47,75,14255
48,75,14256
49,75,14257
50,75,14258
51,75,14259
52,75,14260
53,75,14261
54,75,14262
55,75,14263
56,75,14264
57,75,14265
58,75,14266
59,75,14267
60,75,14268
61,75,14269
62,75,14270
63,75,14271
64,75,14272
65,75,14273
66,75,14274
67,75,14275
68,75,14276
69,75,14277
70,75,14278
71,75,14279
72,75,14280
73,75,14281
74,75,14282
75,75,14283
76,75,14284
77,75,14285
78,75,14286
79,75,14287
80,75,14288
81,75,14289
82,75,14290
83,75,14291
84,75,14292
85,75,14293
86,75,14294
87,75,14295
88,75,14296
89,75,14297
90,75,14298
91,75,14299
92,75,14300
93,75,14301
94,75,14302
95,75,14303
96,75,14304
97,75,14305
98,75,14306
99,75,14307
100,75,14308
101,75,14309
102,75,14310
103,75,14311
104,75,14312
105,75,14313
106,75,14314
107,75,14315
108,75,14316
109,75,14317
110,75,14318
111,75,14319
112,75,14320
113,75,14321
114,75,14322
115,75,14323
116,75,14324
117,75,14325
118,75,14326
119,75,14327
120,75,14328
121,75,14329
122,75,14330
123,75,14331
124,75,14332
125,75,14333
126,75,14334
127,75,14335
128,75,14336
129,75,14337
130,75,14338
131,75,14339
132,75,14340
133,75,14341
134,75,14342
135,75,14343
136,75,14344
137,75,14345
138,75,14346
139,75,14347
140,75,14348
141,75,14349
142,75,14350
143,75,14351
144,75,14352
145,75,14353
146,75,14354
147,75,14355
148,75,14356
149,75,14357
150,75,14358
151,75,14359
152,75,14360
153,75,14361
154,75,14362
155,75,14363
156,75,14364
157,75,14365
158,75,14366
159,75,14367
160,75,14368
161,75,14369
162,75,14370
163,75,14371
164,75,14372
165,75,14373
166,75,14374
167,75,14375
168,75,14376
169,75,14377
170,75,14378
171,75,14379
172,75,14380
173,75,14381
174,75,14382
175,75,14383
176,75,14384
177,75,14385
178,75,14386
179,75,14387
180,75,14388
181,75,14389
182,75,14390
183,75,14391
184,75,14392
185,75,14393
186,75,14394
187,75,14395
188,75,14396
189,75,14397
190,75,14398
191,75,14399
192,75,14400
1,76,14401
2,76,14402
3,76,14403
4,76,14404
5,76,14405
6,76,14406
7,76,14407
8,76,14408
9,76,14409
10,76,14410
11,76,14411
12,76,14412
13,76,14413
14,76,14414
15,76,14415
16,76,14416
17,76,14417
18,76,14418
19,76,14419
20,76,14420
21,76,14421
22,76,14422
23,76,14423
24,76,14424
25,76,14425
26,76,14426
27,76,14427
28,76,14428
29,76,14429
30,76,14430
31,76,14431
32,76,14432
33,76,14433
34,76,14434
35,76,14435
36,76,14436
37,76,14437
38,76,14438
39,76,14439
40,76,14440
41,76,14441
42,76,14442
43,76,14443
44,76,14444
45,76,14445
46,76,14446
47,76,14447
48,76,14448
49,76,14449
50,76,14450
51,76,14451
52,76,14452
53,76,14453
54,76,14454
55,76,14455
56,76,14456
57,76,14457
58,76,14458
59,76,14459
60,76,14460
61,76,14461
62,76,14462
63,76,14463
64,76,14464
65,76,14465
66,76,14466
67,76,14467
68,76,14468
69,76,14469
70,76,14470
71,76,14471
72,76,14472
73,76,14473
74,76,14474
75,76,14475
76,76,14476
77,76,14477
78,76,14478
79,76,14479
80,76,14480
81,76,14481
82,76,14482
83,76,14483
84,76,14484
85,76,14485
86,76,14486
87,76,14487
88,76,14488
89,76,14489
90,76,14490
91,76,14491
92,76,14492
93,76,14493
94,76,14494
95,76,14495
96,76,14496
97,76,14497
98,76,14498
99,76,14499
100,76,14500
101,76,14501
102,76,14502
103,76,14503
104,76,14504
105,76,14505
106,76,14506
107,76,14507
108,76,14508
109,76,14509
110,76,14510
111,76,14511
112,76,14512
113,76,14513
114,76,14514
115,76,14515
116,76,14516
117,76,14517
118,76,14518
119,76,14519
120,76,14520
121,76,14521
122,76,14522
123,76,14523
124,76,14524
125,76,14525
126,76,14526
127,76,14527
128,76,14528
129,76,14529
130,76,14530
131,76,14531
132,76,14532
133,76,14533
134,76,14534
135,76,14535
136,76,14536
137,76,14537
138,76,14538
139,76,14539
140,76,14540
141,76,14541
142,76,14542
143,76,14543
144,76,14544
145,76,14545
146,76,14546
147,76,14547
148,76,14548
149,76,14549
150,76,14550
151,76,14551
152,76,14552
153,76,14553
154,76,14554
155,76,14555
156,76,14556
157,76,14557
158,76,14558
159,76,14559
160,76,14560
161,76,14561
162,76,14562
163,76,14563
164,76,14564
165,76,14565
166,76,14566
167,76,14567
168,76,14568
169,76,14569
170,76,14570
171,76,14571
172,76,14572
173,76,14573
174,76,14574
175,76,14575
176,76,14576
177,76,14577
178,76,14578
179,76,14579
180,76,14580
181,76,14581
182,76,14582
183,76,14583
184,76,14584
185,76,14585
186,76,14586
187,76,14587
188,76,14588
189,76,14589
190,76,14590
191,76,14591
192,76,14592
1,77,14593
2,77,14594
3,77,14595
4,77,14596
5,77,14597
6,77,14598
7,77,14599
8,77,14600
9,77,14601
10,77,14602
11,77,14603
12,77,14604
13,77,14605
14,77,14606
15,77,14607
16,77,14608
17,77,14609
18,77,14610
19,77,14611
20,77,14612
21,77,14613
22,77,14614
23,77,14615
24,77,14616
25,77,14617
26,77,14618
27,77,14619
28,77,14620
29,77,14621
30,77,14622
31,77,14623
32,77,14624
33,77,14625
34,77,14626
35,77,14627
36,77,14628
37,77,14629
38,77,14630
39,77,14631
40,77,14632
41,77,14633
42,77,14634
43,77,14635
44,77,14636
45,77,14637
46,77,14638
47,77,14639
48,77,14640
49,77,14641
50,77,14642
51,77,14643
52,77,14644
53,77,14645
54,77,14646
55,77,14647
56,77,14648
57,77,14649
58,77,14650
59,77,14651
60,77,14652
61,77,14653
62,77,14654
63,77,14655
64,77,14656
65,77,14657
66,77,14658
67,77,14659
68,77,14660
69,77,14661
70,77,14662
71,77,14663
72,77,14664
73,77,14665
74,77,14666
75,77,14667
76,77,14668
77,77,14669
78,77,14670
79,77,14671
80,77,14672
81,77,14673
82,77,14674
83,77,14675
84,77,14676
85,77,14677
86,77,14678
87,77,14679
88,77,14680
89,77,14681
90,77,14682
91,77,14683
92,77,14684
93,77,14685
94,77,14686
95,77,14687
96,77,14688
97,77,14689
98,77,14690
99,77,14691
100,77,14692
101,77,14693
102,77,14694
103,77,14695
104,77,14696
105,77,14697
106,77,14698
107,77,14699
108,77,14700
109,77,14701
110,77,14702
111,77,14703
112,77,14704
113,77,14705
114,77,14706
115,77,14707
116,77,14708
117,77,14709
118,77,14710
119,77,14711
120,77,14712
121,77,14713
122,77,14714
123,77,14715
124,77,14716
125,77,14717
126,77,14718
127,77,14719
128,77,14720
129,77,14721
130,77,14722
131,77,14723
132,77,14724
133,77,14725
134,77,14726
135,77,14727
136,77,14728
137,77,14729
138,77,14730
139,77,14731
140,77,14732
141,77,14733
142,77,14734
143,77,14735
144,77,14736
145,77,14737
146,77,14738
147,77,14739
148,77,14740
149,77,14741
150,77,14742
151,77,14743
152,77,14744
153,77,14745
154,77,14746
155,77,14747
156,77,14748
157,77,14749
158,77,14750
159,77,14751
160,77,14752
161,77,14753
162,77,14754
163,77,14755
164,77,14756
165,77,14757
166,77,14758
167,77,14759
168,77,14760
169,77,14761
170,77,14762
171,77,14763
172,77,14764
173,77,14765
174,77,14766
175,77,14767
176,77,14768
177,77,14769
178,77,14770
179,77,14771
180,77,14772
181,77,14773
182,77,14774
183,77,14775
184,77,14776
185,77,14777
186,77,14778
187,77,14779
188,77,14780
189,77,14781
190,77,14782
191,77,14783
192,77,14784
1,78,14785
2,78,14786
3,78,14787
4,78,14788
5,78,14789
6,78,14790
7,78,14791
8,78,14792
9,78,14793
10,78,14794
11,78,14795
12,78,14796
13,78,14797
14,78,14798
15,78,14799
16,78,14800
17,78,14801
18,78,14802
19,78,14803
20,78,14804
21,78,14805
22,78,14806
23,78,14807
24,78,14808
25,78,14809
26,78,14810
27,78,14811
28,78,14812
29,78,14813
30,78,14814
31,78,14815
32,78,14816
33,78,14817
34,78,14818
35,78,14819
36,78,14820
37,78,14821
38,78,14822
39,78,14823
40,78,14824
41,78,14825
42,78,14826
43,78,14827
44,78,14828
45,78,14829
46,78,14830
47,78,14831
48,78,14832
49,78,14833
50,78,14834
51,78,14835
52,78,14836
53,78,14837
54,78,14838
55,78,14839
56,78,14840
57,78,14841
58,78,14842
59,78,14843
60,78,14844
61,78,14845
62,78,14846
63,78,14847
64,78,14848
65,78,14849
66,78,14850
67,78,14851
68,78,14852
69,78,14853
70,78,14854
71,78,14855
72,78,14856
73,78,14857
74,78,14858
75,78,14859
76,78,14860
77,78,14861
78,78,14862
79,78,14863
80,78,14864
81,78,14865
82,78,14866
83,78,14867
84,78,14868
85,78,14869
86,78,14870
87,78,14871
88,78,14872
89,78,14873
90,78,14874
91,78,14875
92,78,14876
93,78,14877
94,78,14878
95,78,14879
96,78,14880
97,78,14881
98,78,14882
99,78,14883
100,78,14884
101,78,14885
102,78,14886
103,78,14887
104,78,14888
105,78,14889
106,78,14890
107,78,14891
108,78,14892
109,78,14893
110,78,14894
111,78,14895
112,78,14896
113,78,14897
114,78,14898
115,78,14899
116,78,14900
117,78,14901
118,78,14902
119,78,14903
120,78,14904
121,78,14905
122,78,14906
123,78,14907
124,78,14908
125,78,14909
126,78,14910
127,78,14911
128,78,14912
129,78,14913
130,78,14914
131,78,14915
132,78,14916
133,78,14917
134,78,14918
135,78,14919
136,78,14920
137,78,14921
138,78,14922
139,78,14923
140,78,14924
141,78,14925
142,78,14926
143,78,14927
144,78,14928
145,78,14929
146,78,14930
147,78,14931
148,78,14932
149,78,14933
150,78,14934
151,78,14935
152,78,14936
153,78,14937
154,78,14938
155,78,14939
156,78,14940
157,78,14941
158,78,14942
159,78,14943
160,78,14944
161,78,14945
162,78,14946
163,78,14947
164,78,14948
165,78,14949
166,78,14950
167,78,14951
168,78,14952
169,78,14953
170,78,14954
171,78,14955
172,78,14956
173,78,14957
174,78,14958
175,78,14959
176,78,14960
177,78,14961
178,78,14962
179,78,14963
180,78,14964
181,78,14965
182,78,14966
183,78,14967
184,78,14968
185,78,14969
186,78,14970
187,78,14971
188,78,14972
189,78,14973
190,78,14974
191,78,14975
192,78,14976
1,79,14977
2,79,14978
3,79,14979
4,79,14980
5,79,14981
6,79,14982
7,79,14983
8,79,14984
9,79,14985
10,79,14986
11,79,14987
12,79,14988
13,79,14989
14,79,14990
15,79,14991
16,79,14992
17,79,14993
18,79,14994
19,79,14995
20,79,14996
21,79,14997
22,79,14998
23,79,14999
24,79,15000
25,79,15001
26,79,15002
27,79,15003
28,79,15004
29,79,15005
30,79,15006
31,79,15007
32,79,15008
33,79,15009
34,79,15010
35,79,15011
36,79,15012
37,79,15013
38,79,15014
39,79,15015
40,79,15016
41,79,15017
42,79,15018
43,79,15019
44,79,15020
45,79,15021
46,79,15022
47,79,15023
48,79,15024
49,79,15025
50,79,15026
51,79,15027
52,79,15028
53,79,15029
54,79,15030
55,79,15031
56,79,15032
57,79,15033
58,79,15034
59,79,15035
60,79,15036
61,79,15037
62,79,15038
63,79,15039
64,79,15040
65,79,15041
66,79,15042
67,79,15043
68,79,15044
69,79,15045
70,79,15046
71,79,15047
72,79,15048
73,79,15049
74,79,15050
75,79,15051
76,79,15052
77,79,15053
78,79,15054
79,79,15055
80,79,15056
81,79,15057
82,79,15058
83,79,15059
84,79,15060
85,79,15061
86,79,15062
87,79,15063
88,79,15064
89,79,15065
90,79,15066
91,79,15067
92,79,15068
93,79,15069
94,79,15070
95,79,15071
96,79,15072
97,79,15073
98,79,15074
99,79,15075
100,79,15076
101,79,15077
102,79,15078
103,79,15079
104,79,15080
105,79,15081
106,79,15082
107,79,15083
108,79,15084
109,79,15085
110,79,15086
111,79,15087
112,79,15088
113,79,15089
114,79,15090
115,79,15091
116,79,15092
117,79,15093
118,79,15094
119,79,15095
120,79,15096
121,79,15097
122,79,15098
123,79,15099
124,79,15100
125,79,15101
126,79,15102
127,79,15103
128,79,15104
129,79,15105
130,79,15106
131,79,15107
132,79,15108
133,79,15109
134,79,15110
135,79,15111
136,79,15112
137,79,15113
138,79,15114
139,79,15115
140,79,15116
141,79,15117
142,79,15118
143,79,15119
144,79,15120
145,79,15121
146,79,15122
147,79,15123
148,79,15124
149,79,15125
150,79,15126
151,79,15127
152,79,15128
153,79,15129
154,79,15130
155,79,15131
156,79,15132
157,79,15133
158,79,15134
159,79,15135
160,79,15136
161,79,15137
162,79,15138
163,79,15139
164,79,15140
165,79,15141
166,79,15142
167,79,15143
168,79,15144
169,79,15145
170,79,15146
171,79,15147
172,79,15148
173,79,15149
174,79,15150
175,79,15151
176,79,15152
177,79,15153
178,79,15154
179,79,15155
180,79,15156
181,79,15157
182,79,15158
183,79,15159
184,79,15160
185,79,15161
186,79,15162
187,79,15163
188,79,15164
189,79,15165
190,79,15166
191,79,15167
192,79,15168
1,80,15169
2,80,15170
3,80,15171
4,80,15172
5,80,15173
6,80,15174
7,80,15175
8,80,15176
9,80,15177
10,80,15178
11,80,15179
12,80,15180
13,80,15181
14,80,15182
15,80,15183
16,80,15184
17,80,15185
18,80,15186
19,80,15187
20,80,15188
21,80,15189
22,80,15190
23,80,15191
24,80,15192
25,80,15193
26,80,15194
27,80,15195
28,80,15196
29,80,15197
30,80,15198
31,80,15199
32,80,15200
33,80,15201
34,80,15202
35,80,15203
36,80,15204
37,80,15205
38,80,15206
39,80,15207
40,80,15208
41,80,15209
42,80,15210
43,80,15211
44,80,15212
45,80,15213
46,80,15214
47,80,15215
48,80,15216
49,80,15217
50,80,15218
51,80,15219
52,80,15220
53,80,15221
54,80,15222
55,80,15223
56,80,15224
57,80,15225
58,80,15226
59,80,15227
60,80,15228
61,80,15229
62,80,15230
63,80,15231
64,80,15232
65,80,15233
66,80,15234
67,80,15235
68,80,15236
69,80,15237
70,80,15238
71,80,15239
72,80,15240
73,80,15241
74,80,15242
75,80,15243
76,80,15244
77,80,15245
78,80,15246
79,80,15247
80,80,15248
81,80,15249
82,80,15250
83,80,15251
84,80,15252
85,80,15253
86,80,15254
87,80,15255
88,80,15256
89,80,15257
90,80,15258
91,80,15259
92,80,15260
93,80,15261
94,80,15262
95,80,15263
96,80,15264
97,80,15265
98,80,15266
99,80,15267
100,80,15268
101,80,15269
102,80,15270
103,80,15271
104,80,15272
105,80,15273
106,80,15274
107,80,15275
108,80,15276
109,80,15277
110,80,15278
111,80,15279
112,80,15280
113,80,15281
114,80,15282
115,80,15283
116,80,15284
117,80,15285
118,80,15286
119,80,15287
120,80,15288
121,80,15289
122,80,15290
123,80,15291
124,80,15292
125,80,15293
126,80,15294
127,80,15295
128,80,15296
129,80,15297
130,80,15298
131,80,15299
132,80,15300
133,80,15301
134,80,15302
135,80,15303
136,80,15304
137,80,15305
138,80,15306
139,80,15307
140,80,15308
141,80,15309
142,80,15310
143,80,15311
144,80,15312
145,80,15313
146,80,15314
147,80,15315
148,80,15316
149,80,15317
150,80,15318
151,80,15319
152,80,15320
153,80,15321
154,80,15322
155,80,15323
156,80,15324
157,80,15325
158,80,15326
159,80,15327
160,80,15328
161,80,15329
162,80,15330
163,80,15331
164,80,15332
165,80,15333
166,80,15334
167,80,15335
168,80,15336
169,80,15337
170,80,15338
171,80,15339
172,80,15340
173,80,15341
174,80,15342
175,80,15343
176,80,15344
177,80,15345
178,80,15346
179,80,15347
180,80,15348
181,80,15349
182,80,15350
183,80,15351
184,80,15352
185,80,15353
186,80,15354
187,80,15355
188,80,15356
189,80,15357
190,80,15358
191,80,15359
192,80,15360
1,81,15361
2,81,15362
3,81,15363
4,81,15364
5,81,15365
6,81,15366
7,81,15367
8,81,15368
9,81,15369
10,81,15370
11,81,15371
12,81,15372
13,81,15373
14,81,15374
15,81,15375
16,81,15376
17,81,15377
18,81,15378
19,81,15379
20,81,15380
21,81,15381
22,81,15382
23,81,15383
24,81,15384
25,81,15385
26,81,15386
27,81,15387
28,81,15388
29,81,15389
30,81,15390
31,81,15391
32,81,15392
33,81,15393
34,81,15394
35,81,15395
36,81,15396
37,81,15397
38,81,15398
39,81,15399
40,81,15400
41,81,15401
42,81,15402
43,81,15403
44,81,15404
45,81,15405
46,81,15406
47,81,15407
48,81,15408
49,81,15409
50,81,15410
51,81,15411
52,81,15412
53,81,15413
54,81,15414
55,81,15415
56,81,15416
57,81,15417
58,81,15418
59,81,15419
60,81,15420
61,81,15421
62,81,15422
63,81,15423
64,81,15424
65,81,15425
66,81,15426
67,81,15427
68,81,15428
69,81,15429
70,81,15430
71,81,15431
72,81,15432
73,81,15433
74,81,15434
75,81,15435
76,81,15436
77,81,15437
78,81,15438
79,81,15439
80,81,15440
81,81,15441
82,81,15442
83,81,15443
84,81,15444
85,81,15445
86,81,15446
87,81,15447
88,81,15448
89,81,15449
90,81,15450
91,81,15451
92,81,15452
93,81,15453
94,81,15454
95,81,15455
96,81,15456
97,81,15457
98,81,15458
99,81,15459
100,81,15460
101,81,15461
102,81,15462
103,81,15463
104,81,15464
105,81,15465
106,81,15466
107,81,15467
108,81,15468
109,81,15469
110,81,15470
111,81,15471
112,81,15472
113,81,15473
114,81,15474
115,81,15475
116,81,15476
117,81,15477
118,81,15478
119,81,15479
120,81,15480
121,81,15481
122,81,15482
123,81,15483
124,81,15484
125,81,15485
126,81,15486
127,81,15487
128,81,15488
129,81,15489
130,81,15490
131,81,15491
132,81,15492
133,81,15493
134,81,15494
135,81,15495
136,81,15496
137,81,15497
138,81,15498
139,81,15499
140,81,15500
141,81,15501
142,81,15502
143,81,15503
144,81,15504
145,81,15505
146,81,15506
147,81,15507
148,81,15508
149,81,15509
150,81,15510
151,81,15511
152,81,15512
153,81,15513
154,81,15514
155,81,15515
156,81,15516
157,81,15517
158,81,15518
159,81,15519
160,81,15520
161,81,15521
162,81,15522
163,81,15523
164,81,15524
165,81,15525
166,81,15526
167,81,15527
168,81,15528
169,81,15529
170,81,15530
171,81,15531
172,81,15532
173,81,15533
174,81,15534
175,81,15535
176,81,15536
177,81,15537
178,81,15538
179,81,15539
180,81,15540
181,81,15541
182,81,15542
183,81,15543
184,81,15544
185,81,15545
186,81,15546
187,81,15547
188,81,15548
189,81,15549
190,81,15550
191,81,15551
192,81,15552
1,82,15553
2,82,15554
3,82,15555
4,82,15556
5,82,15557
6,82,15558
7,82,15559
8,82,15560
9,82,15561
10,82,15562
11,82,15563
12,82,15564
13,82,15565
14,82,15566
15,82,15567
16,82,15568
17,82,15569
18,82,15570
19,82,15571
20,82,15572
21,82,15573
22,82,15574
23,82,15575
24,82,15576
25,82,15577
26,82,15578
27,82,15579
28,82,15580
29,82,15581
30,82,15582
31,82,15583
32,82,15584
33,82,15585
34,82,15586
35,82,15587
36,82,15588
37,82,15589
38,82,15590
39,82,15591
40,82,15592
41,82,15593
42,82,15594
43,82,15595
44,82,15596
45,82,15597
46,82,15598
47,82,15599
48,82,15600
49,82,15601
50,82,15602
51,82,15603
52,82,15604
53,82,15605
54,82,15606
55,82,15607
56,82,15608
57,82,15609
58,82,15610
59,82,15611
60,82,15612
61,82,15613
62,82,15614
63,82,15615
64,82,15616
65,82,15617
66,82,15618
67,82,15619
68,82,15620
69,82,15621
70,82,15622
71,82,15623
72,82,15624
73,82,15625
74,82,15626
75,82,15627
76,82,15628
77,82,15629
78,82,15630
79,82,15631
80,82,15632
81,82,15633
82,82,15634
83,82,15635
84,82,15636
85,82,15637
86,82,15638
87,82,15639
88,82,15640
89,82,15641
90,82,15642
91,82,15643
92,82,15644
93,82,15645
94,82,15646
95,82,15647
96,82,15648
97,82,15649
98,82,15650
99,82,15651
100,82,15652
101,82,15653
102,82,15654
103,82,15655
104,82,15656
105,82,15657
106,82,15658
107,82,15659
108,82,15660
109,82,15661
110,82,15662
111,82,15663
112,82,15664
113,82,15665
114,82,15666
115,82,15667
116,82,15668
117,82,15669
118,82,15670
119,82,15671
120,82,15672
121,82,15673
122,82,15674
123,82,15675
124,82,15676
125,82,15677
126,82,15678
127,82,15679
128,82,15680
129,82,15681
130,82,15682
131,82,15683
132,82,15684
133,82,15685
134,82,15686
135,82,15687
136,82,15688
137,82,15689
138,82,15690
139,82,15691
140,82,15692
141,82,15693
142,82,15694
143,82,15695
144,82,15696
145,82,15697
146,82,15698
147,82,15699
148,82,15700
149,82,15701
150,82,15702
151,82,15703
152,82,15704
153,82,15705
154,82,15706
155,82,15707
156,82,15708
157,82,15709
158,82,15710
159,82,15711
160,82,15712
161,82,15713
162,82,15714
163,82,15715
164,82,15716
165,82,15717
166,82,15718
167,82,15719
168,82,15720
169,82,15721
170,82,15722
171,82,15723
172,82,15724
173,82,15725
174,82,15726
175,82,15727
176,82,15728
177,82,15729
178,82,15730
179,82,15731
180,82,15732
181,82,15733
182,82,15734
183,82,15735
184,82,15736
185,82,15737
186,82,15738
187,82,15739
188,82,15740
189,82,15741
190,82,15742
191,82,15743
192,82,15744
1,83,15745
2,83,15746
3,83,15747
4,83,15748
5,83,15749
6,83,15750
7,83,15751
8,83,15752
9,83,15753
10,83,15754
11,83,15755
12,83,15756
13,83,15757
14,83,15758
15,83,15759
16,83,15760
17,83,15761
18,83,15762
19,83,15763
20,83,15764
21,83,15765
22,83,15766
23,83,15767
24,83,15768
25,83,15769
26,83,15770
27,83,15771
28,83,15772
29,83,15773
30,83,15774
31,83,15775
32,83,15776
33,83,15777
34,83,15778
35,83,15779
36,83,15780
37,83,15781
38,83,15782
39,83,15783
40,83,15784
41,83,15785
42,83,15786
43,83,15787
44,83,15788
45,83,15789
46,83,15790
47,83,15791
48,83,15792
49,83,15793
50,83,15794
51,83,15795
52,83,15796
53,83,15797
54,83,15798
55,83,15799
56,83,15800
57,83,15801
58,83,15802
59,83,15803
60,83,15804
61,83,15805
62,83,15806
63,83,15807
64,83,15808
65,83,15809
66,83,15810
67,83,15811
68,83,15812
69,83,15813
70,83,15814
71,83,15815
72,83,15816
73,83,15817
74,83,15818
75,83,15819
76,83,15820
77,83,15821
78,83,15822
79,83,15823
80,83,15824
81,83,15825
82,83,15826
83,83,15827
84,83,15828
85,83,15829
86,83,15830
87,83,15831
88,83,15832
89,83,15833
90,83,15834
91,83,15835
92,83,15836
93,83,15837
94,83,15838
95,83,15839
96,83,15840
97,83,15841
98,83,15842
99,83,15843
100,83,15844
101,83,15845
102,83,15846
103,83,15847
104,83,15848
105,83,15849
106,83,15850
107,83,15851
108,83,15852
109,83,15853
110,83,15854
111,83,15855
112,83,15856
113,83,15857
114,83,15858
115,83,15859
116,83,15860
117,83,15861
118,83,15862
119,83,15863
120,83,15864
121,83,15865
122,83,15866
123,83,15867
124,83,15868
125,83,15869
126,83,15870
127,83,15871
128,83,15872
129,83,15873
130,83,15874
131,83,15875
132,83,15876
133,83,15877
134,83,15878
135,83,15879
136,83,15880
137,83,15881
138,83,15882
139,83,15883
140,83,15884
141,83,15885
142,83,15886
143,83,15887
144,83,15888
145,83,15889
146,83,15890
147,83,15891
148,83,15892
149,83,15893
150,83,15894
151,83,15895
152,83,15896
153,83,15897
154,83,15898
155,83,15899
156,83,15900
157,83,15901
158,83,15902
159,83,15903
160,83,15904
161,83,15905
162,83,15906
163,83,15907
164,83,15908
165,83,15909
166,83,15910
167,83,15911
168,83,15912
169,83,15913
170,83,15914
171,83,15915
172,83,15916
173,83,15917
174,83,15918
175,83,15919
176,83,15920
177,83,15921
178,83,15922
179,83,15923
180,83,15924
181,83,15925
182,83,15926
183,83,15927
184,83,15928
185,83,15929
186,83,15930
187,83,15931
188,83,15932
189,83,15933
190,83,15934
191,83,15935
192,83,15936
1,84,15937
2,84,15938
3,84,15939
4,84,15940
5,84,15941
6,84,15942
7,84,15943
8,84,15944
9,84,15945
10,84,15946
11,84,15947
12,84,15948
13,84,15949
14,84,15950
15,84,15951
16,84,15952
17,84,15953
18,84,15954
19,84,15955
20,84,15956
21,84,15957
22,84,15958
23,84,15959
24,84,15960
25,84,15961
26,84,15962
27,84,15963
28,84,15964
29,84,15965
30,84,15966
31,84,15967
32,84,15968
33,84,15969
34,84,15970
35,84,15971
36,84,15972
37,84,15973
38,84,15974
39,84,15975
40,84,15976
41,84,15977
42,84,15978
43,84,15979
44,84,15980
45,84,15981
46,84,15982
47,84,15983
48,84,15984
49,84,15985
50,84,15986
51,84,15987
52,84,15988
53,84,15989
54,84,15990
55,84,15991
56,84,15992
57,84,15993
58,84,15994
59,84,15995
60,84,15996
61,84,15997
62,84,15998
63,84,15999
64,84,16000
65,84,16001
66,84,16002
67,84,16003
68,84,16004
69,84,16005
70,84,16006
71,84,16007
72,84,16008
73,84,16009
74,84,16010
75,84,16011
76,84,16012
77,84,16013
78,84,16014
79,84,16015
80,84,16016
81,84,16017
82,84,16018
83,84,16019
84,84,16020
85,84,16021
86,84,16022
87,84,16023
88,84,16024
89,84,16025
90,84,16026
91,84,16027
92,84,16028
93,84,16029
94,84,16030
95,84,16031
96,84,16032
97,84,16033
98,84,16034
99,84,16035
100,84,16036
101,84,16037
102,84,16038
103,84,16039
104,84,16040
105,84,16041
106,84,16042
107,84,16043
108,84,16044
109,84,16045
110,84,16046
111,84,16047
112,84,16048
113,84,16049
114,84,16050
115,84,16051
116,84,16052
117,84,16053
118,84,16054
119,84,16055
120,84,16056
121,84,16057
122,84,16058
123,84,16059
124,84,16060
125,84,16061
126,84,16062
127,84,16063
128,84,16064
129,84,16065
130,84,16066
131,84,16067
132,84,16068
133,84,16069
134,84,16070
135,84,16071
136,84,16072
137,84,16073
138,84,16074
139,84,16075
140,84,16076
141,84,16077
142,84,16078
143,84,16079
144,84,16080
145,84,16081
146,84,16082
147,84,16083
148,84,16084
149,84,16085
150,84,16086
151,84,16087
152,84,16088
153,84,16089
154,84,16090
155,84,16091
156,84,16092
157,84,16093
158,84,16094
159,84,16095
160,84,16096
161,84,16097
162,84,16098
163,84,16099
164,84,16100
165,84,16101
166,84,16102
167,84,16103
168,84,16104
169,84,16105
170,84,16106
171,84,16107
172,84,16108
173,84,16109
174,84,16110
175,84,16111
176,84,16112
177,84,16113
178,84,16114
179,84,16115
180,84,16116
181,84,16117
182,84,16118
183,84,16119
184,84,16120
185,84,16121
186,84,16122
187,84,16123
188,84,16124
189,84,16125
190,84,16126
191,84,16127
192,84,16128
1,85,16129
2,85,16130
3,85,16131
4,85,16132
5,85,16133
6,85,16134
7,85,16135
8,85,16136
9,85,16137
10,85,16138
11,85,16139
12,85,16140
13,85,16141
14,85,16142
15,85,16143
16,85,16144
17,85,16145
18,85,16146
19,85,16147
20,85,16148
21,85,16149
22,85,16150
23,85,16151
24,85,16152
25,85,16153
26,85,16154
27,85,16155
28,85,16156
29,85,16157
30,85,16158
31,85,16159
32,85,16160
33,85,16161
34,85,16162
35,85,16163
36,85,16164
37,85,16165
38,85,16166
39,85,16167
40,85,16168
41,85,16169
42,85,16170
43,85,16171
44,85,16172
45,85,16173
46,85,16174
47,85,16175
48,85,16176
49,85,16177
50,85,16178
51,85,16179
52,85,16180
53,85,16181
54,85,16182
55,85,16183
56,85,16184
57,85,16185
58,85,16186
59,85,16187
60,85,16188
61,85,16189
62,85,16190
63,85,16191
64,85,16192
65,85,16193
66,85,16194
67,85,16195
68,85,16196
69,85,16197
70,85,16198
71,85,16199
72,85,16200
73,85,16201
74,85,16202
75,85,16203
76,85,16204
77,85,16205
78,85,16206
79,85,16207
80,85,16208
81,85,16209
82,85,16210
83,85,16211
84,85,16212
85,85,16213
86,85,16214
87,85,16215
88,85,16216
89,85,16217
90,85,16218
91,85,16219
92,85,16220
93,85,16221
94,85,16222
95,85,16223
96,85,16224
97,85,16225
98,85,16226
99,85,16227
100,85,16228
101,85,16229
102,85,16230
103,85,16231
104,85,16232
105,85,16233
106,85,16234
107,85,16235
108,85,16236
109,85,16237
110,85,16238
111,85,16239
112,85,16240
113,85,16241
114,85,16242
115,85,16243
116,85,16244
117,85,16245
118,85,16246
119,85,16247
120,85,16248
121,85,16249
122,85,16250
123,85,16251
124,85,16252
125,85,16253
126,85,16254
127,85,16255
128,85,16256
129,85,16257
130,85,16258
131,85,16259
132,85,16260
133,85,16261
134,85,16262
135,85,16263
136,85,16264
137,85,16265
138,85,16266
139,85,16267
140,85,16268
141,85,16269
142,85,16270
143,85,16271
144,85,16272
145,85,16273
146,85,16274
147,85,16275
148,85,16276
149,85,16277
150,85,16278
151,85,16279
152,85,16280
153,85,16281
154,85,16282
155,85,16283
156,85,16284
157,85,16285
158,85,16286
159,85,16287
160,85,16288
161,85,16289
162,85,16290
163,85,16291
164,85,16292
165,85,16293
166,85,16294
167,85,16295
168,85,16296
169,85,16297
170,85,16298
171,85,16299
172,85,16300
173,85,16301
174,85,16302
175,85,16303
176,85,16304
177,85,16305
178,85,16306
179,85,16307
180,85,16308
181,85,16309
182,85,16310
183,85,16311
184,85,16312
185,85,16313
186,85,16314
187,85,16315
188,85,16316
189,85,16317
190,85,16318
191,85,16319
192,85,16320
1,86,16321
2,86,16322
3,86,16323
4,86,16324
5,86,16325
6,86,16326
7,86,16327
8,86,16328
9,86,16329
10,86,16330
11,86,16331
12,86,16332
13,86,16333
14,86,16334
15,86,16335
16,86,16336
17,86,16337
18,86,16338
19,86,16339
20,86,16340
21,86,16341
22,86,16342
23,86,16343
24,86,16344
25,86,16345
26,86,16346
27,86,16347
28,86,16348
29,86,16349
30,86,16350
31,86,16351
32,86,16352
33,86,16353
34,86,16354
35,86,16355
36,86,16356
37,86,16357
38,86,16358
39,86,16359
40,86,16360
41,86,16361
42,86,16362
43,86,16363
44,86,16364
45,86,16365
46,86,16366
47,86,16367
48,86,16368
49,86,16369
50,86,16370
51,86,16371
52,86,16372
53,86,16373
54,86,16374
55,86,16375
56,86,16376
57,86,16377
58,86,16378
59,86,16379
60,86,16380
61,86,16381
62,86,16382
63,86,16383
64,86,16384
65,86,16385
66,86,16386
67,86,16387
68,86,16388
69,86,16389
70,86,16390
71,86,16391
72,86,16392
73,86,16393
74,86,16394
75,86,16395
76,86,16396
77,86,16397
78,86,16398
79,86,16399
80,86,16400
81,86,16401
82,86,16402
83,86,16403
84,86,16404
85,86,16405
86,86,16406
87,86,16407
88,86,16408
89,86,16409
90,86,16410
91,86,16411
92,86,16412
93,86,16413
94,86,16414
95,86,16415
96,86,16416
97,86,16417
98,86,16418
99,86,16419
100,86,16420
101,86,16421
102,86,16422
103,86,16423
104,86,16424
105,86,16425
106,86,16426
107,86,16427
108,86,16428
109,86,16429
110,86,16430
111,86,16431
112,86,16432
113,86,16433
114,86,16434
115,86,16435
116,86,16436
117,86,16437
118,86,16438
119,86,16439
120,86,16440
121,86,16441
122,86,16442
123,86,16443
124,86,16444
125,86,16445
126,86,16446
127,86,16447
128,86,16448
129,86,16449
130,86,16450
131,86,16451
132,86,16452
133,86,16453
134,86,16454
135,86,16455
136,86,16456
137,86,16457
138,86,16458
139,86,16459
140,86,16460
141,86,16461
142,86,16462
143,86,16463
144,86,16464
145,86,16465
146,86,16466
147,86,16467
148,86,16468
149,86,16469
150,86,16470
151,86,16471
152,86,16472
153,86,16473
154,86,16474
155,86,16475
156,86,16476
157,86,16477
158,86,16478
159,86,16479
160,86,16480
161,86,16481
162,86,16482
163,86,16483
164,86,16484
165,86,16485
166,86,16486
167,86,16487
168,86,16488
169,86,16489
170,86,16490
171,86,16491
172,86,16492
173,86,16493
174,86,16494
175,86,16495
176,86,16496
177,86,16497
178,86,16498
179,86,16499
180,86,16500
181,86,16501
182,86,16502
183,86,16503
184,86,16504
185,86,16505
186,86,16506
187,86,16507
188,86,16508
189,86,16509
190,86,16510
191,86,16511
192,86,16512
1,87,16513
2,87,16514
3,87,16515
4,87,16516
5,87,16517
6,87,16518
7,87,16519
8,87,16520
9,87,16521
10,87,16522
11,87,16523
12,87,16524
13,87,16525
14,87,16526
15,87,16527
16,87,16528
17,87,16529
18,87,16530
19,87,16531
20,87,16532
21,87,16533
22,87,16534
23,87,16535
24,87,16536
25,87,16537
26,87,16538
27,87,16539
28,87,16540
29,87,16541
30,87,16542
31,87,16543
32,87,16544
33,87,16545
34,87,16546
35,87,16547
36,87,16548
37,87,16549
38,87,16550
39,87,16551
40,87,16552
41,87,16553
42,87,16554
43,87,16555
44,87,16556
45,87,16557
46,87,16558
47,87,16559
48,87,16560
49,87,16561
50,87,16562
51,87,16563
52,87,16564
53,87,16565
54,87,16566
55,87,16567
56,87,16568
57,87,16569
58,87,16570
59,87,16571
60,87,16572
61,87,16573
62,87,16574
63,87,16575
64,87,16576
65,87,16577
66,87,16578
67,87,16579
68,87,16580
69,87,16581
70,87,16582
71,87,16583
72,87,16584
73,87,16585
74,87,16586
75,87,16587
76,87,16588
77,87,16589
78,87,16590
79,87,16591
80,87,16592
81,87,16593
82,87,16594
83,87,16595
84,87,16596
85,87,16597
86,87,16598
87,87,16599
88,87,16600
89,87,16601
90,87,16602
91,87,16603
92,87,16604
93,87,16605
94,87,16606
95,87,16607
96,87,16608
97,87,16609
98,87,16610
99,87,16611
100,87,16612
101,87,16613
102,87,16614
103,87,16615
104,87,16616
105,87,16617
106,87,16618
107,87,16619
108,87,16620
109,87,16621
110,87,16622
111,87,16623
112,87,16624
113,87,16625
114,87,16626
115,87,16627
116,87,16628
117,87,16629
118,87,16630
119,87,16631
120,87,16632
121,87,16633
122,87,16634
123,87,16635
124,87,16636
125,87,16637
126,87,16638
127,87,16639
128,87,16640
129,87,16641
130,87,16642
131,87,16643
132,87,16644
133,87,16645
134,87,16646
135,87,16647
136,87,16648
137,87,16649
138,87,16650
139,87,16651
140,87,16652
141,87,16653
142,87,16654
143,87,16655
144,87,16656
145,87,16657
146,87,16658
147,87,16659
148,87,16660
149,87,16661
150,87,16662
151,87,16663
152,87,16664
153,87,16665
154,87,16666
155,87,16667
156,87,16668
157,87,16669
158,87,16670
159,87,16671
160,87,16672
161,87,16673
162,87,16674
163,87,16675
164,87,16676
165,87,16677
166,87,16678
167,87,16679
168,87,16680
169,87,16681
170,87,16682
171,87,16683
172,87,16684
173,87,16685
174,87,16686
175,87,16687
176,87,16688
177,87,16689
178,87,16690
179,87,16691
180,87,16692
181,87,16693
182,87,16694
183,87,16695
184,87,16696
185,87,16697
186,87,16698
187,87,16699
188,87,16700
189,87,16701
190,87,16702
191,87,16703
192,87,16704
1,88,16705
2,88,16706
3,88,16707
4,88,16708
5,88,16709
6,88,16710
7,88,16711
8,88,16712
9,88,16713
10,88,16714
11,88,16715
12,88,16716
13,88,16717
14,88,16718
15,88,16719
16,88,16720
17,88,16721
18,88,16722
19,88,16723
20,88,16724
21,88,16725
22,88,16726
23,88,16727
24,88,16728
25,88,16729
26,88,16730
27,88,16731
28,88,16732
29,88,16733
30,88,16734
31,88,16735
32,88,16736
33,88,16737
34,88,16738
35,88,16739
36,88,16740
37,88,16741
38,88,16742
39,88,16743
40,88,16744
41,88,16745
42,88,16746
43,88,16747
44,88,16748
45,88,16749
46,88,16750
47,88,16751
48,88,16752
49,88,16753
50,88,16754
51,88,16755
52,88,16756
53,88,16757
54,88,16758
55,88,16759
56,88,16760
57,88,16761
58,88,16762
59,88,16763
60,88,16764
61,88,16765
62,88,16766
63,88,16767
64,88,16768
65,88,16769
66,88,16770
67,88,16771
68,88,16772
69,88,16773
70,88,16774
71,88,16775
72,88,16776
73,88,16777
74,88,16778
75,88,16779
76,88,16780
77,88,16781
78,88,16782
79,88,16783
80,88,16784
81,88,16785
82,88,16786
83,88,16787
84,88,16788
85,88,16789
86,88,16790
87,88,16791
88,88,16792
89,88,16793
90,88,16794
91,88,16795
92,88,16796
93,88,16797
94,88,16798
95,88,16799
96,88,16800
97,88,16801
98,88,16802
99,88,16803
100,88,16804
101,88,16805
102,88,16806
103,88,16807
104,88,16808
105,88,16809
106,88,16810
107,88,16811
108,88,16812
109,88,16813
110,88,16814
111,88,16815
112,88,16816
113,88,16817
114,88,16818
115,88,16819
116,88,16820
117,88,16821
118,88,16822
119,88,16823
120,88,16824
121,88,16825
122,88,16826
123,88,16827
124,88,16828
125,88,16829
126,88,16830
127,88,16831
128,88,16832
129,88,16833
130,88,16834
131,88,16835
132,88,16836
133,88,16837
134,88,16838
135,88,16839
136,88,16840
137,88,16841
138,88,16842
139,88,16843
140,88,16844
141,88,16845
142,88,16846
143,88,16847
144,88,16848
145,88,16849
146,88,16850
147,88,16851
148,88,16852
149,88,16853
150,88,16854
151,88,16855
152,88,16856
153,88,16857
154,88,16858
155,88,16859
156,88,16860
157,88,16861
158,88,16862
159,88,16863
160,88,16864
161,88,16865
162,88,16866
163,88,16867
164,88,16868
165,88,16869
166,88,16870
167,88,16871
168,88,16872
169,88,16873
170,88,16874
171,88,16875
172,88,16876
173,88,16877
174,88,16878
175,88,16879
176,88,16880
177,88,16881
178,88,16882
179,88,16883
180,88,16884
181,88,16885
182,88,16886
183,88,16887
184,88,16888
185,88,16889
186,88,16890
187,88,16891
188,88,16892
189,88,16893
190,88,16894
191,88,16895
192,88,16896
1,89,16897
2,89,16898
3,89,16899
4,89,16900
5,89,16901
6,89,16902
7,89,16903
8,89,16904
9,89,16905
10,89,16906
11,89,16907
12,89,16908
13,89,16909
14,89,16910
15,89,16911
16,89,16912
17,89,16913
18,89,16914
19,89,16915
20,89,16916
21,89,16917
22,89,16918
23,89,16919
24,89,16920
25,89,16921
26,89,16922
27,89,16923
28,89,16924
29,89,16925
30,89,16926
31,89,16927
32,89,16928
33,89,16929
34,89,16930
35,89,16931
36,89,16932
37,89,16933
38,89,16934
39,89,16935
40,89,16936
41,89,16937
42,89,16938
43,89,16939
44,89,16940
45,89,16941
46,89,16942
47,89,16943
48,89,16944
49,89,16945
50,89,16946
51,89,16947
52,89,16948
53,89,16949
54,89,16950
55,89,16951
56,89,16952
57,89,16953
58,89,16954
59,89,16955
60,89,16956
61,89,16957
62,89,16958
63,89,16959
64,89,16960
65,89,16961
66,89,16962
67,89,16963
68,89,16964
69,89,16965
70,89,16966
71,89,16967
72,89,16968
73,89,16969
74,89,16970
75,89,16971
76,89,16972
77,89,16973
78,89,16974
79,89,16975
80,89,16976
81,89,16977
82,89,16978
83,89,16979
84,89,16980
85,89,16981
86,89,16982
87,89,16983
88,89,16984
89,89,16985
90,89,16986
91,89,16987
92,89,16988
93,89,16989
94,89,16990
95,89,16991
96,89,16992
97,89,16993
98,89,16994
99,89,16995
100,89,16996
101,89,16997
102,89,16998
103,89,16999
104,89,17000
105,89,17001
106,89,17002
107,89,17003
108,89,17004
109,89,17005
110,89,17006
111,89,17007
112,89,17008
113,89,17009
114,89,17010
115,89,17011
116,89,17012
117,89,17013
118,89,17014
119,89,17015
120,89,17016
121,89,17017
122,89,17018
123,89,17019
124,89,17020
125,89,17021
126,89,17022
127,89,17023
128,89,17024
129,89,17025
130,89,17026
131,89,17027
132,89,17028
133,89,17029
134,89,17030
135,89,17031
136,89,17032
137,89,17033
138,89,17034
139,89,17035
140,89,17036
141,89,17037
142,89,17038
143,89,17039
144,89,17040
145,89,17041
146,89,17042
147,89,17043
148,89,17044
149,89,17045
150,89,17046
151,89,17047
152,89,17048
153,89,17049
154,89,17050
155,89,17051
156,89,17052
157,89,17053
158,89,17054
159,89,17055
160,89,17056
161,89,17057
162,89,17058
163,89,17059
164,89,17060
165,89,17061
166,89,17062
167,89,17063
168,89,17064
169,89,17065
170,89,17066
171,89,17067
172,89,17068
173,89,17069
174,89,17070
175,89,17071
176,89,17072
177,89,17073
178,89,17074
179,89,17075
180,89,17076
181,89,17077
182,89,17078
183,89,17079
184,89,17080
185,89,17081
186,89,17082
187,89,17083
188,89,17084
189,89,17085
190,89,17086
191,89,17087
192,89,17088
1,90,17089
2,90,17090
3,90,17091
4,90,17092
5,90,17093
6,90,17094
7,90,17095
8,90,17096
9,90,17097
10,90,17098
11,90,17099
12,90,17100
13,90,17101
14,90,17102
15,90,17103
16,90,17104
17,90,17105
18,90,17106
19,90,17107
20,90,17108
21,90,17109
22,90,17110
23,90,17111
24,90,17112
25,90,17113
26,90,17114
27,90,17115
28,90,17116
29,90,17117
30,90,17118
31,90,17119
32,90,17120
33,90,17121
34,90,17122
35,90,17123
36,90,17124
37,90,17125
38,90,17126
39,90,17127
40,90,17128
41,90,17129
42,90,17130
43,90,17131
44,90,17132
45,90,17133
46,90,17134
47,90,17135
48,90,17136
49,90,17137
50,90,17138
51,90,17139
52,90,17140
53,90,17141
54,90,17142
55,90,17143
56,90,17144
57,90,17145
58,90,17146
59,90,17147
60,90,17148
61,90,17149
62,90,17150
63,90,17151
64,90,17152
65,90,17153
66,90,17154
67,90,17155
68,90,17156
69,90,17157
70,90,17158
71,90,17159
72,90,17160
73,90,17161
74,90,17162
75,90,17163
76,90,17164
77,90,17165
78,90,17166
79,90,17167
80,90,17168
81,90,17169
82,90,17170
83,90,17171
84,90,17172
85,90,17173
86,90,17174
87,90,17175
88,90,17176
89,90,17177
90,90,17178
91,90,17179
92,90,17180
93,90,17181
94,90,17182
95,90,17183
96,90,17184
97,90,17185
98,90,17186
99,90,17187
100,90,17188
101,90,17189
102,90,17190
103,90,17191
104,90,17192
105,90,17193
106,90,17194
107,90,17195
108,90,17196
109,90,17197
110,90,17198
111,90,17199
112,90,17200
113,90,17201
114,90,17202
115,90,17203
116,90,17204
117,90,17205
118,90,17206
119,90,17207
120,90,17208
121,90,17209
122,90,17210
123,90,17211
124,90,17212
125,90,17213
126,90,17214
127,90,17215
128,90,17216
129,90,17217
130,90,17218
131,90,17219
132,90,17220
133,90,17221
134,90,17222
135,90,17223
136,90,17224
137,90,17225
138,90,17226
139,90,17227
140,90,17228
141,90,17229
142,90,17230
143,90,17231
144,90,17232
145,90,17233
146,90,17234
147,90,17235
148,90,17236
149,90,17237
150,90,17238
151,90,17239
152,90,17240
153,90,17241
154,90,17242
155,90,17243
156,90,17244
157,90,17245
158,90,17246
159,90,17247
160,90,17248
161,90,17249
162,90,17250
163,90,17251
164,90,17252
165,90,17253
166,90,17254
167,90,17255
168,90,17256
169,90,17257
170,90,17258
171,90,17259
172,90,17260
173,90,17261
174,90,17262
175,90,17263
176,90,17264
177,90,17265
178,90,17266
179,90,17267
180,90,17268
181,90,17269
182,90,17270
183,90,17271
184,90,17272
185,90,17273
186,90,17274
187,90,17275
188,90,17276
189,90,17277
190,90,17278
191,90,17279
192,90,17280
1,91,17281
2,91,17282
3,91,17283
4,91,17284
5,91,17285
6,91,17286
7,91,17287
8,91,17288
9,91,17289
10,91,17290
11,91,17291
12,91,17292
13,91,17293
14,91,17294
15,91,17295
16,91,17296
17,91,17297
18,91,17298
19,91,17299
20,91,17300
21,91,17301
22,91,17302
23,91,17303
24,91,17304
25,91,17305
26,91,17306
27,91,17307
28,91,17308
29,91,17309
30,91,17310
31,91,17311
32,91,17312
33,91,17313
34,91,17314
35,91,17315
36,91,17316
37,91,17317
38,91,17318
39,91,17319
40,91,17320
41,91,17321
42,91,17322
43,91,17323
44,91,17324
45,91,17325
46,91,17326
47,91,17327
48,91,17328
49,91,17329
50,91,17330
51,91,17331
52,91,17332
53,91,17333
54,91,17334
55,91,17335
56,91,17336
57,91,17337
58,91,17338
59,91,17339
60,91,17340
61,91,17341
62,91,17342
63,91,17343
64,91,17344
65,91,17345
66,91,17346
67,91,17347
68,91,17348
69,91,17349
70,91,17350
71,91,17351
72,91,17352
73,91,17353
74,91,17354
75,91,17355
76,91,17356
77,91,17357
78,91,17358
79,91,17359
80,91,17360
81,91,17361
82,91,17362
83,91,17363
84,91,17364
85,91,17365
86,91,17366
87,91,17367
88,91,17368
89,91,17369
90,91,17370
91,91,17371
92,91,17372
93,91,17373
94,91,17374
95,91,17375
96,91,17376
97,91,17377
98,91,17378
99,91,17379
100,91,17380
101,91,17381
102,91,17382
103,91,17383
104,91,17384
105,91,17385
106,91,17386
107,91,17387
108,91,17388
109,91,17389
110,91,17390
111,91,17391
112,91,17392
113,91,17393
114,91,17394
115,91,17395
116,91,17396
117,91,17397
118,91,17398
119,91,17399
120,91,17400
121,91,17401
122,91,17402
123,91,17403
124,91,17404
125,91,17405
126,91,17406
127,91,17407
128,91,17408
129,91,17409
130,91,17410
131,91,17411
132,91,17412
133,91,17413
134,91,17414
135,91,17415
136,91,17416
137,91,17417
138,91,17418
139,91,17419
140,91,17420
141,91,17421
142,91,17422
143,91,17423
144,91,17424
145,91,17425
146,91,17426
147,91,17427
148,91,17428
149,91,17429
150,91,17430
151,91,17431
152,91,17432
153,91,17433
154,91,17434
155,91,17435
156,91,17436
157,91,17437
158,91,17438
159,91,17439
160,91,17440
161,91,17441
162,91,17442
163,91,17443
164,91,17444
165,91,17445
166,91,17446
167,91,17447
168,91,17448
169,91,17449
170,91,17450
171,91,17451
172,91,17452
173,91,17453
174,91,17454
175,91,17455
176,91,17456
177,91,17457
178,91,17458
179,91,17459
180,91,17460
181,91,17461
182,91,17462
183,91,17463
184,91,17464
185,91,17465
186,91,17466
187,91,17467
188,91,17468
189,91,17469
190,91,17470
191,91,17471
192,91,17472
1,92,17473
2,92,17474
3,92,17475
4,92,17476
5,92,17477
6,92,17478
7,92,17479
8,92,17480
9,92,17481
10,92,17482
11,92,17483
12,92,17484
13,92,17485
14,92,17486
15,92,17487
16,92,17488
17,92,17489
18,92,17490
19,92,17491
20,92,17492
21,92,17493
22,92,17494
23,92,17495
24,92,17496
25,92,17497
26,92,17498
27,92,17499
28,92,17500
29,92,17501
30,92,17502
31,92,17503
32,92,17504
33,92,17505
34,92,17506
35,92,17507
36,92,17508
37,92,17509
38,92,17510
39,92,17511
40,92,17512
41,92,17513
42,92,17514
43,92,17515
44,92,17516
45,92,17517
46,92,17518
47,92,17519
48,92,17520
49,92,17521
50,92,17522
51,92,17523
52,92,17524
53,92,17525
54,92,17526
55,92,17527
56,92,17528
57,92,17529
58,92,17530
59,92,17531
60,92,17532
61,92,17533
62,92,17534
63,92,17535
64,92,17536
65,92,17537
66,92,17538
67,92,17539
68,92,17540
69,92,17541
70,92,17542
71,92,17543
72,92,17544
73,92,17545
74,92,17546
75,92,17547
76,92,17548
77,92,17549
78,92,17550
79,92,17551
80,92,17552
81,92,17553
82,92,17554
83,92,17555
84,92,17556
85,92,17557
86,92,17558
87,92,17559
88,92,17560
89,92,17561
90,92,17562
91,92,17563
92,92,17564
93,92,17565
94,92,17566
95,92,17567
96,92,17568
97,92,17569
98,92,17570
99,92,17571
100,92,17572
101,92,17573
102,92,17574
103,92,17575
104,92,17576
105,92,17577
106,92,17578
107,92,17579
108,92,17580
109,92,17581
110,92,17582
111,92,17583
112,92,17584
113,92,17585
114,92,17586
115,92,17587
116,92,17588
117,92,17589
118,92,17590
119,92,17591
120,92,17592
121,92,17593
122,92,17594
123,92,17595
124,92,17596
125,92,17597
126,92,17598
127,92,17599
128,92,17600
129,92,17601
130,92,17602
131,92,17603
132,92,17604
133,92,17605
134,92,17606
135,92,17607
136,92,17608
137,92,17609
138,92,17610
139,92,17611
140,92,17612
141,92,17613
142,92,17614
143,92,17615
144,92,17616
145,92,17617
146,92,17618
147,92,17619
148,92,17620
149,92,17621
150,92,17622
151,92,17623
152,92,17624
153,92,17625
154,92,17626
155,92,17627
156,92,17628
157,92,17629
158,92,17630
159,92,17631
160,92,17632
161,92,17633
162,92,17634
163,92,17635
164,92,17636
165,92,17637
166,92,17638
167,92,17639
168,92,17640
169,92,17641
170,92,17642
171,92,17643
172,92,17644
173,92,17645
174,92,17646
175,92,17647
176,92,17648
177,92,17649
178,92,17650
179,92,17651
180,92,17652
181,92,17653
182,92,17654
183,92,17655
184,92,17656
185,92,17657
186,92,17658
187,92,17659
188,92,17660
189,92,17661
190,92,17662
191,92,17663
192,92,17664
1,93,17665
2,93,17666
3,93,17667
4,93,17668
5,93,17669
6,93,17670
7,93,17671
8,93,17672
9,93,17673
10,93,17674
11,93,17675
12,93,17676
13,93,17677
14,93,17678
15,93,17679
16,93,17680
17,93,17681
18,93,17682
19,93,17683
20,93,17684
21,93,17685
22,93,17686
23,93,17687
24,93,17688
25,93,17689
26,93,17690
27,93,17691
28,93,17692
29,93,17693
30,93,17694
31,93,17695
32,93,17696
33,93,17697
34,93,17698
35,93,17699
36,93,17700
37,93,17701
38,93,17702
39,93,17703
40,93,17704
41,93,17705
42,93,17706
43,93,17707
44,93,17708
45,93,17709
46,93,17710
47,93,17711
48,93,17712
49,93,17713
50,93,17714
51,93,17715
52,93,17716
53,93,17717
54,93,17718
55,93,17719
56,93,17720
57,93,17721
58,93,17722
59,93,17723
60,93,17724
61,93,17725
62,93,17726
63,93,17727
64,93,17728
65,93,17729
66,93,17730
67,93,17731
68,93,17732
69,93,17733
70,93,17734
71,93,17735
72,93,17736
73,93,17737
74,93,17738
75,93,17739
76,93,17740
77,93,17741
78,93,17742
79,93,17743
80,93,17744
81,93,17745
82,93,17746
83,93,17747
84,93,17748
85,93,17749
86,93,17750
87,93,17751
88,93,17752
89,93,17753
90,93,17754
91,93,17755
92,93,17756
93,93,17757
94,93,17758
95,93,17759
96,93,17760
97,93,17761
98,93,17762
99,93,17763
100,93,17764
101,93,17765
102,93,17766
103,93,17767
104,93,17768
105,93,17769
106,93,17770
107,93,17771
108,93,17772
109,93,17773
110,93,17774
111,93,17775
112,93,17776
113,93,17777
114,93,17778
115,93,17779
116,93,17780
117,93,17781
118,93,17782
119,93,17783
120,93,17784
121,93,17785
122,93,17786
123,93,17787
124,93,17788
125,93,17789
126,93,17790
127,93,17791
128,93,17792
129,93,17793
130,93,17794
131,93,17795
132,93,17796
133,93,17797
134,93,17798
135,93,17799
136,93,17800
137,93,17801
138,93,17802
139,93,17803
140,93,17804
141,93,17805
142,93,17806
143,93,17807
144,93,17808
145,93,17809
146,93,17810
147,93,17811
148,93,17812
149,93,17813
150,93,17814
151,93,17815
152,93,17816
153,93,17817
154,93,17818
155,93,17819
156,93,17820
157,93,17821
158,93,17822
159,93,17823
160,93,17824
161,93,17825
162,93,17826
163,93,17827
164,93,17828
165,93,17829
166,93,17830
167,93,17831
168,93,17832
169,93,17833
170,93,17834
171,93,17835
172,93,17836
173,93,17837
174,93,17838
175,93,17839
176,93,17840
177,93,17841
178,93,17842
179,93,17843
180,93,17844
181,93,17845
182,93,17846
183,93,17847
184,93,17848
185,93,17849
186,93,17850
187,93,17851
188,93,17852
189,93,17853
190,93,17854
191,93,17855
192,93,17856
1,94,17857
2,94,17858
3,94,17859
4,94,17860
5,94,17861
6,94,17862
7,94,17863
8,94,17864
9,94,17865
10,94,17866
11,94,17867
12,94,17868
13,94,17869
14,94,17870
15,94,17871
16,94,17872
17,94,17873
18,94,17874
19,94,17875
20,94,17876
21,94,17877
22,94,17878
23,94,17879
24,94,17880
25,94,17881
26,94,17882
27,94,17883
28,94,17884
29,94,17885
30,94,17886
31,94,17887
32,94,17888
33,94,17889
34,94,17890
35,94,17891
36,94,17892
37,94,17893
38,94,17894
39,94,17895
40,94,17896
41,94,17897
42,94,17898
43,94,17899
44,94,17900
45,94,17901
46,94,17902
47,94,17903
48,94,17904
49,94,17905
50,94,17906
51,94,17907
52,94,17908
53,94,17909
54,94,17910
55,94,17911
56,94,17912
57,94,17913
58,94,17914
59,94,17915
60,94,17916
61,94,17917
62,94,17918
63,94,17919
64,94,17920
65,94,17921
66,94,17922
67,94,17923
68,94,17924
69,94,17925
70,94,17926
71,94,17927
72,94,17928
73,94,17929
74,94,17930
75,94,17931
76,94,17932
77,94,17933
78,94,17934
79,94,17935
80,94,17936
81,94,17937
82,94,17938
83,94,17939
84,94,17940
85,94,17941
86,94,17942
87,94,17943
88,94,17944
89,94,17945
90,94,17946
91,94,17947
92,94,17948
93,94,17949
94,94,17950
95,94,17951
96,94,17952
97,94,17953
98,94,17954
99,94,17955
100,94,17956
101,94,17957
102,94,17958
103,94,17959
104,94,17960
105,94,17961
106,94,17962
107,94,17963
108,94,17964
109,94,17965
110,94,17966
111,94,17967
112,94,17968
113,94,17969
114,94,17970
115,94,17971
116,94,17972
117,94,17973
118,94,17974
119,94,17975
120,94,17976
121,94,17977
122,94,17978
123,94,17979
124,94,17980
125,94,17981
126,94,17982
127,94,17983
128,94,17984
129,94,17985
130,94,17986
131,94,17987
132,94,17988
133,94,17989
134,94,17990
135,94,17991
136,94,17992
137,94,17993
138,94,17994
139,94,17995
140,94,17996
141,94,17997
142,94,17998
143,94,17999
144,94,18000
145,94,18001
146,94,18002
147,94,18003
148,94,18004
149,94,18005
150,94,18006
151,94,18007
152,94,18008
153,94,18009
154,94,18010
155,94,18011
156,94,18012
157,94,18013
158,94,18014
159,94,18015
160,94,18016
161,94,18017
162,94,18018
163,94,18019
164,94,18020
165,94,18021
166,94,18022
167,94,18023
168,94,18024
169,94,18025
170,94,18026
171,94,18027
172,94,18028
173,94,18029
174,94,18030
175,94,18031
176,94,18032
177,94,18033
178,94,18034
179,94,18035
180,94,18036
181,94,18037
182,94,18038
183,94,18039
184,94,18040
185,94,18041
186,94,18042
187,94,18043
188,94,18044
189,94,18045
190,94,18046
191,94,18047
192,94,18048
1,95,18049
2,95,18050
3,95,18051
4,95,18052
5,95,18053
6,95,18054
7,95,18055
8,95,18056
9,95,18057
10,95,18058
11,95,18059
12,95,18060
13,95,18061
14,95,18062
15,95,18063
16,95,18064
17,95,18065
18,95,18066
19,95,18067
20,95,18068
21,95,18069
22,95,18070
23,95,18071
24,95,18072
25,95,18073
26,95,18074
27,95,18075
28,95,18076
29,95,18077
30,95,18078
31,95,18079
32,95,18080
33,95,18081
34,95,18082
35,95,18083
36,95,18084
37,95,18085
38,95,18086
39,95,18087
40,95,18088
41,95,18089
42,95,18090
43,95,18091
44,95,18092
45,95,18093
46,95,18094
47,95,18095
48,95,18096
49,95,18097
50,95,18098
51,95,18099
52,95,18100
53,95,18101
54,95,18102
55,95,18103
56,95,18104
57,95,18105
58,95,18106
59,95,18107
60,95,18108
61,95,18109
62,95,18110
63,95,18111
64,95,18112
65,95,18113
66,95,18114
67,95,18115
68,95,18116
69,95,18117
70,95,18118
71,95,18119
72,95,18120
73,95,18121
74,95,18122
75,95,18123
76,95,18124
77,95,18125
78,95,18126
79,95,18127
80,95,18128
81,95,18129
82,95,18130
83,95,18131
84,95,18132
85,95,18133
86,95,18134
87,95,18135
88,95,18136
89,95,18137
90,95,18138
91,95,18139
92,95,18140
93,95,18141
94,95,18142
95,95,18143
96,95,18144
97,95,18145
98,95,18146
99,95,18147
100,95,18148
101,95,18149
102,95,18150
103,95,18151
104,95,18152
105,95,18153
106,95,18154
107,95,18155
108,95,18156
109,95,18157
110,95,18158
111,95,18159
112,95,18160
113,95,18161
114,95,18162
115,95,18163
116,95,18164
117,95,18165
118,95,18166
119,95,18167
120,95,18168
121,95,18169
122,95,18170
123,95,18171
124,95,18172
125,95,18173
126,95,18174
127,95,18175
128,95,18176
129,95,18177
130,95,18178
131,95,18179
132,95,18180
133,95,18181
134,95,18182
135,95,18183
136,95,18184
137,95,18185
138,95,18186
139,95,18187
140,95,18188
141,95,18189
142,95,18190
143,95,18191
144,95,18192
145,95,18193
146,95,18194
147,95,18195
148,95,18196
149,95,18197
150,95,18198
151,95,18199
152,95,18200
153,95,18201
154,95,18202
155,95,18203
156,95,18204
157,95,18205
158,95,18206
159,95,18207
160,95,18208
161,95,18209
162,95,18210
163,95,18211
164,95,18212
165,95,18213
166,95,18214
167,95,18215
168,95,18216
169,95,18217
170,95,18218
171,95,18219
172,95,18220
173,95,18221
174,95,18222
175,95,18223
176,95,18224
177,95,18225
178,95,18226
179,95,18227
180,95,18228
181,95,18229
182,95,18230
183,95,18231
184,95,18232
185,95,18233
186,95,18234
187,95,18235
188,95,18236
189,95,18237
190,95,18238
191,95,18239
192,95,18240
1,96,18241
2,96,18242
3,96,18243
4,96,18244
5,96,18245
6,96,18246
7,96,18247
8,96,18248
9,96,18249
10,96,18250
11,96,18251
12,96,18252
13,96,18253
14,96,18254
15,96,18255
16,96,18256
17,96,18257
18,96,18258
19,96,18259
20,96,18260
21,96,18261
22,96,18262
23,96,18263
24,96,18264
25,96,18265
26,96,18266
27,96,18267
28,96,18268
29,96,18269
30,96,18270
31,96,18271
32,96,18272
33,96,18273
34,96,18274
35,96,18275
36,96,18276
37,96,18277
38,96,18278
39,96,18279
40,96,18280
41,96,18281
42,96,18282
43,96,18283
44,96,18284
45,96,18285
46,96,18286
47,96,18287
48,96,18288
49,96,18289
50,96,18290
51,96,18291
52,96,18292
53,96,18293
54,96,18294
55,96,18295
56,96,18296
57,96,18297
58,96,18298
59,96,18299
60,96,18300
61,96,18301
62,96,18302
63,96,18303
64,96,18304
65,96,18305
66,96,18306
67,96,18307
68,96,18308
69,96,18309
70,96,18310
71,96,18311
72,96,18312
73,96,18313
74,96,18314
75,96,18315
76,96,18316
77,96,18317
78,96,18318
79,96,18319
80,96,18320
81,96,18321
82,96,18322
83,96,18323
84,96,18324
85,96,18325
86,96,18326
87,96,18327
88,96,18328
89,96,18329
90,96,18330
91,96,18331
92,96,18332
93,96,18333
94,96,18334
95,96,18335
96,96,18336
97,96,18337
98,96,18338
99,96,18339
100,96,18340
101,96,18341
102,96,18342
103,96,18343
104,96,18344
105,96,18345
106,96,18346
107,96,18347
108,96,18348
109,96,18349
110,96,18350
111,96,18351
112,96,18352
113,96,18353
114,96,18354
115,96,18355
116,96,18356
117,96,18357
118,96,18358
119,96,18359
120,96,18360
121,96,18361
122,96,18362
123,96,18363
124,96,18364
125,96,18365
126,96,18366
127,96,18367
128,96,18368
129,96,18369
130,96,18370
131,96,18371
132,96,18372
133,96,18373
134,96,18374
135,96,18375
136,96,18376
137,96,18377
138,96,18378
139,96,18379
140,96,18380
141,96,18381
142,96,18382
143,96,18383
144,96,18384
145,96,18385
146,96,18386
147,96,18387
148,96,18388
149,96,18389
150,96,18390
151,96,18391
152,96,18392
153,96,18393
154,96,18394
155,96,18395
156,96,18396
157,96,18397
158,96,18398
159,96,18399
160,96,18400
161,96,18401
162,96,18402
163,96,18403
164,96,18404
165,96,18405
166,96,18406
167,96,18407
168,96,18408
169,96,18409
170,96,18410
171,96,18411
172,96,18412
173,96,18413
174,96,18414
175,96,18415
176,96,18416
177,96,18417
178,96,18418
179,96,18419
180,96,18420
181,96,18421
182,96,18422
183,96,18423
184,96,18424
185,96,18425
186,96,18426
187,96,18427
188,96,18428
189,96,18429
190,96,18430
191,96,18431
192,96,18432
1,97,18433
2,97,18434
3,97,18435
4,97,18436
5,97,18437
6,97,18438
7,97,18439
8,97,18440
9,97,18441
10,97,18442
11,97,18443
12,97,18444
13,97,18445
14,97,18446
15,97,18447
16,97,18448
17,97,18449
18,97,18450
19,97,18451
20,97,18452
21,97,18453
22,97,18454
23,97,18455
24,97,18456
25,97,18457
26,97,18458
27,97,18459
28,97,18460
29,97,18461
30,97,18462
31,97,18463
32,97,18464
33,97,18465
34,97,18466
35,97,18467
36,97,18468
37,97,18469
38,97,18470
39,97,18471
40,97,18472
41,97,18473
42,97,18474
43,97,18475
44,97,18476
45,97,18477
46,97,18478
47,97,18479
48,97,18480
49,97,18481
50,97,18482
51,97,18483
52,97,18484
53,97,18485
54,97,18486
55,97,18487
56,97,18488
57,97,18489
58,97,18490
59,97,18491
60,97,18492
61,97,18493
62,97,18494
63,97,18495
64,97,18496
65,97,18497
66,97,18498
67,97,18499
68,97,18500
69,97,18501
70,97,18502
71,97,18503
72,97,18504
73,97,18505
74,97,18506
75,97,18507
76,97,18508
77,97,18509
78,97,18510
79,97,18511
80,97,18512
81,97,18513
82,97,18514
83,97,18515
84,97,18516
85,97,18517
86,97,18518
87,97,18519
88,97,18520
89,97,18521
90,97,18522
91,97,18523
92,97,18524
93,97,18525
94,97,18526
95,97,18527
96,97,18528
97,97,18529
98,97,18530
99,97,18531
100,97,18532
101,97,18533
102,97,18534
103,97,18535
104,97,18536
105,97,18537
106,97,18538
107,97,18539
108,97,18540
109,97,18541
110,97,18542
111,97,18543
112,97,18544
113,97,18545
114,97,18546
115,97,18547
116,97,18548
117,97,18549
118,97,18550
119,97,18551
120,97,18552
121,97,18553
122,97,18554
123,97,18555
124,97,18556
125,97,18557
126,97,18558
127,97,18559
128,97,18560
129,97,18561
130,97,18562
131,97,18563
132,97,18564
133,97,18565
134,97,18566
135,97,18567
136,97,18568
137,97,18569
138,97,18570
139,97,18571
140,97,18572
141,97,18573
142,97,18574
143,97,18575
144,97,18576
145,97,18577
146,97,18578
147,97,18579
148,97,18580
149,97,18581
150,97,18582
151,97,18583
152,97,18584
153,97,18585
154,97,18586
155,97,18587
156,97,18588
157,97,18589
158,97,18590
159,97,18591
160,97,18592
161,97,18593
162,97,18594
163,97,18595
164,97,18596
165,97,18597
166,97,18598
167,97,18599
168,97,18600
169,97,18601
170,97,18602
171,97,18603
172,97,18604
173,97,18605
174,97,18606
175,97,18607
176,97,18608
177,97,18609
178,97,18610
179,97,18611
180,97,18612
181,97,18613
182,97,18614
183,97,18615
184,97,18616
185,97,18617
186,97,18618
187,97,18619
188,97,18620
189,97,18621
190,97,18622
191,97,18623
192,97,18624
1,98,18625
2,98,18626
3,98,18627
4,98,18628
5,98,18629
6,98,18630
7,98,18631
8,98,18632
9,98,18633
10,98,18634
11,98,18635
12,98,18636
13,98,18637
14,98,18638
15,98,18639
16,98,18640
17,98,18641
18,98,18642
19,98,18643
20,98,18644
21,98,18645
22,98,18646
23,98,18647
24,98,18648
25,98,18649
26,98,18650
27,98,18651
28,98,18652
29,98,18653
30,98,18654
31,98,18655
32,98,18656
33,98,18657
34,98,18658
35,98,18659
36,98,18660
37,98,18661
38,98,18662
39,98,18663
40,98,18664
41,98,18665
42,98,18666
43,98,18667
44,98,18668
45,98,18669
46,98,18670
47,98,18671
48,98,18672
49,98,18673
50,98,18674
51,98,18675
52,98,18676
53,98,18677
54,98,18678
55,98,18679
56,98,18680
57,98,18681
58,98,18682
59,98,18683
60,98,18684
61,98,18685
62,98,18686
63,98,18687
64,98,18688
65,98,18689
66,98,18690
67,98,18691
68,98,18692
69,98,18693
70,98,18694
71,98,18695
72,98,18696
73,98,18697
74,98,18698
75,98,18699
76,98,18700
77,98,18701
78,98,18702
79,98,18703
80,98,18704
81,98,18705
82,98,18706
83,98,18707
84,98,18708
85,98,18709
86,98,18710
87,98,18711
88,98,18712
89,98,18713
90,98,18714
91,98,18715
92,98,18716
93,98,18717
94,98,18718
95,98,18719
96,98,18720
97,98,18721
98,98,18722
99,98,18723
100,98,18724
101,98,18725
102,98,18726
103,98,18727
104,98,18728
105,98,18729
106,98,18730
107,98,18731
108,98,18732
109,98,18733
110,98,18734
111,98,18735
112,98,18736
113,98,18737
114,98,18738
115,98,18739
116,98,18740
117,98,18741
118,98,18742
119,98,18743
120,98,18744
121,98,18745
122,98,18746
123,98,18747
124,98,18748
125,98,18749
126,98,18750
127,98,18751
128,98,18752
129,98,18753
130,98,18754
131,98,18755
132,98,18756
133,98,18757
134,98,18758
135,98,18759
136,98,18760
137,98,18761
138,98,18762
139,98,18763
140,98,18764
141,98,18765
142,98,18766
143,98,18767
144,98,18768
145,98,18769
146,98,18770
147,98,18771
148,98,18772
149,98,18773
150,98,18774
151,98,18775
152,98,18776
153,98,18777
154,98,18778
155,98,18779
156,98,18780
157,98,18781
158,98,18782
159,98,18783
160,98,18784
161,98,18785
162,98,18786
163,98,18787
164,98,18788
165,98,18789
166,98,18790
167,98,18791
168,98,18792
169,98,18793
170,98,18794
171,98,18795
172,98,18796
173,98,18797
174,98,18798
175,98,18799
176,98,18800
177,98,18801
178,98,18802
179,98,18803
180,98,18804
181,98,18805
182,98,18806
183,98,18807
184,98,18808
185,98,18809
186,98,18810
187,98,18811
188,98,18812
189,98,18813
190,98,18814
191,98,18815
192,98,18816
1,99,18817
2,99,18818
3,99,18819
4,99,18820
5,99,18821
6,99,18822
7,99,18823
8,99,18824
9,99,18825
10,99,18826
11,99,18827
12,99,18828
13,99,18829
14,99,18830
15,99,18831
16,99,18832
17,99,18833
18,99,18834
19,99,18835
20,99,18836
21,99,18837
22,99,18838
23,99,18839
24,99,18840
25,99,18841
26,99,18842
27,99,18843
28,99,18844
29,99,18845
30,99,18846
31,99,18847
32,99,18848
33,99,18849
34,99,18850
35,99,18851
36,99,18852
37,99,18853
38,99,18854
39,99,18855
40,99,18856
41,99,18857
42,99,18858
43,99,18859
44,99,18860
45,99,18861
46,99,18862
47,99,18863
48,99,18864
49,99,18865
50,99,18866
51,99,18867
52,99,18868
53,99,18869
54,99,18870
55,99,18871
56,99,18872
57,99,18873
58,99,18874
59,99,18875
60,99,18876
61,99,18877
62,99,18878
63,99,18879
64,99,18880
65,99,18881
66,99,18882
67,99,18883
68,99,18884
69,99,18885
70,99,18886
71,99,18887
72,99,18888
73,99,18889
74,99,18890
75,99,18891
76,99,18892
77,99,18893
78,99,18894
79,99,18895
80,99,18896
81,99,18897
82,99,18898
83,99,18899
84,99,18900
85,99,18901
86,99,18902
87,99,18903
88,99,18904
89,99,18905
90,99,18906
91,99,18907
92,99,18908
93,99,18909
94,99,18910
95,99,18911
96,99,18912
97,99,18913
98,99,18914
99,99,18915
100,99,18916
101,99,18917
102,99,18918
103,99,18919
104,99,18920
105,99,18921
106,99,18922
107,99,18923
108,99,18924
109,99,18925
110,99,18926
111,99,18927
112,99,18928
113,99,18929
114,99,18930
115,99,18931
116,99,18932
117,99,18933
118,99,18934
119,99,18935
120,99,18936
121,99,18937
122,99,18938
123,99,18939
124,99,18940
125,99,18941
126,99,18942
127,99,18943
128,99,18944
129,99,18945
130,99,18946
131,99,18947
132,99,18948
133,99,18949
134,99,18950
135,99,18951
136,99,18952
137,99,18953
138,99,18954
139,99,18955
140,99,18956
141,99,18957
142,99,18958
143,99,18959
144,99,18960
145,99,18961
146,99,18962
147,99,18963
148,99,18964
149,99,18965
150,99,18966
151,99,18967
152,99,18968
153,99,18969
154,99,18970
155,99,18971
156,99,18972
157,99,18973
158,99,18974
159,99,18975
160,99,18976
161,99,18977
162,99,18978
163,99,18979
164,99,18980
165,99,18981
166,99,18982
167,99,18983
168,99,18984
169,99,18985
170,99,18986
171,99,18987
172,99,18988
173,99,18989
174,99,18990
175,99,18991
176,99,18992
177,99,18993
178,99,18994
179,99,18995
180,99,18996
181,99,18997
182,99,18998
183,99,18999
184,99,19000
185,99,19001
186,99,19002
187,99,19003
188,99,19004
189,99,19005
190,99,19006
191,99,19007
192,99,19008
1,100,19009
2,100,19010
3,100,19011
4,100,19012
5,100,19013
6,100,19014
7,100,19015
8,100,19016
9,100,19017
10,100,19018
11,100,19019
12,100,19020
13,100,19021
14,100,19022
15,100,19023
16,100,19024
17,100,19025
18,100,19026
19,100,19027
20,100,19028
21,100,19029
22,100,19030
23,100,19031
24,100,19032
25,100,19033
26,100,19034
27,100,19035
28,100,19036
29,100,19037
30,100,19038
31,100,19039
32,100,19040
33,100,19041
34,100,19042
35,100,19043
36,100,19044
37,100,19045
38,100,19046
39,100,19047
40,100,19048
41,100,19049
42,100,19050
43,100,19051
44,100,19052
45,100,19053
46,100,19054
47,100,19055
48,100,19056
49,100,19057
50,100,19058
51,100,19059
52,100,19060
53,100,19061
54,100,19062
55,100,19063
56,100,19064
57,100,19065
58,100,19066
59,100,19067
60,100,19068
61,100,19069
62,100,19070
63,100,19071
64,100,19072
65,100,19073
66,100,19074
67,100,19075
68,100,19076
69,100,19077
70,100,19078
71,100,19079
72,100,19080
73,100,19081
74,100,19082
75,100,19083
76,100,19084
77,100,19085
78,100,19086
79,100,19087
80,100,19088
81,100,19089
82,100,19090
83,100,19091
84,100,19092
85,100,19093
86,100,19094
87,100,19095
88,100,19096
89,100,19097
90,100,19098
91,100,19099
92,100,19100
93,100,19101
94,100,19102
95,100,19103
96,100,19104
97,100,19105
98,100,19106
99,100,19107
100,100,19108
101,100,19109
102,100,19110
103,100,19111
104,100,19112
105,100,19113
106,100,19114
107,100,19115
108,100,19116
109,100,19117
110,100,19118
111,100,19119
112,100,19120
113,100,19121
114,100,19122
115,100,19123
116,100,19124
117,100,19125
118,100,19126
119,100,19127
120,100,19128
121,100,19129
122,100,19130
123,100,19131
124,100,19132
125,100,19133
126,100,19134
127,100,19135
128,100,19136
129,100,19137
130,100,19138
131,100,19139
132,100,19140
133,100,19141
134,100,19142
135,100,19143
136,100,19144
137,100,19145
138,100,19146
139,100,19147
140,100,19148
141,100,19149
142,100,19150
143,100,19151
144,100,19152
145,100,19153
146,100,19154
147,100,19155
148,100,19156
149,100,19157
150,100,19158
151,100,19159
152,100,19160
153,100,19161
154,100,19162
155,100,19163
156,100,19164
157,100,19165
158,100,19166
159,100,19167
160,100,19168
161,100,19169
162,100,19170
163,100,19171
164,100,19172
165,100,19173
166,100,19174
167,100,19175
168,100,19176
169,100,19177
170,100,19178
171,100,19179
172,100,19180
173,100,19181
174,100,19182
175,100,19183
176,100,19184
177,100,19185
178,100,19186
179,100,19187
180,100,19188
181,100,19189
182,100,19190
183,100,19191
184,100,19192
185,100,19193
186,100,19194
187,100,19195
188,100,19196
189,100,19197
190,100,19198
191,100,19199
192,100,19200
1,101,19201
2,101,19202
3,101,19203
4,101,19204
5,101,19205
6,101,19206
7,101,19207
8,101,19208
9,101,19209
10,101,19210
11,101,19211
12,101,19212
13,101,19213
14,101,19214
15,101,19215
16,101,19216
17,101,19217
18,101,19218
19,101,19219
20,101,19220
21,101,19221
22,101,19222
23,101,19223
24,101,19224
25,101,19225
26,101,19226
27,101,19227
28,101,19228
29,101,19229
30,101,19230
31,101,19231
32,101,19232
33,101,19233
34,101,19234
35,101,19235
36,101,19236
37,101,19237
38,101,19238
39,101,19239
40,101,19240
41,101,19241
42,101,19242
43,101,19243
44,101,19244
45,101,19245
46,101,19246
47,101,19247
48,101,19248
49,101,19249
50,101,19250
51,101,19251
52,101,19252
53,101,19253
54,101,19254
55,101,19255
56,101,19256
57,101,19257
58,101,19258
59,101,19259
60,101,19260
61,101,19261
62,101,19262
63,101,19263
64,101,19264
65,101,19265
66,101,19266
67,101,19267
68,101,19268
69,101,19269
70,101,19270
71,101,19271
72,101,19272
73,101,19273
74,101,19274
75,101,19275
76,101,19276
77,101,19277
78,101,19278
79,101,19279
80,101,19280
81,101,19281
82,101,19282
83,101,19283
84,101,19284
85,101,19285
86,101,19286
87,101,19287
88,101,19288
89,101,19289
90,101,19290
91,101,19291
92,101,19292
93,101,19293
94,101,19294
95,101,19295
96,101,19296
97,101,19297
98,101,19298
99,101,19299
100,101,19300
101,101,19301
102,101,19302
103,101,19303
104,101,19304
105,101,19305
106,101,19306
107,101,19307
108,101,19308
109,101,19309
110,101,19310
111,101,19311
112,101,19312
113,101,19313
114,101,19314
115,101,19315
116,101,19316
117,101,19317
118,101,19318
119,101,19319
120,101,19320
121,101,19321
122,101,19322
123,101,19323
124,101,19324
125,101,19325
126,101,19326
127,101,19327
128,101,19328
129,101,19329
130,101,19330
131,101,19331
132,101,19332
133,101,19333
134,101,19334
135,101,19335
136,101,19336
137,101,19337
138,101,19338
139,101,19339
140,101,19340
141,101,19341
142,101,19342
143,101,19343
144,101,19344
145,101,19345
146,101,19346
147,101,19347
148,101,19348
149,101,19349
150,101,19350
151,101,19351
152,101,19352
153,101,19353
154,101,19354
155,101,19355
156,101,19356
157,101,19357
158,101,19358
159,101,19359
160,101,19360
161,101,19361
162,101,19362
163,101,19363
164,101,19364
165,101,19365
166,101,19366
167,101,19367
168,101,19368
169,101,19369
170,101,19370
171,101,19371
172,101,19372
173,101,19373
174,101,19374
175,101,19375
176,101,19376
177,101,19377
178,101,19378
179,101,19379
180,101,19380
181,101,19381
182,101,19382
183,101,19383
184,101,19384
185,101,19385
186,101,19386
187,101,19387
188,101,19388
189,101,19389
190,101,19390
191,101,19391
192,101,19392
1,102,19393
2,102,19394
3,102,19395
4,102,19396
5,102,19397
6,102,19398
7,102,19399
8,102,19400
9,102,19401
10,102,19402
11,102,19403
12,102,19404
13,102,19405
14,102,19406
15,102,19407
16,102,19408
17,102,19409
18,102,19410
19,102,19411
20,102,19412
21,102,19413
22,102,19414
23,102,19415
24,102,19416
25,102,19417
26,102,19418
27,102,19419
28,102,19420
29,102,19421
30,102,19422
31,102,19423
32,102,19424
33,102,19425
34,102,19426
35,102,19427
36,102,19428
37,102,19429
38,102,19430
39,102,19431
40,102,19432
41,102,19433
42,102,19434
43,102,19435
44,102,19436
45,102,19437
46,102,19438
47,102,19439
48,102,19440
49,102,19441
50,102,19442
51,102,19443
52,102,19444
53,102,19445
54,102,19446
55,102,19447
56,102,19448
57,102,19449
58,102,19450
59,102,19451
60,102,19452
61,102,19453
62,102,19454
63,102,19455
64,102,19456
65,102,19457
66,102,19458
67,102,19459
68,102,19460
69,102,19461
70,102,19462
71,102,19463
72,102,19464
73,102,19465
74,102,19466
75,102,19467
76,102,19468
77,102,19469
78,102,19470
79,102,19471
80,102,19472
81,102,19473
82,102,19474
83,102,19475
84,102,19476
85,102,19477
86,102,19478
87,102,19479
88,102,19480
89,102,19481
90,102,19482
91,102,19483
92,102,19484
93,102,19485
94,102,19486
95,102,19487
96,102,19488
97,102,19489
98,102,19490
99,102,19491
100,102,19492
101,102,19493
102,102,19494
103,102,19495
104,102,19496
105,102,19497
106,102,19498
107,102,19499
108,102,19500
109,102,19501
110,102,19502
111,102,19503
112,102,19504
113,102,19505
114,102,19506
115,102,19507
116,102,19508
117,102,19509
118,102,19510
119,102,19511
120,102,19512
121,102,19513
122,102,19514
123,102,19515
124,102,19516
125,102,19517
126,102,19518
127,102,19519
128,102,19520
129,102,19521
130,102,19522
131,102,19523
132,102,19524
133,102,19525
134,102,19526
135,102,19527
136,102,19528
137,102,19529
138,102,19530
139,102,19531
140,102,19532
141,102,19533
142,102,19534
143,102,19535
144,102,19536
145,102,19537
146,102,19538
147,102,19539
148,102,19540
149,102,19541
150,102,19542
151,102,19543
152,102,19544
153,102,19545
154,102,19546
155,102,19547
156,102,19548
157,102,19549
158,102,19550
159,102,19551
160,102,19552
161,102,19553
162,102,19554
163,102,19555
164,102,19556
165,102,19557
166,102,19558
167,102,19559
168,102,19560
169,102,19561
170,102,19562
171,102,19563
172,102,19564
173,102,19565
174,102,19566
175,102,19567
176,102,19568
177,102,19569
178,102,19570
179,102,19571
180,102,19572
181,102,19573
182,102,19574
183,102,19575
184,102,19576
185,102,19577
186,102,19578
187,102,19579
188,102,19580
189,102,19581
190,102,19582
191,102,19583
192,102,19584
1,103,19585
2,103,19586
3,103,19587
4,103,19588
5,103,19589
6,103,19590
7,103,19591
8,103,19592
9,103,19593
10,103,19594
11,103,19595
12,103,19596
13,103,19597
14,103,19598
15,103,19599
16,103,19600
17,103,19601
18,103,19602
19,103,19603
20,103,19604
21,103,19605
22,103,19606
23,103,19607
24,103,19608
25,103,19609
26,103,19610
27,103,19611
28,103,19612
29,103,19613
30,103,19614
31,103,19615
32,103,19616
33,103,19617
34,103,19618
35,103,19619
36,103,19620
37,103,19621
38,103,19622
39,103,19623
40,103,19624
41,103,19625
42,103,19626
43,103,19627
44,103,19628
45,103,19629
46,103,19630
47,103,19631
48,103,19632
49,103,19633
50,103,19634
51,103,19635
52,103,19636
53,103,19637
54,103,19638
55,103,19639
56,103,19640
57,103,19641
58,103,19642
59,103,19643
60,103,19644
61,103,19645
62,103,19646
63,103,19647
64,103,19648
65,103,19649
66,103,19650
67,103,19651
68,103,19652
69,103,19653
70,103,19654
71,103,19655
72,103,19656
73,103,19657
74,103,19658
75,103,19659
76,103,19660
77,103,19661
78,103,19662
79,103,19663
80,103,19664
81,103,19665
82,103,19666
83,103,19667
84,103,19668
85,103,19669
86,103,19670
87,103,19671
88,103,19672
89,103,19673
90,103,19674
91,103,19675
92,103,19676
93,103,19677
94,103,19678
95,103,19679
96,103,19680
97,103,19681
98,103,19682
99,103,19683
100,103,19684
101,103,19685
102,103,19686
103,103,19687
104,103,19688
105,103,19689
106,103,19690
107,103,19691
108,103,19692
109,103,19693
110,103,19694
111,103,19695
112,103,19696
113,103,19697
114,103,19698
115,103,19699
116,103,19700
117,103,19701
118,103,19702
119,103,19703
120,103,19704
121,103,19705
122,103,19706
123,103,19707
124,103,19708
125,103,19709
126,103,19710
127,103,19711
128,103,19712
129,103,19713
130,103,19714
131,103,19715
132,103,19716
133,103,19717
134,103,19718
135,103,19719
136,103,19720
137,103,19721
138,103,19722
139,103,19723
140,103,19724
141,103,19725
142,103,19726
143,103,19727
144,103,19728
145,103,19729
146,103,19730
147,103,19731
148,103,19732
149,103,19733
150,103,19734
151,103,19735
152,103,19736
153,103,19737
154,103,19738
155,103,19739
156,103,19740
157,103,19741
158,103,19742
159,103,19743
160,103,19744
161,103,19745
162,103,19746
163,103,19747
164,103,19748
165,103,19749
166,103,19750
167,103,19751
168,103,19752
169,103,19753
170,103,19754
171,103,19755
172,103,19756
173,103,19757
174,103,19758
175,103,19759
176,103,19760
177,103,19761
178,103,19762
179,103,19763
180,103,19764
181,103,19765
182,103,19766
183,103,19767
184,103,19768
185,103,19769
186,103,19770
187,103,19771
188,103,19772
189,103,19773
190,103,19774
191,103,19775
192,103,19776
1,104,19777
2,104,19778
3,104,19779
4,104,19780
5,104,19781
6,104,19782
7,104,19783
8,104,19784
9,104,19785
10,104,19786
11,104,19787
12,104,19788
13,104,19789
14,104,19790
15,104,19791
16,104,19792
17,104,19793
18,104,19794
19,104,19795
20,104,19796
21,104,19797
22,104,19798
23,104,19799
24,104,19800
25,104,19801
26,104,19802
27,104,19803
28,104,19804
29,104,19805
30,104,19806
31,104,19807
32,104,19808
33,104,19809
34,104,19810
35,104,19811
36,104,19812
37,104,19813
38,104,19814
39,104,19815
40,104,19816
41,104,19817
42,104,19818
43,104,19819
44,104,19820
45,104,19821
46,104,19822
47,104,19823
48,104,19824
49,104,19825
50,104,19826
51,104,19827
52,104,19828
53,104,19829
54,104,19830
55,104,19831
56,104,19832
57,104,19833
58,104,19834
59,104,19835
60,104,19836
61,104,19837
62,104,19838
63,104,19839
64,104,19840
65,104,19841
66,104,19842
67,104,19843
68,104,19844
69,104,19845
70,104,19846
71,104,19847
72,104,19848
73,104,19849
74,104,19850
75,104,19851
76,104,19852
77,104,19853
78,104,19854
79,104,19855
80,104,19856
81,104,19857
82,104,19858
83,104,19859
84,104,19860
85,104,19861
86,104,19862
87,104,19863
88,104,19864
89,104,19865
90,104,19866
91,104,19867
92,104,19868
93,104,19869
94,104,19870
95,104,19871
96,104,19872
97,104,19873
98,104,19874
99,104,19875
100,104,19876
101,104,19877
102,104,19878
103,104,19879
104,104,19880
105,104,19881
106,104,19882
107,104,19883
108,104,19884
109,104,19885
110,104,19886
111,104,19887
112,104,19888
113,104,19889
114,104,19890
115,104,19891
116,104,19892
117,104,19893
118,104,19894
119,104,19895
120,104,19896
121,104,19897
122,104,19898
123,104,19899
124,104,19900
125,104,19901
126,104,19902
127,104,19903
128,104,19904
129,104,19905
130,104,19906
131,104,19907
132,104,19908
133,104,19909
134,104,19910
135,104,19911
136,104,19912
137,104,19913
138,104,19914
139,104,19915
140,104,19916
141,104,19917
142,104,19918
143,104,19919
144,104,19920
145,104,19921
146,104,19922
147,104,19923
148,104,19924
149,104,19925
150,104,19926
151,104,19927
152,104,19928
153,104,19929
154,104,19930
155,104,19931
156,104,19932
157,104,19933
158,104,19934
159,104,19935
160,104,19936
161,104,19937
162,104,19938
163,104,19939
164,104,19940
165,104,19941
166,104,19942
167,104,19943
168,104,19944
169,104,19945
170,104,19946
171,104,19947
172,104,19948
173,104,19949
174,104,19950
175,104,19951
176,104,19952
177,104,19953
178,104,19954
179,104,19955
180,104,19956
181,104,19957
182,104,19958
183,104,19959
184,104,19960
185,104,19961
186,104,19962
187,104,19963
188,104,19964
189,104,19965
190,104,19966
191,104,19967
192,104,19968
1,105,19969
2,105,19970
3,105,19971
4,105,19972
5,105,19973
6,105,19974
7,105,19975
8,105,19976
9,105,19977
10,105,19978
11,105,19979
12,105,19980
13,105,19981
14,105,19982
15,105,19983
16,105,19984
17,105,19985
18,105,19986
19,105,19987
20,105,19988
21,105,19989
22,105,19990
23,105,19991
24,105,19992
25,105,19993
26,105,19994
27,105,19995
28,105,19996
29,105,19997
30,105,19998
31,105,19999
32,105,20000
33,105,20001
34,105,20002
35,105,20003
36,105,20004
37,105,20005
38,105,20006
39,105,20007
40,105,20008
41,105,20009
42,105,20010
43,105,20011
44,105,20012
45,105,20013
46,105,20014
47,105,20015
48,105,20016
49,105,20017
50,105,20018
51,105,20019
52,105,20020
53,105,20021
54,105,20022
55,105,20023
56,105,20024
57,105,20025
58,105,20026
59,105,20027
60,105,20028
61,105,20029
62,105,20030
63,105,20031
64,105,20032
65,105,20033
66,105,20034
67,105,20035
68,105,20036
69,105,20037
70,105,20038
71,105,20039
72,105,20040
73,105,20041
74,105,20042
75,105,20043
76,105,20044
77,105,20045
78,105,20046
79,105,20047
80,105,20048
81,105,20049
82,105,20050
83,105,20051
84,105,20052
85,105,20053
86,105,20054
87,105,20055
88,105,20056
89,105,20057
90,105,20058
91,105,20059
92,105,20060
93,105,20061
94,105,20062
95,105,20063
96,105,20064
97,105,20065
98,105,20066
99,105,20067
100,105,20068
101,105,20069
102,105,20070
103,105,20071
104,105,20072
105,105,20073
106,105,20074
107,105,20075
108,105,20076
109,105,20077
110,105,20078
111,105,20079
112,105,20080
113,105,20081
114,105,20082
115,105,20083
116,105,20084
117,105,20085
118,105,20086
119,105,20087
120,105,20088
121,105,20089
122,105,20090
123,105,20091
124,105,20092
125,105,20093
126,105,20094
127,105,20095
128,105,20096
129,105,20097
130,105,20098
131,105,20099
132,105,20100
133,105,20101
134,105,20102
135,105,20103
136,105,20104
137,105,20105
138,105,20106
139,105,20107
140,105,20108
141,105,20109
142,105,20110
143,105,20111
144,105,20112
145,105,20113
146,105,20114
147,105,20115
148,105,20116
149,105,20117
150,105,20118
151,105,20119
152,105,20120
153,105,20121
154,105,20122
155,105,20123
156,105,20124
157,105,20125
158,105,20126
159,105,20127
160,105,20128
161,105,20129
162,105,20130
163,105,20131
164,105,20132
165,105,20133
166,105,20134
167,105,20135
168,105,20136
169,105,20137
170,105,20138
171,105,20139
172,105,20140
173,105,20141
174,105,20142
175,105,20143
176,105,20144
177,105,20145
178,105,20146
179,105,20147
180,105,20148
181,105,20149
182,105,20150
183,105,20151
184,105,20152
185,105,20153
186,105,20154
187,105,20155
188,105,20156
189,105,20157
190,105,20158
191,105,20159
192,105,20160
1,106,20161
2,106,20162
3,106,20163
4,106,20164
5,106,20165
6,106,20166
7,106,20167
8,106,20168
9,106,20169
10,106,20170
11,106,20171
12,106,20172
13,106,20173
14,106,20174
15,106,20175
16,106,20176
17,106,20177
18,106,20178
19,106,20179
20,106,20180
21,106,20181
22,106,20182
23,106,20183
24,106,20184
25,106,20185
26,106,20186
27,106,20187
28,106,20188
29,106,20189
30,106,20190
31,106,20191
32,106,20192
33,106,20193
34,106,20194
35,106,20195
36,106,20196
37,106,20197
38,106,20198
39,106,20199
40,106,20200
41,106,20201
42,106,20202
43,106,20203
44,106,20204
45,106,20205
46,106,20206
47,106,20207
48,106,20208
49,106,20209
50,106,20210
51,106,20211
52,106,20212
53,106,20213
54,106,20214
55,106,20215
56,106,20216
57,106,20217
58,106,20218
59,106,20219
60,106,20220
61,106,20221
62,106,20222
63,106,20223
64,106,20224
65,106,20225
66,106,20226
67,106,20227
68,106,20228
69,106,20229
70,106,20230
71,106,20231
72,106,20232
73,106,20233
74,106,20234
75,106,20235
76,106,20236
77,106,20237
78,106,20238
79,106,20239
80,106,20240
81,106,20241
82,106,20242
83,106,20243
84,106,20244
85,106,20245
86,106,20246
87,106,20247
88,106,20248
89,106,20249
90,106,20250
91,106,20251
92,106,20252
93,106,20253
94,106,20254
95,106,20255
96,106,20256
97,106,20257
98,106,20258
99,106,20259
100,106,20260
101,106,20261
102,106,20262
103,106,20263
104,106,20264
105,106,20265
106,106,20266
107,106,20267
108,106,20268
109,106,20269
110,106,20270
111,106,20271
112,106,20272
113,106,20273
114,106,20274
115,106,20275
116,106,20276
117,106,20277
118,106,20278
119,106,20279
120,106,20280
121,106,20281
122,106,20282
123,106,20283
124,106,20284
125,106,20285
126,106,20286
127,106,20287
128,106,20288
129,106,20289
130,106,20290
131,106,20291
132,106,20292
133,106,20293
134,106,20294
135,106,20295
136,106,20296
137,106,20297
138,106,20298
139,106,20299
140,106,20300
141,106,20301
142,106,20302
143,106,20303
144,106,20304
145,106,20305
146,106,20306
147,106,20307
148,106,20308
149,106,20309
150,106,20310
151,106,20311
152,106,20312
153,106,20313
154,106,20314
155,106,20315
156,106,20316
157,106,20317
158,106,20318
159,106,20319
160,106,20320
161,106,20321
162,106,20322
163,106,20323
164,106,20324
165,106,20325
166,106,20326
167,106,20327
168,106,20328
169,106,20329
170,106,20330
171,106,20331
172,106,20332
173,106,20333
174,106,20334
175,106,20335
176,106,20336
177,106,20337
178,106,20338
179,106,20339
180,106,20340
181,106,20341
182,106,20342
183,106,20343
184,106,20344
185,106,20345
186,106,20346
187,106,20347
188,106,20348
189,106,20349
190,106,20350
191,106,20351
192,106,20352
1,107,20353
2,107,20354
3,107,20355
4,107,20356
5,107,20357
6,107,20358
7,107,20359
8,107,20360
9,107,20361
10,107,20362
11,107,20363
12,107,20364
13,107,20365
14,107,20366
15,107,20367
16,107,20368
17,107,20369
18,107,20370
19,107,20371
20,107,20372
21,107,20373
22,107,20374
23,107,20375
24,107,20376
25,107,20377
26,107,20378
27,107,20379
28,107,20380
29,107,20381
30,107,20382
31,107,20383
32,107,20384
33,107,20385
34,107,20386
35,107,20387
36,107,20388
37,107,20389
38,107,20390
39,107,20391
40,107,20392
41,107,20393
42,107,20394
43,107,20395
44,107,20396
45,107,20397
46,107,20398
47,107,20399
48,107,20400
49,107,20401
50,107,20402
51,107,20403
52,107,20404
53,107,20405
54,107,20406
55,107,20407
56,107,20408
57,107,20409
58,107,20410
59,107,20411
60,107,20412
61,107,20413
62,107,20414
63,107,20415
64,107,20416
65,107,20417
66,107,20418
67,107,20419
68,107,20420
69,107,20421
70,107,20422
71,107,20423
72,107,20424
73,107,20425
74,107,20426
75,107,20427
76,107,20428
77,107,20429
78,107,20430
79,107,20431
80,107,20432
81,107,20433
82,107,20434
83,107,20435
84,107,20436
85,107,20437
86,107,20438
87,107,20439
88,107,20440
89,107,20441
90,107,20442
91,107,20443
92,107,20444
93,107,20445
94,107,20446
95,107,20447
96,107,20448
97,107,20449
98,107,20450
99,107,20451
100,107,20452
101,107,20453
102,107,20454
103,107,20455
104,107,20456
105,107,20457
106,107,20458
107,107,20459
108,107,20460
109,107,20461
110,107,20462
111,107,20463
112,107,20464
113,107,20465
114,107,20466
115,107,20467
116,107,20468
117,107,20469
118,107,20470
119,107,20471
120,107,20472
121,107,20473
122,107,20474
123,107,20475
124,107,20476
125,107,20477
126,107,20478
127,107,20479
128,107,20480
129,107,20481
130,107,20482
131,107,20483
132,107,20484
133,107,20485
134,107,20486
135,107,20487
136,107,20488
137,107,20489
138,107,20490
139,107,20491
140,107,20492
141,107,20493
142,107,20494
143,107,20495
144,107,20496
145,107,20497
146,107,20498
147,107,20499
148,107,20500
149,107,20501
150,107,20502
151,107,20503
152,107,20504
153,107,20505
154,107,20506
155,107,20507
156,107,20508
157,107,20509
158,107,20510
159,107,20511
160,107,20512
161,107,20513
162,107,20514
163,107,20515
164,107,20516
165,107,20517
166,107,20518
167,107,20519
168,107,20520
169,107,20521
170,107,20522
171,107,20523
172,107,20524
173,107,20525
174,107,20526
175,107,20527
176,107,20528
177,107,20529
178,107,20530
179,107,20531
180,107,20532
181,107,20533
182,107,20534
183,107,20535
184,107,20536
185,107,20537
186,107,20538
187,107,20539
188,107,20540
189,107,20541
190,107,20542
191,107,20543
192,107,20544
1,108,20545
2,108,20546
3,108,20547
4,108,20548
5,108,20549
6,108,20550
7,108,20551
8,108,20552
9,108,20553
10,108,20554
11,108,20555
12,108,20556
13,108,20557
14,108,20558
15,108,20559
16,108,20560
17,108,20561
18,108,20562
19,108,20563
20,108,20564
21,108,20565
22,108,20566
23,108,20567
24,108,20568
25,108,20569
26,108,20570
27,108,20571
28,108,20572
29,108,20573
30,108,20574
31,108,20575
32,108,20576
33,108,20577
34,108,20578
35,108,20579
36,108,20580
37,108,20581
38,108,20582
39,108,20583
40,108,20584
41,108,20585
42,108,20586
43,108,20587
44,108,20588
45,108,20589
46,108,20590
47,108,20591
48,108,20592
49,108,20593
50,108,20594
51,108,20595
52,108,20596
53,108,20597
54,108,20598
55,108,20599
56,108,20600
57,108,20601
58,108,20602
59,108,20603
60,108,20604
61,108,20605
62,108,20606
63,108,20607
64,108,20608
65,108,20609
66,108,20610
67,108,20611
68,108,20612
69,108,20613
70,108,20614
71,108,20615
72,108,20616
73,108,20617
74,108,20618
75,108,20619
76,108,20620
77,108,20621
78,108,20622
79,108,20623
80,108,20624
81,108,20625
82,108,20626
83,108,20627
84,108,20628
85,108,20629
86,108,20630
87,108,20631
88,108,20632
89,108,20633
90,108,20634
91,108,20635
92,108,20636
93,108,20637
94,108,20638
95,108,20639
96,108,20640
97,108,20641
98,108,20642
99,108,20643
100,108,20644
101,108,20645
102,108,20646
103,108,20647
104,108,20648
105,108,20649
106,108,20650
107,108,20651
108,108,20652
109,108,20653
110,108,20654
111,108,20655
112,108,20656
113,108,20657
114,108,20658
115,108,20659
116,108,20660
117,108,20661
118,108,20662
119,108,20663
120,108,20664
121,108,20665
122,108,20666
123,108,20667
124,108,20668
125,108,20669
126,108,20670
127,108,20671
128,108,20672
129,108,20673
130,108,20674
131,108,20675
132,108,20676
133,108,20677
134,108,20678
135,108,20679
136,108,20680
137,108,20681
138,108,20682
139,108,20683
140,108,20684
141,108,20685
142,108,20686
143,108,20687
144,108,20688
145,108,20689
146,108,20690
147,108,20691
148,108,20692
149,108,20693
150,108,20694
151,108,20695
152,108,20696
153,108,20697
154,108,20698
155,108,20699
156,108,20700
157,108,20701
158,108,20702
159,108,20703
160,108,20704
161,108,20705
162,108,20706
163,108,20707
164,108,20708
165,108,20709
166,108,20710
167,108,20711
168,108,20712
169,108,20713
170,108,20714
171,108,20715
172,108,20716
173,108,20717
174,108,20718
175,108,20719
176,108,20720
177,108,20721
178,108,20722
179,108,20723
180,108,20724
181,108,20725
182,108,20726
183,108,20727
184,108,20728
185,108,20729
186,108,20730
187,108,20731
188,108,20732
189,108,20733
190,108,20734
191,108,20735
192,108,20736
1,109,20737
2,109,20738
3,109,20739
4,109,20740
5,109,20741
6,109,20742
7,109,20743
8,109,20744
9,109,20745
10,109,20746
11,109,20747
12,109,20748
13,109,20749
14,109,20750
15,109,20751
16,109,20752
17,109,20753
18,109,20754
19,109,20755
20,109,20756
21,109,20757
22,109,20758
23,109,20759
24,109,20760
25,109,20761
26,109,20762
27,109,20763
28,109,20764
29,109,20765
30,109,20766
31,109,20767
32,109,20768
33,109,20769
34,109,20770
35,109,20771
36,109,20772
37,109,20773
38,109,20774
39,109,20775
40,109,20776
41,109,20777
42,109,20778
43,109,20779
44,109,20780
45,109,20781
46,109,20782
47,109,20783
48,109,20784
49,109,20785
50,109,20786
51,109,20787
52,109,20788
53,109,20789
54,109,20790
55,109,20791
56,109,20792
57,109,20793
58,109,20794
59,109,20795
60,109,20796
61,109,20797
62,109,20798
63,109,20799
64,109,20800
65,109,20801
66,109,20802
67,109,20803
68,109,20804
69,109,20805
70,109,20806
71,109,20807
72,109,20808
73,109,20809
74,109,20810
75,109,20811
76,109,20812
77,109,20813
78,109,20814
79,109,20815
80,109,20816
81,109,20817
82,109,20818
83,109,20819
84,109,20820
85,109,20821
86,109,20822
87,109,20823
88,109,20824
89,109,20825
90,109,20826
91,109,20827
92,109,20828
93,109,20829
94,109,20830
95,109,20831
96,109,20832
97,109,20833
98,109,20834
99,109,20835
100,109,20836
101,109,20837
102,109,20838
103,109,20839
104,109,20840
105,109,20841
106,109,20842
107,109,20843
108,109,20844
109,109,20845
110,109,20846
111,109,20847
112,109,20848
113,109,20849
114,109,20850
115,109,20851
116,109,20852
117,109,20853
118,109,20854
119,109,20855
120,109,20856
121,109,20857
122,109,20858
123,109,20859
124,109,20860
125,109,20861
126,109,20862
127,109,20863
128,109,20864
129,109,20865
130,109,20866
131,109,20867
132,109,20868
133,109,20869
134,109,20870
135,109,20871
136,109,20872
137,109,20873
138,109,20874
139,109,20875
140,109,20876
141,109,20877
142,109,20878
143,109,20879
144,109,20880
145,109,20881
146,109,20882
147,109,20883
148,109,20884
149,109,20885
150,109,20886
151,109,20887
152,109,20888
153,109,20889
154,109,20890
155,109,20891
156,109,20892
157,109,20893
158,109,20894
159,109,20895
160,109,20896
161,109,20897
162,109,20898
163,109,20899
164,109,20900
165,109,20901
166,109,20902
167,109,20903
168,109,20904
169,109,20905
170,109,20906
171,109,20907
172,109,20908
173,109,20909
174,109,20910
175,109,20911
176,109,20912
177,109,20913
178,109,20914
179,109,20915
180,109,20916
181,109,20917
182,109,20918
183,109,20919
184,109,20920
185,109,20921
186,109,20922
187,109,20923
188,109,20924
189,109,20925
190,109,20926
191,109,20927
192,109,20928
1,110,20929
2,110,20930
3,110,20931
4,110,20932
5,110,20933
6,110,20934
7,110,20935
8,110,20936
9,110,20937
10,110,20938
11,110,20939
12,110,20940
13,110,20941
14,110,20942
15,110,20943
16,110,20944
17,110,20945
18,110,20946
19,110,20947
20,110,20948
21,110,20949
22,110,20950
23,110,20951
24,110,20952
25,110,20953
26,110,20954
27,110,20955
28,110,20956
29,110,20957
30,110,20958
31,110,20959
32,110,20960
33,110,20961
34,110,20962
35,110,20963
36,110,20964
37,110,20965
38,110,20966
39,110,20967
40,110,20968
41,110,20969
42,110,20970
43,110,20971
44,110,20972
45,110,20973
46,110,20974
47,110,20975
48,110,20976
49,110,20977
50,110,20978
51,110,20979
52,110,20980
53,110,20981
54,110,20982
55,110,20983
56,110,20984
57,110,20985
58,110,20986
59,110,20987
60,110,20988
61,110,20989
62,110,20990
63,110,20991
64,110,20992
65,110,20993
66,110,20994
67,110,20995
68,110,20996
69,110,20997
70,110,20998
71,110,20999
72,110,21000
73,110,21001
74,110,21002
75,110,21003
76,110,21004
77,110,21005
78,110,21006
79,110,21007
80,110,21008
81,110,21009
82,110,21010
83,110,21011
84,110,21012
85,110,21013
86,110,21014
87,110,21015
88,110,21016
89,110,21017
90,110,21018
91,110,21019
92,110,21020
93,110,21021
94,110,21022
95,110,21023
96,110,21024
97,110,21025
98,110,21026
99,110,21027
100,110,21028
101,110,21029
102,110,21030
103,110,21031
104,110,21032
105,110,21033
106,110,21034
107,110,21035
108,110,21036
109,110,21037
110,110,21038
111,110,21039
112,110,21040
113,110,21041
114,110,21042
115,110,21043
116,110,21044
117,110,21045
118,110,21046
119,110,21047
120,110,21048
121,110,21049
122,110,21050
123,110,21051
124,110,21052
125,110,21053
126,110,21054
127,110,21055
128,110,21056
129,110,21057
130,110,21058
131,110,21059
132,110,21060
133,110,21061
134,110,21062
135,110,21063
136,110,21064
137,110,21065
138,110,21066
139,110,21067
140,110,21068
141,110,21069
142,110,21070
143,110,21071
144,110,21072
145,110,21073
146,110,21074
147,110,21075
148,110,21076
149,110,21077
150,110,21078
151,110,21079
152,110,21080
153,110,21081
154,110,21082
155,110,21083
156,110,21084
157,110,21085
158,110,21086
159,110,21087
160,110,21088
161,110,21089
162,110,21090
163,110,21091
164,110,21092
165,110,21093
166,110,21094
167,110,21095
168,110,21096
169,110,21097
170,110,21098
171,110,21099
172,110,21100
173,110,21101
174,110,21102
175,110,21103
176,110,21104
177,110,21105
178,110,21106
179,110,21107
180,110,21108
181,110,21109
182,110,21110
183,110,21111
184,110,21112
185,110,21113
186,110,21114
187,110,21115
188,110,21116
189,110,21117
190,110,21118
191,110,21119
192,110,21120
1,111,21121
2,111,21122
3,111,21123
4,111,21124
5,111,21125
6,111,21126
7,111,21127
8,111,21128
9,111,21129
10,111,21130
11,111,21131
12,111,21132
13,111,21133
14,111,21134
15,111,21135
16,111,21136
17,111,21137
18,111,21138
19,111,21139
20,111,21140
21,111,21141
22,111,21142
23,111,21143
24,111,21144
25,111,21145
26,111,21146
27,111,21147
28,111,21148
29,111,21149
30,111,21150
31,111,21151
32,111,21152
33,111,21153
34,111,21154
35,111,21155
36,111,21156
37,111,21157
38,111,21158
39,111,21159
40,111,21160
41,111,21161
42,111,21162
43,111,21163
44,111,21164
45,111,21165
46,111,21166
47,111,21167
48,111,21168
49,111,21169
50,111,21170
51,111,21171
52,111,21172
53,111,21173
54,111,21174
55,111,21175
56,111,21176
57,111,21177
58,111,21178
59,111,21179
60,111,21180
61,111,21181
62,111,21182
63,111,21183
64,111,21184
65,111,21185
66,111,21186
67,111,21187
68,111,21188
69,111,21189
70,111,21190
71,111,21191
72,111,21192
73,111,21193
74,111,21194
75,111,21195
76,111,21196
77,111,21197
78,111,21198
79,111,21199
80,111,21200
81,111,21201
82,111,21202
83,111,21203
84,111,21204
85,111,21205
86,111,21206
87,111,21207
88,111,21208
89,111,21209
90,111,21210
91,111,21211
92,111,21212
93,111,21213
94,111,21214
95,111,21215
96,111,21216
97,111,21217
98,111,21218
99,111,21219
100,111,21220
101,111,21221
102,111,21222
103,111,21223
104,111,21224
105,111,21225
106,111,21226
107,111,21227
108,111,21228
109,111,21229
110,111,21230
111,111,21231
112,111,21232
113,111,21233
114,111,21234
115,111,21235
116,111,21236
117,111,21237
118,111,21238
119,111,21239
120,111,21240
121,111,21241
122,111,21242
123,111,21243
124,111,21244
125,111,21245
126,111,21246
127,111,21247
128,111,21248
129,111,21249
130,111,21250
131,111,21251
132,111,21252
133,111,21253
134,111,21254
135,111,21255
136,111,21256
137,111,21257
138,111,21258
139,111,21259
140,111,21260
141,111,21261
142,111,21262
143,111,21263
144,111,21264
145,111,21265
146,111,21266
147,111,21267
148,111,21268
149,111,21269
150,111,21270
151,111,21271
152,111,21272
153,111,21273
154,111,21274
155,111,21275
156,111,21276
157,111,21277
158,111,21278
159,111,21279
160,111,21280
161,111,21281
162,111,21282
163,111,21283
164,111,21284
165,111,21285
166,111,21286
167,111,21287
168,111,21288
169,111,21289
170,111,21290
171,111,21291
172,111,21292
173,111,21293
174,111,21294
175,111,21295
176,111,21296
177,111,21297
178,111,21298
179,111,21299
180,111,21300
181,111,21301
182,111,21302
183,111,21303
184,111,21304
185,111,21305
186,111,21306
187,111,21307
188,111,21308
189,111,21309
190,111,21310
191,111,21311
192,111,21312
1,112,21313
2,112,21314
3,112,21315
4,112,21316
5,112,21317
6,112,21318
7,112,21319
8,112,21320
9,112,21321
10,112,21322
11,112,21323
12,112,21324
13,112,21325
14,112,21326
15,112,21327
16,112,21328
17,112,21329
18,112,21330
19,112,21331
20,112,21332
21,112,21333
22,112,21334
23,112,21335
24,112,21336
25,112,21337
26,112,21338
27,112,21339
28,112,21340
29,112,21341
30,112,21342
31,112,21343
32,112,21344
33,112,21345
34,112,21346
35,112,21347
36,112,21348
37,112,21349
38,112,21350
39,112,21351
40,112,21352
41,112,21353
42,112,21354
43,112,21355
44,112,21356
45,112,21357
46,112,21358
47,112,21359
48,112,21360
49,112,21361
50,112,21362
51,112,21363
52,112,21364
53,112,21365
54,112,21366
55,112,21367
56,112,21368
57,112,21369
58,112,21370
59,112,21371
60,112,21372
61,112,21373
62,112,21374
63,112,21375
64,112,21376
65,112,21377
66,112,21378
67,112,21379
68,112,21380
69,112,21381
70,112,21382
71,112,21383
72,112,21384
73,112,21385
74,112,21386
75,112,21387
76,112,21388
77,112,21389
78,112,21390
79,112,21391
80,112,21392
81,112,21393
82,112,21394
83,112,21395
84,112,21396
85,112,21397
86,112,21398
87,112,21399
88,112,21400
89,112,21401
90,112,21402
91,112,21403
92,112,21404
93,112,21405
94,112,21406
95,112,21407
96,112,21408
97,112,21409
98,112,21410
99,112,21411
100,112,21412
101,112,21413
102,112,21414
103,112,21415
104,112,21416
105,112,21417
106,112,21418
107,112,21419
108,112,21420
109,112,21421
110,112,21422
111,112,21423
112,112,21424
113,112,21425
114,112,21426
115,112,21427
116,112,21428
117,112,21429
118,112,21430
119,112,21431
120,112,21432
121,112,21433
122,112,21434
123,112,21435
124,112,21436
125,112,21437
126,112,21438
127,112,21439
128,112,21440
129,112,21441
130,112,21442
131,112,21443
132,112,21444
133,112,21445
134,112,21446
135,112,21447
136,112,21448
137,112,21449
138,112,21450
139,112,21451
140,112,21452
141,112,21453
142,112,21454
143,112,21455
144,112,21456
145,112,21457
146,112,21458
147,112,21459
148,112,21460
149,112,21461
150,112,21462
151,112,21463
152,112,21464
153,112,21465
154,112,21466
155,112,21467
156,112,21468
157,112,21469
158,112,21470
159,112,21471
160,112,21472
161,112,21473
162,112,21474
163,112,21475
164,112,21476
165,112,21477
166,112,21478
167,112,21479
168,112,21480
169,112,21481
170,112,21482
171,112,21483
172,112,21484
173,112,21485
174,112,21486
175,112,21487
176,112,21488
177,112,21489
178,112,21490
179,112,21491
180,112,21492
181,112,21493
182,112,21494
183,112,21495
184,112,21496
185,112,21497
186,112,21498
187,112,21499
188,112,21500
189,112,21501
190,112,21502
191,112,21503
192,112,21504
1,113,21505
2,113,21506
3,113,21507
4,113,21508
5,113,21509
6,113,21510
7,113,21511
8,113,21512
9,113,21513
10,113,21514
11,113,21515
12,113,21516
13,113,21517
14,113,21518
15,113,21519
16,113,21520
17,113,21521
18,113,21522
19,113,21523
20,113,21524
21,113,21525
22,113,21526
23,113,21527
24,113,21528
25,113,21529
26,113,21530
27,113,21531
28,113,21532
29,113,21533
30,113,21534
31,113,21535
32,113,21536
33,113,21537
34,113,21538
35,113,21539
36,113,21540
37,113,21541
38,113,21542
39,113,21543
40,113,21544
41,113,21545
42,113,21546
43,113,21547
44,113,21548
45,113,21549
46,113,21550
47,113,21551
48,113,21552
49,113,21553
50,113,21554
51,113,21555
52,113,21556
53,113,21557
54,113,21558
55,113,21559
56,113,21560
57,113,21561
58,113,21562
59,113,21563
60,113,21564
61,113,21565
62,113,21566
63,113,21567
64,113,21568
65,113,21569
66,113,21570
67,113,21571
68,113,21572
69,113,21573
70,113,21574
71,113,21575
72,113,21576
73,113,21577
74,113,21578
75,113,21579
76,113,21580
77,113,21581
78,113,21582
79,113,21583
80,113,21584
81,113,21585
82,113,21586
83,113,21587
84,113,21588
85,113,21589
86,113,21590
87,113,21591
88,113,21592
89,113,21593
90,113,21594
91,113,21595
92,113,21596
93,113,21597
94,113,21598
95,113,21599
96,113,21600
97,113,21601
98,113,21602
99,113,21603
100,113,21604
101,113,21605
102,113,21606
103,113,21607
104,113,21608
105,113,21609
106,113,21610
107,113,21611
108,113,21612
109,113,21613
110,113,21614
111,113,21615
112,113,21616
113,113,21617
114,113,21618
115,113,21619
116,113,21620
117,113,21621
118,113,21622
119,113,21623
120,113,21624
121,113,21625
122,113,21626
123,113,21627
124,113,21628
125,113,21629
126,113,21630
127,113,21631
128,113,21632
129,113,21633
130,113,21634
131,113,21635
132,113,21636
133,113,21637
134,113,21638
135,113,21639
136,113,21640
137,113,21641
138,113,21642
139,113,21643
140,113,21644
141,113,21645
142,113,21646
143,113,21647
144,113,21648
145,113,21649
146,113,21650
147,113,21651
148,113,21652
149,113,21653
150,113,21654
151,113,21655
152,113,21656
153,113,21657
154,113,21658
155,113,21659
156,113,21660
157,113,21661
158,113,21662
159,113,21663
160,113,21664
161,113,21665
162,113,21666
163,113,21667
164,113,21668
165,113,21669
166,113,21670
167,113,21671
168,113,21672
169,113,21673
170,113,21674
171,113,21675
172,113,21676
173,113,21677
174,113,21678
175,113,21679
176,113,21680
177,113,21681
178,113,21682
179,113,21683
180,113,21684
181,113,21685
182,113,21686
183,113,21687
184,113,21688
185,113,21689
186,113,21690
187,113,21691
188,113,21692
189,113,21693
190,113,21694
191,113,21695
192,113,21696
1,114,21697
2,114,21698
3,114,21699
4,114,21700
5,114,21701
6,114,21702
7,114,21703
8,114,21704
9,114,21705
10,114,21706
11,114,21707
12,114,21708
13,114,21709
14,114,21710
15,114,21711
16,114,21712
17,114,21713
18,114,21714
19,114,21715
20,114,21716
21,114,21717
22,114,21718
23,114,21719
24,114,21720
25,114,21721
26,114,21722
27,114,21723
28,114,21724
29,114,21725
30,114,21726
31,114,21727
32,114,21728
33,114,21729
34,114,21730
35,114,21731
36,114,21732
37,114,21733
38,114,21734
39,114,21735
40,114,21736
41,114,21737
42,114,21738
43,114,21739
44,114,21740
45,114,21741
46,114,21742
47,114,21743
48,114,21744
49,114,21745
50,114,21746
51,114,21747
52,114,21748
53,114,21749
54,114,21750
55,114,21751
56,114,21752
57,114,21753
58,114,21754
59,114,21755
60,114,21756
61,114,21757
62,114,21758
63,114,21759
64,114,21760
65,114,21761
66,114,21762
67,114,21763
68,114,21764
69,114,21765
70,114,21766
71,114,21767
72,114,21768
73,114,21769
74,114,21770
75,114,21771
76,114,21772
77,114,21773
78,114,21774
79,114,21775
80,114,21776
81,114,21777
82,114,21778
83,114,21779
84,114,21780
85,114,21781
86,114,21782
87,114,21783
88,114,21784
89,114,21785
90,114,21786
91,114,21787
92,114,21788
93,114,21789
94,114,21790
95,114,21791
96,114,21792
97,114,21793
98,114,21794
99,114,21795
100,114,21796
101,114,21797
102,114,21798
103,114,21799
104,114,21800
105,114,21801
106,114,21802
107,114,21803
108,114,21804
109,114,21805
110,114,21806
111,114,21807
112,114,21808
113,114,21809
114,114,21810
115,114,21811
116,114,21812
117,114,21813
118,114,21814
119,114,21815
120,114,21816
121,114,21817
122,114,21818
123,114,21819
124,114,21820
125,114,21821
126,114,21822
127,114,21823
128,114,21824
129,114,21825
130,114,21826
131,114,21827
132,114,21828
133,114,21829
134,114,21830
135,114,21831
136,114,21832
137,114,21833
138,114,21834
139,114,21835
140,114,21836
141,114,21837
142,114,21838
143,114,21839
144,114,21840
145,114,21841
146,114,21842
147,114,21843
148,114,21844
149,114,21845
150,114,21846
151,114,21847
152,114,21848
153,114,21849
154,114,21850
155,114,21851
156,114,21852
157,114,21853
158,114,21854
159,114,21855
160,114,21856
161,114,21857
162,114,21858
163,114,21859
164,114,21860
165,114,21861
166,114,21862
167,114,21863
168,114,21864
169,114,21865
170,114,21866
171,114,21867
172,114,21868
173,114,21869
174,114,21870
175,114,21871
176,114,21872
177,114,21873
178,114,21874
179,114,21875
180,114,21876
181,114,21877
182,114,21878
183,114,21879
184,114,21880
185,114,21881
186,114,21882
187,114,21883
188,114,21884
189,114,21885
190,114,21886
191,114,21887
192,114,21888
1,115,21889
2,115,21890
3,115,21891
4,115,21892
5,115,21893
6,115,21894
7,115,21895
8,115,21896
9,115,21897
10,115,21898
11,115,21899
12,115,21900
13,115,21901
14,115,21902
15,115,21903
16,115,21904
17,115,21905
18,115,21906
19,115,21907
20,115,21908
21,115,21909
22,115,21910
23,115,21911
24,115,21912
25,115,21913
26,115,21914
27,115,21915
28,115,21916
29,115,21917
30,115,21918
31,115,21919
32,115,21920
33,115,21921
34,115,21922
35,115,21923
36,115,21924
37,115,21925
38,115,21926
39,115,21927
40,115,21928
41,115,21929
42,115,21930
43,115,21931
44,115,21932
45,115,21933
46,115,21934
47,115,21935
48,115,21936
49,115,21937
50,115,21938
51,115,21939
52,115,21940
53,115,21941
54,115,21942
55,115,21943
56,115,21944
57,115,21945
58,115,21946
59,115,21947
60,115,21948
61,115,21949
62,115,21950
63,115,21951
64,115,21952
65,115,21953
66,115,21954
67,115,21955
68,115,21956
69,115,21957
70,115,21958
71,115,21959
72,115,21960
73,115,21961
74,115,21962
75,115,21963
76,115,21964
77,115,21965
78,115,21966
79,115,21967
80,115,21968
81,115,21969
82,115,21970
83,115,21971
84,115,21972
85,115,21973
86,115,21974
87,115,21975
88,115,21976
89,115,21977
90,115,21978
91,115,21979
92,115,21980
93,115,21981
94,115,21982
95,115,21983
96,115,21984
97,115,21985
98,115,21986
99,115,21987
100,115,21988
101,115,21989
102,115,21990
103,115,21991
104,115,21992
105,115,21993
106,115,21994
107,115,21995
108,115,21996
109,115,21997
110,115,21998
111,115,21999
112,115,22000
113,115,22001
114,115,22002
115,115,22003
116,115,22004
117,115,22005
118,115,22006
119,115,22007
120,115,22008
121,115,22009
122,115,22010
123,115,22011
124,115,22012
125,115,22013
126,115,22014
127,115,22015
128,115,22016
129,115,22017
130,115,22018
131,115,22019
132,115,22020
133,115,22021
134,115,22022
135,115,22023
136,115,22024
137,115,22025
138,115,22026
139,115,22027
140,115,22028
141,115,22029
142,115,22030
143,115,22031
144,115,22032
145,115,22033
146,115,22034
147,115,22035
148,115,22036
149,115,22037
150,115,22038
151,115,22039
152,115,22040
153,115,22041
154,115,22042
155,115,22043
156,115,22044
157,115,22045
158,115,22046
159,115,22047
160,115,22048
161,115,22049
162,115,22050
163,115,22051
164,115,22052
165,115,22053
166,115,22054
167,115,22055
168,115,22056
169,115,22057
170,115,22058
171,115,22059
172,115,22060
173,115,22061
174,115,22062
175,115,22063
176,115,22064
177,115,22065
178,115,22066
179,115,22067
180,115,22068
181,115,22069
182,115,22070
183,115,22071
184,115,22072
185,115,22073
186,115,22074
187,115,22075
188,115,22076
189,115,22077
190,115,22078
191,115,22079
192,115,22080
1,116,22081
2,116,22082
3,116,22083
4,116,22084
5,116,22085
6,116,22086
7,116,22087
8,116,22088
9,116,22089
10,116,22090
11,116,22091
12,116,22092
13,116,22093
14,116,22094
15,116,22095
16,116,22096
17,116,22097
18,116,22098
19,116,22099
20,116,22100
21,116,22101
22,116,22102
23,116,22103
24,116,22104
25,116,22105
26,116,22106
27,116,22107
28,116,22108
29,116,22109
30,116,22110
31,116,22111
32,116,22112
33,116,22113
34,116,22114
35,116,22115
36,116,22116
37,116,22117
38,116,22118
39,116,22119
40,116,22120
41,116,22121
42,116,22122
43,116,22123
44,116,22124
45,116,22125
46,116,22126
47,116,22127
48,116,22128
49,116,22129
50,116,22130
51,116,22131
52,116,22132
53,116,22133
54,116,22134
55,116,22135
56,116,22136
57,116,22137
58,116,22138
59,116,22139
60,116,22140
61,116,22141
62,116,22142
63,116,22143
64,116,22144
65,116,22145
66,116,22146
67,116,22147
68,116,22148
69,116,22149
70,116,22150
71,116,22151
72,116,22152
73,116,22153
74,116,22154
75,116,22155
76,116,22156
77,116,22157
78,116,22158
79,116,22159
80,116,22160
81,116,22161
82,116,22162
83,116,22163
84,116,22164
85,116,22165
86,116,22166
87,116,22167
88,116,22168
89,116,22169
90,116,22170
91,116,22171
92,116,22172
93,116,22173
94,116,22174
95,116,22175
96,116,22176
97,116,22177
98,116,22178
99,116,22179
100,116,22180
101,116,22181
102,116,22182
103,116,22183
104,116,22184
105,116,22185
106,116,22186
107,116,22187
108,116,22188
109,116,22189
110,116,22190
111,116,22191
112,116,22192
113,116,22193
114,116,22194
115,116,22195
116,116,22196
117,116,22197
118,116,22198
119,116,22199
120,116,22200
121,116,22201
122,116,22202
123,116,22203
124,116,22204
125,116,22205
126,116,22206
127,116,22207
128,116,22208
129,116,22209
130,116,22210
131,116,22211
132,116,22212
133,116,22213
134,116,22214
135,116,22215
136,116,22216
137,116,22217
138,116,22218
139,116,22219
140,116,22220
141,116,22221
142,116,22222
143,116,22223
144,116,22224
145,116,22225
146,116,22226
147,116,22227
148,116,22228
149,116,22229
150,116,22230
151,116,22231
152,116,22232
153,116,22233
154,116,22234
155,116,22235
156,116,22236
157,116,22237
158,116,22238
159,116,22239
160,116,22240
161,116,22241
162,116,22242
163,116,22243
164,116,22244
165,116,22245
166,116,22246
167,116,22247
168,116,22248
169,116,22249
170,116,22250
171,116,22251
172,116,22252
173,116,22253
174,116,22254
175,116,22255
176,116,22256
177,116,22257
178,116,22258
179,116,22259
180,116,22260
181,116,22261
182,116,22262
183,116,22263
184,116,22264
185,116,22265
186,116,22266
187,116,22267
188,116,22268
189,116,22269
190,116,22270
191,116,22271
192,116,22272
1,117,22273
2,117,22274
3,117,22275
4,117,22276
5,117,22277
6,117,22278
7,117,22279
8,117,22280
9,117,22281
10,117,22282
11,117,22283
12,117,22284
13,117,22285
14,117,22286
15,117,22287
16,117,22288
17,117,22289
18,117,22290
19,117,22291
20,117,22292
21,117,22293
22,117,22294
23,117,22295
24,117,22296
25,117,22297
26,117,22298
27,117,22299
28,117,22300
29,117,22301
30,117,22302
31,117,22303
32,117,22304
33,117,22305
34,117,22306
35,117,22307
36,117,22308
37,117,22309
38,117,22310
39,117,22311
40,117,22312
41,117,22313
42,117,22314
43,117,22315
44,117,22316
45,117,22317
46,117,22318
47,117,22319
48,117,22320
49,117,22321
50,117,22322
51,117,22323
52,117,22324
53,117,22325
54,117,22326
55,117,22327
56,117,22328
57,117,22329
58,117,22330
59,117,22331
60,117,22332
61,117,22333
62,117,22334
63,117,22335
64,117,22336
65,117,22337
66,117,22338
67,117,22339
68,117,22340
69,117,22341
70,117,22342
71,117,22343
72,117,22344
73,117,22345
74,117,22346
75,117,22347
76,117,22348
77,117,22349
78,117,22350
79,117,22351
80,117,22352
81,117,22353
82,117,22354
83,117,22355
84,117,22356
85,117,22357
86,117,22358
87,117,22359
88,117,22360
89,117,22361
90,117,22362
91,117,22363
92,117,22364
93,117,22365
94,117,22366
95,117,22367
96,117,22368
97,117,22369
98,117,22370
99,117,22371
100,117,22372
101,117,22373
102,117,22374
103,117,22375
104,117,22376
105,117,22377
106,117,22378
107,117,22379
108,117,22380
109,117,22381
110,117,22382
111,117,22383
112,117,22384
113,117,22385
114,117,22386
115,117,22387
116,117,22388
117,117,22389
118,117,22390
119,117,22391
120,117,22392
121,117,22393
122,117,22394
123,117,22395
124,117,22396
125,117,22397
126,117,22398
127,117,22399
128,117,22400
129,117,22401
130,117,22402
131,117,22403
132,117,22404
133,117,22405
134,117,22406
135,117,22407
136,117,22408
137,117,22409
138,117,22410
139,117,22411
140,117,22412
141,117,22413
142,117,22414
143,117,22415
144,117,22416
145,117,22417
146,117,22418
147,117,22419
148,117,22420
149,117,22421
150,117,22422
151,117,22423
152,117,22424
153,117,22425
154,117,22426
155,117,22427
156,117,22428
157,117,22429
158,117,22430
159,117,22431
160,117,22432
161,117,22433
162,117,22434
163,117,22435
164,117,22436
165,117,22437
166,117,22438
167,117,22439
168,117,22440
169,117,22441
170,117,22442
171,117,22443
172,117,22444
173,117,22445
174,117,22446
175,117,22447
176,117,22448
177,117,22449
178,117,22450
179,117,22451
180,117,22452
181,117,22453
182,117,22454
183,117,22455
184,117,22456
185,117,22457
186,117,22458
187,117,22459
188,117,22460
189,117,22461
190,117,22462
191,117,22463
192,117,22464
1,118,22465
2,118,22466
3,118,22467
4,118,22468
5,118,22469
6,118,22470
7,118,22471
8,118,22472
9,118,22473
10,118,22474
11,118,22475
12,118,22476
13,118,22477
14,118,22478
15,118,22479
16,118,22480
17,118,22481
18,118,22482
19,118,22483
20,118,22484
21,118,22485
22,118,22486
23,118,22487
24,118,22488
25,118,22489
26,118,22490
27,118,22491
28,118,22492
29,118,22493
30,118,22494
31,118,22495
32,118,22496
33,118,22497
34,118,22498
35,118,22499
36,118,22500
37,118,22501
38,118,22502
39,118,22503
40,118,22504
41,118,22505
42,118,22506
43,118,22507
44,118,22508
45,118,22509
46,118,22510
47,118,22511
48,118,22512
49,118,22513
50,118,22514
51,118,22515
52,118,22516
53,118,22517
54,118,22518
55,118,22519
56,118,22520
57,118,22521
58,118,22522
59,118,22523
60,118,22524
61,118,22525
62,118,22526
63,118,22527
64,118,22528
65,118,22529
66,118,22530
67,118,22531
68,118,22532
69,118,22533
70,118,22534
71,118,22535
72,118,22536
73,118,22537
74,118,22538
75,118,22539
76,118,22540
77,118,22541
78,118,22542
79,118,22543
80,118,22544
81,118,22545
82,118,22546
83,118,22547
84,118,22548
85,118,22549
86,118,22550
87,118,22551
88,118,22552
89,118,22553
90,118,22554
91,118,22555
92,118,22556
93,118,22557
94,118,22558
95,118,22559
96,118,22560
97,118,22561
98,118,22562
99,118,22563
100,118,22564
101,118,22565
102,118,22566
103,118,22567
104,118,22568
105,118,22569
106,118,22570
107,118,22571
108,118,22572
109,118,22573
110,118,22574
111,118,22575
112,118,22576
113,118,22577
114,118,22578
115,118,22579
116,118,22580
117,118,22581
118,118,22582
119,118,22583
120,118,22584
121,118,22585
122,118,22586
123,118,22587
124,118,22588
125,118,22589
126,118,22590
127,118,22591
128,118,22592
129,118,22593
130,118,22594
131,118,22595
132,118,22596
133,118,22597
134,118,22598
135,118,22599
136,118,22600
137,118,22601
138,118,22602
139,118,22603
140,118,22604
141,118,22605
142,118,22606
143,118,22607
144,118,22608
145,118,22609
146,118,22610
147,118,22611
148,118,22612
149,118,22613
150,118,22614
151,118,22615
152,118,22616
153,118,22617
154,118,22618
155,118,22619
156,118,22620
157,118,22621
158,118,22622
159,118,22623
160,118,22624
161,118,22625
162,118,22626
163,118,22627
164,118,22628
165,118,22629
166,118,22630
167,118,22631
168,118,22632
169,118,22633
170,118,22634
171,118,22635
172,118,22636
173,118,22637
174,118,22638
175,118,22639
176,118,22640
177,118,22641
178,118,22642
179,118,22643
180,118,22644
181,118,22645
182,118,22646
183,118,22647
184,118,22648
185,118,22649
186,118,22650
187,118,22651
188,118,22652
189,118,22653
190,118,22654
191,118,22655
192,118,22656
1,119,22657
2,119,22658
3,119,22659
4,119,22660
5,119,22661
6,119,22662
7,119,22663
8,119,22664
9,119,22665
10,119,22666
11,119,22667
12,119,22668
13,119,22669
14,119,22670
15,119,22671
16,119,22672
17,119,22673
18,119,22674
19,119,22675
20,119,22676
21,119,22677
22,119,22678
23,119,22679
24,119,22680
25,119,22681
26,119,22682
27,119,22683
28,119,22684
29,119,22685
30,119,22686
31,119,22687
32,119,22688
33,119,22689
34,119,22690
35,119,22691
36,119,22692
37,119,22693
38,119,22694
39,119,22695
40,119,22696
41,119,22697
42,119,22698
43,119,22699
44,119,22700
45,119,22701
46,119,22702
47,119,22703
48,119,22704
49,119,22705
50,119,22706
51,119,22707
52,119,22708
53,119,22709
54,119,22710
55,119,22711
56,119,22712
57,119,22713
58,119,22714
59,119,22715
60,119,22716
61,119,22717
62,119,22718
63,119,22719
64,119,22720
65,119,22721
66,119,22722
67,119,22723
68,119,22724
69,119,22725
70,119,22726
71,119,22727
72,119,22728
73,119,22729
74,119,22730
75,119,22731
76,119,22732
77,119,22733
78,119,22734
79,119,22735
80,119,22736
81,119,22737
82,119,22738
83,119,22739
84,119,22740
85,119,22741
86,119,22742
87,119,22743
88,119,22744
89,119,22745
90,119,22746
91,119,22747
92,119,22748
93,119,22749
94,119,22750
95,119,22751
96,119,22752
97,119,22753
98,119,22754
99,119,22755
100,119,22756
101,119,22757
102,119,22758
103,119,22759
104,119,22760
105,119,22761
106,119,22762
107,119,22763
108,119,22764
109,119,22765
110,119,22766
111,119,22767
112,119,22768
113,119,22769
114,119,22770
115,119,22771
116,119,22772
117,119,22773
118,119,22774
119,119,22775
120,119,22776
121,119,22777
122,119,22778
123,119,22779
124,119,22780
125,119,22781
126,119,22782
127,119,22783
128,119,22784
129,119,22785
130,119,22786
131,119,22787
132,119,22788
133,119,22789
134,119,22790
135,119,22791
136,119,22792
137,119,22793
138,119,22794
139,119,22795
140,119,22796
141,119,22797
142,119,22798
143,119,22799
144,119,22800
145,119,22801
146,119,22802
147,119,22803
148,119,22804
149,119,22805
150,119,22806
151,119,22807
152,119,22808
153,119,22809
154,119,22810
155,119,22811
156,119,22812
157,119,22813
158,119,22814
159,119,22815
160,119,22816
161,119,22817
162,119,22818
163,119,22819
164,119,22820
165,119,22821
166,119,22822
167,119,22823
168,119,22824
169,119,22825
170,119,22826
171,119,22827
172,119,22828
173,119,22829
174,119,22830
175,119,22831
176,119,22832
177,119,22833
178,119,22834
179,119,22835
180,119,22836
181,119,22837
182,119,22838
183,119,22839
184,119,22840
185,119,22841
186,119,22842
187,119,22843
188,119,22844
189,119,22845
190,119,22846
191,119,22847
192,119,22848
1,120,22849
2,120,22850
3,120,22851
4,120,22852
5,120,22853
6,120,22854
7,120,22855
8,120,22856
9,120,22857
10,120,22858
11,120,22859
12,120,22860
13,120,22861
14,120,22862
15,120,22863
16,120,22864
17,120,22865
18,120,22866
19,120,22867
20,120,22868
21,120,22869
22,120,22870
23,120,22871
24,120,22872
25,120,22873
26,120,22874
27,120,22875
28,120,22876
29,120,22877
30,120,22878
31,120,22879
32,120,22880
33,120,22881
34,120,22882
35,120,22883
36,120,22884
37,120,22885
38,120,22886
39,120,22887
40,120,22888
41,120,22889
42,120,22890
43,120,22891
44,120,22892
45,120,22893
46,120,22894
47,120,22895
48,120,22896
49,120,22897
50,120,22898
51,120,22899
52,120,22900
53,120,22901
54,120,22902
55,120,22903
56,120,22904
57,120,22905
58,120,22906
59,120,22907
60,120,22908
61,120,22909
62,120,22910
63,120,22911
64,120,22912
65,120,22913
66,120,22914
67,120,22915
68,120,22916
69,120,22917
70,120,22918
71,120,22919
72,120,22920
73,120,22921
74,120,22922
75,120,22923
76,120,22924
77,120,22925
78,120,22926
79,120,22927
80,120,22928
81,120,22929
82,120,22930
83,120,22931
84,120,22932
85,120,22933
86,120,22934
87,120,22935
88,120,22936
89,120,22937
90,120,22938
91,120,22939
92,120,22940
93,120,22941
94,120,22942
95,120,22943
96,120,22944
97,120,22945
98,120,22946
99,120,22947
100,120,22948
101,120,22949
102,120,22950
103,120,22951
104,120,22952
105,120,22953
106,120,22954
107,120,22955
108,120,22956
109,120,22957
110,120,22958
111,120,22959
112,120,22960
113,120,22961
114,120,22962
115,120,22963
116,120,22964
117,120,22965
118,120,22966
119,120,22967
120,120,22968
121,120,22969
122,120,22970
123,120,22971
124,120,22972
125,120,22973
126,120,22974
127,120,22975
128,120,22976
129,120,22977
130,120,22978
131,120,22979
132,120,22980
133,120,22981
134,120,22982
135,120,22983
136,120,22984
137,120,22985
138,120,22986
139,120,22987
140,120,22988
141,120,22989
142,120,22990
143,120,22991
144,120,22992
145,120,22993
146,120,22994
147,120,22995
148,120,22996
149,120,22997
150,120,22998
151,120,22999
152,120,23000
153,120,23001
154,120,23002
155,120,23003
156,120,23004
157,120,23005
158,120,23006
159,120,23007
160,120,23008
161,120,23009
162,120,23010
163,120,23011
164,120,23012
165,120,23013
166,120,23014
167,120,23015
168,120,23016
169,120,23017
170,120,23018
171,120,23019
172,120,23020
173,120,23021
174,120,23022
175,120,23023
176,120,23024
177,120,23025
178,120,23026
179,120,23027
180,120,23028
181,120,23029
182,120,23030
183,120,23031
184,120,23032
185,120,23033
186,120,23034
187,120,23035
188,120,23036
189,120,23037
190,120,23038
191,120,23039
192,120,23040
1,121,23041
2,121,23042
3,121,23043
4,121,23044
5,121,23045
6,121,23046
7,121,23047
8,121,23048
9,121,23049
10,121,23050
11,121,23051
12,121,23052
13,121,23053
14,121,23054
15,121,23055
16,121,23056
17,121,23057
18,121,23058
19,121,23059
20,121,23060
21,121,23061
22,121,23062
23,121,23063
24,121,23064
25,121,23065
26,121,23066
27,121,23067
28,121,23068
29,121,23069
30,121,23070
31,121,23071
32,121,23072
33,121,23073
34,121,23074
35,121,23075
36,121,23076
37,121,23077
38,121,23078
39,121,23079
40,121,23080
41,121,23081
42,121,23082
43,121,23083
44,121,23084
45,121,23085
46,121,23086
47,121,23087
48,121,23088
49,121,23089
50,121,23090
51,121,23091
52,121,23092
53,121,23093
54,121,23094
55,121,23095
56,121,23096
57,121,23097
58,121,23098
59,121,23099
60,121,23100
61,121,23101
62,121,23102
63,121,23103
64,121,23104
65,121,23105
66,121,23106
67,121,23107
68,121,23108
69,121,23109
70,121,23110
71,121,23111
72,121,23112
73,121,23113
74,121,23114
75,121,23115
76,121,23116
77,121,23117
78,121,23118
79,121,23119
80,121,23120
81,121,23121
82,121,23122
83,121,23123
84,121,23124
85,121,23125
86,121,23126
87,121,23127
88,121,23128
89,121,23129
90,121,23130
91,121,23131
92,121,23132
93,121,23133
94,121,23134
95,121,23135
96,121,23136
97,121,23137
98,121,23138
99,121,23139
100,121,23140
101,121,23141
102,121,23142
103,121,23143
104,121,23144
105,121,23145
106,121,23146
107,121,23147
108,121,23148
109,121,23149
110,121,23150
111,121,23151
112,121,23152
113,121,23153
114,121,23154
115,121,23155
116,121,23156
117,121,23157
118,121,23158
119,121,23159
120,121,23160
121,121,23161
122,121,23162
123,121,23163
124,121,23164
125,121,23165
126,121,23166
127,121,23167
128,121,23168
129,121,23169
130,121,23170
131,121,23171
132,121,23172
133,121,23173
134,121,23174
135,121,23175
136,121,23176
137,121,23177
138,121,23178
139,121,23179
140,121,23180
141,121,23181
142,121,23182
143,121,23183
144,121,23184
145,121,23185
146,121,23186
147,121,23187
148,121,23188
149,121,23189
150,121,23190
151,121,23191
152,121,23192
153,121,23193
154,121,23194
155,121,23195
156,121,23196
157,121,23197
158,121,23198
159,121,23199
160,121,23200
161,121,23201
162,121,23202
163,121,23203
164,121,23204
165,121,23205
166,121,23206
167,121,23207
168,121,23208
169,121,23209
170,121,23210
171,121,23211
172,121,23212
173,121,23213
174,121,23214
175,121,23215
176,121,23216
177,121,23217
178,121,23218
179,121,23219
180,121,23220
181,121,23221
182,121,23222
183,121,23223
184,121,23224
185,121,23225
186,121,23226
187,121,23227
188,121,23228
189,121,23229
190,121,23230
191,121,23231
192,121,23232
1,122,23233
2,122,23234
3,122,23235
4,122,23236
5,122,23237
6,122,23238
7,122,23239
8,122,23240
9,122,23241
10,122,23242
11,122,23243
12,122,23244
13,122,23245
14,122,23246
15,122,23247
16,122,23248
17,122,23249
18,122,23250
19,122,23251
20,122,23252
21,122,23253
22,122,23254
23,122,23255
24,122,23256
25,122,23257
26,122,23258
27,122,23259
28,122,23260
29,122,23261
30,122,23262
31,122,23263
32,122,23264
33,122,23265
34,122,23266
35,122,23267
36,122,23268
37,122,23269
38,122,23270
39,122,23271
40,122,23272
41,122,23273
42,122,23274
43,122,23275
44,122,23276
45,122,23277
46,122,23278
47,122,23279
48,122,23280
49,122,23281
50,122,23282
51,122,23283
52,122,23284
53,122,23285
54,122,23286
55,122,23287
56,122,23288
57,122,23289
58,122,23290
59,122,23291
60,122,23292
61,122,23293
62,122,23294
63,122,23295
64,122,23296
65,122,23297
66,122,23298
67,122,23299
68,122,23300
69,122,23301
70,122,23302
71,122,23303
72,122,23304
73,122,23305
74,122,23306
75,122,23307
76,122,23308
77,122,23309
78,122,23310
79,122,23311
80,122,23312
81,122,23313
82,122,23314
83,122,23315
84,122,23316
85,122,23317
86,122,23318
87,122,23319
88,122,23320
89,122,23321
90,122,23322
91,122,23323
92,122,23324
93,122,23325
94,122,23326
95,122,23327
96,122,23328
97,122,23329
98,122,23330
99,122,23331
100,122,23332
101,122,23333
102,122,23334
103,122,23335
104,122,23336
105,122,23337
106,122,23338
107,122,23339
108,122,23340
109,122,23341
110,122,23342
111,122,23343
112,122,23344
113,122,23345
114,122,23346
115,122,23347
116,122,23348
117,122,23349
118,122,23350
119,122,23351
120,122,23352
121,122,23353
122,122,23354
123,122,23355
124,122,23356
125,122,23357
126,122,23358
127,122,23359
128,122,23360
129,122,23361
130,122,23362
131,122,23363
132,122,23364
133,122,23365
134,122,23366
135,122,23367
136,122,23368
137,122,23369
138,122,23370
139,122,23371
140,122,23372
141,122,23373
142,122,23374
143,122,23375
144,122,23376
145,122,23377
146,122,23378
147,122,23379
148,122,23380
149,122,23381
150,122,23382
151,122,23383
152,122,23384
153,122,23385
154,122,23386
155,122,23387
156,122,23388
157,122,23389
158,122,23390
159,122,23391
160,122,23392
161,122,23393
162,122,23394
163,122,23395
164,122,23396
165,122,23397
166,122,23398
167,122,23399
168,122,23400
169,122,23401
170,122,23402
171,122,23403
172,122,23404
173,122,23405
174,122,23406
175,122,23407
176,122,23408
177,122,23409
178,122,23410
179,122,23411
180,122,23412
181,122,23413
182,122,23414
183,122,23415
184,122,23416
185,122,23417
186,122,23418
187,122,23419
188,122,23420
189,122,23421
190,122,23422
191,122,23423
192,122,23424
1,123,23425
2,123,23426
3,123,23427
4,123,23428
5,123,23429
6,123,23430
7,123,23431
8,123,23432
9,123,23433
10,123,23434
11,123,23435
12,123,23436
13,123,23437
14,123,23438
15,123,23439
16,123,23440
17,123,23441
18,123,23442
19,123,23443
20,123,23444
21,123,23445
22,123,23446
23,123,23447
24,123,23448
25,123,23449
26,123,23450
27,123,23451
28,123,23452
29,123,23453
30,123,23454
31,123,23455
32,123,23456
33,123,23457
34,123,23458
35,123,23459
36,123,23460
37,123,23461
38,123,23462
39,123,23463
40,123,23464
41,123,23465
42,123,23466
43,123,23467
44,123,23468
45,123,23469
46,123,23470
47,123,23471
48,123,23472
49,123,23473
50,123,23474
51,123,23475
52,123,23476
53,123,23477
54,123,23478
55,123,23479
56,123,23480
57,123,23481
58,123,23482
59,123,23483
60,123,23484
61,123,23485
62,123,23486
63,123,23487
64,123,23488
65,123,23489
66,123,23490
67,123,23491
68,123,23492
69,123,23493
70,123,23494
71,123,23495
72,123,23496
73,123,23497
74,123,23498
75,123,23499
76,123,23500
77,123,23501
78,123,23502
79,123,23503
80,123,23504
81,123,23505
82,123,23506
83,123,23507
84,123,23508
85,123,23509
86,123,23510
87,123,23511
88,123,23512
89,123,23513
90,123,23514
91,123,23515
92,123,23516
93,123,23517
94,123,23518
95,123,23519
96,123,23520
97,123,23521
98,123,23522
99,123,23523
100,123,23524
101,123,23525
102,123,23526
103,123,23527
104,123,23528
105,123,23529
106,123,23530
107,123,23531
108,123,23532
109,123,23533
110,123,23534
111,123,23535
112,123,23536
113,123,23537
114,123,23538
115,123,23539
116,123,23540
117,123,23541
118,123,23542
119,123,23543
120,123,23544
121,123,23545
122,123,23546
123,123,23547
124,123,23548
125,123,23549
126,123,23550
127,123,23551
128,123,23552
129,123,23553
130,123,23554
131,123,23555
132,123,23556
133,123,23557
134,123,23558
135,123,23559
136,123,23560
137,123,23561
138,123,23562
139,123,23563
140,123,23564
141,123,23565
142,123,23566
143,123,23567
144,123,23568
145,123,23569
146,123,23570
147,123,23571
148,123,23572
149,123,23573
150,123,23574
151,123,23575
152,123,23576
153,123,23577
154,123,23578
155,123,23579
156,123,23580
157,123,23581
158,123,23582
159,123,23583
160,123,23584
161,123,23585
162,123,23586
163,123,23587
164,123,23588
165,123,23589
166,123,23590
167,123,23591
168,123,23592
169,123,23593
170,123,23594
171,123,23595
172,123,23596
173,123,23597
174,123,23598
175,123,23599
176,123,23600
177,123,23601
178,123,23602
179,123,23603
180,123,23604
181,123,23605
182,123,23606
183,123,23607
184,123,23608
185,123,23609
186,123,23610
187,123,23611
188,123,23612
189,123,23613
190,123,23614
191,123,23615
192,123,23616
1,124,23617
2,124,23618
3,124,23619
4,124,23620
5,124,23621
6,124,23622
7,124,23623
8,124,23624
9,124,23625
10,124,23626
11,124,23627
12,124,23628
13,124,23629
14,124,23630
15,124,23631
16,124,23632
17,124,23633
18,124,23634
19,124,23635
20,124,23636
21,124,23637
22,124,23638
23,124,23639
24,124,23640
25,124,23641
26,124,23642
27,124,23643
28,124,23644
29,124,23645
30,124,23646
31,124,23647
32,124,23648
33,124,23649
34,124,23650
35,124,23651
36,124,23652
37,124,23653
38,124,23654
39,124,23655
40,124,23656
41,124,23657
42,124,23658
43,124,23659
44,124,23660
45,124,23661
46,124,23662
47,124,23663
48,124,23664
49,124,23665
50,124,23666
51,124,23667
52,124,23668
53,124,23669
54,124,23670
55,124,23671
56,124,23672
57,124,23673
58,124,23674
59,124,23675
60,124,23676
61,124,23677
62,124,23678
63,124,23679
64,124,23680
65,124,23681
66,124,23682
67,124,23683
68,124,23684
69,124,23685
70,124,23686
71,124,23687
72,124,23688
73,124,23689
74,124,23690
75,124,23691
76,124,23692
77,124,23693
78,124,23694
79,124,23695
80,124,23696
81,124,23697
82,124,23698
83,124,23699
84,124,23700
85,124,23701
86,124,23702
87,124,23703
88,124,23704
89,124,23705
90,124,23706
91,124,23707
92,124,23708
93,124,23709
94,124,23710
95,124,23711
96,124,23712
97,124,23713
98,124,23714
99,124,23715
100,124,23716
101,124,23717
102,124,23718
103,124,23719
104,124,23720
105,124,23721
106,124,23722
107,124,23723
108,124,23724
109,124,23725
110,124,23726
111,124,23727
112,124,23728
113,124,23729
114,124,23730
115,124,23731
116,124,23732
117,124,23733
118,124,23734
119,124,23735
120,124,23736
121,124,23737
122,124,23738
123,124,23739
124,124,23740
125,124,23741
126,124,23742
127,124,23743
128,124,23744
129,124,23745
130,124,23746
131,124,23747
132,124,23748
133,124,23749
134,124,23750
135,124,23751
136,124,23752
137,124,23753
138,124,23754
139,124,23755
140,124,23756
141,124,23757
142,124,23758
143,124,23759
144,124,23760
145,124,23761
146,124,23762
147,124,23763
148,124,23764
149,124,23765
150,124,23766
151,124,23767
152,124,23768
153,124,23769
154,124,23770
155,124,23771
156,124,23772
157,124,23773
158,124,23774
159,124,23775
160,124,23776
161,124,23777
162,124,23778
163,124,23779
164,124,23780
165,124,23781
166,124,23782
167,124,23783
168,124,23784
169,124,23785
170,124,23786
171,124,23787
172,124,23788
173,124,23789
174,124,23790
175,124,23791
176,124,23792
177,124,23793
178,124,23794
179,124,23795
180,124,23796
181,124,23797
182,124,23798
183,124,23799
184,124,23800
185,124,23801
186,124,23802
187,124,23803
188,124,23804
189,124,23805
190,124,23806
191,124,23807
192,124,23808
1,125,23809
2,125,23810
3,125,23811
4,125,23812
5,125,23813
6,125,23814
7,125,23815
8,125,23816
9,125,23817
10,125,23818
11,125,23819
12,125,23820
13,125,23821
14,125,23822
15,125,23823
16,125,23824
17,125,23825
18,125,23826
19,125,23827
20,125,23828
21,125,23829
22,125,23830
23,125,23831
24,125,23832
25,125,23833
26,125,23834
27,125,23835
28,125,23836
29,125,23837
30,125,23838
31,125,23839
32,125,23840
33,125,23841
34,125,23842
35,125,23843
36,125,23844
37,125,23845
38,125,23846
39,125,23847
40,125,23848
41,125,23849
42,125,23850
43,125,23851
44,125,23852
45,125,23853
46,125,23854
47,125,23855
48,125,23856
49,125,23857
50,125,23858
51,125,23859
52,125,23860
53,125,23861
54,125,23862
55,125,23863
56,125,23864
57,125,23865
58,125,23866
59,125,23867
60,125,23868
61,125,23869
62,125,23870
63,125,23871
64,125,23872
65,125,23873
66,125,23874
67,125,23875
68,125,23876
69,125,23877
70,125,23878
71,125,23879
72,125,23880
73,125,23881
74,125,23882
75,125,23883
76,125,23884
77,125,23885
78,125,23886
79,125,23887
80,125,23888
81,125,23889
82,125,23890
83,125,23891
84,125,23892
85,125,23893
86,125,23894
87,125,23895
88,125,23896
89,125,23897
90,125,23898
91,125,23899
92,125,23900
93,125,23901
94,125,23902
95,125,23903
96,125,23904
97,125,23905
98,125,23906
99,125,23907
100,125,23908
101,125,23909
102,125,23910
103,125,23911
104,125,23912
105,125,23913
106,125,23914
107,125,23915
108,125,23916
109,125,23917
110,125,23918
111,125,23919
112,125,23920
113,125,23921
114,125,23922
115,125,23923
116,125,23924
117,125,23925
118,125,23926
119,125,23927
120,125,23928
121,125,23929
122,125,23930
123,125,23931
124,125,23932
125,125,23933
126,125,23934
127,125,23935
128,125,23936
129,125,23937
130,125,23938
131,125,23939
132,125,23940
133,125,23941
134,125,23942
135,125,23943
136,125,23944
137,125,23945
138,125,23946
139,125,23947
140,125,23948
141,125,23949
142,125,23950
143,125,23951
144,125,23952
145,125,23953
146,125,23954
147,125,23955
148,125,23956
149,125,23957
150,125,23958
151,125,23959
152,125,23960
153,125,23961
154,125,23962
155,125,23963
156,125,23964
157,125,23965
158,125,23966
159,125,23967
160,125,23968
161,125,23969
162,125,23970
163,125,23971
164,125,23972
165,125,23973
166,125,23974
167,125,23975
168,125,23976
169,125,23977
170,125,23978
171,125,23979
172,125,23980
173,125,23981
174,125,23982
175,125,23983
176,125,23984
177,125,23985
178,125,23986
179,125,23987
180,125,23988
181,125,23989
182,125,23990
183,125,23991
184,125,23992
185,125,23993
186,125,23994
187,125,23995
188,125,23996
189,125,23997
190,125,23998
191,125,23999
192,125,24000
1,126,24001
2,126,24002
3,126,24003
4,126,24004
5,126,24005
6,126,24006
7,126,24007
8,126,24008
9,126,24009
10,126,24010
11,126,24011
12,126,24012
13,126,24013
14,126,24014
15,126,24015
16,126,24016
17,126,24017
18,126,24018
19,126,24019
20,126,24020
21,126,24021
22,126,24022
23,126,24023
24,126,24024
25,126,24025
26,126,24026
27,126,24027
28,126,24028
29,126,24029
30,126,24030
31,126,24031
32,126,24032
33,126,24033
34,126,24034
35,126,24035
36,126,24036
37,126,24037
38,126,24038
39,126,24039
40,126,24040
41,126,24041
42,126,24042
43,126,24043
44,126,24044
45,126,24045
46,126,24046
47,126,24047
48,126,24048
49,126,24049
50,126,24050
51,126,24051
52,126,24052
53,126,24053
54,126,24054
55,126,24055
56,126,24056
57,126,24057
58,126,24058
59,126,24059
60,126,24060
61,126,24061
62,126,24062
63,126,24063
64,126,24064
65,126,24065
66,126,24066
67,126,24067
68,126,24068
69,126,24069
70,126,24070
71,126,24071
72,126,24072
73,126,24073
74,126,24074
75,126,24075
76,126,24076
77,126,24077
78,126,24078
79,126,24079
80,126,24080
81,126,24081
82,126,24082
83,126,24083
84,126,24084
85,126,24085
86,126,24086
87,126,24087
88,126,24088
89,126,24089
90,126,24090
91,126,24091
92,126,24092
93,126,24093
94,126,24094
95,126,24095
96,126,24096
97,126,24097
98,126,24098
99,126,24099
100,126,24100
101,126,24101
102,126,24102
103,126,24103
104,126,24104
105,126,24105
106,126,24106
107,126,24107
108,126,24108
109,126,24109
110,126,24110
111,126,24111
112,126,24112
113,126,24113
114,126,24114
115,126,24115
116,126,24116
117,126,24117
118,126,24118
119,126,24119
120,126,24120
121,126,24121
122,126,24122
123,126,24123
124,126,24124
125,126,24125
126,126,24126
127,126,24127
128,126,24128
129,126,24129
130,126,24130
131,126,24131
132,126,24132
133,126,24133
134,126,24134
135,126,24135
136,126,24136
137,126,24137
138,126,24138
139,126,24139
140,126,24140
141,126,24141
142,126,24142
143,126,24143
144,126,24144
145,126,24145
146,126,24146
147,126,24147
148,126,24148
149,126,24149
150,126,24150
151,126,24151
152,126,24152
153,126,24153
154,126,24154
155,126,24155
156,126,24156
157,126,24157
158,126,24158
159,126,24159
160,126,24160
161,126,24161
162,126,24162
163,126,24163
164,126,24164
165,126,24165
166,126,24166
167,126,24167
168,126,24168
169,126,24169
170,126,24170
171,126,24171
172,126,24172
173,126,24173
174,126,24174
175,126,24175
176,126,24176
177,126,24177
178,126,24178
179,126,24179
180,126,24180
181,126,24181
182,126,24182
183,126,24183
184,126,24184
185,126,24185
186,126,24186
187,126,24187
188,126,24188
189,126,24189
190,126,24190
191,126,24191
192,126,24192
1,127,24193
2,127,24194
3,127,24195
4,127,24196
5,127,24197
6,127,24198
7,127,24199
8,127,24200
9,127,24201
10,127,24202
11,127,24203
12,127,24204
13,127,24205
14,127,24206
15,127,24207
16,127,24208
17,127,24209
18,127,24210
19,127,24211
20,127,24212
21,127,24213
22,127,24214
23,127,24215
24,127,24216
25,127,24217
26,127,24218
27,127,24219
28,127,24220
29,127,24221
30,127,24222
31,127,24223
32,127,24224
33,127,24225
34,127,24226
35,127,24227
36,127,24228
37,127,24229
38,127,24230
39,127,24231
40,127,24232
41,127,24233
42,127,24234
43,127,24235
44,127,24236
45,127,24237
46,127,24238
47,127,24239
48,127,24240
49,127,24241
50,127,24242
51,127,24243
52,127,24244
53,127,24245
54,127,24246
55,127,24247
56,127,24248
57,127,24249
58,127,24250
59,127,24251
60,127,24252
61,127,24253
62,127,24254
63,127,24255
64,127,24256
65,127,24257
66,127,24258
67,127,24259
68,127,24260
69,127,24261
70,127,24262
71,127,24263
72,127,24264
73,127,24265
74,127,24266
75,127,24267
76,127,24268
77,127,24269
78,127,24270
79,127,24271
80,127,24272
81,127,24273
82,127,24274
83,127,24275
84,127,24276
85,127,24277
86,127,24278
87,127,24279
88,127,24280
89,127,24281
90,127,24282
91,127,24283
92,127,24284
93,127,24285
94,127,24286
95,127,24287
96,127,24288
97,127,24289
98,127,24290
99,127,24291
100,127,24292
101,127,24293
102,127,24294
103,127,24295
104,127,24296
105,127,24297
106,127,24298
107,127,24299
108,127,24300
109,127,24301
110,127,24302
111,127,24303
112,127,24304
113,127,24305
114,127,24306
115,127,24307
116,127,24308
117,127,24309
118,127,24310
119,127,24311
120,127,24312
121,127,24313
122,127,24314
123,127,24315
124,127,24316
125,127,24317
126,127,24318
127,127,24319
128,127,24320
129,127,24321
130,127,24322
131,127,24323
132,127,24324
133,127,24325
134,127,24326
135,127,24327
136,127,24328
137,127,24329
138,127,24330
139,127,24331
140,127,24332
141,127,24333
142,127,24334
143,127,24335
144,127,24336
145,127,24337
146,127,24338
147,127,24339
148,127,24340
149,127,24341
150,127,24342
151,127,24343
152,127,24344
153,127,24345
154,127,24346
155,127,24347
156,127,24348
157,127,24349
158,127,24350
159,127,24351
160,127,24352
161,127,24353
162,127,24354
163,127,24355
164,127,24356
165,127,24357
166,127,24358
167,127,24359
168,127,24360
169,127,24361
170,127,24362
171,127,24363
172,127,24364
173,127,24365
174,127,24366
175,127,24367
176,127,24368
177,127,24369
178,127,24370
179,127,24371
180,127,24372
181,127,24373
182,127,24374
183,127,24375
184,127,24376
185,127,24377
186,127,24378
187,127,24379
188,127,24380
189,127,24381
190,127,24382
191,127,24383
192,127,24384
1,128,24385
2,128,24386
3,128,24387
4,128,24388
5,128,24389
6,128,24390
7,128,24391
8,128,24392
9,128,24393
10,128,24394
11,128,24395
12,128,24396
13,128,24397
14,128,24398
15,128,24399
16,128,24400
17,128,24401
18,128,24402
19,128,24403
20,128,24404
21,128,24405
22,128,24406
23,128,24407
24,128,24408
25,128,24409
26,128,24410
27,128,24411
28,128,24412
29,128,24413
30,128,24414
31,128,24415
32,128,24416
33,128,24417
34,128,24418
35,128,24419
36,128,24420
37,128,24421
38,128,24422
39,128,24423
40,128,24424
41,128,24425
42,128,24426
43,128,24427
44,128,24428
45,128,24429
46,128,24430
47,128,24431
48,128,24432
49,128,24433
50,128,24434
51,128,24435
52,128,24436
53,128,24437
54,128,24438
55,128,24439
56,128,24440
57,128,24441
58,128,24442
59,128,24443
60,128,24444
61,128,24445
62,128,24446
63,128,24447
64,128,24448
65,128,24449
66,128,24450
67,128,24451
68,128,24452
69,128,24453
70,128,24454
71,128,24455
72,128,24456
73,128,24457
74,128,24458
75,128,24459
76,128,24460
77,128,24461
78,128,24462
79,128,24463
80,128,24464
81,128,24465
82,128,24466
83,128,24467
84,128,24468
85,128,24469
86,128,24470
87,128,24471
88,128,24472
89,128,24473
90,128,24474
91,128,24475
92,128,24476
93,128,24477
94,128,24478
95,128,24479
96,128,24480
97,128,24481
98,128,24482
99,128,24483
100,128,24484
101,128,24485
102,128,24486
103,128,24487
104,128,24488
105,128,24489
106,128,24490
107,128,24491
108,128,24492
109,128,24493
110,128,24494
111,128,24495
112,128,24496
113,128,24497
114,128,24498
115,128,24499
116,128,24500
117,128,24501
118,128,24502
119,128,24503
120,128,24504
121,128,24505
122,128,24506
123,128,24507
124,128,24508
125,128,24509
126,128,24510
127,128,24511
128,128,24512
129,128,24513
130,128,24514
131,128,24515
132,128,24516
133,128,24517
134,128,24518
135,128,24519
136,128,24520
137,128,24521
138,128,24522
139,128,24523
140,128,24524
141,128,24525
142,128,24526
143,128,24527
144,128,24528
145,128,24529
146,128,24530
147,128,24531
148,128,24532
149,128,24533
150,128,24534
151,128,24535
152,128,24536
153,128,24537
154,128,24538
155,128,24539
156,128,24540
157,128,24541
158,128,24542
159,128,24543
160,128,24544
161,128,24545
162,128,24546
163,128,24547
164,128,24548
165,128,24549
166,128,24550
167,128,24551
168,128,24552
169,128,24553
170,128,24554
171,128,24555
172,128,24556
173,128,24557
174,128,24558
175,128,24559
176,128,24560
177,128,24561
178,128,24562
179,128,24563
180,128,24564
181,128,24565
182,128,24566
183,128,24567
184,128,24568
185,128,24569
186,128,24570
187,128,24571
188,128,24572
189,128,24573
190,128,24574
191,128,24575
192,128,24576
