5880 11564 5684 3
interior = INTER
cylinder = WALL
farfield = FAR
(node)
1 0.0000000000000000e+00 0.0000000000000000e+00
2 1.2844594982802000e-02 8.0128943929137952e-01
3 5.1365181241592901e-02 1.6017554995178229e+00
4 1.1552217627004420e-01 2.4005756476920439e+00
5 2.0524965441885001e-01 3.1969290421126511e+00
6 3.2045541463874733e-01 3.9899973758344811e+00
7 4.6102107522336772e-01 4.7789657175343079e+00
8 6.2680219545440963e-01 5.5630233489078602e+00
9 8.1762842402426372e-01 6.3413645977376847e+00
10 1.0333036740834840e+00 7.1131896657758116e+00
11 1.2736063247332829e+00 7.8777054505905184e+00
12 1.5382894487559899e+00 8.6341263605326901e+00
13 1.8270810663494570e+00 9.3816751219843528e+00
14 2.1396844246046882e+00 1.0119583578059849e+01
15 2.4757783024395219e+00 1.0847093477938950e+01
16 2.8350173406749981e+00 1.1563457256020881e+01
17 3.2170323969152679e+00 1.2267938800098451e+01
18 3.6214309248663450e+00 1.2959814207763131e+01
19 4.0477973777039864e+00 1.3638372530263720e+01
20 4.4956936350761048e+00 1.4302916503054240e+01
21 4.9646594533010848e+00 1.4952763262280399e+01
22 5.4542129382992570e+00 1.5587245046468340e+01
23 5.9638510407716403e+00 1.6205709882694709e+01
24 6.4930500731171108e+00 1.6807522256532920e+01
25 7.0412662475568091e+00 1.7392063765087158e+01
26 7.6079362349128381e+00 1.7958733752443191e+01
27 8.1924777434670801e+00 1.8506949926882889e+01
28 8.7942901173052910e+00 1.9036148959228360e+01
29 9.4127549535316604e+00 1.9545787061700750e+01
30 1.0047236737719601e+01 2.0035340546698919e+01
31 1.0697083496945760e+01 2.0504306364923899e+01
32 1.1361627469736289e+01 2.0952202622296021e+01
33 1.2040185792236880e+01 2.1378569075133662e+01
34 1.2732061199901549e+01 2.1782967603084739e+01
35 1.3436542743979119e+01 2.2164982659324998e+01
36 1.4152906522061050e+01 2.2524221697560481e+01
37 1.4880416421940160e+01 2.2860315575395308e+01
38 1.5618324878015651e+01 2.3172918933650539e+01
39 1.6365873639467310e+01 2.3461710551244011e+01
40 1.7122294549409489e+01 2.3726393675266721e+01
41 1.7886810334224190e+01 2.3966696325916519e+01
42 1.8658635402262309e+01 2.4182371575975729e+01
43 1.9436976651092149e+01 2.4373197804545590e+01
44 2.0221034282465698e+01 2.4538978924776629e+01
45 2.1010002624165519e+01 2.4679544585361249e+01
46 2.1803070957887350e+01 2.4794750345581150e+01
47 2.2599424352307960e+01 2.4884477823729959e+01
48 2.3398244500482178e+01 2.4948634818758411e+01
49 2.4198710560708619e+01 2.4987155405017202e+01
50 2.5000000000000000e+01 2.5000000000000000e+01
51 2.5801289439291381e+01 2.4987155405017202e+01
52 2.6601755499517822e+01 2.4948634818758411e+01
53 2.7400575647692040e+01 2.4884477823729959e+01
54 2.8196929042112650e+01 2.4794750345581150e+01
55 2.8989997375834481e+01 2.4679544585361249e+01
56 2.9778965717534309e+01 2.4538978924776629e+01
57 3.0563023348907858e+01 2.4373197804545590e+01
58 3.1341364597737680e+01 2.4182371575975740e+01
59 3.2113189665775813e+01 2.3966696325916519e+01
60 3.2877705450590518e+01 2.3726393675266721e+01
61 3.3634126360532690e+01 2.3461710551244011e+01
62 3.4381675121984351e+01 2.3172918933650539e+01
63 3.5119583578059853e+01 2.2860315575395308e+01
64 3.5847093477938962e+01 2.2524221697560481e+01
65 3.6563457256020882e+01 2.2164982659324998e+01
66 3.7267938800098449e+01 2.1782967603084732e+01
67 3.7959814207763117e+01 2.1378569075133662e+01
68 3.8638372530263723e+01 2.0952202622296010e+01
69 3.9302916503054242e+01 2.0504306364923899e+01
70 3.9952763262280399e+01 2.0035340546698919e+01
71 4.0587245046468340e+01 1.9545787061700739e+01
72 4.1205709882694713e+01 1.9036148959228360e+01
73 4.1807522256532920e+01 1.8506949926882889e+01
74 4.2392063765087158e+01 1.7958733752443191e+01
75 4.2958733752443187e+01 1.7392063765087158e+01
76 4.3506949926882889e+01 1.6807522256532920e+01
77 4.4036148959228363e+01 1.6205709882694709e+01
78 4.4545787061700750e+01 1.5587245046468340e+01
79 4.5035340546698919e+01 1.4952763262280399e+01
80 4.5504306364923892e+01 1.4302916503054240e+01
81 4.5952202622296006e+01 1.3638372530263711e+01
82 4.6378569075133662e+01 1.2959814207763120e+01
83 4.6782967603084742e+01 1.2267938800098451e+01
84 4.7164982659325013e+01 1.1563457256020881e+01
85 4.7524221697560478e+01 1.0847093477938950e+01
86 4.7860315575395312e+01 1.0119583578059840e+01
87 4.8172918933650543e+01 9.3816751219843546e+00
88 4.8461710551244011e+01 8.6341263605326901e+00
89 4.8726393675266721e+01 7.8777054505905149e+00
90 4.8966696325916523e+01 7.1131896657758054e+00
91 4.9182371575975743e+01 6.3413645977376882e+00
92 4.9373197804545590e+01 5.5630233489078558e+00
93 4.9538978924776629e+01 4.7789657175343070e+00
94 4.9679544585361263e+01 3.9899973758344829e+00
95 4.9794750345581150e+01 3.1969290421126502e+00
96 4.9884477823729952e+01 2.4005756476920421e+00
97 4.9948634818758407e+01 1.6017554995178240e+00
98 4.9987155405017198e+01 8.0128943929137775e-01
99 5.0000000000000000e+01 1.4999999999999999e-15
100 4.9987155405017198e+01 -8.0128943929137797e-01
101 4.9948634818758407e+01 -1.6017554995178220e+00
102 4.9884477823729952e+01 -2.4005756476920430e+00
103 4.9794750345581150e+01 -3.1969290421126488e+00
104 4.9679544585361263e+01 -3.9899973758344789e+00
105 4.9538978924776629e+01 -4.7789657175343061e+00
106 4.9373197804545590e+01 -5.5630233489078584e+00
107 4.9182371575975743e+01 -6.3413645977376829e+00
108 4.8966696325916523e+01 -7.1131896657758098e+00
109 4.8726393675266721e+01 -7.8777054505905157e+00
110 4.8461710551244011e+01 -8.6341263605326883e+00
111 4.8172918933650543e+01 -9.3816751219843511e+00
112 4.7860315575395312e+01 -1.0119583578059840e+01
113 4.7524221697560478e+01 -1.0847093477938950e+01
114 4.7164982659325013e+01 -1.1563457256020881e+01
115 4.6782967603084728e+01 -1.2267938800098451e+01
116 4.6378569075133662e+01 -1.2959814207763120e+01
117 4.5952202622296006e+01 -1.3638372530263720e+01
118 4.5504306364923892e+01 -1.4302916503054240e+01
119 4.5035340546698919e+01 -1.4952763262280399e+01
120 4.4545787061700743e+01 -1.5587245046468340e+01
121 4.4036148959228363e+01 -1.6205709882694709e+01
122 4.3506949926882889e+01 -1.6807522256532920e+01
123 4.2958733752443187e+01 -1.7392063765087158e+01
124 4.2392063765087158e+01 -1.7958733752443191e+01
125 4.1807522256532920e+01 -1.8506949926882889e+01
126 4.1205709882694713e+01 -1.9036148959228360e+01
127 4.0587245046468340e+01 -1.9545787061700750e+01
128 3.9952763262280399e+01 -2.0035340546698919e+01
129 3.9302916503054242e+01 -2.0504306364923899e+01
130 3.8638372530263723e+01 -2.0952202622296021e+01
131 3.7959814207763117e+01 -2.1378569075133662e+01
132 3.7267938800098449e+01 -2.1782967603084739e+01
133 3.6563457256020882e+01 -2.2164982659324998e+01
134 3.5847093477938948e+01 -2.2524221697560481e+01
135 3.5119583578059853e+01 -2.2860315575395308e+01
136 3.4381675121984358e+01 -2.3172918933650539e+01
137 3.3634126360532690e+01 -2.3461710551244011e+01
138 3.2877705450590518e+01 -2.3726393675266721e+01
139 3.2113189665775813e+01 -2.3966696325916519e+01
140 3.1341364597737691e+01 -2.4182371575975729e+01
141 3.0563023348907858e+01 -2.4373197804545590e+01
142 2.9778965717534309e+01 -2.4538978924776629e+01
143 2.8989997375834481e+01 -2.4679544585361249e+01
144 2.8196929042112650e+01 -2.4794750345581150e+01
145 2.7400575647692040e+01 -2.4884477823729959e+01
146 2.6601755499517829e+01 -2.4948634818758411e+01
147 2.5801289439291381e+01 -2.4987155405017202e+01
148 2.5000000000000000e+01 -2.5000000000000000e+01
149 2.4198710560708619e+01 -2.4987155405017202e+01
150 2.3398244500482178e+01 -2.4948634818758411e+01
151 2.2599424352307960e+01 -2.4884477823729959e+01
152 2.1803070957887350e+01 -2.4794750345581150e+01
153 2.1010002624165519e+01 -2.4679544585361249e+01
154 2.0221034282465698e+01 -2.4538978924776629e+01
155 1.9436976651092149e+01 -2.4373197804545590e+01
156 1.8658635402262309e+01 -2.4182371575975729e+01
157 1.7886810334224190e+01 -2.3966696325916519e+01
158 1.7122294549409489e+01 -2.3726393675266721e+01
159 1.6365873639467310e+01 -2.3461710551244011e+01
160 1.5618324878015651e+01 -2.3172918933650539e+01
161 1.4880416421940160e+01 -2.2860315575395308e+01
162 1.4152906522061050e+01 -2.2524221697560481e+01
163 1.3436542743979119e+01 -2.2164982659324998e+01
164 1.2732061199901549e+01 -2.1782967603084739e+01
165 1.2040185792236880e+01 -2.1378569075133662e+01
166 1.1361627469736289e+01 -2.0952202622296021e+01
167 1.0697083496945760e+01 -2.0504306364923899e+01
168 1.0047236737719601e+01 -2.0035340546698919e+01
169 9.4127549535316604e+00 -1.9545787061700750e+01
170 8.7942901173052910e+00 -1.9036148959228360e+01
171 8.1924777434670801e+00 -1.8506949926882889e+01
172 7.6079362349128381e+00 -1.7958733752443191e+01
173 7.0412662475568091e+00 -1.7392063765087158e+01
174 6.4930500731171108e+00 -1.6807522256532920e+01
175 5.9638510407716403e+00 -1.6205709882694709e+01
176 5.4542129382992570e+00 -1.5587245046468340e+01
177 4.9646594533010848e+00 -1.4952763262280399e+01
178 4.4956936350761048e+00 -1.4302916503054240e+01
179 4.0477973777039864e+00 -1.3638372530263720e+01
180 3.6214309248663450e+00 -1.2959814207763131e+01
181 3.2170323969152679e+00 -1.2267938800098451e+01
182 2.8350173406749981e+00 -1.1563457256020881e+01
183 2.4757783024395219e+00 -1.0847093477938950e+01
184 2.1396844246046882e+00 -1.0119583578059849e+01
185 1.8270810663494570e+00 -9.3816751219843528e+00
186 1.5382894487559899e+00 -8.6341263605326901e+00
187 1.2736063247332829e+00 -7.8777054505905184e+00
188 1.0333036740834840e+00 -7.1131896657758116e+00
189 8.1762842402426372e-01 -6.3413645977376847e+00
190 6.2680219545440963e-01 -5.5630233489078602e+00
191 4.6102107522336772e-01 -4.7789657175343079e+00
192 3.2045541463874733e-01 -3.9899973758344811e+00
193 2.0524965441885001e-01 -3.1969290421126511e+00
194 1.1552217627004420e-01 -2.4005756476920439e+00
195 5.1365181241592901e-02 -1.6017554995178229e+00
196 1.2844594982802000e-02 -8.0128943929137952e-01
197 -2.0000000000000000e+00 0.0000000000000000e+00
198 -1.9861278374185740e+00 8.6539259443468952e-01
199 -1.9445256042590799e+00 1.7298959394792479e+00
200 -1.8752360496283520e+00 2.5926216995074070e+00
201 -1.7783303732276421e+00 3.4526833654816609e+00
202 -1.6539081521901531e+00 4.3091971659012369e+00
203 -1.5020972387587630e+00 5.1612829749370519e+00
204 -1.3230536289092369e+00 6.0080652168204871e+00
205 -1.1169613020537950e+00 6.8486737655566969e+00
206 -8.8403203198983649e-01 7.6822448390378728e+00
207 -6.2450516928805344e-01 8.5079218866377566e+00
208 -3.3864739534353122e-01 9.3248564693753053e+00
209 -2.6752448342585399e-02 1.0132209131743100e+01
210 3.1085917857306372e-01 1.0929150264304630e+01
211 6.7384056663468517e-01 1.1714860956174070e+01
212 1.0618187279289999e+00 1.2488533836502549e+01
213 1.4743949886684911e+00 1.3249373904106321e+01
214 1.9111453988556550e+00 1.3996599344384171e+01
215 2.3716211679203050e+00 1.4729442332684810e+01
216 2.8553491258821939e+00 1.5447149823298581e+01
217 3.3618322095651720e+00 1.6148984323262830e+01
218 3.8905499733631999e+00 1.6834224650185799e+01
219 4.4409591240333732e+00 1.7502166673310288e+01
220 5.0124940789664834e+00 1.8152124037055540e+01
221 5.6045675473613574e+00 1.8783428866294120e+01
222 6.2165711337058678e+00 1.9395432452638630e+01
223 6.8478759629444479e+00 1.9987505921033499e+01
224 7.4978333266897144e+00 2.0559040875966620e+01
225 8.1657753498141936e+00 2.1109450026636800e+01
226 8.8510156767371750e+00 2.1638167790434821e+01
227 9.5528501767014227e+00 2.2144650874117801e+01
228 1.0270557667315190e+01 2.2628378832079690e+01
229 1.1003400655615829e+01 2.3088854601144341e+01
230 1.1750626095893679e+01 2.3525605011331500e+01
231 1.2511466163497451e+01 2.3938181272070992e+01
232 1.3285139043825939e+01 2.4326159433365309e+01
233 1.4070849735695370e+01 2.4689140821426921e+01
234 1.4867790868256900e+01 2.5026752448342570e+01
235 1.5675143530624700e+01 2.5338647395343521e+01
236 1.6492078113362250e+01 2.5624505169288039e+01
237 1.7317755160962129e+01 2.5884032031989818e+01
238 1.8151326234443300e+01 2.6116961302053770e+01
239 1.8991934783179520e+01 2.6323053628909229e+01
240 1.9838717025062959e+01 2.6502097238758751e+01
241 2.0690802834098761e+01 2.6653908152190141e+01
242 2.1547316634518339e+01 2.6778330373227639e+01
243 2.2407378300492599e+01 2.6875236049628342e+01
244 2.3270104060520751e+01 2.6944525604259070e+01
245 2.4134607405565319e+01 2.6986127837418561e+01
246 2.5000000000000000e+01 2.6999999999999989e+01
247 2.5865392594434699e+01 2.6986127837418561e+01
248 2.6729895939479238e+01 2.6944525604259059e+01
249 2.7592621699507411e+01 2.6875236049628331e+01
250 2.8452683365481668e+01 2.6778330373227629e+01
251 2.9309197165901232e+01 2.6653908152190141e+01
252 3.0161282974937048e+01 2.6502097238758751e+01
253 3.1008065216820480e+01 2.6323053628909229e+01
254 3.1848673765556700e+01 2.6116961302053781e+01
255 3.2682244839037878e+01 2.5884032031989818e+01
256 3.3507921886637760e+01 2.5624505169288039e+01
257 3.4324856469375312e+01 2.5338647395343511e+01
258 3.5132209131743103e+01 2.5026752448342570e+01
259 3.5929150264304631e+01 2.4689140821426928e+01
260 3.6714860956174093e+01 2.4326159433365309e+01
261 3.7488533836502562e+01 2.3938181272070999e+01
262 3.8249373904106307e+01 2.3525605011331500e+01
263 3.8996599344384173e+01 2.3088854601144330e+01
264 3.9729442332684819e+01 2.2628378832079679e+01
265 4.0447149823298581e+01 2.2144650874117790e+01
266 4.1148984323262837e+01 2.1638167790434810e+01
267 4.1834224650185810e+01 2.1109450026636789e+01
268 4.2502166673310292e+01 2.0559040875966620e+01
269 4.3152124037055550e+01 1.9987505921033510e+01
270 4.3783428866294123e+01 1.9395432452638641e+01
271 4.4395432452638637e+01 1.8783428866294130e+01
272 4.4987505921033517e+01 1.8152124037055550e+01
273 4.5559040875966623e+01 1.7502166673310288e+01
274 4.6109450026636807e+01 1.6834224650185799e+01
275 4.6638167790434828e+01 1.6148984323262820e+01
276 4.7144650874117801e+01 1.5447149823298581e+01
277 4.7628378832079697e+01 1.4729442332684810e+01
278 4.8088854601144348e+01 1.3996599344384171e+01
279 4.8525605011331507e+01 1.3249373904106321e+01
280 4.8938181272070992e+01 1.2488533836502549e+01
281 4.9326159433365333e+01 1.1714860956174061e+01
282 4.9689140821426939e+01 1.0929150264304630e+01
283 5.0026752448342592e+01 1.0132209131743100e+01
284 5.0338647395343550e+01 9.3248564693753053e+00
285 5.0624505169288057e+01 8.5079218866377548e+00
286 5.0884032031989832e+01 7.6822448390378701e+00
287 5.1116961302053781e+01 6.8486737655567040e+00
288 5.1323053628909243e+01 6.0080652168204836e+00
289 5.1502097238758772e+01 5.1612829749370510e+00
290 5.1653908152190162e+01 4.3091971659012414e+00
291 5.1778330373227632e+01 3.4526833654816622e+00
292 5.1875236049628349e+01 2.5926216995074052e+00
293 5.1944525604259077e+01 1.7298959394792499e+00
294 5.1986127837418572e+01 8.6539259443468797e-01
295 5.2000000000000000e+01 1.8000000000000001e-15
296 5.1986127837418572e+01 -8.6539259443468819e-01
297 5.1944525604259070e+01 -1.7298959394792470e+00
298 5.1875236049628363e+01 -2.5926216995074061e+00
299 5.1778330373227647e+01 -3.4526833654816609e+00
300 5.1653908152190169e+01 -4.3091971659012387e+00
301 5.1502097238758772e+01 -5.1612829749370519e+00
302 5.1323053628909243e+01 -6.0080652168204889e+00
303 5.1116961302053767e+01 -6.8486737655566978e+00
304 5.0884032031989832e+01 -7.6822448390378764e+00
305 5.0624505169288049e+01 -8.5079218866377584e+00
306 5.0338647395343543e+01 -9.3248564693753053e+00
307 5.0026752448342592e+01 -1.0132209131743100e+01
308 4.9689140821426939e+01 -1.0929150264304630e+01
309 4.9326159433365333e+01 -1.1714860956174070e+01
310 4.8938181272070992e+01 -1.2488533836502560e+01
311 4.8525605011331493e+01 -1.3249373904106330e+01
312 4.8088854601144348e+01 -1.3996599344384180e+01
313 4.7628378832079697e+01 -1.4729442332684821e+01
314 4.7144650874117801e+01 -1.5447149823298581e+01
315 4.6638167790434828e+01 -1.6148984323262830e+01
316 4.6109450026636807e+01 -1.6834224650185810e+01
317 4.5559040875966623e+01 -1.7502166673310288e+01
318 4.4987505921033517e+01 -1.8152124037055561e+01
319 4.4395432452638659e+01 -1.8783428866294130e+01
320 4.3783428866294152e+01 -1.9395432452638651e+01
321 4.3152124037055557e+01 -1.9987505921033520e+01
322 4.2502166673310292e+01 -2.0559040875966630e+01
323 4.1834224650185803e+01 -2.1109450026636811e+01
324 4.1148984323262837e+01 -2.1638167790434832e+01
325 4.0447149823298588e+01 -2.2144650874117811e+01
326 3.9729442332684833e+01 -2.2628378832079701e+01
327 3.8996599344384173e+01 -2.3088854601144352e+01
328 3.8249373904106328e+01 -2.3525605011331521e+01
329 3.7488533836502562e+01 -2.3938181272071009e+01
330 3.6714860956174057e+01 -2.4326159433365319e+01
331 3.5929150264304639e+01 -2.4689140821426939e+01
332 3.5132209131743103e+01 -2.5026752448342592e+01
333 3.4324856469375320e+01 -2.5338647395343529e+01
334 3.3507921886637767e+01 -2.5624505169288049e+01
335 3.2682244839037878e+01 -2.5884032031989840e+01
336 3.1848673765556700e+01 -2.6116961302053799e+01
337 3.1008065216820480e+01 -2.6323053628909239e+01
338 3.0161282974937048e+01 -2.6502097238758768e+01
339 2.9309197165901249e+01 -2.6653908152190159e+01
340 2.8452683365481668e+01 -2.6778330373227639e+01
341 2.7592621699507411e+01 -2.6875236049628349e+01
342 2.6729895939479249e+01 -2.6944525604259081e+01
343 2.5865392594434699e+01 -2.6986127837418579e+01
344 2.5000000000000000e+01 -2.7000000000000000e+01
345 2.4134607405565308e+01 -2.6986127837418579e+01
346 2.3270104060520751e+01 -2.6944525604259081e+01
347 2.2407378300492589e+01 -2.6875236049628349e+01
348 2.1547316634518339e+01 -2.6778330373227639e+01
349 2.0690802834098751e+01 -2.6653908152190159e+01
350 1.9838717025062952e+01 -2.6502097238758768e+01
351 1.8991934783179509e+01 -2.6323053628909239e+01
352 1.8151326234443300e+01 -2.6116961302053799e+01
353 1.7317755160962129e+01 -2.5884032031989840e+01
354 1.6492078113362250e+01 -2.5624505169288060e+01
355 1.5675143530624700e+01 -2.5338647395343529e+01
356 1.4867790868256890e+01 -2.5026752448342592e+01
357 1.4070849735695370e+01 -2.4689140821426939e+01
358 1.3285139043825930e+01 -2.4326159433365309e+01
359 1.2511466163497451e+01 -2.3938181272071009e+01
360 1.1750626095893670e+01 -2.3525605011331521e+01
361 1.1003400655615820e+01 -2.3088854601144352e+01
362 1.0270557667315179e+01 -2.2628378832079701e+01
363 9.5528501767014156e+00 -2.2144650874117811e+01
364 8.8510156767371679e+00 -2.1638167790434839e+01
365 8.1657753498141901e+00 -2.1109450026636811e+01
366 7.4978333266897099e+00 -2.0559040875966630e+01
367 6.8478759629444479e+00 -1.9987505921033520e+01
368 6.2165711337058607e+00 -1.9395432452638641e+01
369 5.6045675473613494e+00 -1.8783428866294141e+01
370 5.0124940789664763e+00 -1.8152124037055561e+01
371 4.4409591240333679e+00 -1.7502166673310288e+01
372 3.8905499733631981e+00 -1.6834224650185810e+01
373 3.3618322095651698e+00 -1.6148984323262841e+01
374 2.8553491258821899e+00 -1.5447149823298581e+01
375 2.3716211679203032e+00 -1.4729442332684821e+01
376 1.9111453988556499e+00 -1.3996599344384180e+01
377 1.4743949886684879e+00 -1.3249373904106330e+01
378 1.0618187279289959e+00 -1.2488533836502560e+01
379 6.7384056663468250e-01 -1.1714860956174070e+01
380 3.1085917857306100e-01 -1.0929150264304640e+01
381 -2.6752448342588001e-02 -1.0132209131743100e+01
382 -3.3864739534353339e-01 -9.3248564693753053e+00
383 -6.2450516928805655e-01 -8.5079218866377602e+00
384 -8.8403203198983871e-01 -7.6822448390378799e+00
385 -1.1169613020537970e+00 -6.8486737655566996e+00
386 -1.3230536289092389e+00 -6.0080652168204907e+00
387 -1.5020972387587650e+00 -5.1612829749370519e+00
388 -1.6539081521901540e+00 -4.3091971659012414e+00
389 -1.7783303732276430e+00 -3.4526833654816631e+00
390 -1.8752360496283531e+00 -2.5926216995074078e+00
391 -1.9445256042590799e+00 -1.7298959394792499e+00
392 -1.9861278374185740e+00 -8.6539259443469008e-01
393 -4.2659745553875021e+00 0.0000000000000000e+00
394 -4.2509381717898638e+00 9.3802065367208809e-01
395 -4.2058444718975290e+00 1.8750774277136220e+00
396 -4.1307397925354188e+00 2.8102074329455271e+00
397 -4.0257013088385367e+00 3.7424497600739230e+00
398 -3.8908369549493518e+00 4.6708464670893877e+00
399 -3.7262853131081242e+00 5.5944435636171237e+00
400 -3.5322154712503102e+00 6.5122919912065544e+00
401 -3.3088268492572741e+00 7.4234485985530378e+00
402 -3.0563489940388742e+00 8.3269771106495973e+00
403 -2.7750413436585069e+00 9.2219490908727728e+00
404 -2.4651929607429470e+00 1.0107444895014000e+01
405 -2.1271222354509600e+00 1.0982554616276230e+01
406 -1.7611765583059100e+00 1.1846379020264649e+01
407 -1.3677319632284779e+00 1.2698030469010829e+01
408 -9.4719274113642671e-01 1.3536633833080710e+01
409 -4.9999102450831862e-01 1.4361327390829270e+01
410 -2.6586343338224499e-02 1.5171263713877780e+01
411 4.7253484706246601e-01 1.5965610537903739e+01
412 9.9685966593069342e-01 1.6743551617848681e+01
413 1.5458493340714430e+00 1.7504287566665219e+01
414 2.1189397274897579e+00 1.8247036676741271e+01
415 2.7155419570662662e+00 1.8971035723157382e+01
416 3.3350429736805949e+00 1.9675540747952041e+01
417 3.9768061981607610e+00 2.0359827824588692e+01
418 4.6401721754112923e+00 2.1023193801839209e+01
419 5.3244592520479408e+00 2.1664957026319382e+01
420 6.0289642768425988e+00 2.2284458042933711e+01
421 6.7529633232587134e+00 2.2881060272510219e+01
422 7.4957124333347576e+00 2.3454150665928520e+01
423 8.2564483821513068e+00 2.4003140334069279e+01
424 9.0343894620962590e+00 2.4527465152937509e+01
425 9.8287362861222043e+00 2.5026586343338192e+01
426 1.0638672609170710e+01 2.5499991024508290e+01
427 1.1463366166919281e+01 2.5947192741136391e+01
428 1.2301969530989171e+01 2.6367731963228440e+01
429 1.3153620979735340e+01 2.6761176558305880e+01
430 1.4017445383723761e+01 2.7127122235450919e+01
431 1.4892555104986000e+01 2.7465192960742900e+01
432 1.5778050909127220e+01 2.7775041343658469e+01
433 1.6673022889350388e+01 2.8056348994038832e+01
434 1.7576551401446949e+01 2.8308826849257230e+01
435 1.8487708008793451e+01 2.8532215471250261e+01
436 1.9405556436382881e+01 2.8726285313108079e+01
437 2.0329153532910610e+01 2.8890836954949311e+01
438 2.1257550239926079e+01 2.9025701308838499e+01
439 2.2189792567054479e+01 2.9130739792535380e+01
440 2.3124922572286369e+01 2.9205844471897478e+01
441 2.4061979346327920e+01 2.9250938171789819e+01
442 2.5000000000000000e+01 2.9265974555387459e+01
443 2.5938020653672091e+01 2.9250938171789819e+01
444 2.6875077427713620e+01 2.9205844471897478e+01
445 2.7810207432945528e+01 2.9130739792535380e+01
446 2.8742449760073931e+01 2.9025701308838489e+01
447 2.9670846467089390e+01 2.8890836954949311e+01
448 3.0594443563617130e+01 2.8726285313108079e+01
449 3.1512291991206560e+01 2.8532215471250272e+01
450 3.2423448598553037e+01 2.8308826849257230e+01
451 3.3326977110649608e+01 2.8056348994038839e+01
452 3.4221949090872783e+01 2.7775041343658462e+01
453 3.5107444895013998e+01 2.7465192960742900e+01
454 3.5982554616276218e+01 2.7127122235450919e+01
455 3.6846379020264663e+01 2.6761176558305870e+01
456 3.7698030469010838e+01 2.6367731963228440e+01
457 3.8536633833080728e+01 2.5947192741136391e+01
458 3.9361327390829288e+01 2.5499991024508279e+01
459 4.0171263713877799e+01 2.5026586343338199e+01
460 4.0965610537903757e+01 2.4527465152937499e+01
461 4.1743551617848702e+01 2.4003140334069279e+01
462 4.2504287566665248e+01 2.3454150665928530e+01
463 4.3247036676741303e+01 2.2881060272510211e+01
464 4.3971035723157392e+01 2.2284458042933711e+01
465 4.4675540747952063e+01 2.1664957026319382e+01
466 4.5359827824588713e+01 2.1023193801839220e+01
467 4.6023193801839263e+01 2.0359827824588692e+01
468 4.6664957026319406e+01 1.9675540747952031e+01
469 4.7284458042933728e+01 1.8971035723157382e+01
470 4.7881060272510247e+01 1.8247036676741271e+01
471 4.8454150665928552e+01 1.7504287566665219e+01
472 4.9003140334069300e+01 1.6743551617848670e+01
473 4.9527465152937538e+01 1.5965610537903730e+01
474 5.0026586343338217e+01 1.5171263713877780e+01
475 5.0499991024508319e+01 1.4361327390829270e+01
476 5.0947192741136433e+01 1.3536633833080710e+01
477 5.1367731963228472e+01 1.2698030469010821e+01
478 5.1761176558305912e+01 1.1846379020264649e+01
479 5.2127122235450962e+01 1.0982554616276230e+01
480 5.2465192960742947e+01 1.0107444895014000e+01
481 5.2775041343658522e+01 9.2219490908727693e+00
482 5.3056348994038864e+01 8.3269771106495938e+00
483 5.3308826849257287e+01 7.4234485985530450e+00
484 5.3532215471250311e+01 6.5122919912065491e+00
485 5.3726285313108100e+01 5.5944435636171228e+00
486 5.3890836954949350e+01 4.6708464670893903e+00
487 5.4025701308838528e+01 3.7424497600739222e+00
488 5.4130739792535422e+01 2.8102074329455240e+00
489 5.4205844471897542e+01 1.8750774277136240e+00
490 5.4250938171789883e+01 9.3802065367208642e-01
491 5.4265974555387501e+01 2.0999999999999998e-15
492 5.4250938171789883e+01 -9.3802065367208742e-01
493 5.4205844471897528e+01 -1.8750774277136220e+00
494 5.4130739792535422e+01 -2.8102074329455271e+00
495 5.4025701308838528e+01 -3.7424497600739248e+00
496 5.3890836954949357e+01 -4.6708464670893912e+00
497 5.3726285313108100e+01 -5.5944435636171281e+00
498 5.3532215471250311e+01 -6.5122919912065580e+00
499 5.3308826849257287e+01 -7.4234485985530441e+00
500 5.3056348994038864e+01 -8.3269771106496044e+00
501 5.2775041343658522e+01 -9.2219490908727781e+00
502 5.2465192960742947e+01 -1.0107444895014011e+01
503 5.2127122235450962e+01 -1.0982554616276239e+01
504 5.1761176558305927e+01 -1.1846379020264660e+01
505 5.1367731963228472e+01 -1.2698030469010851e+01
506 5.0947192741136433e+01 -1.3536633833080719e+01
507 5.0499991024508311e+01 -1.4361327390829290e+01
508 5.0026586343338231e+01 -1.5171263713877799e+01
509 4.9527465152937530e+01 -1.5965610537903750e+01
510 4.9003140334069300e+01 -1.6743551617848698e+01
511 4.8454150665928559e+01 -1.7504287566665251e+01
512 4.7881060272510247e+01 -1.8247036676741288e+01
513 4.7284458042933750e+01 -1.8971035723157410e+01
514 4.6664957026319399e+01 -1.9675540747952059e+01
515 4.6023193801839248e+01 -2.0359827824588709e+01
516 4.5359827824588713e+01 -2.1023193801839241e+01
517 4.4675540747952077e+01 -2.1664957026319399e+01
518 4.3971035723157406e+01 -2.2284458042933739e+01
519 4.3247036676741288e+01 -2.2881060272510251e+01
520 4.2504287566665262e+01 -2.3454150665928559e+01
521 4.1743551617848702e+01 -2.4003140334069300e+01
522 4.0965610537903750e+01 -2.4527465152937541e+01
523 4.0171263713877813e+01 -2.5026586343338220e+01
524 3.9361327390829281e+01 -2.5499991024508319e+01
525 3.8536633833080721e+01 -2.5947192741136430e+01
526 3.7698030469010831e+01 -2.6367731963228479e+01
527 3.6846379020264663e+01 -2.6761176558305909e+01
528 3.5982554616276254e+01 -2.7127122235450958e+01
529 3.5107444895014012e+01 -2.7465192960742950e+01
530 3.4221949090872783e+01 -2.7775041343658501e+01
531 3.3326977110649608e+01 -2.8056348994038871e+01
532 3.2423448598553051e+01 -2.8308826849257269e+01
533 3.1512291991206549e+01 -2.8532215471250300e+01
534 3.0594443563617130e+01 -2.8726285313108129e+01
535 2.9670846467089390e+01 -2.8890836954949350e+01
536 2.8742449760073921e+01 -2.9025701308838538e+01
537 2.7810207432945528e+01 -2.9130739792535419e+01
538 2.6875077427713631e+01 -2.9205844471897532e+01
539 2.5938020653672091e+01 -2.9250938171789858e+01
540 2.5000000000000000e+01 -2.9265974555387501e+01
541 2.4061979346327909e+01 -2.9250938171789858e+01
542 2.3124922572286380e+01 -2.9205844471897532e+01
543 2.2189792567054479e+01 -2.9130739792535419e+01
544 2.1257550239926069e+01 -2.9025701308838538e+01
545 2.0329153532910610e+01 -2.8890836954949350e+01
546 1.9405556436382870e+01 -2.8726285313108129e+01
547 1.8487708008793440e+01 -2.8532215471250300e+01
548 1.7576551401446949e+01 -2.8308826849257269e+01
549 1.6673022889350399e+01 -2.8056348994038871e+01
550 1.5778050909127220e+01 -2.7775041343658511e+01
551 1.4892555104986000e+01 -2.7465192960742950e+01
552 1.4017445383723761e+01 -2.7127122235450958e+01
553 1.3153620979735340e+01 -2.6761176558305909e+01
554 1.2301969530989160e+01 -2.6367731963228479e+01
555 1.1463366166919281e+01 -2.5947192741136430e+01
556 1.0638672609170710e+01 -2.5499991024508319e+01
557 9.8287362861221972e+00 -2.5026586343338220e+01
558 9.0343894620962502e+00 -2.4527465152937548e+01
559 8.2564483821512997e+00 -2.4003140334069311e+01
560 7.4957124333347558e+00 -2.3454150665928569e+01
561 6.7529633232587081e+00 -2.2881060272510251e+01
562 6.0289642768425971e+00 -2.2284458042933739e+01
563 5.3244592520479408e+00 -2.1664957026319410e+01
564 4.6401721754112852e+00 -2.1023193801839241e+01
565 3.9768061981607481e+00 -2.0359827824588709e+01
566 3.3350429736805882e+00 -1.9675540747952059e+01
567 2.7155419570662569e+00 -1.8971035723157410e+01
568 2.1189397274897499e+00 -1.8247036676741299e+01
569 1.5458493340714350e+00 -1.7504287566665258e+01
570 9.9685966593068454e-01 -1.6743551617848698e+01
571 4.7253484706245708e-01 -1.5965610537903761e+01
572 -2.6586343338230699e-02 -1.5171263713877799e+01
573 -4.9999102450832572e-01 -1.4361327390829290e+01
574 -9.4719274113643381e-01 -1.3536633833080730e+01
575 -1.3677319632284859e+00 -1.2698030469010851e+01
576 -1.7611765583059169e+00 -1.1846379020264671e+01
577 -2.1271222354509671e+00 -1.0982554616276239e+01
578 -2.4651929607429519e+00 -1.0107444895014011e+01
579 -2.7750413436585122e+00 -9.2219490908727835e+00
580 -3.0563489940388799e+00 -8.3269771106496115e+00
581 -3.3088268492572781e+00 -7.4234485985530494e+00
582 -3.5322154712503142e+00 -6.5122919912065624e+00
583 -3.7262853131081268e+00 -5.5944435636171299e+00
584 -3.8908369549493562e+00 -4.6708464670893939e+00
585 -4.0257013088385394e+00 -3.7424497600739270e+00
586 -4.1307397925354188e+00 -2.8102074329455289e+00
587 -4.2058444718975299e+00 -1.8750774277136251e+00
588 -4.2509381717898647e+00 -9.3802065367208942e-01
589 -6.8285514786546049e+00 0.0000000000000000e+00
590 -6.8121984845493024e+00 1.0201552867115180e+00
591 -6.7631563060402673e+00 2.0392622949048449e+00
592 -6.6814753372811122e+00 3.0562738232388318e+00
593 -6.5672395109887471e+00 4.0701448236195361e+00
594 -6.4205662121968849e+00 5.0798334750577787e+00
595 -6.2416061576349380e+00 6.0843022542106464e+00
596 -6.0305432408564279e+00 7.0825190015068529e+00
597 -5.7875943432759041e+00 8.0734579817604661e+00
598 -5.5130091113086399e+00 9.0561009381831710e+00
599 -5.2070696998420694e+00 1.0029438138711919e+01
600 -4.8700904823025537e+00 1.0992469413576931e+01
601 -4.5024177276154500e+00 1.1944205183043680e+01
602 -4.1044292443903734e+00 1.2883667474273020e+01
603 -3.6765339926973049e+00 1.3809890926254340e+01
604 -3.2191716638324972e+00 1.4721923781779310e+01
605 -2.7328122285059142e+00 1.5618828865436701e+01
606 -2.2179554539145938e+00 1.6499684546623509e+01
607 -1.6751303901980250e+00 1.7363585686582699e+01
608 -1.1048948268034171e+00 1.8209644568494401e+01
609 -5.0783471931929114e-01 1.9036991809665071e+01
610 1.1543641263347390e-01 1.9844777254876849e+01
611 7.6427811583451621e-01 2.0632170849979602e+01
612 1.4380236615729980e+00 2.1398363494827631e+01
613 2.1359807307563989e+00 2.2142567874684790e+01
614 2.8574321253151980e+00 2.2864019269243592e+01
615 3.6016365051723600e+00 2.3561976338426991e+01
616 4.3678291500203930e+00 2.4235721884165478e+01
617 5.1552227451231403e+00 2.4884563587366522e+01
618 5.9630081903349232e+00 2.5507834719319280e+01
619 6.7903554315055814e+00 2.6104894826803410e+01
620 7.6364143134173013e+00 2.6675130390198010e+01
621 8.5003154533764835e+00 2.7217955453914580e+01
622 9.3811711345632940e+00 2.7732812228505900e+01
623 1.0278076218220690e+01 2.8219171663832480e+01
624 1.1190109073745671e+01 2.8676533992697291e+01
625 1.2116332525726980e+01 2.9104429244390349e+01
626 1.3055794816956320e+01 2.9502417727615430e+01
627 1.4007530586423069e+01 2.9870090482302540e+01
628 1.4970561861288081e+01 3.0207069699842052e+01
629 1.5943899061816840e+01 3.0513009111308619e+01
630 1.6926542018239530e+01 3.0787594343275881e+01
631 1.7917480998493161e+01 3.1030543240856410e+01
632 1.8915697745789348e+01 3.1241606157634919e+01
633 1.9920166524942221e+01 3.1420566212196871e+01
634 2.0929855176380460e+01 3.1567239510988731e+01
635 2.1943726176761160e+01 3.1681475337281089e+01
636 2.2960737705095148e+01 3.1763156306040241e+01
637 2.3979844713288490e+01 3.1812198484549281e+01
638 2.5000000000000000e+01 3.1828551478654589e+01
639 2.6020155286711521e+01 3.1812198484549281e+01
640 2.7039262294904841e+01 3.1763156306040241e+01
641 2.8056273823238829e+01 3.1681475337281089e+01
642 2.9070144823619540e+01 3.1567239510988731e+01
643 3.0079833475057779e+01 3.1420566212196871e+01
644 3.1084302254210652e+01 3.1241606157634909e+01
645 3.2082519001506853e+01 3.1030543240856410e+01
646 3.3073457981760470e+01 3.0787594343275892e+01
647 3.4056100938183171e+01 3.0513009111308619e+01
648 3.5029438138711917e+01 3.0207069699842052e+01
649 3.5992469413576927e+01 2.9870090482302540e+01
650 3.6944205183043699e+01 2.9502417727615430e+01
651 3.7883667474273018e+01 2.9104429244390360e+01
652 3.8809890926254340e+01 2.8676533992697291e+01
653 3.9721923781779303e+01 2.8219171663832491e+01
654 4.0618828865436697e+01 2.7732812228505900e+01
655 4.1499684546623520e+01 2.7217955453914570e+01
656 4.2363585686582702e+01 2.6675130390198010e+01
657 4.3209644568494411e+01 2.6104894826803410e+01
658 4.4036991809665082e+01 2.5507834719319280e+01
659 4.4844777254876860e+01 2.4884563587366522e+01
660 4.5632170849979602e+01 2.4235721884165478e+01
661 4.6398363494827642e+01 2.3561976338426991e+01
662 4.7142567874684786e+01 2.2864019269243592e+01
663 4.7864019269243613e+01 2.2142567874684801e+01
664 4.8561976338427023e+01 2.1398363494827631e+01
665 4.9235721884165478e+01 2.0632170849979602e+01
666 4.9884563587366543e+01 1.9844777254876849e+01
667 5.0507834719319298e+01 1.9036991809665071e+01
668 5.1104894826803417e+01 1.8209644568494411e+01
669 5.1675130390198028e+01 1.7363585686582692e+01
670 5.2217955453914598e+01 1.6499684546623509e+01
671 5.2732812228505928e+01 1.5618828865436701e+01
672 5.3219171663832498e+01 1.4721923781779310e+01
673 5.3676533992697301e+01 1.3809890926254329e+01
674 5.4104429244390367e+01 1.2883667474273020e+01
675 5.4502417727615452e+01 1.1944205183043691e+01
676 5.4870090482302572e+01 1.0992469413576940e+01
677 5.5207069699842073e+01 1.0029438138711930e+01
678 5.5513009111308662e+01 9.0561009381831639e+00
679 5.5787594343275913e+01 8.0734579817604732e+00
680 5.6030543240856417e+01 7.0825190015068467e+00
681 5.6241606157634934e+01 6.0843022542106464e+00
682 5.6420566212196903e+01 5.0798334750577832e+00
683 5.6567239510988742e+01 4.0701448236195361e+00
684 5.6681475337281107e+01 3.0562738232388300e+00
685 5.6763156306040273e+01 2.0392622949048458e+00
686 5.6812198484549320e+01 1.0201552867115160e+00
687 5.6828551478654603e+01 2.3999999999999999e-15
688 5.6812198484549320e+01 -1.0201552867115160e+00
689 5.6763156306040273e+01 -2.0392622949048440e+00
690 5.6681475337281100e+01 -3.0562738232388309e+00
691 5.6567239510988749e+01 -4.0701448236195361e+00
692 5.6420566212196903e+01 -5.0798334750577814e+00
693 5.6241606157634934e+01 -6.0843022542106482e+00
694 5.6030543240856417e+01 -7.0825190015068529e+00
695 5.5787594343275913e+01 -8.0734579817604661e+00
696 5.5513009111308641e+01 -9.0561009381831727e+00
697 5.5207069699842073e+01 -1.0029438138711930e+01
698 5.4870090482302558e+01 -1.0992469413576940e+01
699 5.4502417727615452e+01 -1.1944205183043691e+01
700 5.4104429244390367e+01 -1.2883667474273020e+01
701 5.3676533992697301e+01 -1.3809890926254340e+01
702 5.3219171663832498e+01 -1.4721923781779310e+01
703 5.2732812228505928e+01 -1.5618828865436701e+01
704 5.2217955453914598e+01 -1.6499684546623520e+01
705 5.1675130390198042e+01 -1.7363585686582699e+01
706 5.1104894826803417e+01 -1.8209644568494411e+01
707 5.0507834719319277e+01 -1.9036991809665079e+01
708 4.9884563587366529e+01 -1.9844777254876860e+01
709 4.9235721884165493e+01 -2.0632170849979602e+01
710 4.8561976338427023e+01 -2.1398363494827642e+01
711 4.7864019269243613e+01 -2.2142567874684801e+01
712 4.7142567874684822e+01 -2.2864019269243599e+01
713 4.6398363494827663e+01 -2.3561976338427009e+01
714 4.5632170849979609e+01 -2.4235721884165478e+01
715 4.4844777254876853e+01 -2.4884563587366539e+01
716 4.4036991809665103e+01 -2.5507834719319291e+01
717 4.3209644568494419e+01 -2.6104894826803420e+01
718 4.2363585686582717e+01 -2.6675130390198039e+01
719 4.1499684546623513e+01 -2.7217955453914591e+01
720 4.0618828865436711e+01 -2.7732812228505921e+01
721 3.9721923781779303e+01 -2.8219171663832501e+01
722 3.8809890926254333e+01 -2.8676533992697308e+01
723 3.7883667474273032e+01 -2.9104429244390371e+01
724 3.6944205183043692e+01 -2.9502417727615448e+01
725 3.5992469413576941e+01 -2.9870090482302562e+01
726 3.5029438138711932e+01 -3.0207069699842069e+01
727 3.4056100938183178e+01 -3.0513009111308641e+01
728 3.3073457981760470e+01 -3.0787594343275899e+01
729 3.2082519001506853e+01 -3.1030543240856421e+01
730 3.1084302254210652e+01 -3.1241606157634941e+01
731 3.0079833475057789e+01 -3.1420566212196889e+01
732 2.9070144823619540e+01 -3.1567239510988749e+01
733 2.8056273823238829e+01 -3.1681475337281110e+01
734 2.7039262294904852e+01 -3.1763156306040269e+01
735 2.6020155286711510e+01 -3.1812198484549299e+01
736 2.5000000000000000e+01 -3.1828551478654600e+01
737 2.3979844713288490e+01 -3.1812198484549299e+01
738 2.2960737705095148e+01 -3.1763156306040269e+01
739 2.1943726176761160e+01 -3.1681475337281110e+01
740 2.0929855176380460e+01 -3.1567239510988749e+01
741 1.9920166524942211e+01 -3.1420566212196889e+01
742 1.8915697745789359e+01 -3.1241606157634941e+01
743 1.7917480998493151e+01 -3.1030543240856421e+01
744 1.6926542018239530e+01 -3.0787594343275899e+01
745 1.5943899061816831e+01 -3.0513009111308641e+01
746 1.4970561861288070e+01 -3.0207069699842069e+01
747 1.4007530586423060e+01 -2.9870090482302562e+01
748 1.3055794816956309e+01 -2.9502417727615448e+01
749 1.2116332525726980e+01 -2.9104429244390371e+01
750 1.1190109073745660e+01 -2.8676533992697308e+01
751 1.0278076218220690e+01 -2.8219171663832501e+01
752 9.3811711345632958e+00 -2.7732812228505921e+01
753 8.5003154533764818e+00 -2.7217955453914580e+01
754 7.6364143134173013e+00 -2.6675130390198031e+01
755 6.7903554315055850e+00 -2.6104894826803420e+01
756 5.9630081903349161e+00 -2.5507834719319291e+01
757 5.1552227451231403e+00 -2.4884563587366539e+01
758 4.3678291500203876e+00 -2.4235721884165489e+01
759 3.6016365051723569e+00 -2.3561976338427002e+01
760 2.8574321253151922e+00 -2.2864019269243599e+01
761 2.1359807307563909e+00 -2.2142567874684811e+01
762 1.4380236615729900e+00 -2.1398363494827649e+01
763 7.6427811583450733e-01 -2.0632170849979619e+01
764 1.1543641263346510e-01 -1.9844777254876870e+01
765 -5.0783471931930002e-01 -1.9036991809665089e+01
766 -1.1048948268034260e+00 -1.8209644568494419e+01
767 -1.6751303901980339e+00 -1.7363585686582709e+01
768 -2.2179554539146009e+00 -1.6499684546623520e+01
769 -2.7328122285059209e+00 -1.5618828865436710e+01
770 -3.2191716638325039e+00 -1.4721923781779321e+01
771 -3.6765339926973120e+00 -1.3809890926254340e+01
772 -4.1044292443903796e+00 -1.2883667474273031e+01
773 -4.5024177276154571e+00 -1.1944205183043691e+01
774 -4.8700904823025608e+00 -1.0992469413576940e+01
775 -5.2070696998420729e+00 -1.0029438138711940e+01
776 -5.5130091113086452e+00 -9.0561009381831781e+00
777 -5.7875943432759094e+00 -8.0734579817604697e+00
778 -6.0305432408564323e+00 -7.0825190015068564e+00
779 -6.2416061576349424e+00 -6.0843022542106517e+00
780 -6.4205662121968894e+00 -5.0798334750577840e+00
781 -6.5672395109887534e+00 -4.0701448236195388e+00
782 -6.6814753372811140e+00 -3.0562738232388349e+00
783 -6.7631563060402673e+00 -2.0392622949048458e+00
784 -6.8121984845493024e+00 -1.0201552867115180e+00
785 -9.7205004393349199e+00 0.0000000000000000e+00
786 -9.7026616087051849e+00 1.1128468131580309e+00
787 -9.6491634474203103e+00 2.2245501009886270e+00
788 -9.5600609284574389e+00 3.3339675132139321e+00
789 -9.4354456106780020e+00 4.4399590484477924e+00
790 -9.2754455447448443e+00 5.5413882256242477e+00
791 -9.0802251415414972e+00 6.6371232518086556e+00
792 -8.8499850032288823e+00 7.7260381851914284e+00
793 -8.5849617171130319e+00 8.8070140920693625e+00
794 -8.2854276125356385e+00 9.8789401966256634e+00
795 -7.9516904810372502e+00 1.0940715022327160e+01
796 -7.5840932600806568e+00 1.1991247523765940e+01
797 -7.1830136806594469e+00 1.3029458207782200e+01
798 -6.7488638791539133e+00 1.4054280242716530e+01
799 -6.2820899738330249e+00 1.5064660554651450e+01
800 -5.7831716064377829e+00 1.6059560909516140e+01
801 -5.2526214493168704e+00 1.7037958979942079e+01
802 -4.6909846786212004e+00 1.7998849395773529e+01
803 -4.0988384140985206e+00 1.8941244777153379e+01
804 -3.4767911260639139e+00 1.9864176749122610e+01
805 -2.8254820101553770e+00 2.0766696936691101e+01
806 -2.1455803305170971e+00 2.1647877939356999e+01
807 -1.4377847320853290e+00 2.2506814284073432e+01
808 -7.0282252268346745e-01 2.3342623355683290e+01
809 5.8551074335895202e-02 2.4154446303865971e+01
810 8.4555369613401066e-01 2.4941448925664091e+01
811 1.6573766443166920e+00 2.5702822522683451e+01
812 2.4931857159265629e+00 2.6437784732085319e+01
813 3.3521220606430009e+00 2.7145580330517092e+01
814 4.2333030633088953e+00 2.7825482010155358e+01
815 5.1358232508773849e+00 2.8476791126063901e+01
816 6.0587552228466190e+00 2.9098838414098509e+01
817 7.0011506042264617e+00 2.9690984678621181e+01
818 7.9620410200579190e+00 3.0252621449316859e+01
819 8.9404390904838600e+00 3.0783171606437769e+01
820 9.9353394453485517e+00 3.1282089973833010e+01
821 1.0945719757283470e+01 3.1748863879153902e+01
822 1.1970541792217791e+01 3.2183013680659421e+01
823 1.3008752476234070e+01 3.2584093260080643e+01
824 1.4059284977672840e+01 3.2951690481037232e+01
825 1.5121059803374340e+01 3.3285427612535621e+01
826 1.6192985907930630e+01 3.3584961717113011e+01
827 1.7273961814808580e+01 3.3849985003228873e+01
828 1.8362876748191351e+01 3.4080225141541469e+01
829 1.9458611774375751e+01 3.4275445544744827e+01
830 2.0560040951552210e+01 3.4435445610677988e+01
831 2.1666032486786069e+01 3.4560060928457411e+01
832 2.2775449899011370e+01 3.4649163447420293e+01
833 2.3887153186841971e+01 3.4702661608705156e+01
834 2.5000000000000000e+01 3.4720500439334899e+01
835 2.6112846813158040e+01 3.4702661608705156e+01
836 2.7224550100988630e+01 3.4649163447420293e+01
837 2.8333967513213931e+01 3.4560060928457418e+01
838 2.9439959048447790e+01 3.4435445610677981e+01
839 3.0541388225624249e+01 3.4275445544744819e+01
840 3.1637123251808660e+01 3.4080225141541490e+01
841 3.2726038185191427e+01 3.3849985003228873e+01
842 3.3807014092069373e+01 3.3584961717113018e+01
843 3.4878940196625670e+01 3.3285427612535621e+01
844 3.5940715022327183e+01 3.2951690481037232e+01
845 3.6991247523765928e+01 3.2584093260080643e+01
846 3.8029458207782199e+01 3.2183013680659428e+01
847 3.9054280242716530e+01 3.1748863879153902e+01
848 4.0064660554651461e+01 3.1282089973833020e+01
849 4.1059560909516151e+01 3.0783171606437769e+01
850 4.2037958979942061e+01 3.0252621449316859e+01
851 4.2998849395773533e+01 2.9690984678621181e+01
852 4.3941244777153400e+01 2.9098838414098498e+01
853 4.4864176749122613e+01 2.8476791126063901e+01
854 4.5766696936691112e+01 2.7825482010155358e+01
855 4.6647877939357002e+01 2.7145580330517070e+01
856 4.7506814284073428e+01 2.6437784732085309e+01
857 4.8342623355683301e+01 2.5702822522683451e+01
858 4.9154446303865981e+01 2.4941448925664091e+01
859 4.9941448925664112e+01 2.4154446303865981e+01
860 5.0702822522683469e+01 2.3342623355683301e+01
861 5.1437784732085348e+01 2.2506814284073432e+01
862 5.2145580330517120e+01 2.1647877939356992e+01
863 5.2825482010155390e+01 2.0766696936691101e+01
864 5.3476791126063922e+01 1.9864176749122610e+01
865 5.4098838414098509e+01 1.8941244777153379e+01
866 5.4690984678621199e+01 1.7998849395773529e+01
867 5.5252621449316877e+01 1.7037958979942069e+01
868 5.5783171606437790e+01 1.6059560909516140e+01
869 5.6282089973833038e+01 1.5064660554651450e+01
870 5.6748863879153909e+01 1.4054280242716530e+01
871 5.7183013680659450e+01 1.3029458207782209e+01
872 5.7584093260080650e+01 1.1991247523765940e+01
873 5.7951690481037247e+01 1.0940715022327160e+01
874 5.8285427612535642e+01 9.8789401966256580e+00
875 5.8584961717113032e+01 8.8070140920693714e+00
876 5.8849985003228902e+01 7.7260381851914239e+00
877 5.9080225141541483e+01 6.6371232518086574e+00
878 5.9275445544744841e+01 5.5413882256242530e+00
879 5.9435445610678002e+01 4.4399590484477924e+00
880 5.9560060928457453e+01 3.3339675132139290e+00
881 5.9649163447420307e+01 2.2245501009886288e+00
882 5.9702661608705171e+01 1.1128468131580289e+00
883 5.9720500439334920e+01 2.8000000000000001e-15
884 5.9702661608705171e+01 -1.1128468131580280e+00
885 5.9649163447420307e+01 -2.2245501009886248e+00
886 5.9560060928457432e+01 -3.3339675132139299e+00
887 5.9435445610678002e+01 -4.4399590484477907e+00
888 5.9275445544744862e+01 -5.5413882256242477e+00
889 5.9080225141541483e+01 -6.6371232518086556e+00
890 5.8849985003228902e+01 -7.7260381851914284e+00
891 5.8584961717113053e+01 -8.8070140920693625e+00
892 5.8285427612535642e+01 -9.8789401966256634e+00
893 5.7951690481037261e+01 -1.0940715022327170e+01
894 5.7584093260080650e+01 -1.1991247523765940e+01
895 5.7183013680659457e+01 -1.3029458207782209e+01
896 5.6748863879153909e+01 -1.4054280242716530e+01
897 5.6282089973833038e+01 -1.5064660554651450e+01
898 5.5783171606437790e+01 -1.6059560909516140e+01
899 5.5252621449316877e+01 -1.7037958979942079e+01
900 5.4690984678621199e+01 -1.7998849395773540e+01
901 5.4098838414098523e+01 -1.8941244777153390e+01
902 5.3476791126063929e+01 -1.9864176749122610e+01
903 5.2825482010155383e+01 -2.0766696936691108e+01
904 5.2145580330517099e+01 -2.1647877939356999e+01
905 5.1437784732085333e+01 -2.2506814284073439e+01
906 5.0702822522683483e+01 -2.3342623355683308e+01
907 4.9941448925664119e+01 -2.4154446303865981e+01
908 4.9154446303866003e+01 -2.4941448925664101e+01
909 4.8342623355683322e+01 -2.5702822522683469e+01
910 4.7506814284073428e+01 -2.6437784732085330e+01
911 4.6647877939357002e+01 -2.7145580330517099e+01
912 4.5766696936691112e+01 -2.7825482010155380e+01
913 4.4864176749122620e+01 -2.8476791126063919e+01
914 4.3941244777153393e+01 -2.9098838414098530e+01
915 4.2998849395773533e+01 -2.9690984678621192e+01
916 4.2037958979942090e+01 -3.0252621449316869e+01
917 4.1059560909516151e+01 -3.0783171606437779e+01
918 4.0064660554651446e+01 -3.1282089973833020e+01
919 3.9054280242716523e+01 -3.1748863879153909e+01
920 3.8029458207782213e+01 -3.2183013680659450e+01
921 3.6991247523765949e+01 -3.2584093260080650e+01
922 3.5940715022327161e+01 -3.2951690481037261e+01
923 3.4878940196625663e+01 -3.3285427612535642e+01
924 3.3807014092069373e+01 -3.3584961717113032e+01
925 3.2726038185191427e+01 -3.3849985003228880e+01
926 3.1637123251808671e+01 -3.4080225141541497e+01
927 3.0541388225624260e+01 -3.4275445544744848e+01
928 2.9439959048447800e+01 -3.4435445610678002e+01
929 2.8333967513213938e+01 -3.4560060928457453e+01
930 2.7224550100988630e+01 -3.4649163447420321e+01
931 2.6112846813158040e+01 -3.4702661608705178e+01
932 2.5000000000000000e+01 -3.4720500439334920e+01
933 2.3887153186841982e+01 -3.4702661608705192e+01
934 2.2775449899011370e+01 -3.4649163447420321e+01
935 2.1666032486786079e+01 -3.4560060928457453e+01
936 2.0560040951552210e+01 -3.4435445610678002e+01
937 1.9458611774375751e+01 -3.4275445544744848e+01
938 1.8362876748191351e+01 -3.4080225141541497e+01
939 1.7273961814808580e+01 -3.3849985003228880e+01
940 1.6192985907930620e+01 -3.3584961717113032e+01
941 1.5121059803374340e+01 -3.3285427612535642e+01
942 1.4059284977672840e+01 -3.2951690481037247e+01
943 1.3008752476234060e+01 -3.2584093260080650e+01
944 1.1970541792217791e+01 -3.2183013680659450e+01
945 1.0945719757283470e+01 -3.1748863879153909e+01
946 9.9353394453485535e+00 -3.1282089973833031e+01
947 8.9404390904838564e+00 -3.0783171606437779e+01
948 7.9620410200579173e+00 -3.0252621449316869e+01
949 7.0011506042264582e+00 -2.9690984678621199e+01
950 6.0587552228466190e+00 -2.9098838414098530e+01
951 5.1358232508773813e+00 -2.8476791126063919e+01
952 4.2333030633088988e+00 -2.7825482010155380e+01
953 3.3521220606430009e+00 -2.7145580330517110e+01
954 2.4931857159265651e+00 -2.6437784732085330e+01
955 1.6573766443166920e+00 -2.5702822522683469e+01
956 8.4555369613401243e-01 -2.4941448925664108e+01
957 5.8551074335889901e-02 -2.4154446303865999e+01
958 -7.0282252268347278e-01 -2.3342623355683319e+01
959 -1.4377847320853361e+00 -2.2506814284073450e+01
960 -2.1455803305171028e+00 -2.1647877939357009e+01
961 -2.8254820101553810e+00 -2.0766696936691108e+01
962 -3.4767911260639202e+00 -1.9864176749122631e+01
963 -4.0988384140985250e+00 -1.8941244777153390e+01
964 -4.6909846786212057e+00 -1.7998849395773540e+01
965 -5.2526214493168766e+00 -1.7037958979942090e+01
966 -5.7831716064377900e+00 -1.6059560909516151e+01
967 -6.2820899738330302e+00 -1.5064660554651461e+01
968 -6.7488638791539204e+00 -1.4054280242716541e+01
969 -7.1830136806594513e+00 -1.3029458207782209e+01
970 -7.5840932600806612e+00 -1.1991247523765940e+01
971 -7.9516904810372564e+00 -1.0940715022327170e+01
972 -8.2854276125356439e+00 -9.8789401966256687e+00
973 -8.5849617171130390e+00 -8.8070140920693696e+00
974 -8.8499850032288840e+00 -7.7260381851914328e+00
975 -9.0802251415414990e+00 -6.6371232518086600e+00
976 -9.2754455447448478e+00 -5.5413882256242513e+00
977 -9.4354456106780020e+00 -4.4399590484477951e+00
978 -9.5600609284574407e+00 -3.3339675132139339e+00
979 -9.6491634474203103e+00 -2.2245501009886279e+00
980 -9.7026616087051796e+00 -1.1128468131580309e+00
981 -1.2976464310586371e+01 0.0000000000000000e+00
982 -1.2956952618468440e+01 1.2172055917479530e+00
983 -1.2898437591697251e+01 2.4331604224689611e+00
984 -1.2800979358418351e+01 3.6466150163775848e+00
985 -1.2664678063554470e+01 4.8563224668507248e+00
986 -1.2489673765899870e+01 6.0610397177084554e+00
987 -1.2276146294200441e+01 7.2595288405382936e+00
988 -1.2024315062367510e+01 8.4505583067503185e+00
989 -1.1734438844015230e+01 9.6329042530560383e+00
990 -1.1406815506553210e+01 1.0805351739070669e+01
991 -1.1041781705107550e+01 1.1966695995746500e+01
992 -1.0639712536585041e+01 1.3115743663354500e+01
993 -1.0201021154235640e+01 1.4251314017742191e+01
994 -9.7261583431096739e+00 1.5372240183607421e+01
995 -9.2156120568456235e+00 1.6477370333541710e+01
996 -8.6699069162648712e+00 1.7565568871610719e+01
997 -8.0896036702882590e+00 1.8635717600255848e+01
998 -7.4752986197287461e+00 1.9686716869317848e+01
999 -6.8276230045519508e+00 2.0717486706001662e+01
1000 -6.1472423552344511e+00 2.1726967924621430e+01
1001 -5.4348558088862147e+00 2.2714123214985531e+01
1002 -4.6911953908399608e+00 2.3677938208302749e+01
1003 -3.9170252624456681e+00 2.4617422519514889e+01
1004 -3.1131409358430790e+00 2.5531610764984329e+01
1005 -2.2803684565192639e+00 2.6419563554490988e+01
1006 -1.4195635544909990e+00 2.7280368456519248e+01
1007 -5.3161076498433957e-01 2.8113140935843070e+01
1008 3.8257748048510098e-01 2.8917025262445659e+01
1009 1.3220617916972410e+00 2.9691195390839962e+01
1010 2.2858767850144570e+00 3.0434855808886201e+01
1011 3.2730320753785520e+00 3.1147242355234440e+01
1012 4.2825132939983419e+00 3.1827623004551938e+01
1013 5.3132831306821444e+00 3.2475298619728733e+01
1014 6.3642823997441429e+00 3.3089603670288248e+01
1015 7.4344311283892797e+00 3.3669906916264850e+01
1016 8.5226296664582950e+00 3.4215612056845607e+01
1017 9.6277598163925759e+00 3.4726158343109660e+01
1018 1.0748685982257809e+01 3.5201021154235633e+01
1019 1.1884256336645491e+01 3.5639712536585023e+01
1020 1.3033304004253500e+01 3.6041781705107539e+01
1021 1.4194648260929331e+01 3.6406815506553187e+01
1022 1.5367095746943949e+01 3.6734438844015223e+01
1023 1.6549441693249690e+01 3.7024315062367499e+01
1024 1.7740471159461709e+01 3.7276146294200409e+01
1025 1.8938960282291539e+01 3.7489673765899859e+01
1026 2.0143677533149280e+01 3.7664678063554447e+01
1027 2.1353384983622419e+01 3.7800979358418317e+01
1028 2.2566839577531031e+01 3.7898437591697217e+01
1029 2.3782794408252052e+01 3.7956952618468421e+01
1030 2.5000000000000000e+01 3.7976464310586351e+01
1031 2.6217205591747959e+01 3.7956952618468428e+01
1032 2.7433160422468969e+01 3.7898437591697217e+01
1033 2.8646615016377581e+01 3.7800979358418317e+01
1034 2.9856322466850731e+01 3.7664678063554447e+01
1035 3.1061039717708450e+01 3.7489673765899852e+01
1036 3.2259528840538302e+01 3.7276146294200423e+01
1037 3.3450558306750317e+01 3.7024315062367492e+01
1038 3.4632904253056040e+01 3.6734438844015223e+01
1039 3.5805351739070673e+01 3.6406815506553187e+01
1040 3.6966695995746498e+01 3.6041781705107532e+01
1041 3.8115743663354507e+01 3.5639712536585023e+01
1042 3.9251314017742182e+01 3.5201021154235619e+01
1043 4.0372240183607417e+01 3.4726158343109653e+01
1044 4.1477370333541707e+01 3.4215612056845607e+01
1045 4.2565568871610722e+01 3.3669906916264857e+01
1046 4.3635717600255852e+01 3.3089603670288248e+01
1047 4.4686716869317848e+01 3.2475298619728733e+01
1048 4.5717486706001672e+01 3.1827623004551938e+01
1049 4.6726967924621448e+01 3.1147242355234440e+01
1050 4.7714123214985548e+01 3.0434855808886201e+01
1051 4.8677938208302763e+01 2.9691195390839951e+01
1052 4.9617422519514889e+01 2.8917025262445652e+01
1053 5.0531610764984350e+01 2.8113140935843060e+01
1054 5.1419563554490992e+01 2.7280368456519259e+01
1055 5.2280368456519248e+01 2.6419563554490988e+01
1056 5.3113140935843077e+01 2.5531610764984329e+01
1057 5.3917025262445648e+01 2.4617422519514889e+01
1058 5.4691195390839979e+01 2.3677938208302759e+01
1059 5.5434855808886212e+01 2.2714123214985531e+01
1060 5.6147242355234440e+01 2.1726967924621441e+01
1061 5.6827623004551931e+01 2.0717486706001651e+01
1062 5.7475298619728747e+01 1.9686716869317848e+01
1063 5.8089603670288270e+01 1.8635717600255848e+01
1064 5.8669906916264857e+01 1.7565568871610719e+01
1065 5.9215612056845643e+01 1.6477370333541700e+01
1066 5.9726158343109681e+01 1.5372240183607421e+01
1067 6.0201021154235640e+01 1.4251314017742191e+01
1068 6.0639712536585037e+01 1.3115743663354500e+01
1069 6.1041781705107553e+01 1.1966695995746500e+01
1070 6.1406815506553222e+01 1.0805351739070661e+01
1071 6.1734438844015223e+01 9.6329042530560454e+00
1072 6.2024315062367513e+01 8.4505583067503114e+00
1073 6.2276146294200430e+01 7.2595288405382927e+00
1074 6.2489673765899873e+01 6.0610397177084590e+00
1075 6.2664678063554483e+01 4.8563224668507230e+00
1076 6.2800979358418360e+01 3.6466150163775830e+00
1077 6.2898437591697252e+01 2.4331604224689629e+00
1078 6.2956952618468442e+01 1.2172055917479510e+00
1079 6.2976464310586373e+01 3.1999999999999999e-15
1080 6.2956952618468442e+01 -1.2172055917479501e+00
1081 6.2898437591697238e+01 -2.4331604224689589e+00
1082 6.2800979358418353e+01 -3.6466150163775830e+00
1083 6.2664678063554469e+01 -4.8563224668507212e+00
1084 6.2489673765899873e+01 -6.0610397177084536e+00
1085 6.2276146294200430e+01 -7.2595288405382936e+00
1086 6.2024315062367513e+01 -8.4505583067503167e+00
1087 6.1734438844015237e+01 -9.6329042530560365e+00
1088 6.1406815506553222e+01 -1.0805351739070669e+01
1089 6.1041781705107553e+01 -1.1966695995746500e+01
1090 6.0639712536585037e+01 -1.3115743663354500e+01
1091 6.0201021154235647e+01 -1.4251314017742191e+01
1092 5.9726158343109681e+01 -1.5372240183607421e+01
1093 5.9215612056845607e+01 -1.6477370333541710e+01
1094 5.8669906916264857e+01 -1.7565568871610719e+01
1095 5.8089603670288263e+01 -1.8635717600255859e+01
1096 5.7475298619728747e+01 -1.9686716869317848e+01
1097 5.6827623004551938e+01 -2.0717486706001662e+01
1098 5.6147242355234440e+01 -2.1726967924621441e+01
1099 5.5434855808886212e+01 -2.2714123214985541e+01
1100 5.4691195390839972e+01 -2.3677938208302759e+01
1101 5.3917025262445662e+01 -2.4617422519514900e+01
1102 5.3113140935843077e+01 -2.5531610764984340e+01
1103 5.2280368456519263e+01 -2.6419563554490999e+01
1104 5.1419563554490992e+01 -2.7280368456519259e+01
1105 5.0531610764984343e+01 -2.8113140935843081e+01
1106 4.9617422519514903e+01 -2.8917025262445659e+01
1107 4.8677938208302763e+01 -2.9691195390839962e+01
1108 4.7714123214985548e+01 -3.0434855808886219e+01
1109 4.6726967924621462e+01 -3.1147242355234450e+01
1110 4.5717486706001658e+01 -3.1827623004551938e+01
1111 4.4686716869317863e+01 -3.2475298619728740e+01
1112 4.3635717600255852e+01 -3.3089603670288263e+01
1113 4.2565568871610729e+01 -3.3669906916264871e+01
1114 4.1477370333541707e+01 -3.4215612056845629e+01
1115 4.0372240183607417e+01 -3.4726158343109667e+01
1116 3.9251314017742189e+01 -3.5201021154235640e+01
1117 3.8115743663354507e+01 -3.5639712536585037e+01
1118 3.6966695995746498e+01 -3.6041781705107539e+01
1119 3.5805351739070673e+01 -3.6406815506553208e+01
1120 3.4632904253056047e+01 -3.6734438844015230e+01
1121 3.3450558306750317e+01 -3.7024315062367513e+01
1122 3.2259528840538302e+01 -3.7276146294200437e+01
1123 3.1061039717708461e+01 -3.7489673765899859e+01
1124 2.9856322466850731e+01 -3.7664678063554462e+01
1125 2.8646615016377591e+01 -3.7800979358418353e+01
1126 2.7433160422468969e+01 -3.7898437591697252e+01
1127 2.6217205591747959e+01 -3.7956952618468449e+01
1128 2.5000000000000000e+01 -3.7976464310586373e+01
1129 2.3782794408252059e+01 -3.7956952618468442e+01
1130 2.2566839577531031e+01 -3.7898437591697252e+01
1131 2.1353384983622419e+01 -3.7800979358418353e+01
1132 2.0143677533149280e+01 -3.7664678063554462e+01
1133 1.8938960282291539e+01 -3.7489673765899859e+01
1134 1.7740471159461709e+01 -3.7276146294200437e+01
1135 1.6549441693249690e+01 -3.7024315062367513e+01
1136 1.5367095746943960e+01 -3.6734438844015230e+01
1137 1.4194648260929339e+01 -3.6406815506553208e+01
1138 1.3033304004253500e+01 -3.6041781705107553e+01
1139 1.1884256336645491e+01 -3.5639712536585037e+01
1140 1.0748685982257809e+01 -3.5201021154235640e+01
1141 9.6277598163925724e+00 -3.4726158343109667e+01
1142 8.5226296664582897e+00 -3.4215612056845629e+01
1143 7.4344311283892726e+00 -3.3669906916264857e+01
1144 6.3642823997441411e+00 -3.3089603670288263e+01
1145 5.3132831306821364e+00 -3.2475298619728747e+01
1146 4.2825132939983384e+00 -3.1827623004551960e+01
1147 3.2730320753785489e+00 -3.1147242355234450e+01
1148 2.2858767850144570e+00 -3.0434855808886219e+01
1149 1.3220617916972390e+00 -2.9691195390839969e+01
1150 3.8257748048509921e-01 -2.8917025262445669e+01
1151 -5.3161076498434490e-01 -2.8113140935843091e+01
1152 -1.4195635544910019e+00 -2.7280368456519259e+01
1153 -2.2803684565192701e+00 -2.6419563554490999e+01
1154 -3.1131409358430848e+00 -2.5531610764984340e+01
1155 -3.9170252624456698e+00 -2.4617422519514911e+01
1156 -4.6911953908399671e+00 -2.3677938208302770e+01
1157 -5.4348558088862191e+00 -2.2714123214985548e+01
1158 -6.1472423552344546e+00 -2.1726967924621452e+01
1159 -6.8276230045519544e+00 -2.0717486706001662e+01
1160 -7.4752986197287523e+00 -1.9686716869317859e+01
1161 -8.0896036702882590e+00 -1.8635717600255859e+01
1162 -8.6699069162648730e+00 -1.7565568871610719e+01
1163 -9.2156120568456252e+00 -1.6477370333541721e+01
1164 -9.7261583431096739e+00 -1.5372240183607429e+01
1165 -1.0201021154235651e+01 -1.4251314017742200e+01
1166 -1.0639712536585041e+01 -1.3115743663354520e+01
1167 -1.1041781705107550e+01 -1.1966695995746511e+01
1168 -1.1406815506553210e+01 -1.0805351739070680e+01
1169 -1.1734438844015241e+01 -9.6329042530560471e+00
1170 -1.2024315062367510e+01 -8.4505583067503238e+00
1171 -1.2276146294200441e+01 -7.2595288405382998e+00
1172 -1.2489673765899870e+01 -6.0610397177084590e+00
1173 -1.2664678063554470e+01 -4.8563224668507274e+00
1174 -1.2800979358418351e+01 -3.6466150163775879e+00
1175 -1.2898437591697251e+01 -2.4331604224689629e+00
1176 -1.2956952618468440e+01 -1.2172055917479541e+00
1177 -1.6632538110102331e+01 0.0000000000000000e+00
1178 -1.6611147986497119e+01 1.3343885247408349e+00
1179 -1.6546999595479409e+01 2.6674058750696692e+00
1180 -1.6440158853857351e+01 3.9976822855489020e+00
1181 -1.6290735547715201e+01 5.3238508072419100e+00
1182 -1.6098883219600879e+01 6.6445487123454887e+00
1183 -1.5864799010750440e+01 7.9584188944847813e+00
1184 -1.5588723458512270e+01 9.2641112632318183e+00
1185 -1.5270940249178601e+01 1.0560284131414710e+01
1186 -1.4911775926478750e+01 1.1845605593791900e+01
1187 -1.4511599556033300e+01 1.3118754895674821e+01
1188 -1.4070822346114250e+01 1.4378423790092651e+01
1189 -1.3589897225100721e+01 1.5623317882104500e+01
1190 -1.3069318376064439e+01 1.6852157958877680e+01
1191 -1.2509620728963210e+01 1.8063681304165431e+01
1192 -1.1911379410964219e+01 1.9256642995833140e+01
1193 -1.1275209155461980e+01 2.0429817185100060e+01
1194 -1.0601763670398279e+01 2.1581998356181739e+01
1195 -9.8917349665329901e+00 2.2712002565039061e+01
1196 -9.1458526463563139e+00 2.3818668655960678e+01
1197 -8.3648831543728406e+00 2.4900859454729058e+01
1198 -7.5496289895280437e+00 2.5957462937143859e+01
1199 -6.7009278805863763e+00 2.6987393371701959e+01
1200 -5.8196519253082899e+00 2.7989592435259979e+01
1201 -4.9067066943108806e+00 2.8963030300532822e+01
1202 -3.9630303005328358e+00 2.9906706694310870e+01
1203 -2.9895924352599912e+00 3.0819651925308278e+01
1204 -1.9873933717019741e+00 3.1700927880586359e+01
1205 -9.5746293714386699e-01 3.2549628989528031e+01
1206 9.9140545270936201e-02 3.3364883154372833e+01
1207 1.1813313440393161e+00 3.4145852646356303e+01
1208 2.2879974349609280e+00 3.4891734966532979e+01
1209 3.4180016438182448e+00 3.5601763670398263e+01
1210 4.5701828148999368e+00 3.6275209155461951e+01
1211 5.7433570041668549e+00 3.6911379410964187e+01
1212 6.9363186958345793e+00 3.7509620728963199e+01
1213 8.1478420411223205e+00 3.8069318376064423e+01
1214 9.3766821178955055e+00 3.8589897225100707e+01
1215 1.0621576209907349e+01 3.9070822346114213e+01
1216 1.1881245104325179e+01 3.9511599556033261e+01
1217 1.3154394406208111e+01 3.9911775926478732e+01
1218 1.4439715868585280e+01 4.0270940249178580e+01
1219 1.5735888736768191e+01 4.0588723458512241e+01
1220 1.7041581105515220e+01 4.0864799010750417e+01
1221 1.8355451287654500e+01 4.1098883219600850e+01
1222 1.9676149192758089e+01 4.1290735547715187e+01
1223 2.1002317714451099e+01 4.1440158853857326e+01
1224 2.2332594124930338e+01 4.1546999595479377e+01
1225 2.3665611475259169e+01 4.1611147986497080e+01
1226 2.5000000000000000e+01 4.1632538110102303e+01
1227 2.6334388524740842e+01 4.1611147986497087e+01
1228 2.7667405875069669e+01 4.1546999595479377e+01
1229 2.8997682285548901e+01 4.1440158853857319e+01
1230 3.0323850807241922e+01 4.1290735547715173e+01
1231 3.1644548712345490e+01 4.1098883219600857e+01
1232 3.2958418894484780e+01 4.0864799010750417e+01
1233 3.4264111263231833e+01 4.0588723458512263e+01
1234 3.5560284131414697e+01 4.0270940249178580e+01
1235 3.6845605593791902e+01 3.9911775926478732e+01
1236 3.8118754895674833e+01 3.9511599556033268e+01
1237 3.9378423790092647e+01 3.9070822346114213e+01
1238 4.0623317882104487e+01 3.8589897225100700e+01
1239 4.1852157958877683e+01 3.8069318376064437e+01
1240 4.3063681304165442e+01 3.7509620728963192e+01
1241 4.4256642995833133e+01 3.6911379410964201e+01
1242 4.5429817185100063e+01 3.6275209155461972e+01
1243 4.6581998356181749e+01 3.5601763670398263e+01
1244 4.7712002565039072e+01 3.4891734966532972e+01
1245 4.8818668655960678e+01 3.4145852646356289e+01
1246 4.9900859454729073e+01 3.3364883154372819e+01
1247 5.0957462937143873e+01 3.2549628989528017e+01
1248 5.1987393371701970e+01 3.1700927880586359e+01
1249 5.2989592435259993e+01 3.0819651925308271e+01
1250 5.3963030300532843e+01 2.9906706694310870e+01
1251 5.4906706694310877e+01 2.8963030300532829e+01
1252 5.5819651925308293e+01 2.7989592435259990e+01
1253 5.6700927880586370e+01 2.6987393371701970e+01
1254 5.7549628989528053e+01 2.5957462937143859e+01
1255 5.8364883154372841e+01 2.4900859454729058e+01
1256 5.9145852646356310e+01 2.3818668655960678e+01
1257 5.9891734966532987e+01 2.2712002565039061e+01
1258 6.0601763670398277e+01 2.1581998356181749e+01
1259 6.1275209155461987e+01 2.0429817185100049e+01
1260 6.1911379410964223e+01 1.9256642995833140e+01
1261 6.2509620728963220e+01 1.8063681304165421e+01
1262 6.3069318376064437e+01 1.6852157958877680e+01
1263 6.3589897225100707e+01 1.5623317882104489e+01
1264 6.4070822346114227e+01 1.4378423790092651e+01
1265 6.4511599556033303e+01 1.3118754895674821e+01
1266 6.4911775926478754e+01 1.1845605593791889e+01
1267 6.5270940249178608e+01 1.0560284131414720e+01
1268 6.5588723458512277e+01 9.2641112632318112e+00
1269 6.5864799010750446e+01 7.9584188944847796e+00
1270 6.6098883219600850e+01 6.6445487123454932e+00
1271 6.6290735547715201e+01 5.3238508072419117e+00
1272 6.6440158853857326e+01 3.9976822855488989e+00
1273 6.6546999595479406e+01 2.6674058750696710e+00
1274 6.6611147986497116e+01 1.3343885247408329e+00
1275 6.6632538110102331e+01 3.7000000000000002e-15
1276 6.6611147986497116e+01 -1.3343885247408320e+00
1277 6.6546999595479434e+01 -2.6674058750696670e+00
1278 6.6440158853857355e+01 -3.9976822855488998e+00
1279 6.6290735547715201e+01 -5.3238508072419091e+00
1280 6.6098883219600879e+01 -6.6445487123454887e+00
1281 6.5864799010750446e+01 -7.9584188944847813e+00
1282 6.5588723458512277e+01 -9.2641112632318219e+00
1283 6.5270940249178608e+01 -1.0560284131414710e+01
1284 6.4911775926478754e+01 -1.1845605593791900e+01
1285 6.4511599556033289e+01 -1.3118754895674821e+01
1286 6.4070822346114255e+01 -1.4378423790092651e+01
1287 6.3589897225100707e+01 -1.5623317882104489e+01
1288 6.3069318376064437e+01 -1.6852157958877680e+01
1289 6.2509620728963213e+01 -1.8063681304165438e+01
1290 6.1911379410964209e+01 -1.9256642995833150e+01
1291 6.1275209155461980e+01 -2.0429817185100060e+01
1292 6.0601763670398277e+01 -2.1581998356181749e+01
1293 5.9891734966533001e+01 -2.2712002565039079e+01
1294 5.9145852646356310e+01 -2.3818668655960689e+01
1295 5.8364883154372848e+01 -2.4900859454729058e+01
1296 5.7549628989528038e+01 -2.5957462937143870e+01
1297 5.6700927880586391e+01 -2.6987393371701970e+01
1298 5.5819651925308307e+01 -2.7989592435259990e+01
1299 5.4906706694310877e+01 -2.8963030300532829e+01
1300 5.3963030300532843e+01 -2.9906706694310881e+01
1301 5.2989592435260001e+01 -3.0819651925308300e+01
1302 5.1987393371701977e+01 -3.1700927880586381e+01
1303 5.0957462937143873e+01 -3.2549628989528053e+01
1304 4.9900859454729073e+01 -3.3364883154372833e+01
1305 4.8818668655960693e+01 -3.4145852646356310e+01
1306 4.7712002565039093e+01 -3.4891734966532987e+01
1307 4.6581998356181757e+01 -3.5601763670398270e+01
1308 4.5429817185100063e+01 -3.6275209155461972e+01
1309 4.4256642995833147e+01 -3.6911379410964209e+01
1310 4.3063681304165428e+01 -3.7509620728963228e+01
1311 4.1852157958877697e+01 -3.8069318376064452e+01
1312 4.0623317882104509e+01 -3.8589897225100728e+01
1313 3.9378423790092647e+01 -3.9070822346114248e+01
1314 3.8118754895674833e+01 -3.9511599556033303e+01
1315 3.6845605593791902e+01 -3.9911775926478761e+01
1316 3.5560284131414718e+01 -4.0270940249178608e+01
1317 3.4264111263231833e+01 -4.0588723458512263e+01
1318 3.2958418894484787e+01 -4.0864799010750453e+01
1319 3.1644548712345511e+01 -4.1098883219600879e+01
1320 3.0323850807241922e+01 -4.1290735547715222e+01
1321 2.8997682285548908e+01 -4.1440158853857348e+01
1322 2.7667405875069679e+01 -4.1546999595479420e+01
1323 2.6334388524740842e+01 -4.1611147986497130e+01
1324 2.5000000000000000e+01 -4.1632538110102331e+01
1325 2.3665611475259180e+01 -4.1611147986497123e+01
1326 2.2332594124930331e+01 -4.1546999595479420e+01
1327 2.1002317714451110e+01 -4.1440158853857348e+01
1328 1.9676149192758089e+01 -4.1290735547715208e+01
1329 1.8355451287654510e+01 -4.1098883219600879e+01
1330 1.7041581105515231e+01 -4.0864799010750453e+01
1331 1.5735888736768191e+01 -4.0588723458512263e+01
1332 1.4439715868585280e+01 -4.0270940249178608e+01
1333 1.3154394406208111e+01 -3.9911775926478761e+01
1334 1.1881245104325190e+01 -3.9511599556033303e+01
1335 1.0621576209907349e+01 -3.9070822346114248e+01
1336 9.3766821178955055e+00 -3.8589897225100728e+01
1337 8.1478420411223169e+00 -3.8069318376064452e+01
1338 6.9363186958345784e+00 -3.7509620728963213e+01
1339 5.7433570041668567e+00 -3.6911379410964209e+01
1340 4.5701828148999368e+00 -3.6275209155461972e+01
1341 3.4180016438182439e+00 -3.5601763670398277e+01
1342 2.2879974349609342e+00 -3.4891734966532987e+01
1343 1.1813313440393129e+00 -3.4145852646356317e+01
1344 9.9140545270936201e-02 -3.3364883154372841e+01
1345 -9.5746293714386699e-01 -3.2549628989528053e+01
1346 -1.9873933717019741e+00 -3.1700927880586381e+01
1347 -2.9895924352599912e+00 -3.0819651925308300e+01
1348 -3.9630303005328358e+00 -2.9906706694310881e+01
1349 -4.9067066943108877e+00 -2.8963030300532839e+01
1350 -5.8196519253082970e+00 -2.7989592435260001e+01
1351 -6.7009278805863808e+00 -2.6987393371701980e+01
1352 -7.5496289895280482e+00 -2.5957462937143880e+01
1353 -8.3648831543728424e+00 -2.4900859454729069e+01
1354 -9.1458526463563157e+00 -2.3818668655960689e+01
1355 -9.8917349665329937e+00 -2.2712002565039079e+01
1356 -1.0601763670398279e+01 -2.1581998356181760e+01
1357 -1.1275209155461980e+01 -2.0429817185100060e+01
1358 -1.1911379410964219e+01 -1.9256642995833150e+01
1359 -1.2509620728963220e+01 -1.8063681304165438e+01
1360 -1.3069318376064450e+01 -1.6852157958877690e+01
1361 -1.3589897225100730e+01 -1.5623317882104500e+01
1362 -1.4070822346114250e+01 -1.4378423790092651e+01
1363 -1.4511599556033300e+01 -1.3118754895674821e+01
1364 -1.4911775926478761e+01 -1.1845605593791911e+01
1365 -1.5270940249178610e+01 -1.0560284131414720e+01
1366 -1.5588723458512270e+01 -9.2641112632318237e+00
1367 -1.5864799010750440e+01 -7.9584188944847849e+00
1368 -1.6098883219600879e+01 -6.6445487123454932e+00
1369 -1.6290735547715212e+01 -5.3238508072419144e+00
1370 -1.6440158853857341e+01 -3.9976822855489051e+00
1371 -1.6546999595479409e+01 -2.6674058750696710e+00
1372 -1.6611147986497119e+01 -1.3343885247408349e+00
1373 -2.0725664983531580e+01 0.0000000000000000e+00
1374 -2.0702171877650269e+01 1.4655796982351790e+00
1375 -2.0631716700760730e+01 2.9296534142592492e+00
1376 -2.0514371850319890e+01 4.3907167133596294e+00
1377 -2.0350257906093908e+01 5.8472682542306220e+00
1378 -2.0139543506254380e+01 7.2978113317031044e+00
1379 -1.9882445174091139e+01 8.7408554147102553e+00
1380 -1.9579227095519968e+01 1.0174917677908990e+01
1381 -1.9230200847613730e+01 1.1598524525383230e+01
1382 -1.8835725078435839e+01 1.3010213104863350e+01
1383 -1.8396205138505142e+01 1.4408532810905710e+01
1384 -1.7912092664270869e+01 1.5792046775487870e+01
1385 -1.7383885114025631e+01 1.7159333344487571e+01
1386 -1.6812125256733399e+01 1.8508987538528491e+01
1387 -1.6197400614297731e+01 1.9839622496691479e+01
1388 -1.5540342857843280e+01 2.1149870901607919e+01
1389 -1.4841627158630979e+01 2.2438386384470800e+01
1390 -1.4101971494274011e+01 2.3703844908519571e+01
1391 -1.3322135910967180e+01 2.4944946129577549e+01
1392 -1.2502921742488169e+01 2.6160414732243328e+01
1393 -1.1645170786772839e+01 2.7349001740363690e+01
1394 -1.0749764440910971e+01 2.8509485800440931e+01
1395 -9.8176227954511770e+00 2.9640674436656202e+01
1396 -8.8497036889456488e+00 3.0741405276218991e+01
1397 -7.8470017237063310e+00 3.1810547243783770e+01
1398 -6.8105472437837751e+00 3.2847001723706320e+01
1399 -5.7414052762190018e+00 3.3849703688945652e+01
1400 -4.6406744366562069e+00 3.4817622795451172e+01
1401 -3.5094858004409328e+00 3.5749764440910980e+01
1402 -2.3490017403636898e+00 3.6645170786772837e+01
1403 -1.1604147322433320e+00 3.7502921742488162e+01
1404 5.5053870422460301e-02 3.8322135910967177e+01
1405 1.2961550914804221e+00 3.9101971494273997e+01
1406 2.5616136155291969e+00 3.9841627158630963e+01
1407 3.8501290983920700e+00 4.0540342857843271e+01
1408 5.1603775033085313e+00 4.1197400614297742e+01
1409 6.4910124614715103e+00 4.1812125256733403e+01
1410 7.8406666555124334e+00 4.2383885114025617e+01
1411 9.2079532245121385e+00 4.2912092664270872e+01
1412 1.0591467189094290e+01 4.3396205138505131e+01
1413 1.1989786895136669e+01 4.3835725078435829e+01
1414 1.3401475474616760e+01 4.4230200847613723e+01
1415 1.4825082322091021e+01 4.4579227095519968e+01
1416 1.6259144585289750e+01 4.4882445174091117e+01
1417 1.7702188668296898e+01 4.5139543506254370e+01
1418 1.9152731745769380e+01 4.5350257906093908e+01
1419 2.0609283286640370e+01 4.5514371850319883e+01
1420 2.2070346585740740e+01 4.5631716700760713e+01
1421 2.3534420301764829e+01 4.5702171877650258e+01
1422 2.5000000000000000e+01 4.5725664983531573e+01
1423 2.6465579698235189e+01 4.5702171877650258e+01
1424 2.7929653414259249e+01 4.5631716700760713e+01
1425 2.9390716713359620e+01 4.5514371850319883e+01
1426 3.0847268254230620e+01 4.5350257906093887e+01
1427 3.2297811331703123e+01 4.5139543506254377e+01
1428 3.3740855414710261e+01 4.4882445174091131e+01
1429 3.5174917677908986e+01 4.4579227095519961e+01
1430 3.6598524525383240e+01 4.4230200847613723e+01
1431 3.8010213104863347e+01 4.3835725078435807e+01
1432 3.9408532810905712e+01 4.3396205138505117e+01
1433 4.0792046775487862e+01 4.2912092664270858e+01
1434 4.2159333344487578e+01 4.2383885114025617e+01
1435 4.3508987538528487e+01 4.1812125256733388e+01
1436 4.4839622496691483e+01 4.1197400614297727e+01
1437 4.6149870901607940e+01 4.0540342857843278e+01
1438 4.7438386384470803e+01 3.9841627158630963e+01
1439 4.8703844908519578e+01 3.9101971494273990e+01
1440 4.9944946129577552e+01 3.8322135910967162e+01
1441 5.1160414732243339e+01 3.7502921742488162e+01
1442 5.2349001740363697e+01 3.6645170786772837e+01
1443 5.3509485800440942e+01 3.5749764440910972e+01
1444 5.4640674436656212e+01 3.4817622795451172e+01
1445 5.5741405276219012e+01 3.3849703688945638e+01
1446 5.6810547243783773e+01 3.2847001723706327e+01
1447 5.7847001723706327e+01 3.1810547243783770e+01
1448 5.8849703688945652e+01 3.0741405276219002e+01
1449 5.9817622795451179e+01 2.9640674436656209e+01
1450 6.0749764440910972e+01 2.8509485800440931e+01
1451 6.1645170786772837e+01 2.7349001740363679e+01
1452 6.2502921742488169e+01 2.6160414732243328e+01
1453 6.3322135910967177e+01 2.4944946129577531e+01
1454 6.4101971494274011e+01 2.3703844908519571e+01
1455 6.4841627158630985e+01 2.2438386384470800e+01
1456 6.5540342857843271e+01 2.1149870901607930e+01
1457 6.6197400614297734e+01 1.9839622496691469e+01
1458 6.6812125256733395e+01 1.8508987538528480e+01
1459 6.7383885114025631e+01 1.7159333344487571e+01
1460 6.7912092664270872e+01 1.5792046775487870e+01
1461 6.8396205138505152e+01 1.4408532810905710e+01
1462 6.8835725078435843e+01 1.3010213104863340e+01
1463 6.9230200847613716e+01 1.1598524525383240e+01
1464 6.9579227095519954e+01 1.0174917677908979e+01
1465 6.9882445174091117e+01 8.7408554147102535e+00
1466 7.0139543506254370e+01 7.2978113317031088e+00
1467 7.0350257906093901e+01 5.8472682542306229e+00
1468 7.0514371850319890e+01 4.3907167133596268e+00
1469 7.0631716700760734e+01 2.9296534142592519e+00
1470 7.0702171877650287e+01 1.4655796982351770e+00
1471 7.0725664983531587e+01 4.1999999999999996e-15
1472 7.0702171877650287e+01 -1.4655796982351750e+00
1473 7.0631716700760734e+01 -2.9296534142592470e+00
1474 7.0514371850319876e+01 -4.3907167133596250e+00
1475 7.0350257906093901e+01 -5.8472682542306194e+00
1476 7.0139543506254384e+01 -7.2978113317031017e+00
1477 6.9882445174091117e+01 -8.7408554147102535e+00
1478 6.9579227095519954e+01 -1.0174917677908979e+01
1479 6.9230200847613730e+01 -1.1598524525383230e+01
1480 6.8835725078435843e+01 -1.3010213104863350e+01
1481 6.8396205138505138e+01 -1.4408532810905699e+01
1482 6.7912092664270858e+01 -1.5792046775487860e+01
1483 6.7383885114025645e+01 -1.7159333344487560e+01
1484 6.6812125256733395e+01 -1.8508987538528480e+01
1485 6.6197400614297734e+01 -1.9839622496691469e+01
1486 6.5540342857843285e+01 -2.1149870901607919e+01
1487 6.4841627158630985e+01 -2.2438386384470789e+01
1488 6.4101971494274011e+01 -2.3703844908519571e+01
1489 6.3322135910967177e+01 -2.4944946129577541e+01
1490 6.2502921742488169e+01 -2.6160414732243328e+01
1491 6.1645170786772837e+01 -2.7349001740363690e+01
1492 6.0749764440910987e+01 -2.8509485800440931e+01
1493 5.9817622795451193e+01 -2.9640674436656209e+01
1494 5.8849703688945652e+01 -3.0741405276219002e+01
1495 5.7847001723706342e+01 -3.1810547243783770e+01
1496 5.6810547243783780e+01 -3.2847001723706327e+01
1497 5.5741405276219012e+01 -3.3849703688945652e+01
1498 5.4640674436656219e+01 -3.4817622795451179e+01
1499 5.3509485800440942e+01 -3.5749764440910972e+01
1500 5.2349001740363718e+01 -3.6645170786772852e+01
1501 5.1160414732243353e+01 -3.7502921742488169e+01
1502 4.9944946129577552e+01 -3.8322135910967177e+01
1503 4.8703844908519592e+01 -3.9101971494274011e+01
1504 4.7438386384470803e+01 -3.9841627158630978e+01
1505 4.6149870901607940e+01 -4.0540342857843278e+01
1506 4.4839622496691483e+01 -4.1197400614297749e+01
1507 4.3508987538528487e+01 -4.1812125256733410e+01
1508 4.2159333344487592e+01 -4.2383885114025631e+01
1509 4.0792046775487883e+01 -4.2912092664270858e+01
1510 3.9408532810905712e+01 -4.3396205138505152e+01
1511 3.8010213104863368e+01 -4.3835725078435843e+01
1512 3.6598524525383247e+01 -4.4230200847613730e+01
1513 3.5174917677909008e+01 -4.4579227095519968e+01
1514 3.3740855414710268e+01 -4.4882445174091153e+01
1515 3.2297811331703130e+01 -4.5139543506254377e+01
1516 3.0847268254230642e+01 -4.5350257906093923e+01
1517 2.9390716713359641e+01 -4.5514371850319890e+01
1518 2.7929653414259271e+01 -4.5631716700760727e+01
1519 2.6465579698235199e+01 -4.5702171877650287e+01
1520 2.5000000000000011e+01 -4.5725664983531587e+01
1521 2.3534420301764829e+01 -4.5702171877650272e+01
1522 2.2070346585740751e+01 -4.5631716700760727e+01
1523 2.0609283286640380e+01 -4.5514371850319890e+01
1524 1.9152731745769380e+01 -4.5350257906093923e+01
1525 1.7702188668296909e+01 -4.5139543506254377e+01
1526 1.6259144585289750e+01 -4.4882445174091131e+01
1527 1.4825082322091021e+01 -4.4579227095519968e+01
1528 1.3401475474616760e+01 -4.4230200847613730e+01
1529 1.1989786895136660e+01 -4.3835725078435843e+01
1530 1.0591467189094301e+01 -4.3396205138505138e+01
1531 9.2079532245121385e+00 -4.2912092664270858e+01
1532 7.8406666555124334e+00 -4.2383885114025631e+01
1533 6.4910124614715130e+00 -4.1812125256733410e+01
1534 5.1603775033085313e+00 -4.1197400614297763e+01
1535 3.8501290983920722e+00 -4.0540342857843278e+01
1536 2.5616136155292000e+00 -3.9841627158630978e+01
1537 1.2961550914804261e+00 -3.9101971494273997e+01
1538 5.5053870422462098e-02 -3.8322135910967191e+01
1539 -1.1604147322433289e+00 -3.7502921742488176e+01
1540 -2.3490017403636898e+00 -3.6645170786772837e+01
1541 -3.5094858004409319e+00 -3.5749764440910980e+01
1542 -4.6406744366562087e+00 -3.4817622795451193e+01
1543 -5.7414052762190027e+00 -3.3849703688945660e+01
1544 -6.8105472437837742e+00 -3.2847001723706342e+01
1545 -7.8470017237063381e+00 -3.1810547243783780e+01
1546 -8.8497036889456577e+00 -3.0741405276219009e+01
1547 -9.8176227954511823e+00 -2.9640674436656219e+01
1548 -1.0749764440910980e+01 -2.8509485800440949e+01
1549 -1.1645170786772850e+01 -2.7349001740363700e+01
1550 -1.2502921742488180e+01 -2.6160414732243339e+01
1551 -1.3322135910967191e+01 -2.4944946129577559e+01
1552 -1.4101971494274011e+01 -2.3703844908519581e+01
1553 -1.4841627158630990e+01 -2.2438386384470810e+01
1554 -1.5540342857843280e+01 -2.1149870901607940e+01
1555 -1.6197400614297742e+01 -1.9839622496691490e+01
1556 -1.6812125256733410e+01 -1.8508987538528501e+01
1557 -1.7383885114025631e+01 -1.7159333344487582e+01
1558 -1.7912092664270880e+01 -1.5792046775487870e+01
1559 -1.8396205138505149e+01 -1.4408532810905720e+01
1560 -1.8835725078435839e+01 -1.3010213104863350e+01
1561 -1.9230200847613730e+01 -1.1598524525383240e+01
1562 -1.9579227095519968e+01 -1.0174917677909001e+01
1563 -1.9882445174091139e+01 -8.7408554147102571e+00
1564 -2.0139543506254391e+01 -7.2978113317031070e+00
1565 -2.0350257906093908e+01 -5.8472682542306238e+00
1566 -2.0514371850319879e+01 -4.3907167133596303e+00
1567 -2.0631716700760730e+01 -2.9296534142592501e+00
1568 -2.0702171877650279e+01 -1.4655796982351790e+00
1569 -2.5292820216510311e+01 0.0000000000000000e+00
1570 -2.5266980580261350e+01 1.6119642284667870e+00
1571 -2.5189488223487430e+01 3.2222720547222599e+00
1572 -2.5060422774823540e+01 4.8292687786203494e+00
1573 -2.4879916857742799e+01 6.4313031023964804e+00
1574 -2.4648155954276959e+01 8.0267288274876556e+00
1575 -2.4365378214421071e+01 9.6139065461127622e+00
1576 -2.4031874211418209e+01 1.1191205325874879e+01
1577 -2.3647986643175880e+01 1.2757004385654581e+01
1578 -2.3214109980120700e+01 1.4309694761072080e+01
1579 -2.2730690059853458e+01 1.5847680957806890e+01
1580 -2.2198223629020720e+01 1.7369382591076111e+01
1581 -2.1617257832874191e+01 1.8873236009586659e+01
1582 -2.0988389653041882e+01 2.0357695902292551e+01
1583 -2.0312265294089190e+01 2.1821236886306611e+01
1584 -1.9589579519500042e+01 2.3262355074334380e+01
1585 -1.8821074937760361e+01 2.4679569620020089e+01
1586 -1.8007541239277760e+01 2.6071424239616260e+01
1587 -1.7149814384921171e+01 2.7436488708413830e+01
1588 -1.6248775747014619e+01 2.8773360330394599e+01
1589 -1.5305351203667520e+01 3.0080665379596319e+01
1590 -1.4320510187372349e+01 3.1357060511708909e+01
1591 -1.3295264688847270e+01 3.2601234144451567e+01
1592 -1.2230668217147191e+01 3.3811907805312231e+01
1593 -1.1127814717112040e+01 3.4987837445264461e+01
1594 -9.9878374452644749e+00 3.6127814717112017e+01
1595 -8.8119078053122344e+00 3.7230668217147183e+01
1596 -7.6012341444515759e+00 3.8295264688847247e+01
1597 -6.3570605117089176e+00 3.9320510187372349e+01
1598 -5.0806653795963310e+00 4.0305351203667513e+01
1599 -3.7733603303946079e+00 4.1248775747014612e+01
1600 -2.4364887084138309e+00 4.2149814384921157e+01
1601 -1.0714242396162741e+00 4.3007541239277742e+01
1602 3.2043037997990531e-01 4.3821074937760351e+01
1603 1.7376449256656079e+00 4.4589579519500013e+01
1604 3.1787631136934000e+00 4.5312265294089180e+01
1605 4.6423040977074450e+00 4.5988389653041850e+01
1606 6.1267639904133429e+00 4.6617257832874166e+01
1607 7.6306174089238787e+00 4.7198223629020703e+01
1608 9.1523190421931133e+00 4.7730690059853430e+01
1609 1.0690305238927930e+01 4.8214109980120682e+01
1610 1.2242995614345411e+01 4.8647986643175827e+01
1611 1.3808794674125121e+01 4.9031874211418177e+01
1612 1.5386093453887240e+01 4.9365378214421042e+01
1613 1.6973271172512341e+01 4.9648155954276930e+01
1614 1.8568696897603520e+01 4.9879916857742771e+01
1615 2.0170731221379651e+01 5.0060422774823508e+01
1616 2.1777727945277739e+01 5.0189488223487409e+01
1617 2.3388035771533211e+01 5.0266980580261333e+01
1618 2.5000000000000000e+01 5.0292820216510293e+01
1619 2.6611964228466789e+01 5.0266980580261333e+01
1620 2.8222272054722261e+01 5.0189488223487423e+01
1621 2.9829268778620339e+01 5.0060422774823500e+01
1622 3.1431303102396480e+01 4.9879916857742757e+01
1623 3.3026728827487659e+01 4.9648155954276952e+01
1624 3.4613906546112773e+01 4.9365378214421050e+01
1625 3.6191205325874883e+01 4.9031874211418192e+01
1626 3.7757004385654568e+01 4.8647986643175862e+01
1627 3.9309694761072059e+01 4.8214109980120682e+01
1628 4.0847680957806887e+01 4.7730690059853423e+01
1629 4.2369382591076118e+01 4.7198223629020688e+01
1630 4.3873236009586662e+01 4.6617257832874166e+01
1631 4.5357695902292548e+01 4.5988389653041857e+01
1632 4.6821236886306622e+01 4.5312265294089158e+01
1633 4.8262355074334380e+01 4.4589579519500013e+01
1634 4.9679569620020082e+01 4.3821074937760343e+01
1635 5.1071424239616263e+01 4.3007541239277742e+01
1636 5.2436488708413840e+01 4.2149814384921157e+01
1637 5.3773360330394610e+01 4.1248775747014612e+01
1638 5.5080665379596311e+01 4.0305351203667499e+01
1639 5.6357060511708923e+01 3.9320510187372342e+01
1640 5.7601234144451567e+01 3.8295264688847261e+01
1641 5.8811907805312217e+01 3.7230668217147183e+01
1642 5.9987837445264468e+01 3.6127814717112031e+01
1643 6.1127814717112017e+01 3.4987837445264447e+01
1644 6.2230668217147169e+01 3.3811907805312217e+01
1645 6.3295264688847261e+01 3.2601234144451560e+01
1646 6.4320510187372349e+01 3.1357060511708902e+01
1647 6.5305351203667527e+01 3.0080665379596311e+01
1648 6.6248775747014605e+01 2.8773360330394599e+01
1649 6.7149814384921157e+01 2.7436488708413808e+01
1650 6.8007541239277742e+01 2.6071424239616249e+01
1651 6.8821074937760358e+01 2.4679569620020079e+01
1652 6.9589579519500035e+01 2.3262355074334391e+01
1653 7.0312265294089187e+01 2.1821236886306590e+01
1654 7.0988389653041850e+01 2.0357695902292541e+01
1655 7.1617257832874174e+01 1.8873236009586648e+01
1656 7.2198223629020731e+01 1.7369382591076111e+01
1657 7.2730690059853458e+01 1.5847680957806880e+01
1658 7.3214109980120668e+01 1.4309694761072061e+01
1659 7.3647986643175855e+01 1.2757004385654581e+01
1660 7.4031874211418199e+01 1.1191205325874870e+01
1661 7.4365378214421042e+01 9.6139065461127586e+00
1662 7.4648155954276930e+01 8.0267288274876591e+00
1663 7.4879916857742799e+01 6.4313031023964786e+00
1664 7.5060422774823522e+01 4.8292687786203441e+00
1665 7.5189488223487444e+01 3.2222720547222621e+00
1666 7.5266980580261347e+01 1.6119642284667850e+00
1667 7.5292820216510307e+01 4.7999999999999999e-15
1668 7.5266980580261347e+01 -1.6119642284667830e+00
1669 7.5189488223487444e+01 -3.2222720547222559e+00
1670 7.5060422774823536e+01 -4.8292687786203432e+00
1671 7.4879916857742799e+01 -6.4313031023964751e+00
1672 7.4648155954276959e+01 -8.0267288274876503e+00
1673 7.4365378214421042e+01 -9.6139065461127569e+00
1674 7.4031874211418199e+01 -1.1191205325874879e+01
1675 7.3647986643175869e+01 -1.2757004385654581e+01
1676 7.3214109980120682e+01 -1.4309694761072070e+01
1677 7.2730690059853416e+01 -1.5847680957806880e+01
1678 7.2198223629020731e+01 -1.7369382591076111e+01
1679 7.1617257832874188e+01 -1.8873236009586648e+01
1680 7.0988389653041864e+01 -2.0357695902292551e+01
1681 7.0312265294089201e+01 -2.1821236886306611e+01
1682 6.9589579519500035e+01 -2.3262355074334391e+01
1683 6.8821074937760358e+01 -2.4679569620020089e+01
1684 6.8007541239277771e+01 -2.6071424239616260e+01
1685 6.7149814384921171e+01 -2.7436488708413830e+01
1686 6.6248775747014619e+01 -2.8773360330394599e+01
1687 6.5305351203667513e+01 -3.0080665379596329e+01
1688 6.4320510187372349e+01 -3.1357060511708919e+01
1689 6.3295264688847283e+01 -3.2601234144451567e+01
1690 6.2230668217147198e+01 -3.3811907805312217e+01
1691 6.1127814717112031e+01 -3.4987837445264468e+01
1692 5.9987837445264482e+01 -3.6127814717112031e+01
1693 5.8811907805312252e+01 -3.7230668217147191e+01
1694 5.7601234144451588e+01 -3.8295264688847269e+01
1695 5.6357060511708923e+01 -3.9320510187372349e+01
1696 5.5080665379596333e+01 -4.0305351203667520e+01
1697 5.3773360330394617e+01 -4.1248775747014612e+01
1698 5.2436488708413833e+01 -4.2149814384921193e+01
1699 5.1071424239616292e+01 -4.3007541239277757e+01
1700 4.9679569620020096e+01 -4.3821074937760372e+01
1701 4.8262355074334408e+01 -4.4589579519500042e+01
1702 4.6821236886306622e+01 -4.5312265294089187e+01
1703 4.5357695902292583e+01 -4.5988389653041878e+01
1704 4.3873236009586677e+01 -4.6617257832874181e+01
1705 4.2369382591076132e+01 -4.7198223629020717e+01
1706 4.0847680957806908e+01 -4.7730690059853437e+01
1707 3.9309694761072073e+01 -4.8214109980120703e+01
1708 3.7757004385654596e+01 -4.8647986643175862e+01
1709 3.6191205325874890e+01 -4.9031874211418227e+01
1710 3.4613906546112780e+01 -4.9365378214421071e+01
1711 3.3026728827487673e+01 -4.9648155954276959e+01
1712 3.1431303102396491e+01 -4.9879916857742792e+01
1713 2.9829268778620360e+01 -5.0060422774823543e+01
1714 2.8222272054722279e+01 -5.0189488223487437e+01
1715 2.6611964228466800e+01 -5.0266980580261361e+01
1716 2.5000000000000011e+01 -5.0292820216510307e+01
1717 2.3388035771533229e+01 -5.0266980580261361e+01
1718 2.1777727945277739e+01 -5.0189488223487437e+01
1719 2.0170731221379668e+01 -5.0060422774823550e+01
1720 1.8568696897603520e+01 -4.9879916857742799e+01
1721 1.6973271172512352e+01 -4.9648155954276959e+01
1722 1.5386093453887250e+01 -4.9365378214421057e+01
1723 1.3808794674125130e+01 -4.9031874211418227e+01
1724 1.2242995614345411e+01 -4.8647986643175862e+01
1725 1.0690305238927939e+01 -4.8214109980120710e+01
1726 9.1523190421931133e+00 -4.7730690059853458e+01
1727 7.6306174089238823e+00 -4.7198223629020731e+01
1728 6.1267639904133446e+00 -4.6617257832874188e+01
1729 4.6423040977074432e+00 -4.5988389653041892e+01
1730 3.1787631136933960e+00 -4.5312265294089201e+01
1731 1.7376449256656099e+00 -4.4589579519500049e+01
1732 3.2043037997990348e-01 -4.3821074937760379e+01
1733 -1.0714242396162750e+00 -4.3007541239277749e+01
1734 -2.4364887084138309e+00 -4.2149814384921179e+01
1735 -3.7733603303946102e+00 -4.1248775747014633e+01
1736 -5.0806653795963292e+00 -4.0305351203667527e+01
1737 -6.3570605117089176e+00 -3.9320510187372363e+01
1738 -7.6012341444515794e+00 -3.8295264688847283e+01
1739 -8.8119078053122344e+00 -3.7230668217147198e+01
1740 -9.9878374452644767e+00 -3.6127814717112038e+01
1741 -1.1127814717112040e+01 -3.4987837445264489e+01
1742 -1.2230668217147191e+01 -3.3811907805312252e+01
1743 -1.3295264688847279e+01 -3.2601234144451581e+01
1744 -1.4320510187372349e+01 -3.1357060511708930e+01
1745 -1.5305351203667520e+01 -3.0080665379596340e+01
1746 -1.6248775747014630e+01 -2.8773360330394620e+01
1747 -1.7149814384921179e+01 -2.7436488708413840e+01
1748 -1.8007541239277760e+01 -2.6071424239616270e+01
1749 -1.8821074937760361e+01 -2.4679569620020100e+01
1750 -1.9589579519500042e+01 -2.3262355074334401e+01
1751 -2.0312265294089190e+01 -2.1821236886306622e+01
1752 -2.0988389653041882e+01 -2.0357695902292559e+01
1753 -2.1617257832874191e+01 -1.8873236009586670e+01
1754 -2.2198223629020720e+01 -1.7369382591076128e+01
1755 -2.2730690059853451e+01 -1.5847680957806890e+01
1756 -2.3214109980120700e+01 -1.4309694761072080e+01
1757 -2.3647986643175880e+01 -1.2757004385654581e+01
1758 -2.4031874211418209e+01 -1.1191205325874890e+01
1759 -2.4365378214421082e+01 -9.6139065461127675e+00
1760 -2.4648155954276969e+01 -8.0267288274876591e+00
1761 -2.4879916857742788e+01 -6.4313031023964831e+00
1762 -2.5060422774823540e+01 -4.8292687786203521e+00
1763 -2.5189488223487430e+01 -3.2222720547222621e+00
1764 -2.5266980580261350e+01 -1.6119642284667881e+00
1765 -3.0369959480033110e+01 0.0000000000000000e+00
1766 -3.0341511291883702e+01 1.7746945514136849e+00
1767 -3.0256195959871850e+01 3.5475654842088811e+00
1768 -3.0114101151268411e+01 5.3167910536585090e+00
1769 -2.9915372878094612e+01 7.0805532608927404e+00
1770 -2.9660215347084929e+01 8.8370397210157456e+00
1771 -2.9348890749850749e+01 1.0584445525453679e+01
1772 -2.8981718993460849e+01 1.2320975096620259e+01
1773 -2.8559077371715240e+01 1.4044844032994080e+01
1774 -2.8081400177450242e+01 1.5754280942711880e+01
1775 -2.7549178256273279e+01 1.7447529263793321e+01
1776 -2.6962958502185849e+01 1.9122849069127231e+01
1777 -2.6323343295612919e+01 2.0778518854364339e+01
1778 -2.5630989884416330e+01 2.2412837306879290e+01
1779 -2.4886609708528251e+01 2.4024125053984459e+01
1780 -2.4090967668898479e+01 2.5610726388598849e+01
1781 -2.3244881341507028e+01 2.7171010970599092e+01
1782 -2.2349220137249581e+01 2.8703375502104059e+01
1783 -2.1404904408558959e+01 3.0206245374971950e+01
1784 -2.0412904503680849e+01 3.1678076288816410e+01
1785 -1.9374239769575340e+01 3.3117355837879728e+01
1786 -1.8289977504469022e+01 3.4522605065131962e+01
1787 -1.7161231861133960e+01 3.5892379981999127e+01
1788 -1.5989162702020289e+01 3.7225273052159302e+01
1789 -1.4774974407419300e+01 3.8519914637881129e+01
1790 -1.3519914637881129e+01 3.9774974407419307e+01
1791 -1.2225273052159300e+01 4.0989162702020302e+01
1792 -1.0892379981999129e+01 4.2161231861133963e+01
1793 -9.5226050651319500e+00 4.3289977504469043e+01
1794 -8.1173558378797388e+00 4.4374239769575333e+01
1795 -6.6780762888164134e+00 4.5412904503680849e+01
1796 -5.2062453749719442e+00 4.6404904408558963e+01
1797 -3.7033755021040702e+00 4.7349220137249581e+01
1798 -2.1710109705990850e+00 4.8244881341507039e+01
1799 -6.1072638859885409e-01 4.9090967668898493e+01
1800 9.7587494601555314e-01 4.9886609708528269e+01
1801 2.5871626931207121e+00 5.0630989884416337e+01
1802 4.2214811456356642e+00 5.1323343295612922e+01
1803 5.8771509308727614e+00 5.1962958502185863e+01
1804 7.5524707362066792e+00 5.2549178256273272e+01
1805 9.2457190572881274e+00 5.3081400177450242e+01
1806 1.0955155967005910e+01 5.3559077371715233e+01
1807 1.2679024903379760e+01 5.3981718993460859e+01
1808 1.4415554474546321e+01 5.4348890749850753e+01
1809 1.6162960278984240e+01 5.4660215347084929e+01
1810 1.7919446739107251e+01 5.4915372878094630e+01
1811 1.9683208946341502e+01 5.5114101151268407e+01
1812 2.1452434515791111e+01 5.5256195959871853e+01
1813 2.3225305448586312e+01 5.5341511291883712e+01
1814 2.5000000000000000e+01 5.5369959480033117e+01
1815 2.6774694551413688e+01 5.5341511291883712e+01
1816 2.8547565484208882e+01 5.5256195959871860e+01
1817 3.0316791053658509e+01 5.5114101151268407e+01
1818 3.2080553260892742e+01 5.4915372878094630e+01
1819 3.3837039721015742e+01 5.4660215347084929e+01
1820 3.5584445525453667e+01 5.4348890749850753e+01
1821 3.7320975096620252e+01 5.3981718993460852e+01
1822 3.9044844032994092e+01 5.3559077371715247e+01
1823 4.0754280942711873e+01 5.3081400177450242e+01
1824 4.2447529263793307e+01 5.2549178256273287e+01
1825 4.4122849069127227e+01 5.1962958502185863e+01
1826 4.5778518854364329e+01 5.1323343295612922e+01
1827 4.7412837306879283e+01 5.0630989884416330e+01
1828 4.9024125053984463e+01 4.9886609708528241e+01
1829 5.0610726388598849e+01 4.9090967668898493e+01
1830 5.2171010970599070e+01 4.8244881341507032e+01
1831 5.3703375502104059e+01 4.7349220137249567e+01
1832 5.5206245374971957e+01 4.6404904408558963e+01
1833 5.6678076288816413e+01 4.5412904503680863e+01
1834 5.8117355837879742e+01 4.4374239769575347e+01
1835 5.9522605065131962e+01 4.3289977504469029e+01
1836 6.0892379981999120e+01 4.2161231861133963e+01
1837 6.2225273052159302e+01 4.0989162702020302e+01
1838 6.3519914637881122e+01 3.9774974407419307e+01
1839 6.4774974407419279e+01 3.8519914637881122e+01
1840 6.5989162702020295e+01 3.7225273052159302e+01
1841 6.7161231861133928e+01 3.5892379981999127e+01
1842 6.8289977504469022e+01 3.4522605065131948e+01
1843 6.9374239769575340e+01 3.3117355837879742e+01
1844 7.0412904503680863e+01 3.1678076288816410e+01
1845 7.1404904408558949e+01 3.0206245374971939e+01
1846 7.2349220137249574e+01 2.8703375502104059e+01
1847 7.3244881341507025e+01 2.7171010970599092e+01
1848 7.4090967668898458e+01 2.5610726388598849e+01
1849 7.4886609708528241e+01 2.4024125053984431e+01
1850 7.5630989884416323e+01 2.2412837306879279e+01
1851 7.6323343295612887e+01 2.0778518854364329e+01
1852 7.6962958502185842e+01 1.9122849069127231e+01
1853 7.7549178256273294e+01 1.7447529263793321e+01
1854 7.8081400177450234e+01 1.5754280942711871e+01
1855 7.8559077371715233e+01 1.4044844032994090e+01
1856 7.8981718993460845e+01 1.2320975096620240e+01
1857 7.9348890749850767e+01 1.0584445525453679e+01
1858 7.9660215347084915e+01 8.8370397210157510e+00
1859 7.9915372878094615e+01 7.0805532608927404e+00
1860 8.0114101151268414e+01 5.3167910536585046e+00
1861 8.0256195959871874e+01 3.5475654842088851e+00
1862 8.0341511291883705e+01 1.7746945514136829e+00
1863 8.0369959480033117e+01 5.5000000000000002e-15
1864 8.0341511291883705e+01 -1.7746945514136800e+00
1865 8.0256195959871860e+01 -3.5475654842088762e+00
1866 8.0114101151268429e+01 -5.3167910536585028e+00
1867 7.9915372878094615e+01 -7.0805532608927324e+00
1868 7.9660215347084915e+01 -8.8370397210157385e+00
1869 7.9348890749850767e+01 -1.0584445525453670e+01
1870 7.8981718993460845e+01 -1.2320975096620250e+01
1871 7.8559077371715233e+01 -1.4044844032994069e+01
1872 7.8081400177450234e+01 -1.5754280942711871e+01
1873 7.7549178256273279e+01 -1.7447529263793310e+01
1874 7.6962958502185856e+01 -1.9122849069127231e+01
1875 7.6323343295612915e+01 -2.0778518854364329e+01
1876 7.5630989884416337e+01 -2.2412837306879279e+01
1877 7.4886609708528255e+01 -2.4024125053984449e+01
1878 7.4090967668898486e+01 -2.5610726388598842e+01
1879 7.3244881341507039e+01 -2.7171010970599092e+01
1880 7.2349220137249574e+01 -2.8703375502104059e+01
1881 7.1404904408558963e+01 -3.0206245374971950e+01
1882 7.0412904503680835e+01 -3.1678076288816410e+01
1883 6.9374239769575368e+01 -3.3117355837879742e+01
1884 6.8289977504469050e+01 -3.4522605065131962e+01
1885 6.7161231861133970e+01 -3.5892379981999127e+01
1886 6.5989162702020309e+01 -3.7225273052159302e+01
1887 6.4774974407419307e+01 -3.8519914637881122e+01
1888 6.3519914637881143e+01 -3.9774974407419293e+01
1889 6.2225273052159309e+01 -4.0989162702020288e+01
1890 6.0892379981999127e+01 -4.2161231861133963e+01
1891 5.9522605065131962e+01 -4.3289977504469029e+01
1892 5.8117355837879742e+01 -4.4374239769575340e+01
1893 5.6678076288816413e+01 -4.5412904503680842e+01
1894 5.5206245374971971e+01 -4.6404904408558949e+01
1895 5.3703375502104073e+01 -4.7349220137249567e+01
1896 5.2171010970599092e+01 -4.8244881341507032e+01
1897 5.0610726388598863e+01 -4.9090967668898493e+01
1898 4.9024125053984449e+01 -4.9886609708528262e+01
1899 4.7412837306879290e+01 -5.0630989884416337e+01
1900 4.5778518854364350e+01 -5.1323343295612922e+01
1901 4.4122849069127248e+01 -5.1962958502185863e+01
1902 4.2447529263793342e+01 -5.2549178256273287e+01
1903 4.0754280942711880e+01 -5.3081400177450249e+01
1904 3.9044844032994114e+01 -5.3559077371715233e+01
1905 3.7320975096620273e+01 -5.3981718993460873e+01
1906 3.5584445525453688e+01 -5.4348890749850767e+01
1907 3.3837039721015771e+01 -5.4660215347084929e+01
1908 3.2080553260892763e+01 -5.4915372878094630e+01
1909 3.0316791053658520e+01 -5.5114101151268407e+01
1910 2.8547565484208899e+01 -5.5256195959871867e+01
1911 2.6774694551413699e+01 -5.5341511291883698e+01
1912 2.5000000000000011e+01 -5.5369959480033117e+01
1913 2.3225305448586330e+01 -5.5341511291883691e+01
1914 2.1452434515791129e+01 -5.5256195959871867e+01
1915 1.9683208946341509e+01 -5.5114101151268407e+01
1916 1.7919446739107261e+01 -5.4915372878094622e+01
1917 1.6162960278984261e+01 -5.4660215347084929e+01
1918 1.4415554474546330e+01 -5.4348890749850753e+01
1919 1.2679024903379769e+01 -5.3981718993460873e+01
1920 1.0955155967005910e+01 -5.3559077371715233e+01
1921 9.2457190572881398e+00 -5.3081400177450249e+01
1922 7.5524707362066827e+00 -5.2549178256273287e+01
1923 5.8771509308727712e+00 -5.1962958502185863e+01
1924 4.2214811456356713e+00 -5.1323343295612922e+01
1925 2.5871626931207170e+00 -5.0630989884416330e+01
1926 9.7587494601555846e-01 -4.9886609708528269e+01
1927 -6.1072638859884698e-01 -4.9090967668898479e+01
1928 -2.1710109705990810e+00 -4.8244881341507039e+01
1929 -3.7033755021040662e+00 -4.7349220137249567e+01
1930 -5.2062453749719388e+00 -4.6404904408558970e+01
1931 -6.6780762888164062e+00 -4.5412904503680863e+01
1932 -8.1173558378797352e+00 -4.4374239769575347e+01
1933 -9.5226050651319429e+00 -4.3289977504469043e+01
1934 -1.0892379981999129e+01 -4.2161231861133963e+01
1935 -1.2225273052159300e+01 -4.0989162702020302e+01
1936 -1.3519914637881129e+01 -3.9774974407419307e+01
1937 -1.4774974407419309e+01 -3.8519914637881143e+01
1938 -1.5989162702020300e+01 -3.7225273052159309e+01
1939 -1.7161231861133960e+01 -3.5892379981999127e+01
1940 -1.8289977504469029e+01 -3.4522605065131962e+01
1941 -1.9374239769575350e+01 -3.3117355837879742e+01
1942 -2.0412904503680849e+01 -3.1678076288816410e+01
1943 -2.1404904408558959e+01 -3.0206245374971960e+01
1944 -2.2349220137249581e+01 -2.8703375502104080e+01
1945 -2.3244881341507028e+01 -2.7171010970599092e+01
1946 -2.4090967668898479e+01 -2.5610726388598849e+01
1947 -2.4886609708528258e+01 -2.4024125053984459e+01
1948 -2.5630989884416341e+01 -2.2412837306879290e+01
1949 -2.6323343295612911e+01 -2.0778518854364339e+01
1950 -2.6962958502185860e+01 -1.9122849069127241e+01
1951 -2.7549178256273279e+01 -1.7447529263793331e+01
1952 -2.8081400177450249e+01 -1.5754280942711880e+01
1953 -2.8559077371715251e+01 -1.4044844032994090e+01
1954 -2.8981718993460859e+01 -1.2320975096620259e+01
1955 -2.9348890749850749e+01 -1.0584445525453690e+01
1956 -2.9660215347084929e+01 -8.8370397210157510e+00
1957 -2.9915372878094619e+01 -7.0805532608927439e+00
1958 -3.0114101151268411e+01 -5.3167910536585117e+00
1959 -3.0256195959871850e+01 -3.5475654842088828e+00
1960 -3.0341511291883709e+01 -1.7746945514136860e+00
1961 -3.5990717639001382e+01 0.0000000000000000e+00
1962 -3.5959381596370037e+01 1.9548487175573710e+00
1963 -3.5865405668378102e+01 3.9076886959123671e+00
1964 -3.5708886421644223e+01 5.8565132599779339e+00
1965 -3.5489984690274873e+01 7.7993198607766336e+00
1966 -3.5208925410596549e+01 9.7341121331950955e+00
1967 -3.4865997390018293e+01 1.1658901947384109e+01
1968 -3.4461553010262733e+01 1.3571711451696450e+01
1969 -3.3996007865269959e+01 1.5470575105063149e+01
1970 -3.3469840334146653e+01 1.7353541696719809e+01
1971 -3.2883591089599221e+01 1.9218676351207549e+01
1972 -3.2237862542356119e+01 2.1064062516588329e+01
1973 -3.1533318222149980e+01 2.2887803933831670e+01
1974 -3.0770682095896039e+01 2.4688026585348950e+01
1975 -2.9950737823767181e+01 2.6462880620673140e+01
1976 -2.9074327953930130e+01 2.8210542257305271e+01
1977 -2.8142353056770229e+01 2.9929215654774168e+01
1978 -2.7155770799494540e+01 3.1617134759983980e+01
1979 -2.6115594962064030e+01 3.3272565121953107e+01
1980 -2.5022894395466100e+01 3.4893805674079793e+01
1981 -2.3878791923397969e+01 3.6479190482103100e+01
1982 -2.2684463188489460e+01 3.8027090455962963e+01
1983 -2.1441135444250680e+01 3.9535915023800307e+01
1984 -2.0150086293986060e+01 4.1004113766377252e+01
1985 -1.8812642377970651e+01 4.2430178010237540e+01
1986 -1.7430178010237530e+01 4.3812642377970683e+01
1987 -1.6004113766377230e+01 4.5150086293986092e+01
1988 -1.4535915023800300e+01 4.6441135444250733e+01
1989 -1.3027090455962931e+01 4.7684463188489488e+01
1990 -1.1479190482103080e+01 4.8878791923397991e+01
1991 -9.8938056740797737e+00 5.0022894395466118e+01
1992 -8.2725651219530860e+00 5.1115594962064051e+01
1993 -6.6171347599839727e+00 5.2155770799494583e+01
1994 -4.9292156547741541e+00 5.3142353056770247e+01
1995 -3.2105422573052582e+00 5.4074327953930151e+01
1996 -1.4628806206731200e+00 5.4950737823767227e+01
1997 3.1197341465106909e-01 5.5770682095896071e+01
1998 2.1121960661683370e+00 5.6533318222150022e+01
1999 3.9359374834116809e+00 5.7237862542356147e+01
2000 5.7813236487924584e+00 5.7883591089599257e+01
2001 7.6464583032802018e+00 5.8469840334146689e+01
2002 9.5294248949368416e+00 5.8996007865269988e+01
2003 1.1428288548303559e+01 5.9461553010262783e+01
2004 1.3341098052615900e+01 5.9865997390018329e+01
2005 1.5265887866804899e+01 6.0208925410596592e+01
2006 1.7200680139223369e+01 6.0489984690274923e+01
2007 1.9143486740022080e+01 6.0708886421644259e+01
2008 2.1092311304087630e+01 6.0865405668378123e+01
2009 2.3045151282442632e+01 6.0959381596370079e+01
2010 2.5000000000000000e+01 6.0990717639001417e+01
2011 2.6954848717557379e+01 6.0959381596370079e+01
2012 2.8907688695912359e+01 6.0865405668378152e+01
2013 3.0856513259977930e+01 6.0708886421644252e+01
2014 3.2799319860776642e+01 6.0489984690274923e+01
2015 3.4734112133195083e+01 6.0208925410596578e+01
2016 3.6658901947384102e+01 5.9865997390018322e+01
2017 3.8571711451696459e+01 5.9461553010262783e+01
2018 4.0470575105063148e+01 5.8996007865269988e+01
2019 4.2353541696719809e+01 5.8469840334146681e+01
2020 4.4218676351207563e+01 5.7883591089599257e+01
2021 4.6064062516588343e+01 5.7237862542356140e+01
2022 4.7887803933831670e+01 5.6533318222150008e+01
2023 4.9688026585348943e+01 5.5770682095896049e+01
2024 5.1462880620673133e+01 5.4950737823767213e+01
2025 5.3210542257305249e+01 5.4074327953930172e+01
2026 5.4929215654774147e+01 5.3142353056770261e+01
2027 5.6617134759983962e+01 5.2155770799494569e+01
2028 5.8272565121953107e+01 5.1115594962064037e+01
2029 5.9893805674079793e+01 5.0022894395466118e+01
2030 6.1479190482103093e+01 4.8878791923397984e+01
2031 6.3027090455962963e+01 4.7684463188489481e+01
2032 6.4535915023800300e+01 4.6441135444250712e+01
2033 6.6004113766377230e+01 4.5150086293986078e+01
2034 6.7430178010237540e+01 4.3812642377970683e+01
2035 6.8812642377970633e+01 4.2430178010237562e+01
2036 7.0150086293986050e+01 4.1004113766377252e+01
2037 7.1441135444250676e+01 3.9535915023800307e+01
2038 7.2684463188489502e+01 3.8027090455962949e+01
2039 7.3878791923397984e+01 3.6479190482103093e+01
2040 7.5022894395466096e+01 3.4893805674079772e+01
2041 7.6115594962064023e+01 3.3272565121953093e+01
2042 7.7155770799494547e+01 3.1617134759983980e+01
2043 7.8142353056770247e+01 2.9929215654774161e+01
2044 7.9074327953930137e+01 2.8210542257305260e+01
2045 7.9950737823767184e+01 2.6462880620673129e+01
2046 8.0770682095896035e+01 2.4688026585348929e+01
2047 8.1533318222149973e+01 2.2887803933831670e+01
2048 8.2237862542356126e+01 2.1064062516588329e+01
2049 8.2883591089599207e+01 1.9218676351207549e+01
2050 8.3469840334146653e+01 1.7353541696719802e+01
2051 8.3996007865269945e+01 1.5470575105063160e+01
2052 8.4461553010262733e+01 1.3571711451696441e+01
2053 8.4865997390018322e+01 1.1658901947384100e+01
2054 8.5208925410596521e+01 9.7341121331951008e+00
2055 8.5489984690274895e+01 7.7993198607766336e+00
2056 8.5708886421644195e+01 5.8565132599779304e+00
2057 8.5865405668378116e+01 3.9076886959123711e+00
2058 8.5959381596370051e+01 1.9548487175573690e+00
2059 8.5990717639001389e+01 6.1999999999999998e-15
2060 8.5959381596370051e+01 -1.9548487175573639e+00
2061 8.5865405668378102e+01 -3.9076886959123591e+00
2062 8.5708886421644223e+01 -5.8565132599779233e+00
2063 8.5489984690274866e+01 -7.7993198607766248e+00
2064 8.5208925410596564e+01 -9.7341121331950831e+00
2065 8.4865997390018322e+01 -1.1658901947384100e+01
2066 8.4461553010262733e+01 -1.3571711451696441e+01
2067 8.3996007865269959e+01 -1.5470575105063141e+01
2068 8.3469840334146653e+01 -1.7353541696719802e+01
2069 8.2883591089599236e+01 -1.9218676351207531e+01
2070 8.2237862542356140e+01 -2.1064062516588312e+01
2071 8.1533318222149973e+01 -2.2887803933831659e+01
2072 8.0770682095896035e+01 -2.4688026585348929e+01
2073 7.9950737823767156e+01 -2.6462880620673118e+01
2074 7.9074327953930137e+01 -2.8210542257305249e+01
2075 7.8142353056770247e+01 -2.9929215654774151e+01
2076 7.7155770799494562e+01 -3.1617134759983951e+01
2077 7.6115594962064023e+01 -3.3272565121953093e+01
2078 7.5022894395466096e+01 -3.4893805674079772e+01
2079 7.3878791923397984e+01 -3.6479190482103071e+01
2080 7.2684463188489474e+01 -3.8027090455962920e+01
2081 7.1441135444250691e+01 -3.9535915023800293e+01
2082 7.0150086293986050e+01 -4.1004113766377223e+01
2083 6.8812642377970661e+01 -4.2430178010237519e+01
2084 6.7430178010237540e+01 -4.3812642377970647e+01
2085 6.6004113766377245e+01 -4.5150086293986057e+01
2086 6.4535915023800314e+01 -4.6441135444250691e+01
2087 6.3027090455962927e+01 -4.7684463188489467e+01
2088 6.1479190482103100e+01 -4.8878791923397969e+01
2089 5.9893805674079793e+01 -5.0022894395466089e+01
2090 5.8272565121953093e+01 -5.1115594962064030e+01
2091 5.6617134759983983e+01 -5.2155770799494540e+01
2092 5.4929215654774147e+01 -5.3142353056770233e+01
2093 5.3210542257305278e+01 -5.4074327953930137e+01
2094 5.1462880620673133e+01 -5.4950737823767192e+01
2095 4.9688026585348943e+01 -5.5770682095896042e+01
2096 4.7887803933831677e+01 -5.6533318222149980e+01
2097 4.6064062516588343e+01 -5.7237862542356112e+01
2098 4.4218676351207563e+01 -5.7883591089599221e+01
2099 4.2353541696719802e+01 -5.8469840334146639e+01
2100 4.0470575105063183e+01 -5.8996007865269952e+01
2101 3.8571711451696451e+01 -5.9461553010262733e+01
2102 3.6658901947384130e+01 -5.9865997390018308e+01
2103 3.4734112133195119e+01 -6.0208925410596542e+01
2104 3.2799319860776649e+01 -6.0489984690274902e+01
2105 3.0856513259977952e+01 -6.0708886421644223e+01
2106 2.8907688695912391e+01 -6.0865405668378123e+01
2107 2.6954848717557379e+01 -6.0959381596370037e+01
2108 2.5000000000000011e+01 -6.0990717639001389e+01
2109 2.3045151282442649e+01 -6.0959381596370072e+01
2110 2.1092311304087641e+01 -6.0865405668378123e+01
2111 1.9143486740022080e+01 -6.0708886421644223e+01
2112 1.7200680139223380e+01 -6.0489984690274902e+01
2113 1.5265887866804910e+01 -6.0208925410596542e+01
2114 1.3341098052615910e+01 -5.9865997390018300e+01
2115 1.1428288548303570e+01 -5.9461553010262733e+01
2116 9.5294248949368470e+00 -5.8996007865269952e+01
2117 7.6464583032802107e+00 -5.8469840334146653e+01
2118 5.7813236487924691e+00 -5.7883591089599221e+01
2119 3.9359374834116831e+00 -5.7237862542356112e+01
2120 2.1121960661683481e+00 -5.6533318222149987e+01
2121 3.1197341465106909e-01 -5.5770682095896049e+01
2122 -1.4628806206731180e+00 -5.4950737823767213e+01
2123 -3.2105422573052560e+00 -5.4074327953930123e+01
2124 -4.9292156547741524e+00 -5.3142353056770247e+01
2125 -6.6171347599839674e+00 -5.2155770799494547e+01
2126 -8.2725651219530771e+00 -5.1115594962064037e+01
2127 -9.8938056740797720e+00 -5.0022894395466103e+01
2128 -1.1479190482103080e+01 -4.8878791923397984e+01
2129 -1.3027090455962931e+01 -4.7684463188489467e+01
2130 -1.4535915023800291e+01 -4.6441135444250683e+01
2131 -1.6004113766377230e+01 -4.5150086293986057e+01
2132 -1.7430178010237530e+01 -4.3812642377970661e+01
2133 -1.8812642377970661e+01 -4.2430178010237540e+01
2134 -2.0150086293986060e+01 -4.1004113766377252e+01
2135 -2.1441135444250680e+01 -3.9535915023800307e+01
2136 -2.2684463188489460e+01 -3.8027090455962949e+01
2137 -2.3878791923397969e+01 -3.6479190482103093e+01
2138 -2.5022894395466089e+01 -3.4893805674079772e+01
2139 -2.6115594962064019e+01 -3.3272565121953100e+01
2140 -2.7155770799494551e+01 -3.1617134759983959e+01
2141 -2.8142353056770229e+01 -2.9929215654774151e+01
2142 -2.9074327953930130e+01 -2.8210542257305260e+01
2143 -2.9950737823767181e+01 -2.6462880620673140e+01
2144 -3.0770682095896039e+01 -2.4688026585348940e+01
2145 -3.1533318222149980e+01 -2.2887803933831680e+01
2146 -3.2237862542356112e+01 -2.1064062516588329e+01
2147 -3.2883591089599221e+01 -1.9218676351207542e+01
2148 -3.3469840334146639e+01 -1.7353541696719809e+01
2149 -3.3996007865269959e+01 -1.5470575105063149e+01
2150 -3.4461553010262740e+01 -1.3571711451696460e+01
2151 -3.4865997390018300e+01 -1.1658901947384109e+01
2152 -3.5208925410596542e+01 -9.7341121331950937e+00
2153 -3.5489984690274881e+01 -7.7993198607766328e+00
2154 -3.5708886421644223e+01 -5.8565132599779339e+00
2155 -3.5865405668378102e+01 -3.9076886959123658e+00
2156 -3.5959381596370058e+01 -1.9548487175573710e+00
2157 -4.2184860594254751e+01 0.0000000000000000e+00
2158 -4.2150342101322387e+01 2.1533807709775972e+00
2159 -4.2046822092610157e+01 4.3045487976474348e+00
2160 -4.1874406941924832e+01 6.4512936094461164e+00
2161 -4.1633273817488771e+01 8.5914092809625160e+00
2162 -4.1323670499887612e+01 1.0722696698675280e+01
2163 -4.0945915127458939e+01 1.2842965820690610e+01
2164 -4.0500395869383667e+01 1.4950037927158361e+01
2165 -3.9987570526815936e+01 1.7041747859053960e+01
2166 -3.9407966062461547e+01 1.9115946243025672e+01
2167 -3.8762178059088072e+01 2.1170501700020999e+01
2168 -3.8050870107523409e+01 2.3203303035422771e+01
2169 -3.7274773124771130e+01 2.5212261408444292e+01
2170 -3.6434684602944188e+01 2.7195312478554438e+01
2171 -3.5531467789787541e+01 2.9150418526727169e+01
2172 -3.4566050801632969e+01 3.1075570549335492e+01
2173 -3.3539425669696620e+01 3.2968790322538553e+01
2174 -3.2452647320700009e+01 3.4828132435040331e+01
2175 -3.1306832492861471e+01 3.6651686287131277e+01
2176 -3.0103158588372100e+01 3.8437578053958632e+01
2177 -2.8842862463535461e+01 4.0183972611008130e+01
2178 -2.7527239157814108e+01 4.1889075419818568e+01
2179 -2.6157640563089011e+01 4.3551134371991260e+01
2180 -2.4735474034499209e+01 4.5168441589599972e+01
2181 -2.3262200944289329e+01 4.6739335180150839e+01
2182 -2.1739335180150821e+01 4.8262200944289368e+01
2183 -2.0168441589599929e+01 4.9735474034499227e+01
2184 -1.8551134371991228e+01 5.1157640563089053e+01
2185 -1.6889075419818528e+01 5.2527239157814158e+01
2186 -1.5183972611008111e+01 5.3842862463535504e+01
2187 -1.3437578053958600e+01 5.5103158588372153e+01
2188 -1.1651686287131250e+01 5.6306832492861531e+01
2189 -9.8281324350403168e+00 5.7452647320700059e+01
2190 -7.9687903225385304e+00 5.8539425669696683e+01
2191 -6.0755705493354739e+00 5.9566050801633011e+01
2192 -4.1504185267271350e+00 6.0531467789787627e+01
2193 -2.1953124785544169e+00 6.1434684602944252e+01
2194 -2.1226140844426669e-01 6.2274773124771187e+01
2195 1.7966969645772419e+00 6.3050870107523451e+01
2196 3.8294982999790008e+00 6.3762178059088143e+01
2197 5.8840537569743514e+00 6.4407966062461611e+01
2198 7.9582521409460423e+00 6.4987570526816000e+01
2199 1.0049962072841661e+01 6.5500395869383709e+01
2200 1.2157034179309401e+01 6.5945915127459003e+01
2201 1.4277303301324711e+01 6.6323670499887669e+01
2202 1.6408590719037491e+01 6.6633273817488842e+01
2203 1.8548706390553900e+01 6.6874406941924875e+01
2204 2.0695451202352569e+01 6.7046822092610228e+01
2205 2.2846619229022409e+01 6.7150342101322465e+01
2206 2.5000000000000000e+01 6.7184860594254815e+01
2207 2.7153380770977599e+01 6.7150342101322437e+01
2208 2.9304548797647438e+01 6.7046822092610199e+01
2209 3.1451293609446111e+01 6.6874406941924889e+01
2210 3.3591409280962523e+01 6.6633273817488828e+01
2211 3.5722696698675279e+01 6.6323670499887683e+01
2212 3.7842965820690608e+01 6.5945915127458989e+01
2213 3.9950037927158348e+01 6.5500395869383709e+01
2214 4.2041747859053963e+01 6.4987570526815986e+01
2215 4.4115946243025647e+01 6.4407966062461583e+01
2216 4.6170501700020992e+01 6.3762178059088129e+01
2217 4.8203303035422771e+01 6.3050870107523437e+01
2218 5.0212261408444263e+01 6.2274773124771180e+01
2219 5.2195312478554428e+01 6.1434684602944252e+01
2220 5.4150418526727172e+01 6.0531467789787612e+01
2221 5.6075570549335467e+01 5.9566050801633033e+01
2222 5.7968790322538517e+01 5.8539425669696669e+01
2223 5.9828132435040303e+01 5.7452647320700073e+01
2224 6.1651686287131270e+01 5.6306832492861510e+01
2225 6.3437578053958603e+01 5.5103158588372132e+01
2226 6.5183972611008116e+01 5.3842862463535504e+01
2227 6.6889075419818539e+01 5.2527239157814137e+01
2228 6.8551134371991225e+01 5.1157640563089032e+01
2229 7.0168441589599922e+01 4.9735474034499227e+01
2230 7.1739335180150817e+01 4.8262200944289368e+01
2231 7.3262200944289347e+01 4.6739335180150839e+01
2232 7.4735474034499191e+01 4.5168441589599972e+01
2233 7.6157640563089004e+01 4.3551134371991260e+01
2234 7.7527239157814122e+01 4.1889075419818553e+01
2235 7.8842862463535454e+01 4.0183972611008123e+01
2236 8.0103158588372096e+01 3.8437578053958617e+01
2237 8.1306832492861474e+01 3.6651686287131270e+01
2238 8.2452647320700024e+01 3.4828132435040317e+01
2239 8.3539425669696627e+01 3.2968790322538553e+01
2240 8.4566050801632954e+01 3.1075570549335492e+01
2241 8.5531467789787555e+01 2.9150418526727151e+01
2242 8.6434684602944202e+01 2.7195312478554420e+01
2243 8.7274773124771144e+01 2.5212261408444281e+01
2244 8.8050870107523394e+01 2.3203303035422771e+01
2245 8.8762178059088072e+01 2.1170501700021010e+01
2246 8.9407966062461583e+01 1.9115946243025650e+01
2247 8.9987570526815929e+01 1.7041747859053970e+01
2248 9.0500395869383681e+01 1.4950037927158350e+01
2249 9.0945915127458960e+01 1.2842965820690610e+01
2250 9.1323670499887598e+01 1.0722696698675289e+01
2251 9.1633273817488799e+01 8.5914092809625160e+00
2252 9.1874406941924832e+01 6.4512936094461111e+00
2253 9.2046822092610157e+01 4.3045487976474384e+00
2254 9.2150342101322394e+01 2.1533807709775941e+00
2255 9.2184860594254758e+01 7.0000000000000001e-15
2256 9.2150342101322394e+01 -2.1533807709775870e+00
2257 9.2046822092610171e+01 -4.3045487976474233e+00
2258 9.1874406941924832e+01 -6.4512936094461022e+00
2259 9.1633273817488785e+01 -8.5914092809625018e+00
2260 9.1323670499887584e+01 -1.0722696698675270e+01
2261 9.0945915127458960e+01 -1.2842965820690591e+01
2262 9.0500395869383652e+01 -1.4950037927158350e+01
2263 8.9987570526815915e+01 -1.7041747859053942e+01
2264 8.9407966062461568e+01 -1.9115946243025650e+01
2265 8.8762178059088058e+01 -2.1170501700020981e+01
2266 8.8050870107523394e+01 -2.3203303035422739e+01
2267 8.7274773124771144e+01 -2.5212261408444260e+01
2268 8.6434684602944188e+01 -2.7195312478554399e+01
2269 8.5531467789787527e+01 -2.9150418526727130e+01
2270 8.4566050801632969e+01 -3.1075570549335449e+01
2271 8.3539425669696627e+01 -3.2968790322538510e+01
2272 8.2452647320700009e+01 -3.4828132435040288e+01
2273 8.1306832492861474e+01 -3.6651686287131227e+01
2274 8.0103158588372111e+01 -3.8437578053958582e+01
2275 7.8842862463535482e+01 -4.0183972611008080e+01
2276 7.7527239157814137e+01 -4.1889075419818511e+01
2277 7.6157640563089004e+01 -4.3551134371991203e+01
2278 7.4735474034499219e+01 -4.5168441589599922e+01
2279 7.3262200944289361e+01 -4.6739335180150803e+01
2280 7.1739335180150817e+01 -4.8262200944289319e+01
2281 7.0168441589599951e+01 -4.9735474034499191e+01
2282 6.8551134371991253e+01 -5.1157640563088997e+01
2283 6.6889075419818539e+01 -5.2527239157814108e+01
2284 6.5183972611008116e+01 -5.3842862463535447e+01
2285 6.3437578053958632e+01 -5.5103158588372082e+01
2286 6.1651686287131263e+01 -5.6306832492861460e+01
2287 5.9828132435040317e+01 -5.7452647320700002e+01
2288 5.7968790322538531e+01 -5.8539425669696612e+01
2289 5.6075570549335502e+01 -5.9566050801632969e+01
2290 5.4150418526727137e+01 -6.0531467789787563e+01
2291 5.2195312478554442e+01 -6.1434684602944188e+01
2292 5.0212261408444277e+01 -6.2274773124771130e+01
2293 4.8203303035422771e+01 -6.3050870107523380e+01
2294 4.6170501700021013e+01 -6.3762178059088072e+01
2295 4.4115946243025647e+01 -6.4407966062461554e+01
2296 4.2041747859053991e+01 -6.4987570526815929e+01
2297 3.9950037927158348e+01 -6.5500395869383652e+01
2298 3.7842965820690637e+01 -6.5945915127458932e+01
2299 3.5722696698675307e+01 -6.6323670499887598e+01
2300 3.3591409280962530e+01 -6.6633273817488785e+01
2301 3.1451293609446129e+01 -6.6874406941924860e+01
2302 2.9304548797647460e+01 -6.7046822092610171e+01
2303 2.7153380770977609e+01 -6.7150342101322366e+01
2304 2.5000000000000011e+01 -6.7184860594254744e+01
2305 2.2846619229022419e+01 -6.7150342101322380e+01
2306 2.0695451202352579e+01 -6.7046822092610171e+01
2307 1.8548706390553900e+01 -6.6874406941924846e+01
2308 1.6408590719037502e+01 -6.6633273817488771e+01
2309 1.4277303301324730e+01 -6.6323670499887598e+01
2310 1.2157034179309409e+01 -6.5945915127458932e+01
2311 1.0049962072841669e+01 -6.5500395869383652e+01
2312 7.9582521409460476e+00 -6.4987570526815929e+01
2313 5.8840537569743656e+00 -6.4407966062461554e+01
2314 3.8294982999790168e+00 -6.3762178059088072e+01
2315 1.7966969645772470e+00 -6.3050870107523380e+01
2316 -2.1226140844425781e-01 -6.2274773124771123e+01
2317 -2.1953124785544089e+00 -6.1434684602944188e+01
2318 -4.1504185267271261e+00 -6.0531467789787563e+01
2319 -6.0755705493354597e+00 -5.9566050801632947e+01
2320 -7.9687903225385206e+00 -5.8539425669696627e+01
2321 -9.8281324350403025e+00 -5.7452647320700009e+01
2322 -1.1651686287131239e+01 -5.6306832492861453e+01
2323 -1.3437578053958591e+01 -5.5103158588372089e+01
2324 -1.5183972611008100e+01 -5.3842862463535447e+01
2325 -1.6889075419818528e+01 -5.2527239157814108e+01
2326 -1.8551134371991228e+01 -5.1157640563088997e+01
2327 -2.0168441589599929e+01 -4.9735474034499191e+01
2328 -2.1739335180150810e+01 -4.8262200944289333e+01
2329 -2.3262200944289329e+01 -4.6739335180150803e+01
2330 -2.4735474034499209e+01 -4.5168441589599922e+01
2331 -2.6157640563089011e+01 -4.3551134371991232e+01
2332 -2.7527239157814108e+01 -4.1889075419818539e+01
2333 -2.8842862463535461e+01 -4.0183972611008102e+01
2334 -3.0103158588372100e+01 -3.8437578053958589e+01
2335 -3.1306832492861471e+01 -3.6651686287131248e+01
2336 -3.2452647320700009e+01 -3.4828132435040303e+01
2337 -3.3539425669696612e+01 -3.2968790322538517e+01
2338 -3.4566050801632983e+01 -3.1075570549335470e+01
2339 -3.5531467789787541e+01 -2.9150418526727151e+01
2340 -3.6434684602944202e+01 -2.7195312478554420e+01
2341 -3.7274773124771130e+01 -2.5212261408444270e+01
2342 -3.8050870107523387e+01 -2.3203303035422760e+01
2343 -3.8762178059088093e+01 -2.1170501700020999e+01
2344 -3.9407966062461540e+01 -1.9115946243025661e+01
2345 -3.9987570526815929e+01 -1.7041747859053949e+01
2346 -4.0500395869383667e+01 -1.4950037927158361e+01
2347 -4.0945915127458939e+01 -1.2842965820690610e+01
2348 -4.1323670499887619e+01 -1.0722696698675280e+01
2349 -4.1633273817488778e+01 -8.5914092809625124e+00
2350 -4.1874406941924832e+01 -6.4512936094461120e+00
2351 -4.2046822092610149e+01 -4.3045487976474330e+00
2352 -4.2150342101322380e+01 -2.1533807709775949e+00
2353 -4.8976515470389309e+01 0.0000000000000000e+00
2354 -4.8938507535211059e+01 2.3710640240799341e+00
2355 -4.8824522785398990e+01 4.7396916195944589e+00
2356 -4.8634678347988739e+01 7.1034488615732192e+00
2357 -4.8369169300972992e+01 9.4599068296633426e+00
2358 -4.8028268472845582e+01 1.1806644104009299e+01
2359 -4.7612326162251833e+01 1.4141249253425491e+01
2360 -4.7121769778033027e+01 1.6461323313304788e+01
2361 -4.6557103400034883e+01 1.8764482250716849e+01
2362 -4.5918907261131423e+01 2.1048359414163119e+01
2363 -4.5207837150996610e+01 2.3310607965471210e+01
2364 -4.4424623742235958e+01 2.5548903291329729e+01
2365 -4.3570071839571071e+01 2.7760945391985722e+01
2366 -4.2645059552848537e+01 2.9944461244649709e+01
2367 -4.1650537394722427e+01 3.2097207139180433e+01
2368 -4.0587527303938678e+01 3.4216970983648608e+01
2369 -3.9457121595223470e+01 3.6301574577410918e+01
2370 -3.8260481836856457e+01 3.8348875849358443e+01
2371 -3.6998837657080507e+01 4.0356771059039502e+01
2372 -3.5673485480575792e+01 4.2323196958395201e+01
2373 -3.4285787196295630e+01 4.4246132911886257e+01
2374 -3.2837168758033613e+01 4.6123602972832629e+01
2375 -3.1329118719159698e+01 4.7953677913832308e+01
2376 -2.9763186703030900e+01 4.9734477209172873e+01
2377 -2.8140981810648650e+01 5.1464170967198768e+01
2378 -2.6464170967198712e+01 5.3140981810648697e+01
2379 -2.4734477209172820e+01 5.4763186703030946e+01
2380 -2.2953677913832259e+01 5.6329118719159759e+01
2381 -2.1123602972832568e+01 5.7837168758033677e+01
2382 -1.9246132911886210e+01 5.9285787196295708e+01
2383 -1.7323196958395162e+01 6.0673485480575849e+01
2384 -1.5356771059039460e+01 6.1998837657080593e+01
2385 -1.3348875849358411e+01 6.3260481836856528e+01
2386 -1.1301574577410889e+01 6.4457121595223555e+01
2387 -9.2169709836485900e+00 6.5587527303938757e+01
2388 -7.0972071391803997e+00 6.6650537394722534e+01
2389 -4.9444612446496814e+00 6.7645059552848608e+01
2390 -2.7609453919856879e+00 6.8570071839571170e+01
2391 -5.4890329132972226e-01 6.9424623742236037e+01
2392 1.6893920345288049e+00 7.0207837150996710e+01
2393 3.9516405858368970e+00 7.0918907261131551e+01
2394 6.2355177492831420e+00 7.1557103400034975e+01
2395 8.5386766866952328e+00 7.2121769778033112e+01
2396 1.0858750746574531e+01 7.2612326162251918e+01
2397 1.3193355895990701e+01 7.3028268472845681e+01
2398 1.5540093170336670e+01 7.3369169300973070e+01
2399 1.7896551138426791e+01 7.3634678347988839e+01
2400 2.0260308380405540e+01 7.3824522785399083e+01
2401 2.2628935975920069e+01 7.3938507535211158e+01
2402 2.5000000000000000e+01 7.3976515470389415e+01
2403 2.7371064024079939e+01 7.3938507535211158e+01
2404 2.9739691619594449e+01 7.3824522785399083e+01
2405 3.2103448861573213e+01 7.3634678347988853e+01
2406 3.4459906829663339e+01 7.3369169300973098e+01
2407 3.6806644104009280e+01 7.3028268472845696e+01
2408 3.9141249253425492e+01 7.2612326162251932e+01
2409 4.1461323313304767e+01 7.2121769778033126e+01
2410 4.3764482250716839e+01 7.1557103400034975e+01
2411 4.6048359414163102e+01 7.0918907261131551e+01
2412 4.8310607965471192e+01 7.0207837150996710e+01
2413 5.0548903291329722e+01 6.9424623742236037e+01
2414 5.2760945391985672e+01 6.8570071839571185e+01
2415 5.4944461244649673e+01 6.7645059552848608e+01
2416 5.7097207139180412e+01 6.6650537394722534e+01
2417 5.9216970983648572e+01 6.5587527303938742e+01
2418 6.1301574577410889e+01 6.4457121595223555e+01
2419 6.3348875849358400e+01 6.3260481836856528e+01
2420 6.5356771059039460e+01 6.1998837657080578e+01
2421 6.7323196958395144e+01 6.0673485480575863e+01
2422 6.9246132911886207e+01 5.9285787196295672e+01
2423 7.1123602972832572e+01 5.7837168758033670e+01
2424 7.2953677913832237e+01 5.6329118719159737e+01
2425 7.4734477209172823e+01 5.4763186703030961e+01
2426 7.6464170967198697e+01 5.3140981810648711e+01
2427 7.8140981810648640e+01 5.1464170967198768e+01
2428 7.9763186703030897e+01 4.9734477209172859e+01
2429 8.1329118719159695e+01 4.7953677913832308e+01
2430 8.2837168758033627e+01 4.6123602972832600e+01
2431 8.4285787196295615e+01 4.4246132911886242e+01
2432 8.5673485480575764e+01 4.2323196958395179e+01
2433 8.6998837657080500e+01 4.0356771059039488e+01
2434 8.8260481836856442e+01 3.8348875849358443e+01
2435 8.9457121595223470e+01 3.6301574577410918e+01
2436 9.0587527303938685e+01 3.4216970983648622e+01
2437 9.1650537394722448e+01 3.2097207139180433e+01
2438 9.2645059552848494e+01 2.9944461244649698e+01
2439 9.3570071839571057e+01 2.7760945391985700e+01
2440 9.4424623742235951e+01 2.5548903291329740e+01
2441 9.5207837150996596e+01 2.3310607965471210e+01
2442 9.5918907261131437e+01 2.1048359414163109e+01
2443 9.6557103400034833e+01 1.8764482250716860e+01
2444 9.7121769778033041e+01 1.6461323313304771e+01
2445 9.7612326162251833e+01 1.4141249253425480e+01
2446 9.8028268472845554e+01 1.1806644104009310e+01
2447 9.8369169300972999e+01 9.4599068296633426e+00
2448 9.8634678347988753e+01 7.1034488615732148e+00
2449 9.8824522785398983e+01 4.7396916195944634e+00
2450 9.8938507535211045e+01 2.3710640240799310e+00
2451 9.8976515470389302e+01 7.8999999999999998e-15
2452 9.8938507535211045e+01 -2.3710640240799230e+00
2453 9.8824522785398983e+01 -4.7396916195944456e+00
2454 9.8634678347988739e+01 -7.1034488615732041e+00
2455 9.8369169300972985e+01 -9.4599068296633213e+00
2456 9.8028268472845554e+01 -1.1806644104009280e+01
2457 9.7612326162251833e+01 -1.4141249253425460e+01
2458 9.7121769778033027e+01 -1.6461323313304760e+01
2459 9.6557103400034833e+01 -1.8764482250716821e+01
2460 9.5918907261131437e+01 -2.1048359414163102e+01
2461 9.5207837150996582e+01 -2.3310607965471171e+01
2462 9.4424623742235951e+01 -2.5548903291329690e+01
2463 9.3570071839571057e+01 -2.7760945391985661e+01
2464 9.2645059552848522e+01 -2.9944461244649649e+01
2465 9.1650537394722420e+01 -3.2097207139180377e+01
2466 9.0587527303938685e+01 -3.4216970983648551e+01
2467 8.9457121595223470e+01 -3.6301574577410861e+01
2468 8.8260481836856457e+01 -3.8348875849358379e+01
2469 8.6998837657080514e+01 -4.0356771059039453e+01
2470 8.5673485480575806e+01 -4.2323196958395137e+01
2471 8.4285787196295615e+01 -4.4246132911886178e+01
2472 8.2837168758033613e+01 -4.6123602972832543e+01
2473 8.1329118719159695e+01 -4.7953677913832237e+01
2474 7.9763186703030868e+01 -4.9734477209172780e+01
2475 7.8140981810648668e+01 -5.1464170967198697e+01
2476 7.6464170967198712e+01 -5.3140981810648633e+01
2477 7.4734477209172809e+01 -5.4763186703030883e+01
2478 7.2953677913832237e+01 -5.6329118719159673e+01
2479 7.1123602972832543e+01 -5.7837168758033613e+01
2480 6.9246132911886207e+01 -5.9285787196295608e+01
2481 6.7323196958395158e+01 -6.0673485480575771e+01
2482 6.5356771059039446e+01 -6.1998837657080493e+01
2483 6.3348875849358421e+01 -6.3260481836856442e+01
2484 6.1301574577410889e+01 -6.4457121595223470e+01
2485 5.9216970983648586e+01 -6.5587527303938657e+01
2486 5.7097207139180398e+01 -6.6650537394722448e+01
2487 5.4944461244649681e+01 -6.7645059552848522e+01
2488 5.2760945391985693e+01 -6.8570071839571057e+01
2489 5.0548903291329722e+01 -6.9424623742235951e+01
2490 4.8310607965471213e+01 -7.0207837150996596e+01
2491 4.6048359414163102e+01 -7.0918907261131423e+01
2492 4.3764482250716867e+01 -7.1557103400034862e+01
2493 4.1461323313304788e+01 -7.2121769778033027e+01
2494 3.9141249253425492e+01 -7.2612326162251833e+01
2495 3.6806644104009322e+01 -7.3028268472845582e+01
2496 3.4459906829663353e+01 -7.3369169300972985e+01
2497 3.2103448861573227e+01 -7.3634678347988725e+01
2498 2.9739691619594488e+01 -7.3824522785398997e+01
2499 2.7371064024079949e+01 -7.3938507535211073e+01
2500 2.5000000000000011e+01 -7.3976515470389302e+01
2501 2.2628935975920090e+01 -7.3938507535211073e+01
2502 2.0260308380405540e+01 -7.3824522785398997e+01
2503 1.7896551138426808e+01 -7.3634678347988739e+01
2504 1.5540093170336670e+01 -7.3369169300972985e+01
2505 1.3193355895990720e+01 -7.3028268472845582e+01
2506 1.0858750746574540e+01 -7.2612326162251819e+01
2507 8.5386766866952506e+00 -7.2121769778033027e+01
2508 6.2355177492831624e+00 -7.1557103400034862e+01
2509 3.9516405858369201e+00 -7.0918907261131437e+01
2510 1.6893920345288209e+00 -7.0207837150996596e+01
2511 -5.4890329132970095e-01 -6.9424623742235937e+01
2512 -2.7609453919856679e+00 -6.8570071839571071e+01
2513 -4.9444612446496592e+00 -6.7645059552848522e+01
2514 -7.0972071391803802e+00 -6.6650537394722463e+01
2515 -9.2169709836485723e+00 -6.5587527303938671e+01
2516 -1.1301574577410880e+01 -6.4457121595223470e+01
2517 -1.3348875849358400e+01 -6.3260481836856428e+01
2518 -1.5356771059039440e+01 -6.1998837657080507e+01
2519 -1.7323196958395140e+01 -6.0673485480575778e+01
2520 -1.9246132911886189e+01 -5.9285787196295630e+01
2521 -2.1123602972832551e+01 -5.7837168758033620e+01
2522 -2.2953677913832241e+01 -5.6329118719159680e+01
2523 -2.4734477209172809e+01 -5.4763186703030883e+01
2524 -2.6464170967198701e+01 -5.3140981810648647e+01
2525 -2.8140981810648650e+01 -5.1464170967198697e+01
2526 -2.9763186703030900e+01 -4.9734477209172809e+01
2527 -3.1329118719159680e+01 -4.7953677913832259e+01
2528 -3.2837168758033599e+01 -4.6123602972832558e+01
2529 -3.4285787196295622e+01 -4.4246132911886178e+01
2530 -3.5673485480575778e+01 -4.2323196958395137e+01
2531 -3.6998837657080500e+01 -4.0356771059039467e+01
2532 -3.8260481836856442e+01 -3.8348875849358393e+01
2533 -3.9457121595223477e+01 -3.6301574577410882e+01
2534 -4.0587527303938678e+01 -3.4216970983648572e+01
2535 -4.1650537394722448e+01 -3.2097207139180412e+01
2536 -4.2645059552848522e+01 -2.9944461244649670e+01
2537 -4.3570071839571057e+01 -2.7760945391985679e+01
2538 -4.4424623742235937e+01 -2.5548903291329712e+01
2539 -4.5207837150996632e+01 -2.3310607965471188e+01
2540 -4.5918907261131430e+01 -2.1048359414163109e+01
2541 -4.6557103400034862e+01 -1.8764482250716831e+01
2542 -4.7121769778033027e+01 -1.6461323313304771e+01
2543 -4.7612326162251833e+01 -1.4141249253425469e+01
2544 -4.8028268472845568e+01 -1.1806644104009290e+01
2545 -4.8369169300972992e+01 -9.4599068296633337e+00
2546 -4.8634678347988753e+01 -7.1034488615732148e+00
2547 -4.8824522785398990e+01 -4.7396916195944554e+00
2548 -4.8938507535211073e+01 -2.3710640240799319e+00
2549 -5.6382233860374029e+01 0.0000000000000000e+00
2550 -5.6340420987064732e+01 2.6084289815303641e+00
2551 -5.6215025332690693e+01 5.2141776259559940e+00
2552 -5.6006175749763322e+01 7.8145683503997212e+00
2553 -5.5714086845346998e+01 1.0406929077609339e+01
2554 -5.5339058760535892e+01 1.2988595981697630e+01
2555 -5.4881476862038468e+01 1.5556916225403510e+01
2556 -5.4341811346187377e+01 1.8109250686061650e+01
2557 -5.3720616755780782e+01 2.0642976667479420e+01
2558 -5.3018531410252187e+01 2.3155490594934552e+01
2559 -5.2236276749754197e+01 2.5644210690524069e+01
2560 -5.1374656593829812e+01 2.8106579626115700e+01
2561 -5.0434556315433532e+01 3.0540067151175389e+01
2562 -4.9416941931150888e+01 3.2942172692770733e+01
2563 -4.8322859108551107e+01 3.5310427925078692e+01
2564 -4.7153432091692913e+01 3.7642399305757273e+01
2565 -4.5909862545887727e+01 3.9935690576574792e+01
2566 -4.4593428322907513e+01 4.2187945225727127e+01
2567 -4.3205482147905457e+01 4.4396848909312993e+01
2568 -4.1747450229399703e+01 4.6560131829478600e+01
2569 -4.0220830793747432e+01 4.8675571066788592e+01
2570 -3.8627192545616133e+01 5.0740992864425799e+01
2571 -3.6968173056033542e+01 5.2754274861873498e+01
2572 -3.5245477079672632e+01 5.4713348275784242e+01
2573 -3.3460874803100978e+01 5.6616200025794512e+01
2574 -3.1616200025794441e+01 5.8460874803101063e+01
2575 -2.9713348275784160e+01 6.0245477079672717e+01
2576 -2.7754274861873441e+01 6.1968173056033628e+01
2577 -2.5740992864425731e+01 6.3627192545616253e+01
2578 -2.3675571066788521e+01 6.5220830793747524e+01
2579 -2.1560131829478550e+01 6.6747450229399789e+01
2580 -1.9396848909312929e+01 6.8205482147905585e+01
2581 -1.7187945225727091e+01 6.9593428322907613e+01
2582 -1.4935690576574739e+01 7.0909862545887847e+01
2583 -1.2642399305757239e+01 7.2153432091693020e+01
2584 -1.0310427925078629e+01 7.3322859108551256e+01
2585 -7.9421726927706882e+00 7.4416941931151030e+01
2586 -5.5400671511753519e+00 7.5434556315433667e+01
2587 -3.1065796261156700e+00 7.6374656593829940e+01
2588 -6.4421069052404256e-01 7.7236276749754339e+01
2589 1.8445094050654931e+00 7.8018531410252365e+01
2590 4.3570233325205816e+00 7.8720616755780910e+01
2591 6.8907493139383860e+00 7.9341811346187527e+01
2592 9.4430837745965057e+00 7.9881476862038596e+01
2593 1.2011404018302370e+01 8.0339058760536048e+01
2594 1.4593070922390670e+01 8.0714086845347140e+01
2595 1.7185431649600300e+01 8.1006175749763429e+01
2596 1.9785822374044010e+01 8.1215025332690828e+01
2597 2.2391571018469641e+01 8.1340420987064888e+01
2598 2.5000000000000000e+01 8.1382233860374185e+01
2599 2.7608428981530359e+01 8.1340420987064888e+01
2600 3.0214177625955990e+01 8.1215025332690828e+01
2601 3.2814568350399711e+01 8.1006175749763457e+01
2602 3.5406929077609327e+01 8.0714086845347140e+01
2603 3.7988595981697607e+01 8.0339058760536034e+01
2604 4.0556916225403477e+01 7.9881476862038625e+01
2605 4.3109250686061628e+01 7.9341811346187541e+01
2606 4.5642976667479402e+01 7.8720616755780924e+01
2607 4.8155490594934527e+01 7.8018531410252322e+01
2608 5.0644210690524048e+01 7.7236276749754339e+01
2609 5.3106579626115668e+01 7.6374656593829940e+01
2610 5.5540067151175357e+01 7.5434556315433639e+01
2611 5.7942172692770683e+01 7.4416941931151030e+01
2612 6.0310427925078642e+01 7.3322859108551228e+01
2613 6.2642399305757223e+01 7.2153432091693048e+01
2614 6.4935690576574743e+01 7.0909862545887819e+01
2615 6.7187945225727077e+01 6.9593428322907613e+01
2616 6.9396848909312936e+01 6.8205482147905556e+01
2617 7.1560131829478564e+01 6.6747450229399817e+01
2618 7.3675571066788535e+01 6.5220830793747524e+01
2619 7.5740992864425721e+01 6.3627192545616232e+01
2620 7.7754274861873427e+01 6.1968173056033642e+01
2621 7.9713348275784156e+01 6.0245477079672689e+01
2622 8.1616200025794427e+01 5.8460874803101063e+01
2623 8.3460874803100978e+01 5.6616200025794512e+01
2624 8.5245477079672611e+01 5.4713348275784227e+01
2625 8.6968173056033535e+01 5.2754274861873512e+01
2626 8.8627192545616140e+01 5.0740992864425777e+01
2627 9.0220830793747439e+01 4.8675571066788592e+01
2628 9.1747450229399703e+01 4.6560131829478600e+01
2629 9.3205482147905485e+01 4.4396848909312972e+01
2630 9.4593428322907499e+01 4.2187945225727127e+01
2631 9.5909862545887719e+01 3.9935690576574792e+01
2632 9.7153432091692878e+01 3.7642399305757280e+01
2633 9.8322859108551114e+01 3.5310427925078663e+01
2634 9.9416941931150888e+01 3.2942172692770718e+01
2635 1.0043455631543350e+02 3.0540067151175389e+01
2636 1.0137465659382980e+02 2.8106579626115710e+01
2637 1.0223627674975420e+02 2.5644210690524069e+01
2638 1.0301853141025219e+02 2.3155490594934530e+01
2639 1.0372061675578080e+02 2.0642976667479441e+01
2640 1.0434181134618740e+02 1.8109250686061628e+01
2641 1.0488147686203850e+02 1.5556916225403500e+01
2642 1.0533905876053591e+02 1.2988595981697641e+01
2643 1.0571408684534700e+02 1.0406929077609350e+01
2644 1.0600617574976330e+02 7.8145683503997150e+00
2645 1.0621502533269070e+02 5.2141776259559984e+00
2646 1.0634042098706480e+02 2.6084289815303610e+00
2647 1.0638223386037400e+02 8.7999999999999994e-15
2648 1.0634042098706480e+02 -2.6084289815303512e+00
2649 1.0621502533269070e+02 -5.2141776259559762e+00
2650 1.0600617574976330e+02 -7.8145683503996990e+00
2651 1.0571408684534700e+02 -1.0406929077609320e+01
2652 1.0533905876053591e+02 -1.2988595981697610e+01
2653 1.0488147686203850e+02 -1.5556916225403480e+01
2654 1.0434181134618740e+02 -1.8109250686061610e+01
2655 1.0372061675578080e+02 -2.0642976667479381e+01
2656 1.0301853141025219e+02 -2.3155490594934498e+01
2657 1.0223627674975420e+02 -2.5644210690524019e+01
2658 1.0137465659382980e+02 -2.8106579626115639e+01
2659 1.0043455631543350e+02 -3.0540067151175329e+01
2660 9.9416941931150873e+01 -3.2942172692770662e+01
2661 9.8322859108551086e+01 -3.5310427925078628e+01
2662 9.7153432091692878e+01 -3.7642399305757202e+01
2663 9.5909862545887734e+01 -3.9935690576574707e+01
2664 9.4593428322907499e+01 -4.2187945225727027e+01
2665 9.3205482147905457e+01 -4.4396848909312922e+01
2666 9.1747450229399703e+01 -4.6560131829478507e+01
2667 9.0220830793747425e+01 -4.8675571066788493e+01
2668 8.8627192545616097e+01 -5.0740992864425714e+01
2669 8.6968173056033535e+01 -5.2754274861873412e+01
2670 8.5245477079672582e+01 -5.4713348275784142e+01
2671 8.3460874803100978e+01 -5.6616200025794413e+01
2672 8.1616200025794427e+01 -5.8460874803100950e+01
2673 7.9713348275784170e+01 -6.0245477079672582e+01
2674 7.7754274861873455e+01 -6.1968173056033507e+01
2675 7.5740992864425721e+01 -6.3627192545616097e+01
2676 7.3675571066788535e+01 -6.5220830793747382e+01
2677 7.1560131829478536e+01 -6.6747450229399675e+01
2678 6.9396848909312922e+01 -6.8205482147905443e+01
2679 6.7187945225727077e+01 -6.9593428322907457e+01
2680 6.4935690576574743e+01 -7.0909862545887705e+01
2681 6.2642399305757230e+01 -7.2153432091692878e+01
2682 6.0310427925078628e+01 -7.3322859108551114e+01
2683 5.7942172692770697e+01 -7.4416941931150902e+01
2684 5.5540067151175357e+01 -7.5434556315433525e+01
2685 5.3106579626115682e+01 -7.6374656593829798e+01
2686 5.0644210690524041e+01 -7.7236276749754182e+01
2687 4.8155490594934520e+01 -7.8018531410252194e+01
2688 4.5642976667479431e+01 -7.8720616755780739e+01
2689 4.3109250686061628e+01 -7.9341811346187370e+01
2690 4.0556916225403512e+01 -7.9881476862038454e+01
2691 3.7988595981697657e+01 -8.0339058760535892e+01
2692 3.5406929077609348e+01 -8.0714086845346998e+01
2693 3.2814568350399732e+01 -8.1006175749763287e+01
2694 3.0214177625956012e+01 -8.1215025332690672e+01
2695 2.7608428981530380e+01 -8.1340420987064732e+01
2696 2.5000000000000011e+01 -8.1382233860374029e+01
2697 2.2391571018469659e+01 -8.1340420987064732e+01
2698 1.9785822374044020e+01 -8.1215025332690672e+01
2699 1.7185431649600311e+01 -8.1006175749763287e+01
2700 1.4593070922390680e+01 -8.0714086845346984e+01
2701 1.2011404018302390e+01 -8.0339058760535892e+01
2702 9.4430837745965306e+00 -7.9881476862038468e+01
2703 6.8907493139384064e+00 -7.9341811346187356e+01
2704 4.3570233325206011e+00 -7.8720616755780739e+01
2705 1.8445094050655160e+00 -7.8018531410252194e+01
2706 -6.4421069052402125e-01 -7.7236276749754182e+01
2707 -3.1065796261156491e+00 -7.6374656593829798e+01
2708 -5.5400671511753314e+00 -7.5434556315433525e+01
2709 -7.9421726927706651e+00 -7.4416941931150888e+01
2710 -1.0310427925078610e+01 -7.3322859108551100e+01
2711 -1.2642399305757211e+01 -7.2153432091692892e+01
2712 -1.4935690576574720e+01 -7.0909862545887734e+01
2713 -1.7187945225727059e+01 -6.9593428322907471e+01
2714 -1.9396848909312901e+01 -6.8205482147905457e+01
2715 -2.1560131829478529e+01 -6.6747450229399703e+01
2716 -2.3675571066788500e+01 -6.5220830793747410e+01
2717 -2.5740992864425699e+01 -6.3627192545616111e+01
2718 -2.7754274861873409e+01 -6.1968173056033542e+01
2719 -2.9713348275784121e+01 -6.0245477079672590e+01
2720 -3.1616200025794409e+01 -5.8460874803100950e+01
2721 -3.3460874803100971e+01 -5.6616200025794413e+01
2722 -3.5245477079672611e+01 -5.4713348275784142e+01
2723 -3.6968173056033542e+01 -5.2754274861873427e+01
2724 -3.8627192545616097e+01 -5.0740992864425721e+01
2725 -4.0220830793747410e+01 -4.8675571066788521e+01
2726 -4.1747450229399689e+01 -4.6560131829478550e+01
2727 -4.3205482147905457e+01 -4.4396848909312908e+01
2728 -4.4593428322907492e+01 -4.2187945225727063e+01
2729 -4.5909862545887719e+01 -3.9935690576574743e+01
2730 -4.7153432091692899e+01 -3.7642399305757223e+01
2731 -4.8322859108551107e+01 -3.5310427925078642e+01
2732 -4.9416941931150902e+01 -3.2942172692770683e+01
2733 -5.0434556315433518e+01 -3.0540067151175350e+01
2734 -5.1374656593829812e+01 -2.8106579626115661e+01
2735 -5.2236276749754197e+01 -2.5644210690524041e+01
2736 -5.3018531410252201e+01 -2.3155490594934520e+01
2737 -5.3720616755780760e+01 -2.0642976667479399e+01
2738 -5.4341811346187363e+01 -1.8109250686061628e+01
2739 -5.4881476862038468e+01 -1.5556916225403491e+01
2740 -5.5339058760535870e+01 -1.2988595981697619e+01
2741 -5.5714086845347012e+01 -1.0406929077609330e+01
2742 -5.6006175749763308e+01 -7.8145683503997114e+00
2743 -5.6215025332690672e+01 -5.2141776259559869e+00
2744 -5.6340420987064753e+01 -2.6084289815303610e+00
2745 -6.4408977356142572e+01 0.0000000000000000e+00
2746 -6.4363040472063915e+01 2.8656987733327668e+00
2747 -6.4225277023081631e+01 5.7284528474586400e+00
2748 -6.3995828570452140e+01 8.5853205490482196e+00
2749 -6.3674930887970930e+01 1.1433366253417789e+01
2750 -6.3262913719699007e+01 1.4269663401082150e+01
2751 -6.2760200441128553e+01 1.7091297504992280e+01
2752 -6.2167307624136043e+01 1.9895369145367841e+01
2753 -6.1484844506169622e+01 2.2678996949046930e+01
2754 -6.0713512364216612e+01 2.5439320550291900e+01
2755 -5.9854103794193847e+01 2.8173503530008372e+01
2756 -5.8907501896501891e+01 3.0878736330357668e+01
2757 -5.7874679368579571e+01 3.3552239141767437e+01
2758 -5.6756697505391742e+01 3.6191264759373851e+01
2759 -5.5554705108876803e+01 3.8793101405960272e+01
2760 -5.4269937307475281e+01 4.1355075518491788e+01
2761 -5.2903714286951612e+01 4.3874554495381837e+01
2762 -5.1457439933814207e+01 4.6348949401668378e+01
2763 -4.9932600392727032e+01 4.8775717629319487e+01
2764 -4.8330762539395643e+01 5.1152365509935052e+01
2765 -4.6653572370496363e+01 5.3476450877159607e+01
2766 -4.4902753312303460e+01 5.5745585576173397e+01
2767 -4.3080104449752227e+01 5.7957437917682782e+01
2768 -4.1187498677757482e+01 6.0109735073888643e+01
2769 -3.9226880776687473e+01 6.2200265413970712e+01
2770 -3.7200265413970627e+01 6.4226880776687551e+01
2771 -3.5109735073888586e+01 6.6187498677757560e+01
2772 -3.2957437917682697e+01 6.8080104449752312e+01
2773 -3.0745585576173330e+01 6.9902753312303560e+01
2774 -2.8476450877159571e+01 7.1653572370496434e+01
2775 -2.6152365509934999e+01 7.3330762539395721e+01
2776 -2.3775717629319431e+01 7.4932600392727124e+01
2777 -2.1348949401668349e+01 7.6457439933814271e+01
2778 -1.8874554495381819e+01 7.7903714286951725e+01
2779 -1.6355075518491770e+01 7.9269937307475374e+01
2780 -1.3793101405960231e+01 8.0554705108876902e+01
2781 -1.1191264759373810e+01 8.1756697505391827e+01
2782 -8.5522391417674086e+00 8.2874679368579663e+01
2783 -5.8787363303576514e+00 8.3907501896501984e+01
2784 -3.1735035300083592e+00 8.4854103794193989e+01
2785 -4.3932055029187289e-01 8.5713512364216768e+01
2786 2.3210030509530601e+00 8.6484844506169750e+01
2787 5.1046308546321928e+00 8.7167307624136185e+01
2788 7.9087024950077343e+00 8.7760200441128688e+01
2789 1.0730336598917850e+01 8.8262913719699142e+01
2790 1.3566633746582220e+01 8.8674930887971072e+01
2791 1.6414679450951802e+01 8.8995828570452289e+01
2792 1.9271547152541359e+01 8.9225277023081773e+01
2793 2.2134301226667240e+01 8.9363040472064057e+01
2794 2.4999999999999989e+01 8.9408977356142714e+01
2795 2.7865698773332760e+01 8.9363040472064085e+01
2796 3.0728452847458630e+01 8.9225277023081787e+01
2797 3.3585320549048213e+01 8.8995828570452247e+01
2798 3.6433366253417788e+01 8.8674930887971072e+01
2799 3.9269663401082127e+01 8.8262913719699185e+01
2800 4.2091297504992269e+01 8.7760200441128674e+01
2801 4.4895369145367809e+01 8.7167307624136171e+01
2802 4.7678996949046919e+01 8.6484844506169779e+01
2803 5.0439320550291882e+01 8.5713512364216740e+01
2804 5.3173503530008361e+01 8.4854103794193975e+01
2805 5.5878736330357633e+01 8.3907501896501984e+01
2806 5.8552239141767402e+01 8.2874679368579663e+01
2807 6.1191264759373787e+01 8.1756697505391813e+01
2808 6.3793101405960243e+01 8.0554705108876917e+01
2809 6.6355075518491759e+01 7.9269937307475374e+01
2810 6.8874554495381801e+01 7.7903714286951711e+01
2811 7.1348949401668321e+01 7.6457439933814300e+01
2812 7.3775717629319445e+01 7.4932600392727124e+01
2813 7.6152365509934981e+01 7.3330762539395721e+01
2814 7.8476450877159564e+01 7.1653572370496434e+01
2815 8.0745585576173369e+01 6.9902753312303545e+01
2816 8.2957437917682682e+01 6.8080104449752326e+01
2817 8.5109735073888572e+01 6.6187498677757560e+01
2818 8.7200265413970612e+01 6.4226880776687551e+01
2819 8.9226880776687452e+01 6.2200265413970691e+01
2820 9.1187498677757461e+01 6.0109735073888643e+01
2821 9.3080104449752199e+01 5.7957437917682753e+01
2822 9.4902753312303446e+01 5.5745585576173383e+01
2823 9.6653572370496335e+01 5.3476450877159607e+01
2824 9.8330762539395664e+01 5.1152365509935038e+01
2825 9.9932600392727025e+01 4.8775717629319473e+01
2826 1.0145743993381420e+02 4.6348949401668378e+01
2827 1.0290371428695160e+02 4.3874554495381837e+01
2828 1.0426993730747530e+02 4.1355075518491802e+01
2829 1.0555470510887680e+02 3.8793101405960257e+01
2830 1.0675669750539170e+02 3.6191264759373830e+01
2831 1.0787467936857961e+02 3.3552239141767430e+01
2832 1.0890750189650190e+02 3.0878736330357668e+01
2833 1.0985410379419380e+02 2.8173503530008379e+01
2834 1.1071351236421660e+02 2.5439320550291889e+01
2835 1.1148484450616959e+02 2.2678996949046951e+01
2836 1.1216730762413600e+02 1.9895369145367820e+01
2837 1.1276020044112860e+02 1.7091297504992280e+01
2838 1.1326291371969900e+02 1.4269663401082161e+01
2839 1.1367493088797090e+02 1.1433366253417789e+01
2840 1.1399582857045210e+02 8.5853205490482125e+00
2841 1.1422527702308160e+02 5.7284528474586454e+00
2842 1.1436304047206390e+02 2.8656987733327641e+00
2843 1.1440897735614260e+02 9.9000000000000007e-15
2844 1.1436304047206390e+02 -2.8656987733327548e+00
2845 1.1422527702308170e+02 -5.7284528474586232e+00
2846 1.1399582857045220e+02 -8.5853205490481983e+00
2847 1.1367493088797100e+02 -1.1433366253417770e+01
2848 1.1326291371969900e+02 -1.4269663401082131e+01
2849 1.1276020044112860e+02 -1.7091297504992252e+01
2850 1.1216730762413600e+02 -1.9895369145367809e+01
2851 1.1148484450616959e+02 -2.2678996949046901e+01
2852 1.1071351236421660e+02 -2.5439320550291860e+01
2853 1.0985410379419380e+02 -2.8173503530008329e+01
2854 1.0890750189650190e+02 -3.0878736330357619e+01
2855 1.0787467936857951e+02 -3.3552239141767387e+01
2856 1.0675669750539170e+02 -3.6191264759373787e+01
2857 1.0555470510887680e+02 -3.8793101405960229e+01
2858 1.0426993730747530e+02 -4.1355075518491716e+01
2859 1.0290371428695160e+02 -4.3874554495381787e+01
2860 1.0145743993381420e+02 -4.6348949401668293e+01
2861 9.9932600392727039e+01 -4.8775717629319402e+01
2862 9.8330762539395650e+01 -5.1152365509934967e+01
2863 9.6653572370496363e+01 -5.3476450877159543e+01
2864 9.4902753312303460e+01 -5.5745585576173333e+01
2865 9.3080104449752227e+01 -5.7957437917682682e+01
2866 9.1187498677757489e+01 -6.0109735073888558e+01
2867 8.9226880776687494e+01 -6.2200265413970612e+01
2868 8.7200265413970641e+01 -6.4226880776687437e+01
2869 8.5109735073888572e+01 -6.6187498677757446e+01
2870 8.2957437917682725e+01 -6.8080104449752213e+01
2871 8.0745585576173326e+01 -6.9902753312303446e+01
2872 7.8476450877159579e+01 -7.1653572370496335e+01
2873 7.6152365509935009e+01 -7.3330762539395593e+01
2874 7.3775717629319416e+01 -7.4932600392727011e+01
2875 7.1348949401668364e+01 -7.6457439933814157e+01
2876 6.8874554495381830e+01 -7.7903714286951612e+01
2877 6.6355075518491773e+01 -7.9269937307475260e+01
2878 6.3793101405960243e+01 -8.0554705108876817e+01
2879 6.1191264759373823e+01 -8.1756697505391742e+01
2880 5.8552239141767423e+01 -8.2874679368579550e+01
2881 5.5878736330357647e+01 -8.3907501896501870e+01
2882 5.3173503530008382e+01 -8.4854103794193847e+01
2883 5.0439320550291868e+01 -8.5713512364216612e+01
2884 4.7678996949046962e+01 -8.6484844506169594e+01
2885 4.4895369145367823e+01 -8.7167307624136015e+01
2886 4.2091297504992284e+01 -8.7760200441128546e+01
2887 3.9269663401082170e+01 -8.8262913719699014e+01
2888 3.6433366253417802e+01 -8.8674930887970930e+01
2889 3.3585320549048220e+01 -8.8995828570452147e+01
2890 3.0728452847458669e+01 -8.9225277023081645e+01
2891 2.7865698773332792e+01 -8.9363040472063943e+01
2892 2.5000000000000011e+01 -8.9408977356142572e+01
2893 2.2134301226667262e+01 -8.9363040472063929e+01
2894 1.9271547152541380e+01 -8.9225277023081645e+01
2895 1.6414679450951819e+01 -8.8995828570452161e+01
2896 1.3566633746582241e+01 -8.8674930887970902e+01
2897 1.0730336598917880e+01 -8.8262913719699014e+01
2898 7.9087024950077556e+00 -8.7760200441128532e+01
2899 5.1046308546322194e+00 -8.7167307624136001e+01
2900 2.3210030509530899e+00 -8.6484844506169594e+01
2901 -4.3932055029184092e-01 -8.5713512364216612e+01
2902 -3.1735035300083312e+00 -8.4854103794193847e+01
2903 -5.8787363303576239e+00 -8.3907501896501870e+01
2904 -8.5522391417673820e+00 -8.2874679368579550e+01
2905 -1.1191264759373780e+01 -8.1756697505391742e+01
2906 -1.3793101405960201e+01 -8.0554705108876803e+01
2907 -1.6355075518491741e+01 -7.9269937307475288e+01
2908 -1.8874554495381791e+01 -7.7903714286951612e+01
2909 -2.1348949401668310e+01 -7.6457439933814172e+01
2910 -2.3775717629319409e+01 -7.4932600392727025e+01
2911 -2.6152365509934970e+01 -7.3330762539395622e+01
2912 -2.8476450877159539e+01 -7.1653572370496320e+01
2913 -3.0745585576173308e+01 -6.9902753312303460e+01
2914 -3.2957437917682682e+01 -6.8080104449752241e+01
2915 -3.5109735073888558e+01 -6.6187498677757446e+01
2916 -3.7200265413970612e+01 -6.4226880776687452e+01
2917 -3.9226880776687452e+01 -6.2200265413970612e+01
2918 -4.1187498677757453e+01 -6.0109735073888558e+01
2919 -4.3080104449752227e+01 -5.7957437917682711e+01
2920 -4.4902753312303439e+01 -5.5745585576173340e+01
2921 -4.6653572370496342e+01 -5.3476450877159543e+01
2922 -4.8330762539395622e+01 -5.1152365509934981e+01
2923 -4.9932600392727032e+01 -4.8775717629319431e+01
2924 -5.1457439933814193e+01 -4.6348949401668307e+01
2925 -5.2903714286951612e+01 -4.3874554495381787e+01
2926 -5.4269937307475267e+01 -4.1355075518491738e+01
2927 -5.5554705108876789e+01 -3.8793101405960229e+01
2928 -5.6756697505391713e+01 -3.6191264759373787e+01
2929 -5.7874679368579550e+01 -3.3552239141767402e+01
2930 -5.8907501896501877e+01 -3.0878736330357640e+01
2931 -5.9854103794193840e+01 -2.8173503530008340e+01
2932 -6.0713512364216612e+01 -2.5439320550291871e+01
2933 -6.1484844506169601e+01 -2.2678996949046908e+01
2934 -6.2167307624136022e+01 -1.9895369145367809e+01
2935 -6.2760200441128553e+01 -1.7091297504992259e+01
2936 -6.3262913719699007e+01 -1.4269663401082139e+01
2937 -6.3674930887970930e+01 -1.1433366253417780e+01
2938 -6.3995828570452147e+01 -8.5853205490482090e+00
2939 -6.4225277023081617e+01 -5.7284528474586347e+00
2940 -6.4363040472063915e+01 -2.8656987733327650e+00
2941 -7.3052151095471316e+01 0.0000000000000000e+00
2942 -7.3001773488750771e+01 3.1427261269041549e+00
2943 -7.2850692434985447e+01 6.2822228902689554e+00
2944 -7.2599063180170987e+01 9.4152642449443782e+00
2945 -7.2247144290376511e+01 1.2538630779149210e+01
2946 -7.1795297386050493e+01 1.5649113022634280e+01
2947 -7.1243986770431405e+01 1.8743514744630080e+01
2948 -7.0593778952444566e+01 2.1818656238189959e+01
2949 -6.9845342064576158e+01 2.4871377587553962e+01
2950 -6.8999445176321743e+01 2.7898541915175830e+01
2951 -6.8056957503915470e+01 3.0897038605076808e+01
2952 -6.7018847517151642e+01 3.3863786499213766e+01
2953 -6.5886181944216460e+01 3.6795737063577413e+01
2954 -6.4660124675552709e+01 3.9689877520767013e+01
2955 -6.3341935567883731e+01 4.2543233945822941e+01
2956 -6.1932969149625492e+01 4.5352874322135413e+01
2957 -6.0434673229016852e+01 4.8115911554289987e+01
2958 -5.8848587406399027e+01 5.0829506434753100e+01
2959 -5.7176341492171979e+01 5.3490870561349823e+01
2960 -5.5419653832054109e+01 5.6097269202535458e+01
2961 -5.3580329541365813e+01 5.8646024107517299e+01
2962 -5.1660258650151590e+01 6.1134516258338117e+01
2963 -4.9661414161046352e+01 6.3560188561094272e+01
2964 -4.7585850021881733e+01 6.5920548473522615e+01
2965 -4.5435699015116022e+01 6.8213170566256011e+01
2966 -4.3213170566255940e+01 7.0435699015116114e+01
2967 -4.0920548473522530e+01 7.2585850021881839e+01
2968 -3.8560188561094208e+01 7.4661414161046451e+01
2969 -3.6134516258338017e+01 7.6660258650151718e+01
2970 -3.3646024107517242e+01 7.8580329541365927e+01
2971 -3.1097269202535401e+01 8.0419653832054223e+01
2972 -2.8490870561349752e+01 8.2176341492172099e+01
2973 -2.5829506434753061e+01 8.3848587406399147e+01
2974 -2.3115911554289941e+01 8.5434673229016980e+01
2975 -2.0352874322135371e+01 8.6932969149625592e+01
2976 -1.7543233945822870e+01 8.8341935567883908e+01
2977 -1.4689877520766981e+01 8.9660124675552851e+01
2978 -1.1795737063577370e+01 9.0886181944216617e+01
2979 -8.8637864992137416e+00 9.2018847517151812e+01
2980 -5.8970386050767933e+00 9.3056957503915626e+01
2981 -2.8985419151757932e+00 9.3999445176321885e+01
2982 1.2862241244604711e-01 9.4845342064576286e+01
2983 3.1813437618100711e+00 9.5593778952444737e+01
2984 6.2564852553699399e+00 9.6243986770431562e+01
2985 9.3508869773657217e+00 9.6795297386050677e+01
2986 1.2461369220850800e+01 9.7247144290376696e+01
2987 1.5584735755055650e+01 9.7599063180171157e+01
2988 1.8717777109731049e+01 9.7850692434985618e+01
2989 2.1857273873095860e+01 9.8001773488750914e+01
2990 2.5000000000000000e+01 9.8052151095471487e+01
2991 2.8142726126904151e+01 9.8001773488750928e+01
2992 3.1282222890268962e+01 9.7850692434985618e+01
2993 3.4415264244944368e+01 9.7599063180171171e+01
2994 3.7538630779149209e+01 9.7247144290376681e+01
2995 4.0649113022634282e+01 9.6795297386050692e+01
2996 4.3743514744630062e+01 9.6243986770431533e+01
2997 4.6818656238189938e+01 9.5593778952444723e+01
2998 4.9871377587553930e+01 9.4845342064576286e+01
2999 5.2898541915175812e+01 9.3999445176321913e+01
3000 5.5897038605076787e+01 9.3056957503915640e+01
3001 5.8863786499213738e+01 9.2018847517151812e+01
3002 6.1795737063577377e+01 9.0886181944216617e+01
3003 6.4689877520766984e+01 8.9660124675552851e+01
3004 6.7543233945822891e+01 8.8341935567883866e+01
3005 7.0352874322135364e+01 8.6932969149625592e+01
3006 7.3115911554289937e+01 8.5434673229016980e+01
3007 7.5829506434753043e+01 8.3848587406399133e+01
3008 7.8490870561349766e+01 8.2176341492172114e+01
3009 8.1097269202535415e+01 8.0419653832054223e+01
3010 8.3646024107517235e+01 7.8580329541365927e+01
3011 8.6134516258338053e+01 7.6660258650151718e+01
3012 8.8560188561094208e+01 7.4661414161046451e+01
3013 9.0920548473522516e+01 7.2585850021881811e+01
3014 9.3213170566255940e+01 7.0435699015116114e+01
3015 9.5435699015116029e+01 6.8213170566256025e+01
3016 9.7585850021881711e+01 6.5920548473522615e+01
3017 9.9661414161046338e+01 6.3560188561094272e+01
3018 1.0166025865015160e+02 6.1134516258338103e+01
3019 1.0358032954136580e+02 5.8646024107517277e+01
3020 1.0541965383205410e+02 5.6097269202535479e+01
3021 1.0717634149217200e+02 5.3490870561349801e+01
3022 1.0884858740639901e+02 5.0829506434753107e+01
3023 1.1043467322901679e+02 4.8115911554289987e+01
3024 1.1193296914962551e+02 4.5352874322135413e+01
3025 1.1334193556788370e+02 4.2543233945822912e+01
3026 1.1466012467555269e+02 3.9689877520767013e+01
3027 1.1588618194421650e+02 3.6795737063577413e+01
3028 1.1701884751715170e+02 3.3863786499213781e+01
3029 1.1805695750391550e+02 3.0897038605076819e+01
3030 1.1899944517632180e+02 2.7898541915175819e+01
3031 1.1984534206457610e+02 2.4871377587553980e+01
3032 1.2059377895244459e+02 2.1818656238189948e+01
3033 1.2124398677043141e+02 1.8743514744630080e+01
3034 1.2179529738605051e+02 1.5649113022634291e+01
3035 1.2224714429037650e+02 1.2538630779149210e+01
3036 1.2259906318017100e+02 9.4152642449443746e+00
3037 1.2285069243498540e+02 6.2822228902689616e+00
3038 1.2300177348875070e+02 3.1427261269041540e+00
3039 1.2305215109547130e+02 1.1000000000000000e-14
3040 1.2300177348875070e+02 -3.1427261269041420e+00
3041 1.2285069243498550e+02 -6.2822228902689368e+00
3042 1.2259906318017100e+02 -9.4152642449443569e+00
3043 1.2224714429037650e+02 -1.2538630779149191e+01
3044 1.2179529738605051e+02 -1.5649113022634250e+01
3045 1.2124398677043141e+02 -1.8743514744630058e+01
3046 1.2059377895244459e+02 -2.1818656238189941e+01
3047 1.1984534206457620e+02 -2.4871377587553919e+01
3048 1.1899944517632170e+02 -2.7898541915175780e+01
3049 1.1805695750391550e+02 -3.0897038605076769e+01
3050 1.1701884751715160e+02 -3.3863786499213717e+01
3051 1.1588618194421640e+02 -3.6795737063577363e+01
3052 1.1466012467555269e+02 -3.9689877520766963e+01
3053 1.1334193556788370e+02 -4.2543233945822870e+01
3054 1.1193296914962551e+02 -4.5352874322135328e+01
3055 1.1043467322901679e+02 -4.8115911554289909e+01
3056 1.0884858740639910e+02 -5.0829506434753007e+01
3057 1.0717634149217200e+02 -5.3490870561349737e+01
3058 1.0541965383205410e+02 -5.6097269202535379e+01
3059 1.0358032954136580e+02 -5.8646024107517199e+01
3060 1.0166025865015160e+02 -6.1134516258338003e+01
3061 9.9661414161046352e+01 -6.3560188561094172e+01
3062 9.7585850021881726e+01 -6.5920548473522487e+01
3063 9.5435699015116015e+01 -6.8213170566255897e+01
3064 9.3213170566255940e+01 -7.0435699015116001e+01
3065 9.0920548473522530e+01 -7.2585850021881697e+01
3066 8.8560188561094236e+01 -7.4661414161046309e+01
3067 8.6134516258338010e+01 -7.6660258650151590e+01
3068 8.3646024107517221e+01 -7.8580329541365785e+01
3069 8.1097269202535401e+01 -8.0419653832054081e+01
3070 7.8490870561349752e+01 -8.2176341492171971e+01
3071 7.5829506434753057e+01 -8.3848587406398991e+01
3072 7.3115911554289923e+01 -8.5434673229016852e+01
3073 7.0352874322135392e+01 -8.6932969149625478e+01
3074 6.7543233945822877e+01 -8.8341935567883766e+01
3075 6.4689877520766998e+01 -8.9660124675552680e+01
3076 6.1795737063577377e+01 -9.0886181944216446e+01
3077 5.8863786499213752e+01 -9.2018847517151656e+01
3078 5.5897038605076823e+01 -9.3056957503915513e+01
3079 5.2898541915175798e+01 -9.3999445176321757e+01
3080 4.9871377587553972e+01 -9.4845342064576130e+01
3081 4.6818656238189938e+01 -9.5593778952444566e+01
3082 4.3743514744630083e+01 -9.6243986770431420e+01
3083 4.0649113022634303e+01 -9.6795297386050507e+01
3084 3.7538630779149237e+01 -9.7247144290376525e+01
3085 3.4415264244944382e+01 -9.7599063180171001e+01
3086 3.1282222890268979e+01 -9.7850692434985447e+01
3087 2.8142726126904169e+01 -9.8001773488750786e+01
3088 2.5000000000000011e+01 -9.8052151095471331e+01
3089 2.1857273873095870e+01 -9.8001773488750757e+01
3090 1.8717777109731070e+01 -9.7850692434985447e+01
3091 1.5584735755055659e+01 -9.7599063180171015e+01
3092 1.2461369220850820e+01 -9.7247144290376568e+01
3093 9.3508869773657484e+00 -9.6795297386050507e+01
3094 6.2564852553699648e+00 -9.6243986770431405e+01
3095 3.1813437618100999e+00 -9.5593778952444566e+01
3096 1.2862241244607381e-01 -9.4845342064576130e+01
3097 -2.8985419151757612e+00 -9.3999445176321757e+01
3098 -5.8970386050767658e+00 -9.3056957503915513e+01
3099 -8.8637864992137150e+00 -9.2018847517151670e+01
3100 -1.1795737063577340e+01 -9.0886181944216446e+01
3101 -1.4689877520766951e+01 -8.9660124675552694e+01
3102 -1.7543233945822841e+01 -8.8341935567883780e+01
3103 -2.0352874322135349e+01 -8.6932969149625450e+01
3104 -2.3115911554289909e+01 -8.5434673229016880e+01
3105 -2.5829506434753029e+01 -8.3848587406398991e+01
3106 -2.8490870561349720e+01 -8.2176341492171986e+01
3107 -3.1097269202535369e+01 -8.0419653832054109e+01
3108 -3.3646024107517214e+01 -7.8580329541365799e+01
3109 -3.6134516258337982e+01 -7.6660258650151604e+01
3110 -3.8560188561094172e+01 -7.4661414161046352e+01
3111 -4.0920548473522523e+01 -7.2585850021881726e+01
3112 -4.3213170566255911e+01 -7.0435699015116015e+01
3113 -4.5435699015116008e+01 -6.8213170566255911e+01
3114 -4.7585850021881711e+01 -6.5920548473522516e+01
3115 -4.9661414161046316e+01 -6.3560188561094172e+01
3116 -5.1660258650151562e+01 -6.1134516258338017e+01
3117 -5.3580329541365799e+01 -5.8646024107517242e+01
3118 -5.5419653832054081e+01 -5.6097269202535387e+01
3119 -5.7176341492171979e+01 -5.3490870561349752e+01
3120 -5.8848587406399012e+01 -5.0829506434753021e+01
3121 -6.0434673229016823e+01 -4.8115911554289923e+01
3122 -6.1932969149625471e+01 -4.5352874322135349e+01
3123 -6.3341935567883723e+01 -4.2543233945822877e+01
3124 -6.4660124675552680e+01 -3.9689877520766970e+01
3125 -6.5886181944216418e+01 -3.6795737063577377e+01
3126 -6.7018847517151642e+01 -3.3863786499213731e+01
3127 -6.8056957503915470e+01 -3.0897038605076780e+01
3128 -6.8999445176321743e+01 -2.7898541915175802e+01
3129 -6.9845342064576130e+01 -2.4871377587553930e+01
3130 -7.0593778952444595e+01 -2.1818656238189941e+01
3131 -7.1243986770431405e+01 -1.8743514744630058e+01
3132 -7.1795297386050493e+01 -1.5649113022634261e+01
3133 -7.2247144290376525e+01 -1.2538630779149200e+01
3134 -7.2599063180171001e+01 -9.4152642449443693e+00
3135 -7.2850692434985433e+01 -6.2822228902689492e+00
3136 -7.3001773488750743e+01 -3.1427261269041531e+00
3137 -8.2293844520535359e+01 0.0000000000000000e+00
3138 -8.2238718681454785e+01 3.4389369806110528e+00
3139 -8.2073397809739205e+01 6.8743402210071194e+00
3140 -8.1798051783759689e+01 1.0302679612130159e+01
3141 -8.1412963540170978e+01 1.3720432303504770e+01
3142 -8.0918528783174835e+01 1.7124086323205180e+01
3143 -8.0315255577907152e+01 2.0510144186643821e+01
3144 -7.9603763828366723e+01 2.3875126490473150e+01
3145 -7.8784784640422188e+01 2.7215575487907820e+01
3146 -7.7859159570550915e+01 3.0528058641793191e+01
3147 -7.6827839761083240e+01 3.3809172151769360e+01
3148 -7.5691884962839140e+01 3.7055544451906059e+01
3149 -7.4452462446162883e+01 4.0263839675214598e+01
3150 -7.3110845801473516e+01 4.3430761081476710e+01
3151 -7.1668413630564913e+01 4.6553054444867882e+01
3152 -7.0126648129999182e+01 4.9627511397894523e+01
3153 -6.8487133568049302e+01 5.2650972728208302e+01
3154 -6.6751554656756639e+01 5.5620331624910563e+01
3155 -6.4921694820775286e+01 5.8532536871010322e+01
3156 -6.2999434364782758e+01 6.1384595978756153e+01
3157 -6.0986748541339672e+01 6.4173578264619550e+01
3158 -5.8885705521184462e+01 6.6896617860770476e+01
3159 -5.6698464268047971e+01 6.9550916659950104e+01
3160 -5.4427272320172243e+01 7.2133747190715354e+01
3161 -5.2074463480813222e+01 7.4642455420100063e+01
3162 -4.9642455420099949e+01 7.7074463480813336e+01
3163 -4.7133747190715262e+01 7.9427272320172392e+01
3164 -4.4550916659950012e+01 8.1698464268048085e+01
3165 -4.1896617860770363e+01 8.3885705521184605e+01
3166 -3.9173578264619472e+01 8.5986748541339836e+01
3167 -3.6384595978756067e+01 8.7999434364782886e+01
3168 -3.3532536871010237e+01 8.9921694820775429e+01
3169 -3.0620331624910520e+01 9.1751554656756781e+01
3170 -2.7650972728208259e+01 9.3487133568049458e+01
3171 -2.4627511397894470e+01 9.5126648129999353e+01
3172 -2.1553054444867819e+01 9.6668413630565126e+01
3173 -1.8430761081476650e+01 9.8110845801473687e+01
3174 -1.5263839675214561e+01 9.9452462446163068e+01
3175 -1.2055544451906030e+01 1.0069188496283930e+02
3176 -8.8091721517693440e+00 1.0182783976108340e+02
3177 -5.5280586417931463e+00 1.0285915957055110e+02
3178 -2.2155754879078078e+00 1.0378478464042240e+02
3179 1.1248735095268889e+00 1.0460376382836699e+02
3180 4.4898558133562059e+00 1.0531525557790729e+02
3181 7.8759136767948252e+00 1.0591852878317501e+02
3182 1.1279567696495240e+01 1.0641296354017121e+02
3183 1.4697320387869860e+01 1.0679805178375990e+02
3184 1.8125659778992880e+01 1.0707339780973940e+02
3185 2.1561063019388961e+01 1.0723871868145500e+02
3186 2.4999999999999989e+01 1.0729384452053560e+02
3187 2.8438936980611050e+01 1.0723871868145500e+02
3188 3.1874340221007099e+01 1.0707339780973940e+02
3189 3.5302679612130142e+01 1.0679805178375990e+02
3190 3.8720432303504751e+01 1.0641296354017121e+02
3191 4.2124086323205162e+01 1.0591852878317501e+02
3192 4.5510144186643792e+01 1.0531525557790729e+02
3193 4.8875126490473143e+01 1.0460376382836689e+02
3194 5.2215575487907770e+01 1.0378478464042240e+02
3195 5.5528058641793173e+01 1.0285915957055110e+02
3196 5.8809172151769317e+01 1.0182783976108340e+02
3197 6.2055544451906023e+01 1.0069188496283930e+02
3198 6.5263839675214570e+01 9.9452462446163054e+01
3199 6.8430761081476646e+01 9.8110845801473687e+01
3200 7.1553054444867840e+01 9.6668413630565070e+01
3201 7.4627511397894438e+01 9.5126648129999325e+01
3202 7.7650972728208245e+01 9.3487133568049458e+01
3203 8.0620331624910477e+01 9.1751554656756824e+01
3204 8.3532536871010237e+01 8.9921694820775457e+01
3205 8.6384595978756053e+01 8.7999434364782871e+01
3206 8.9173578264619465e+01 8.5986748541339807e+01
3207 9.1896617860770363e+01 8.3885705521184576e+01
3208 9.4550916659950005e+01 8.1698464268048099e+01
3209 9.7133747190715241e+01 7.9427272320172364e+01
3210 9.9642455420099978e+01 7.7074463480813336e+01
3211 1.0207446348081319e+02 7.4642455420100049e+01
3212 1.0442727232017231e+02 7.2133747190715354e+01
3213 1.0669846426804790e+02 6.9550916659950090e+01
3214 1.0888570552118451e+02 6.6896617860770462e+01
3215 1.1098674854133969e+02 6.4173578264619550e+01
3216 1.1299943436478270e+02 6.1384595978756138e+01
3217 1.1492169482077530e+02 5.8532536871010286e+01
3218 1.1675155465675670e+02 5.5620331624910570e+01
3219 1.1848713356804930e+02 5.2650972728208309e+01
3220 1.2012664812999910e+02 4.9627511397894537e+01
3221 1.2166841363056490e+02 4.6553054444867868e+01
3222 1.2311084580147350e+02 4.3430761081476689e+01
3223 1.2445246244616280e+02 4.0263839675214598e+01
3224 1.2569188496283920e+02 3.7055544451906073e+01
3225 1.2682783976108320e+02 3.3809172151769381e+01
3226 1.2785915957055090e+02 3.0528058641793169e+01
3227 1.2878478464042220e+02 2.7215575487907831e+01
3228 1.2960376382836671e+02 2.3875126490473129e+01
3229 1.3031525557790710e+02 2.0510144186643821e+01
3230 1.3091852878317479e+02 1.7124086323205191e+01
3231 1.3141296354017101e+02 1.3720432303504770e+01
3232 1.3179805178375969e+02 1.0302679612130150e+01
3233 1.3207339780973911e+02 6.8743402210071247e+00
3234 1.3223871868145480e+02 3.4389369806110501e+00
3235 1.3229384452053529e+02 1.2199999999999999e-14
3236 1.3223871868145480e+02 -3.4389369806110368e+00
3237 1.3207339780973919e+02 -6.8743402210070963e+00
3238 1.3179805178375969e+02 -1.0302679612130129e+01
3239 1.3141296354017101e+02 -1.3720432303504730e+01
3240 1.3091852878317479e+02 -1.7124086323205141e+01
3241 1.3031525557790710e+02 -2.0510144186643782e+01
3242 1.2960376382836671e+02 -2.3875126490473100e+01
3243 1.2878478464042220e+02 -2.7215575487907760e+01
3244 1.2785915957055090e+02 -3.0528058641793130e+01
3245 1.2682783976108320e+02 -3.3809172151769303e+01
3246 1.2569188496283910e+02 -3.7055544451905988e+01
3247 1.2445246244616290e+02 -4.0263839675214527e+01
3248 1.2311084580147350e+02 -4.3430761081476618e+01
3249 1.2166841363056490e+02 -4.6553054444867790e+01
3250 1.2012664812999910e+02 -4.9627511397894423e+01
3251 1.1848713356804930e+02 -5.2650972728208203e+01
3252 1.1675155465675660e+02 -5.5620331624910442e+01
3253 1.1492169482077520e+02 -5.8532536871010208e+01
3254 1.1299943436478270e+02 -6.1384595978756018e+01
3255 1.1098674854133969e+02 -6.4173578264619437e+01
3256 1.0888570552118451e+02 -6.6896617860770334e+01
3257 1.0669846426804800e+02 -6.9550916659949962e+01
3258 1.0442727232017219e+02 -7.2133747190715212e+01
3259 1.0207446348081319e+02 -7.4642455420099921e+01
3260 9.9642455420099907e+01 -7.7074463480813193e+01
3261 9.7133747190715241e+01 -7.9427272320172221e+01
3262 9.4550916659949991e+01 -8.1698464268047928e+01
3263 9.1896617860770334e+01 -8.3885705521184434e+01
3264 8.9173578264619465e+01 -8.5986748541339651e+01
3265 8.6384595978756025e+01 -8.7999434364782701e+01
3266 8.3532536871010237e+01 -8.9921694820775230e+01
3267 8.0620331624910492e+01 -9.1751554656756582e+01
3268 7.7650972728208231e+01 -9.3487133568049273e+01
3269 7.4627511397894480e+01 -9.5126648129999126e+01
3270 7.1553054444867811e+01 -9.6668413630564899e+01
3271 6.8430761081476646e+01 -9.8110845801473502e+01
3272 6.5263839675214570e+01 -9.9452462446162883e+01
3273 6.2055544451906030e+01 -1.0069188496283910e+02
3274 5.8809172151769332e+01 -1.0182783976108320e+02
3275 5.5528058641793152e+01 -1.0285915957055090e+02
3276 5.2215575487907820e+01 -1.0378478464042220e+02
3277 4.8875126490473107e+01 -1.0460376382836670e+02
3278 4.5510144186643807e+01 -1.0531525557790710e+02
3279 4.2124086323205191e+01 -1.0591852878317481e+02
3280 3.8720432303504779e+01 -1.0641296354017101e+02
3281 3.5302679612130170e+01 -1.0679805178375970e+02
3282 3.1874340221007142e+01 -1.0707339780973921e+02
3283 2.8438936980611071e+01 -1.0723871868145480e+02
3284 2.5000000000000011e+01 -1.0729384452053530e+02
3285 2.1561063019388978e+01 -1.0723871868145480e+02
3286 1.8125659778992912e+01 -1.0707339780973921e+02
3287 1.4697320387869890e+01 -1.0679805178375970e+02
3288 1.1279567696495270e+01 -1.0641296354017101e+02
3289 7.8759136767948590e+00 -1.0591852878317481e+02
3290 4.4898558133562343e+00 -1.0531525557790710e+02
3291 1.1248735095269260e+00 -1.0460376382836670e+02
3292 -2.2155754879077718e+00 -1.0378478464042220e+02
3293 -5.5280586417931081e+00 -1.0285915957055090e+02
3294 -8.8091721517693049e+00 -1.0182783976108320e+02
3295 -1.2055544451905989e+01 -1.0069188496283910e+02
3296 -1.5263839675214530e+01 -9.9452462446162883e+01
3297 -1.8430761081476621e+01 -9.8110845801473474e+01
3298 -2.1553054444867779e+01 -9.6668413630564913e+01
3299 -2.4627511397894441e+01 -9.5126648129999111e+01
3300 -2.7650972728208231e+01 -9.3487133568049273e+01
3301 -3.0620331624910470e+01 -9.1751554656756596e+01
3302 -3.3532536871010187e+01 -8.9921694820775286e+01
3303 -3.6384595978756032e+01 -8.7999434364782729e+01
3304 -3.9173578264619429e+01 -8.5986748541339637e+01
3305 -4.1896617860770327e+01 -8.3885705521184448e+01
3306 -4.4550916659949984e+01 -8.1698464268047928e+01
3307 -4.7133747190715212e+01 -7.9427272320172221e+01
3308 -4.9642455420099942e+01 -7.7074463480813208e+01
3309 -5.2074463480813193e+01 -7.4642455420099935e+01
3310 -5.4427272320172221e+01 -7.2133747190715226e+01
3311 -5.6698464268047942e+01 -6.9550916659949991e+01
3312 -5.8885705521184427e+01 -6.6896617860770348e+01
3313 -6.0986748541339651e+01 -6.4173578264619451e+01
3314 -6.2999434364782708e+01 -6.1384595978756032e+01
3315 -6.4921694820775272e+01 -5.8532536871010223e+01
3316 -6.6751554656756625e+01 -5.5620331624910463e+01
3317 -6.8487133568049273e+01 -5.2650972728208217e+01
3318 -7.0126648129999168e+01 -4.9627511397894423e+01
3319 -7.1668413630564899e+01 -4.6553054444867797e+01
3320 -7.3110845801473474e+01 -4.3430761081476632e+01
3321 -7.4452462446162855e+01 -4.0263839675214562e+01
3322 -7.5691884962839154e+01 -3.7055544451906023e+01
3323 -7.6827839761083197e+01 -3.3809172151769317e+01
3324 -7.7859159570550901e+01 -3.0528058641793159e+01
3325 -7.8784784640422160e+01 -2.7215575487907770e+01
3326 -7.9603763828366752e+01 -2.3875126490473111e+01
3327 -8.0315255577907095e+01 -2.0510144186643789e+01
3328 -8.0918528783174807e+01 -1.7124086323205159e+01
3329 -8.1412963540170978e+01 -1.3720432303504751e+01
3330 -8.1798051783759661e+01 -1.0302679612130140e+01
3331 -8.2073397809739191e+01 -6.8743402210071078e+00
3332 -8.2238718681454799e+01 -3.4389369806110479e+00
3333 -9.2101462316160479e+01 0.0000000000000000e+00
3334 -9.2041297481946671e+01 3.7532866031806789e+00
3335 -9.1860864802739471e+01 7.5027164506595767e+00
3336 -9.1560349685313767e+01 1.1244436749812120e+01
3337 -9.1140060929267122e+01 1.4974602630095770e+01
3338 -9.0600430409707315e+01 1.8689381093914459e+01
3339 -8.9942012633471506e+01 2.2384954955282701e+01
3340 -8.9165484169332828e+01 2.6057526762242240e+01
3341 -8.8271642952780539e+01 2.9703322699000591e+01
3342 -8.7261407466087007e+01 3.3318596463781986e+01
3343 -8.6135815794505348e+01 3.6899633118405582e+01
3344 -8.4896024559566641e+01 4.0442752905635537e+01
3345 -8.3543307730572849e+01 4.3944315030380523e+01
3346 -8.2079055315507617e+01 4.7400721400856540e+01
3347 -8.0504771932708906e+01 5.0808420325869633e+01
3348 -7.8822075264771883e+01 5.4163910164418560e+01
3349 -7.7032694396270884e+01 5.7463742923867763e+01
3350 -7.5138468037007911e+01 6.0704527802992700e+01
3351 -7.3141342632614240e+01 6.3882934676257513e+01
3352 -7.1043370364445835e+01 6.6995697515743970e+01
3353 -6.8846707040828250e+01 7.0039617747215999e+01
3354 -6.6553609881817877e+01 7.3011567536870984e+01
3355 -6.4166435199755938e+01 7.5908493005400317e+01
3356 -6.1687635977997843e+01 7.8727417366056883e+01
3357 -5.9119759350307447e+01 8.1465443983504741e+01
3358 -5.6465443983504592e+01 8.4119759350307589e+01
3359 -5.3727417366056770e+01 8.6687635977997985e+01
3360 -5.0908493005400203e+01 8.9166435199756108e+01
3361 -4.8011567536870857e+01 9.1553609881818090e+01
3362 -4.5039617747215900e+01 9.3846707040828392e+01
3363 -4.1995697515743871e+01 9.6043370364445991e+01
3364 -3.8882934676257420e+01 9.8141342632614453e+01
3365 -3.5704527802992629e+01 1.0013846803700810e+02
3366 -3.2463742923867677e+01 1.0203269439627110e+02
3367 -2.9163910164418510e+01 1.0382207526477210e+02
3368 -2.5808420325869552e+01 1.0550477193270920e+02
3369 -2.2400721400856479e+01 1.0707905531550790e+02
3370 -1.8944315030380459e+01 1.0854330773057310e+02
3371 -1.5442752905635491e+01 1.0989602455956690e+02
3372 -1.1899633118405530e+01 1.1113581579450560e+02
3373 -8.3185964637819296e+00 1.1226140746608731e+02
3374 -4.7033226990005819e+00 1.1327164295278079e+02
3375 -1.0575267622421849e+00 1.1416548416933310e+02
3376 2.6150450447173288e+00 1.1494201263347180e+02
3377 6.3106189060855513e+00 1.1560043040970760e+02
3378 1.0025397369904240e+01 1.1614006092926741e+02
3379 1.3755563250187910e+01 1.1656034968531409e+02
3380 1.7497283549340420e+01 1.1686086480273980e+02
3381 2.1246713396819331e+01 1.1704129748194700e+02
3382 2.4999999999999989e+01 1.1710146231616081e+02
3383 2.8753286603180669e+01 1.1704129748194700e+02
3384 3.2502716450659570e+01 1.1686086480273970e+02
3385 3.6244436749812103e+01 1.1656034968531409e+02
3386 3.9974602630095752e+01 1.1614006092926741e+02
3387 4.3689381093914442e+01 1.1560043040970760e+02
3388 4.7384954955282673e+01 1.1494201263347180e+02
3389 5.1057526762242212e+01 1.1416548416933310e+02
3390 5.4703322699000552e+01 1.1327164295278079e+02
3391 5.8318596463781958e+01 1.1226140746608731e+02
3392 6.1899633118405518e+01 1.1113581579450560e+02
3393 6.5442752905635487e+01 1.0989602455956690e+02
3394 6.8944315030380466e+01 1.0854330773057310e+02
3395 7.2400721400856483e+01 1.0707905531550790e+02
3396 7.5808420325869562e+01 1.0550477193270910e+02
3397 7.9163910164418482e+01 1.0382207526477210e+02
3398 8.2463742923867670e+01 1.0203269439627110e+02
3399 8.5704527802992587e+01 1.0013846803700810e+02
3400 8.8882934676257435e+01 9.8141342632614467e+01
3401 9.1995697515743871e+01 9.6043370364446005e+01
3402 9.5039617747215885e+01 9.3846707040828392e+01
3403 9.8011567536870899e+01 9.1553609881818076e+01
3404 1.0090849300540020e+02 8.9166435199756094e+01
3405 1.0372741736605680e+02 8.6687635977997985e+01
3406 1.0646544398350460e+02 8.4119759350307604e+01
3407 1.0911975935030750e+02 8.1465443983504713e+01
3408 1.1168763597799780e+02 7.8727417366056869e+01
3409 1.1416643519975590e+02 7.5908493005400317e+01
3410 1.1655360988181791e+02 7.3011567536870984e+01
3411 1.1884670704082821e+02 7.0039617747216013e+01
3412 1.2104337036444581e+02 6.6995697515743970e+01
3413 1.2314134263261420e+02 6.3882934676257513e+01
3414 1.2513846803700790e+02 6.0704527802992708e+01
3415 1.2703269439627090e+02 5.7463742923867763e+01
3416 1.2882207526477191e+02 5.4163910164418581e+01
3417 1.3050477193270891e+02 5.0808420325869591e+01
3418 1.3207905531550770e+02 4.7400721400856540e+01
3419 1.3354330773057291e+02 4.3944315030380523e+01
3420 1.3489602455956660e+02 4.0442752905635537e+01
3421 1.3613581579450539e+02 3.6899633118405582e+01
3422 1.3726140746608701e+02 3.3318596463781972e+01
3423 1.3827164295278061e+02 2.9703322699000619e+01
3424 1.3916548416933281e+02 2.6057526762242212e+01
3425 1.3994201263347151e+02 2.2384954955282691e+01
3426 1.4060043040970729e+02 1.8689381093914470e+01
3427 1.4114006092926721e+02 1.4974602630095770e+01
3428 1.4156034968531381e+02 1.1244436749812110e+01
3429 1.4186086480273951e+02 7.5027164506595856e+00
3430 1.4204129748194671e+02 3.7532866031806771e+00
3431 1.4210146231616051e+02 1.3400000000000000e-14
3432 1.4204129748194671e+02 -3.7532866031806589e+00
3433 1.4186086480273951e+02 -7.5027164506595492e+00
3434 1.4156034968531381e+02 -1.1244436749812079e+01
3435 1.4114006092926721e+02 -1.4974602630095720e+01
3436 1.4060043040970729e+02 -1.8689381093914410e+01
3437 1.3994201263347151e+02 -2.2384954955282652e+01
3438 1.3916548416933281e+02 -2.6057526762242180e+01
3439 1.3827164295278061e+02 -2.9703322699000530e+01
3440 1.3726140746608701e+02 -3.3318596463781923e+01
3441 1.3613581579450539e+02 -3.6899633118405482e+01
3442 1.3489602455956660e+02 -4.0442752905635452e+01
3443 1.3354330773057291e+02 -4.3944315030380423e+01
3444 1.3207905531550759e+02 -4.7400721400856440e+01
3445 1.3050477193270891e+02 -5.0808420325869541e+01
3446 1.2882207526477191e+02 -5.4163910164418432e+01
3447 1.2703269439627090e+02 -5.7463742923867613e+01
3448 1.2513846803700790e+02 -6.0704527802992558e+01
3449 1.2314134263261420e+02 -6.3882934676257371e+01
3450 1.2104337036444581e+02 -6.6995697515743814e+01
3451 1.1884670704082821e+02 -7.0039617747215857e+01
3452 1.1655360988181791e+02 -7.3011567536870828e+01
3453 1.1416643519975590e+02 -7.5908493005400175e+01
3454 1.1168763597799780e+02 -7.8727417366056727e+01
3455 1.0911975935030750e+02 -8.1465443983504542e+01
3456 1.0646544398350460e+02 -8.4119759350307390e+01
3457 1.0372741736605680e+02 -8.6687635977997800e+01
3458 1.0090849300540020e+02 -8.9166435199755895e+01
3459 9.8011567536870828e+01 -9.1553609881817863e+01
3460 9.5039617747215885e+01 -9.3846707040828207e+01
3461 9.1995697515743871e+01 -9.6043370364445749e+01
3462 8.8882934676257392e+01 -9.8141342632614197e+01
3463 8.5704527802992601e+01 -1.0013846803700790e+02
3464 8.2463742923867670e+01 -1.0203269439627080e+02
3465 7.9163910164418496e+01 -1.0382207526477190e+02
3466 7.5808420325869577e+01 -1.0550477193270891e+02
3467 7.2400721400856497e+01 -1.0707905531550760e+02
3468 6.8944315030380437e+01 -1.0854330773057281e+02
3469 6.5442752905635501e+01 -1.0989602455956660e+02
3470 6.1899633118405553e+01 -1.1113581579450531e+02
3471 5.8318596463781930e+01 -1.1226140746608699e+02
3472 5.4703322699000587e+01 -1.1327164295278050e+02
3473 5.1057526762242198e+01 -1.1416548416933280e+02
3474 4.7384954955282687e+01 -1.1494201263347151e+02
3475 4.3689381093914463e+01 -1.1560043040970730e+02
3476 3.9974602630095767e+01 -1.1614006092926709e+02
3477 3.6244436749812110e+01 -1.1656034968531380e+02
3478 3.2502716450659612e+01 -1.1686086480273950e+02
3479 2.8753286603180701e+01 -1.1704129748194670e+02
3480 2.5000000000000021e+01 -1.1710146231616049e+02
3481 2.1246713396819359e+01 -1.1704129748194670e+02
3482 1.7497283549340459e+01 -1.1686086480273950e+02
3483 1.3755563250187940e+01 -1.1656034968531380e+02
3484 1.0025397369904280e+01 -1.1614006092926709e+02
3485 6.3106189060855868e+00 -1.1560043040970730e+02
3486 2.6150450447173661e+00 -1.1494201263347151e+02
3487 -1.0575267622421440e+00 -1.1416548416933280e+02
3488 -4.7033226990005392e+00 -1.1327164295278050e+02
3489 -8.3185964637818870e+00 -1.1226140746608699e+02
3490 -1.1899633118405481e+01 -1.1113581579450531e+02
3491 -1.5442752905635439e+01 -1.0989602455956660e+02
3492 -1.8944315030380409e+01 -1.0854330773057281e+02
3493 -2.2400721400856440e+01 -1.0707905531550760e+02
3494 -2.5808420325869509e+01 -1.0550477193270891e+02
3495 -2.9163910164418471e+01 -1.0382207526477190e+02
3496 -3.2463742923867642e+01 -1.0203269439627090e+02
3497 -3.5704527802992587e+01 -1.0013846803700790e+02
3498 -3.8882934676257378e+01 -9.8141342632614226e+01
3499 -4.1995697515743828e+01 -9.6043370364445806e+01
3500 -4.5039617747215857e+01 -9.3846707040828207e+01
3501 -4.8011567536870807e+01 -9.1553609881817863e+01
3502 -5.0908493005400167e+01 -8.9166435199755895e+01
3503 -5.3727417366056713e+01 -8.6687635977997815e+01
3504 -5.6465443983504557e+01 -8.4119759350307419e+01
3505 -5.9119759350307412e+01 -8.1465443983504571e+01
3506 -6.1687635977997829e+01 -7.8727417366056727e+01
3507 -6.4166435199755881e+01 -7.5908493005400175e+01
3508 -6.6553609881817849e+01 -7.3011567536870857e+01
3509 -6.8846707040828221e+01 -7.0039617747215871e+01
3510 -7.1043370364445792e+01 -6.6995697515743842e+01
3511 -7.3141342632614226e+01 -6.3882934676257413e+01
3512 -7.5138468037007868e+01 -6.0704527802992587e+01
3513 -7.7032694396270855e+01 -5.7463742923867642e+01
3514 -7.8822075264771911e+01 -5.4163910164418461e+01
3515 -8.0504771932708877e+01 -5.0808420325869541e+01
3516 -8.2079055315507631e+01 -4.7400721400856469e+01
3517 -8.3543307730572849e+01 -4.3944315030380452e+01
3518 -8.4896024559566584e+01 -4.0442752905635473e+01
3519 -8.6135815794505348e+01 -3.6899633118405497e+01
3520 -8.7261407466086993e+01 -3.3318596463781930e+01
3521 -8.8271642952780525e+01 -2.9703322699000552e+01
3522 -8.9165484169332856e+01 -2.6057526762242190e+01
3523 -8.9942012633471492e+01 -2.2384954955282669e+01
3524 -9.0600430409707315e+01 -1.8689381093914431e+01
3525 -9.1140060929267122e+01 -1.4974602630095740e+01
3526 -9.1560349685313767e+01 -1.1244436749812101e+01
3527 -9.1860864802739485e+01 -7.5027164506595660e+00
3528 -9.2041297481946671e+01 -3.7532866031806731e+00
3529 -1.0242693513276700e+02 0.0000000000000000e+00
3530 -1.0236146523789969e+02 4.0842342961261586e+00
3531 -1.0216512282804069e+02 8.1642717654244272e+00
3532 -1.0183810965828860e+02 1.2235919893590181e+01
3533 -1.0138076175678090e+02 1.6294994786933930e+01
3534 -1.0079354907940230e+02 2.0337325471614871e+01
3535 -1.0007707502687390e+02 2.4358758179598500e+01
3536 -9.9232075824717157e+01 2.8355160616934050e+01
3537 -9.8259419766733117e+01 3.2322426209965847e+01
3538 -9.7160106322771540e+01 3.6256478325115367e+01
3539 -9.5935265111708176e+01 4.0153274457897787e+01
3540 -9.4586154740685004e+01 4.4008810386868582e+01
3541 -9.3114161511806230e+01 4.7819124288231848e+01
3542 -9.1520797997619255e+01 5.1580300806881930e+01
3543 -8.9807701486844039e+01 5.5288475079695587e+01
3544 -8.7976632301948484e+01 5.8939836706939957e+01
3545 -8.6029471990297722e+01 6.2530633667716117e+01
3546 -8.3968221390737369e+01 6.6057176175413872e+01
3547 -8.1794998577596203e+01 6.9515840469217181e+01
3548 -7.9512036684221542e+01 7.2903072537763123e+01
3549 -7.7121681608283950e+01 7.6215391771129177e+01
3550 -7.4626389601208672e+01 7.9449394537394738e+01
3551 -7.2028724744211289e+01 8.2601757680103361e+01
3552 -6.9331356313530904e+01 8.5669241933030492e+01
3553 -6.6537056037568476e+01 8.8648695248748524e+01
3554 -6.3648695248748368e+01 9.1537056037568647e+01
3555 -6.0669241933030342e+01 9.4331356313531103e+01
3556 -5.7601757680103212e+01 9.7028724744211488e+01
3557 -5.4449394537394582e+01 9.9626389601208928e+01
3558 -5.1215391771129049e+01 1.0212168160828421e+02
3559 -4.7903072537763023e+01 1.0451203668422180e+02
3560 -4.4515840469217054e+01 1.0679499857759640e+02
3561 -4.1057176175413787e+01 1.0896822139073760e+02
3562 -3.7530633667716032e+01 1.1102947199029801e+02
3563 -3.3939836706939907e+01 1.1297663230194870e+02
3564 -3.0288475079695480e+01 1.1480770148684429e+02
3565 -2.6580300806881858e+01 1.1652079799761950e+02
3566 -2.2819124288231770e+01 1.1811416151180650e+02
3567 -1.9008810386868522e+01 1.1958615474068530e+02
3568 -1.5153274457897741e+01 1.2093526511170850e+02
3569 -1.1256478325115300e+01 1.2216010632277190e+02
3570 -7.3224262099658350e+00 1.2325941976673340e+02
3571 -3.3551606169339951e+00 1.2423207582471750e+02
3572 6.4124182040153066e-01 1.2507707502687430e+02
3573 4.6626745283851410e+00 1.2579354907940260e+02
3574 8.7050052130660891e+00 1.2638076175678120e+02
3575 1.2764080106409830e+01 1.2683810965828890e+02
3576 1.6835728234575580e+01 1.2716512282804111e+02
3577 2.0915765703873848e+01 1.2736146523790011e+02
3578 2.4999999999999989e+01 1.2742693513276730e+02
3579 2.9084234296126152e+01 1.2736146523790011e+02
3580 3.3164271765424417e+01 1.2716512282804111e+02
3581 3.7235919893590172e+01 1.2683810965828890e+02
3582 4.1294994786933913e+01 1.2638076175678110e+02
3583 4.5337325471614847e+01 1.2579354907940269e+02
3584 4.9358758179598460e+01 1.2507707502687420e+02
3585 5.3355160616934029e+01 1.2423207582471750e+02
3586 5.7322426209965798e+01 1.2325941976673340e+02
3587 6.1256478325115317e+01 1.2216010632277180e+02
3588 6.5153274457897737e+01 1.2093526511170850e+02
3589 6.9008810386868532e+01 1.1958615474068530e+02
3590 7.2819124288231777e+01 1.1811416151180650e+02
3591 7.6580300806881851e+01 1.1652079799761950e+02
3592 8.0288475079695502e+01 1.1480770148684429e+02
3593 8.3939836706939872e+01 1.1297663230194870e+02
3594 8.7530633667716003e+01 1.1102947199029801e+02
3595 9.1057176175413773e+01 1.0896822139073760e+02
3596 9.4515840469217068e+01 1.0679499857759640e+02
3597 9.7903072537763023e+01 1.0451203668422180e+02
3598 1.0121539177112911e+02 1.0212168160828421e+02
3599 1.0444939453739460e+02 9.9626389601208871e+01
3600 1.0760175768010320e+02 9.7028724744211488e+01
3601 1.1066924193303041e+02 9.4331356313531089e+01
3602 1.1364869524874840e+02 9.1537056037568632e+01
3603 1.1653705603756850e+02 8.8648695248748496e+01
3604 1.1933135631353090e+02 8.5669241933030477e+01
3605 1.2202872474421130e+02 8.2601757680103361e+01
3606 1.2462638960120870e+02 7.9449394537394710e+01
3607 1.2712168160828401e+02 7.6215391771129191e+01
3608 1.2951203668422161e+02 7.2903072537763137e+01
3609 1.3179499857759620e+02 6.9515840469217153e+01
3610 1.3396822139073740e+02 6.6057176175413872e+01
3611 1.3602947199029771e+02 6.2530633667716131e+01
3612 1.3797663230194851e+02 5.8939836706939992e+01
3613 1.3980770148684411e+02 5.5288475079695537e+01
3614 1.4152079799761930e+02 5.1580300806881937e+01
3615 1.4311416151180620e+02 4.7819124288231819e+01
3616 1.4458615474068500e+02 4.4008810386868582e+01
3617 1.4593526511170819e+02 4.0153274457897787e+01
3618 1.4716010632277161e+02 3.6256478325115353e+01
3619 1.4825941976673309e+02 3.2322426209965869e+01
3620 1.4923207582471721e+02 2.8355160616934029e+01
3621 1.5007707502687390e+02 2.4358758179598489e+01
3622 1.5079354907940231e+02 2.0337325471614879e+01
3623 1.5138076175678080e+02 1.6294994786933930e+01
3624 1.5183810965828860e+02 1.2235919893590181e+01
3625 1.5216512282804081e+02 8.1642717654244379e+00
3626 1.5236146523789981e+02 4.0842342961261568e+00
3627 1.5242693513276700e+02 1.4800000000000001e-14
3628 1.5236146523789981e+02 -4.0842342961261373e+00
3629 1.5216512282804081e+02 -8.1642717654243988e+00
3630 1.5183810965828860e+02 -1.2235919893590150e+01
3631 1.5138076175678080e+02 -1.6294994786933881e+01
3632 1.5079354907940231e+02 -2.0337325471614829e+01
3633 1.5007707502687390e+02 -2.4358758179598450e+01
3634 1.4923207582471721e+02 -2.8355160616933979e+01
3635 1.4825941976673309e+02 -3.2322426209965784e+01
3636 1.4716010632277161e+02 -3.6256478325115303e+01
3637 1.4593526511170819e+02 -4.0153274457897687e+01
3638 1.4458615474068500e+02 -4.4008810386868483e+01
3639 1.4311416151180620e+02 -4.7819124288231748e+01
3640 1.4152079799761921e+02 -5.1580300806881809e+01
3641 1.3980770148684411e+02 -5.5288475079695459e+01
3642 1.3797663230194851e+02 -5.8939836706939843e+01
3643 1.3602947199029771e+02 -6.2530633667715982e+01
3644 1.3396822139073740e+02 -6.6057176175413701e+01
3645 1.3179499857759620e+02 -6.9515840469217011e+01
3646 1.2951203668422161e+02 -7.2903072537762966e+01
3647 1.2712168160828401e+02 -7.6215391771128992e+01
3648 1.2462638960120870e+02 -7.9449394537394554e+01
3649 1.2202872474421130e+02 -8.2601757680103148e+01
3650 1.1933135631353090e+02 -8.5669241933030264e+01
3651 1.1653705603756841e+02 -8.8648695248748311e+01
3652 1.1364869524874830e+02 -9.1537056037568419e+01
3653 1.1066924193303031e+02 -9.4331356313530861e+01
3654 1.0760175768010320e+02 -9.7028724744211246e+01
3655 1.0444939453739460e+02 -9.9626389601208672e+01
3656 1.0121539177112911e+02 -1.0212168160828389e+02
3657 9.7903072537763052e+01 -1.0451203668422150e+02
3658 9.4515840469217039e+01 -1.0679499857759620e+02
3659 9.1057176175413744e+01 -1.0896822139073730e+02
3660 8.7530633667716046e+01 -1.1102947199029769e+02
3661 8.3939836706939914e+01 -1.1297663230194850e+02
3662 8.0288475079695473e+01 -1.1480770148684410e+02
3663 7.6580300806881866e+01 -1.1652079799761930e+02
3664 7.2819124288231777e+01 -1.1811416151180620e+02
3665 6.9008810386868532e+01 -1.1958615474068500e+02
3666 6.5153274457897751e+01 -1.2093526511170820e+02
3667 6.1256478325115310e+01 -1.2216010632277150e+02
3668 5.7322426209965862e+01 -1.2325941976673310e+02
3669 5.3355160616934022e+01 -1.2423207582471720e+02
3670 4.9358758179598482e+01 -1.2507707502687390e+02
3671 4.5337325471614889e+01 -1.2579354907940240e+02
3672 4.1294994786933941e+01 -1.2638076175678090e+02
3673 3.7235919893590193e+01 -1.2683810965828860e+02
3674 3.3164271765424459e+01 -1.2716512282804079e+02
3675 2.9084234296126191e+01 -1.2736146523789979e+02
3676 2.5000000000000021e+01 -1.2742693513276700e+02
3677 2.0915765703873880e+01 -1.2736146523789979e+02
3678 1.6835728234575608e+01 -1.2716512282804079e+02
3679 1.2764080106409869e+01 -1.2683810965828860e+02
3680 8.7050052130661282e+00 -1.2638076175678090e+02
3681 4.6626745283851836e+00 -1.2579354907940240e+02
3682 6.4124182040157862e-01 -1.2507707502687390e+02
3683 -3.3551606169339512e+00 -1.2423207582471720e+02
3684 -7.3224262099657853e+00 -1.2325941976673310e+02
3685 -1.1256478325115250e+01 -1.2216010632277150e+02
3686 -1.5153274457897700e+01 -1.2093526511170820e+02
3687 -1.9008810386868468e+01 -1.1958615474068500e+02
3688 -2.2819124288231709e+01 -1.1811416151180620e+02
3689 -2.6580300806881802e+01 -1.1652079799761930e+02
3690 -3.0288475079695420e+01 -1.1480770148684410e+02
3691 -3.3939836706939857e+01 -1.1297663230194850e+02
3692 -3.7530633667715982e+01 -1.1102947199029769e+02
3693 -4.1057176175413730e+01 -1.0896822139073730e+02
3694 -4.4515840469216997e+01 -1.0679499857759620e+02
3695 -4.7903072537762966e+01 -1.0451203668422150e+02
3696 -5.1215391771128992e+01 -1.0212168160828389e+02
3697 -5.4449394537394532e+01 -9.9626389601208643e+01
3698 -5.7601757680103162e+01 -9.7028724744211260e+01
3699 -6.0669241933030271e+01 -9.4331356313530861e+01
3700 -6.3648695248748290e+01 -9.1537056037568419e+01
3701 -6.6537056037568419e+01 -8.8648695248748368e+01
3702 -6.9331356313530875e+01 -8.5669241933030307e+01
3703 -7.2028724744211274e+01 -8.2601757680103177e+01
3704 -7.4626389601208643e+01 -7.9449394537394568e+01
3705 -7.7121681608283936e+01 -7.6215391771129021e+01
3706 -7.9512036684221485e+01 -7.2903072537762995e+01
3707 -8.1794998577596175e+01 -6.9515840469217039e+01
3708 -8.3968221390737355e+01 -6.6057176175413730e+01
3709 -8.6029471990297708e+01 -6.2530633667716003e+01
3710 -8.7976632301948442e+01 -5.8939836706939850e+01
3711 -8.9807701486844053e+01 -5.5288475079695473e+01
3712 -9.1520797997619226e+01 -5.1580300806881823e+01
3713 -9.3114161511806188e+01 -4.7819124288231770e+01
3714 -9.4586154740685004e+01 -4.4008810386868511e+01
3715 -9.5935265111708134e+01 -4.0153274457897709e+01
3716 -9.7160106322771497e+01 -3.6256478325115310e+01
3717 -9.8259419766733089e+01 -3.2322426209965791e+01
3718 -9.9232075824717143e+01 -2.8355160616934000e+01
3719 -1.0007707502687390e+02 -2.4358758179598460e+01
3720 -1.0079354907940230e+02 -2.0337325471614840e+01
3721 -1.0138076175678080e+02 -1.6294994786933898e+01
3722 -1.0183810965828860e+02 -1.2235919893590170e+01
3723 -1.0216512282804069e+02 -8.1642717654244130e+00
3724 -1.0236146523789979e+02 -4.0842342961261524e+00
3725 -1.1320668247574190e+02 0.0000000000000000e+00
3726 -1.1313567412132930e+02 4.4297422042923662e+00
3727 -1.1292272202397530e+02 8.8549325490253423e+00
3728 -1.1256804500635550e+02 1.3271023851982941e+01
3729 -1.1207200752308110e+02 1.7673478280829659e+01
3730 -1.1143511928619760e+02 2.2057772016040019e+01
3731 -1.1065803474142110e+02 2.6419399899428871e+01
3732 -1.0974155239565130e+02 3.0753880063505960e+01
3733 -1.0868661399645140e+02 3.5056758536897789e+01
3734 -1.0749430356433901e+02 3.9323613821104331e+01
3735 -1.0616584627888160e+02 4.3550061433887507e+01
3736 -1.0470260721974179e+02 4.7731758414623087e+01
3737 -1.0310608996396600e+02 5.1864407786986462e+01
3738 -1.0137793504095670e+02 5.5943762974386097e+01
3739 -9.9519918246718333e+01 5.9965632163608127e+01
3740 -9.7533948819106300e+01 6.3925882612187813e+01
3741 -9.5422067475956226e+01 6.7820444895081778e+01
3742 -9.3186444318108542e+01 7.1645317086277231e+01
3743 -9.0829376599482941e+01 7.5396568871041708e+01
3744 -8.8353286366494885e+01 7.9070345584586832e+01
3745 -8.5760717969239010e+01 8.2662872172997226e+01
3746 -8.3054335446997612e+01 8.6170457072353429e+01
3747 -8.0236919790760027e+01 8.9589496002063441e+01
3748 -7.7311366085566405e+01 9.2916475668504674e+01
3749 -7.4280680535612248e+01 9.6147977375170512e+01
3750 -7.1147977375170342e+01 9.9280680535612419e+01
3751 -6.7916475668504475e+01 1.0231136608556660e+02
3752 -6.4589496002063299e+01 1.0523691979076020e+02
3753 -6.1170457072353258e+01 1.0805433544699790e+02
3754 -5.7662872172997091e+01 1.1076071796923929e+02
3755 -5.4070345584586697e+01 1.1335328636649510e+02
3756 -5.0396568871041580e+01 1.1582937659948320e+02
3757 -4.6645317086277153e+01 1.1818644431810880e+02
3758 -4.2820444895081657e+01 1.2042206747595650e+02
3759 -3.8925882612187742e+01 1.2253394881910650e+02
3760 -3.4965632163608028e+01 1.2451991824671860e+02
3761 -3.0943762974386011e+01 1.2637793504095700e+02
3762 -2.6864407786986380e+01 1.2810608996396630e+02
3763 -2.2731758414623030e+01 1.2970260721974219e+02
3764 -1.8550061433887450e+01 1.3116584627888190e+02
3765 -1.4323613821104260e+01 1.3249430356433930e+02
3766 -1.0056758536897780e+01 1.3368661399645180e+02
3767 -5.7538800635058891e+00 1.3474155239565161e+02
3768 -1.4193998994288290e+00 1.3565803474142149e+02
3769 2.9422279839599832e+00 1.3643511928619790e+02
3770 7.3265217191703504e+00 1.3707200752308140e+02
3771 1.1728976148017090e+01 1.3756804500635590e+02
3772 1.6145067450974661e+01 1.3792272202397569e+02
3773 2.0570257795707640e+01 1.3813567412132960e+02
3774 2.4999999999999989e+01 1.3820668247574230e+02
3775 2.9429742204292349e+01 1.3813567412132960e+02
3776 3.3854932549025321e+01 1.3792272202397569e+02
3777 3.8271023851982910e+01 1.3756804500635590e+02
3778 4.2673478280829642e+01 1.3707200752308140e+02
3779 4.7057772016040019e+01 1.3643511928619790e+02
3780 5.1419399899428839e+01 1.3565803474142149e+02
3781 5.5753880063505910e+01 1.3474155239565169e+02
3782 6.0056758536897739e+01 1.3368661399645180e+02
3783 6.4323613821104274e+01 1.3249430356433930e+02
3784 6.8550061433887450e+01 1.3116584627888190e+02
3785 7.2731758414623016e+01 1.2970260721974211e+02
3786 7.6864407786986391e+01 1.2810608996396630e+02
3787 8.0943762974386004e+01 1.2637793504095700e+02
3788 8.4965632163608049e+01 1.2451991824671870e+02
3789 8.8925882612187721e+01 1.2253394881910660e+02
3790 9.2820444895081636e+01 1.2042206747595650e+02
3791 9.6645317086277117e+01 1.1818644431810880e+02
3792 1.0039656887104159e+02 1.1582937659948320e+02
3793 1.0407034558458670e+02 1.1335328636649510e+02
3794 1.0766287217299710e+02 1.1076071796923929e+02
3795 1.1117045707235330e+02 1.0805433544699780e+02
3796 1.1458949600206330e+02 1.0523691979076020e+02
3797 1.1791647566850450e+02 1.0231136608556660e+02
3798 1.2114797737517040e+02 9.9280680535612419e+01
3799 1.2428068053561230e+02 9.6147977375170527e+01
3800 1.2731136608556641e+02 9.2916475668504660e+01
3801 1.3023691979076000e+02 8.9589496002063441e+01
3802 1.3305433544699761e+02 8.6170457072353415e+01
3803 1.3576071796923910e+02 8.2662872172997211e+01
3804 1.3835328636649490e+02 7.9070345584586818e+01
3805 1.4082937659948300e+02 7.5396568871041694e+01
3806 1.4318644431810861e+02 7.1645317086277259e+01
3807 1.4542206747595620e+02 6.7820444895081778e+01
3808 1.4753394881910631e+02 6.3925882612187849e+01
3809 1.4951991824671839e+02 5.9965632163608113e+01
3810 1.5137793504095680e+02 5.5943762974386097e+01
3811 1.5310608996396590e+02 5.1864407786986462e+01
3812 1.5470260721974191e+02 4.7731758414623087e+01
3813 1.5616584627888150e+02 4.3550061433887507e+01
3814 1.5749430356433899e+02 3.9323613821104317e+01
3815 1.5868661399645140e+02 3.5056758536897817e+01
3816 1.5974155239565141e+02 3.0753880063505932e+01
3817 1.6065803474142109e+02 2.6419399899428871e+01
3818 1.6143511928619751e+02 2.2057772016040040e+01
3819 1.6207200752308111e+02 1.7673478280829659e+01
3820 1.6256804500635559e+02 1.3271023851982930e+01
3821 1.6292272202397530e+02 8.8549325490253530e+00
3822 1.6313567412132920e+02 4.4297422042923653e+00
3823 1.6320668247574201e+02 1.6200000000000000e-14
3824 1.6313567412132920e+02 -4.4297422042923440e+00
3825 1.6292272202397541e+02 -8.8549325490253104e+00
3826 1.6256804500635550e+02 -1.3271023851982900e+01
3827 1.6207200752308111e+02 -1.7673478280829620e+01
3828 1.6143511928619759e+02 -2.2057772016039980e+01
3829 1.6065803474142109e+02 -2.6419399899428800e+01
3830 1.5974155239565141e+02 -3.0753880063505878e+01
3831 1.5868661399645140e+02 -3.5056758536897711e+01
3832 1.5749430356433911e+02 -3.9323613821104253e+01
3833 1.5616584627888159e+02 -4.3550061433887393e+01
3834 1.5470260721974179e+02 -4.7731758414622988e+01
3835 1.5310608996396601e+02 -5.1864407786986348e+01
3836 1.5137793504095669e+02 -5.5943762974385983e+01
3837 1.4951991824671830e+02 -5.9965632163608021e+01
3838 1.4753394881910631e+02 -6.3925882612187678e+01
3839 1.4542206747595631e+02 -6.7820444895081607e+01
3840 1.4318644431810861e+02 -7.1645317086277061e+01
3841 1.4082937659948291e+02 -7.5396568871041566e+01
3842 1.3835328636649490e+02 -7.9070345584586647e+01
3843 1.3576071796923910e+02 -8.2662872172997055e+01
3844 1.3305433544699761e+02 -8.6170457072353230e+01
3845 1.3023691979076000e+02 -8.9589496002063214e+01
3846 1.2731136608556641e+02 -9.2916475668504418e+01
3847 1.2428068053561230e+02 -9.6147977375170314e+01
3848 1.2114797737517040e+02 -9.9280680535612206e+01
3849 1.1791647566850450e+02 -1.0231136608556631e+02
3850 1.1458949600206320e+02 -1.0523691979076000e+02
3851 1.1117045707235330e+02 -1.0805433544699760e+02
3852 1.0766287217299710e+02 -1.1076071796923900e+02
3853 1.0407034558458670e+02 -1.1335328636649490e+02
3854 1.0039656887104159e+02 -1.1582937659948290e+02
3855 9.6645317086277146e+01 -1.1818644431810850e+02
3856 9.2820444895081692e+01 -1.2042206747595620e+02
3857 8.8925882612187721e+01 -1.2253394881910630e+02
3858 8.4965632163608021e+01 -1.2451991824671840e+02
3859 8.0943762974386019e+01 -1.2637793504095670e+02
3860 7.6864407786986391e+01 -1.2810608996396601e+02
3861 7.2731758414623044e+01 -1.2970260721974179e+02
3862 6.8550061433887464e+01 -1.3116584627888150e+02
3863 6.4323613821104260e+01 -1.3249430356433899e+02
3864 6.0056758536897803e+01 -1.3368661399645140e+02
3865 5.5753880063505903e+01 -1.3474155239565141e+02
3866 5.1419399899428853e+01 -1.3565803474142109e+02
3867 4.7057772016040047e+01 -1.3643511928619759e+02
3868 4.2673478280829670e+01 -1.3707200752308111e+02
3869 3.8271023851982953e+01 -1.3756804500635550e+02
3870 3.3854932549025392e+01 -1.3792272202397530e+02
3871 2.9429742204292399e+01 -1.3813567412132920e+02
3872 2.5000000000000021e+01 -1.3820668247574201e+02
3873 2.0570257795707679e+01 -1.3813567412132920e+02
3874 1.6145067450974700e+01 -1.3792272202397530e+02
3875 1.1728976148017130e+01 -1.3756804500635550e+02
3876 7.3265217191703904e+00 -1.3707200752308111e+02
3877 2.9422279839600272e+00 -1.3643511928619759e+02
3878 -1.4193998994287840e+00 -1.3565803474142109e+02
3879 -5.7538800635058411e+00 -1.3474155239565141e+02
3880 -1.0056758536897719e+01 -1.3368661399645140e+02
3881 -1.4323613821104210e+01 -1.3249430356433899e+02
3882 -1.8550061433887400e+01 -1.3116584627888150e+02
3883 -2.2731758414622970e+01 -1.2970260721974179e+02
3884 -2.6864407786986330e+01 -1.2810608996396601e+02
3885 -3.0943762974385962e+01 -1.2637793504095670e+02
3886 -3.4965632163607971e+01 -1.2451991824671830e+02
3887 -3.8925882612187692e+01 -1.2253394881910630e+02
3888 -4.2820444895081621e+01 -1.2042206747595620e+02
3889 -4.6645317086277089e+01 -1.1818644431810850e+02
3890 -5.0396568871041517e+01 -1.1582937659948290e+02
3891 -5.4070345584586647e+01 -1.1335328636649490e+02
3892 -5.7662872172997041e+01 -1.1076071796923900e+02
3893 -6.1170457072353202e+01 -1.0805433544699760e+02
3894 -6.4589496002063228e+01 -1.0523691979076000e+02
3895 -6.7916475668504418e+01 -1.0231136608556641e+02
3896 -7.1147977375170299e+01 -9.9280680535612220e+01
3897 -7.4280680535612220e+01 -9.6147977375170314e+01
3898 -7.7311366085566348e+01 -9.2916475668504418e+01
3899 -8.0236919790759970e+01 -8.9589496002063228e+01
3900 -8.3054335446997584e+01 -8.6170457072353258e+01
3901 -8.5760717969239010e+01 -8.2662872172997055e+01
3902 -8.8353286366494842e+01 -7.9070345584586690e+01
3903 -9.0829376599482899e+01 -7.5396568871041580e+01
3904 -9.3186444318108514e+01 -7.1645317086277075e+01
3905 -9.5422067475956169e+01 -6.7820444895081621e+01
3906 -9.7533948819106257e+01 -6.3925882612187692e+01
3907 -9.9519918246718291e+01 -5.9965632163608028e+01
3908 -1.0137793504095670e+02 -5.5943762974385983e+01
3909 -1.0310608996396590e+02 -5.1864407786986369e+01
3910 -1.0470260721974179e+02 -4.7731758414623002e+01
3911 -1.0616584627888160e+02 -4.3550061433887407e+01
3912 -1.0749430356433901e+02 -3.9323613821104267e+01
3913 -1.0868661399645140e+02 -3.5056758536897718e+01
3914 -1.0974155239565140e+02 -3.0753880063505900e+01
3915 -1.1065803474142110e+02 -2.6419399899428821e+01
3916 -1.1143511928619760e+02 -2.2057772016039980e+01
3917 -1.1207200752308110e+02 -1.7673478280829631e+01
3918 -1.1256804500635550e+02 -1.3271023851982910e+01
3919 -1.1292272202397530e+02 -8.8549325490253263e+00
3920 -1.1313567412132920e+02 -4.4297422042923591e+00
3921 -1.2436245502984730e+02 0.0000000000000000e+00
3922 -1.2428571502022750e+02 4.7873023136820141e+00
3923 -1.2405557384691539e+02 9.5696853506216684e+00
3924 -1.2367226799552390e+02 1.4342234888966001e+01
3925 -1.2313619133872621e+02 1.9100046811446571e+01
3926 -1.2244789473152530e+02 2.3838232144691489e+01
3927 -1.2160808544521279e+02 2.8551922082976041e+01
3928 -1.2061762644060050e+02 3.3236272991249692e+01
3929 -1.1947753548126930e+02 3.7886471382298467e+01
3930 -1.1818898408774849e+02 4.2497738862928621e+01
3931 -1.1675329633369910e+02 4.7065337044088437e+01
3932 -1.1517194748533910e+02 5.1584572409883407e+01
3933 -1.1344656248550710e+02 5.6050801140481099e+01
3934 -1.1157891428392399e+02 6.0459433883949892e+01
3935 -1.0957092201536750e+02 6.4805940472128384e+01
3936 -1.0742464902763111e+02 6.9085854575679306e+01
3937 -1.0514230076129461e+02 7.3294778293545036e+01
3938 -1.0272622248348540e+02 7.7428386672087939e+01
3939 -1.0017889687795750e+02 8.1482432149272896e+01
3940 -9.7502941493966290e+01 8.5452748919324108e+01
3941 -9.4701106056559695e+01 8.9335257213372500e+01
3942 -9.1776269641049922e+01 9.3125967491693629e+01
3943 -8.8731437714568855e+01 9.6820984543229756e+01
3944 -8.5569739047747234e+01 1.0041651148818239e+02
3945 -8.2294422499691876e+01 1.0390885367956280e+02
3946 -7.8908853679562696e+01 1.0729442249969200e+02
3947 -7.5416511488182266e+01 1.1056973904774740e+02
3948 -7.1820984543229656e+01 1.1373143771456900e+02
3949 -6.8125967491693487e+01 1.1677626964105021e+02
3950 -6.4335257213372358e+01 1.1970110605655989e+02
3951 -6.0452748919324002e+01 1.2250294149396650e+02
3952 -5.6482432149272782e+01 1.2517889687795770e+02
3953 -5.2428386672087882e+01 1.2772622248348560e+02
3954 -4.8294778293544951e+01 1.3014230076129479e+02
3955 -4.4085854575679249e+01 1.3242464902763120e+02
3956 -3.9805940472128277e+01 1.3457092201536781e+02
3957 -3.5459433883949814e+01 1.3657891428392429e+02
3958 -3.1050801140480999e+01 1.3844656248550729e+02
3959 -2.6584572409883350e+01 1.4017194748533939e+02
3960 -2.2065337044088398e+01 1.4175329633369941e+02
3961 -1.7497738862928550e+01 1.4318898408774879e+02
3962 -1.2886471382298460e+01 1.4447753548126960e+02
3963 -8.2362729912496171e+00 1.4561762644060079e+02
3964 -3.5519220829760059e+00 1.4660808544521311e+02
3965 1.1617678553085220e+00 1.4744789473152551e+02
3966 5.8999531885534502e+00 1.4813619133872660e+02
3967 1.0657765111034029e+01 1.4867226799552421e+02
3968 1.5430314649378330e+01 1.4905557384691571e+02
3969 2.0212697686317991e+01 1.4928571502022780e+02
3970 2.4999999999999989e+01 1.4936245502984761e+02
3971 2.9787302313682002e+01 1.4928571502022780e+02
3972 3.4569685350621661e+01 1.4905557384691571e+02
3973 3.9342234888965983e+01 1.4867226799552421e+02
3974 4.4100046811446553e+01 1.4813619133872660e+02
3975 4.8838232144691460e+01 1.4744789473152551e+02
3976 5.3551922082976013e+01 1.4660808544521311e+02
3977 5.8236272991249642e+01 1.4561762644060090e+02
3978 6.2886471382298431e+01 1.4447753548126960e+02
3979 6.7497738862928571e+01 1.4318898408774879e+02
3980 7.2065337044088380e+01 1.4175329633369941e+02
3981 7.6584572409883322e+01 1.4017194748533939e+02
3982 8.1050801140481028e+01 1.3844656248550729e+02
3983 8.5459433883949828e+01 1.3657891428392429e+02
3984 8.9805940472128313e+01 1.3457092201536781e+02
3985 9.4085854575679264e+01 1.3242464902763129e+02
3986 9.8294778293544923e+01 1.3014230076129479e+02
3987 1.0242838667208790e+02 1.2772622248348570e+02
3988 1.0648243214927280e+02 1.2517889687795770e+02
3989 1.1045274891932399e+02 1.2250294149396650e+02
3990 1.1433525721337240e+02 1.1970110605655989e+02
3991 1.1812596749169350e+02 1.1677626964105021e+02
3992 1.2182098454322960e+02 1.1373143771456900e+02
3993 1.2541651148818229e+02 1.1056973904774740e+02
3994 1.2890885367956270e+02 1.0729442249969210e+02
3995 1.3229442249969190e+02 1.0390885367956290e+02
3996 1.3556973904774730e+02 1.0041651148818239e+02
3997 1.3873143771456881e+02 9.6820984543229784e+01
3998 1.4177626964104999e+02 9.3125967491693643e+01
3999 1.4470110605655969e+02 8.9335257213372515e+01
4000 1.4750294149396620e+02 8.5452748919324137e+01
4001 1.5017889687795750e+02 8.1482432149272881e+01
4002 1.5272622248348540e+02 7.7428386672087981e+01
4003 1.5514230076129459e+02 7.3294778293545065e+01
4004 1.5742464902763109e+02 6.9085854575679349e+01
4005 1.5957092201536759e+02 6.4805940472128356e+01
4006 1.6157891428392401e+02 6.0459433883949877e+01
4007 1.6344656248550709e+02 5.6050801140481070e+01
4008 1.6517194748533910e+02 5.1584572409883393e+01
4009 1.6675329633369921e+02 4.7065337044088437e+01
4010 1.6818898408774851e+02 4.2497738862928607e+01
4011 1.6947753548126931e+02 3.7886471382298510e+01
4012 1.7061762644060050e+02 3.3236272991249663e+01
4013 1.7160808544521271e+02 2.8551922082976041e+01
4014 1.7244789473152531e+02 2.3838232144691499e+01
4015 1.7313619133872621e+02 1.9100046811446571e+01
4016 1.7367226799552390e+02 1.4342234888965990e+01
4017 1.7405557384691539e+02 9.5696853506216790e+00
4018 1.7428571502022740e+02 4.7873023136820123e+00
4019 1.7436245502984730e+02 1.7599999999999999e-14
4020 1.7428571502022740e+02 -4.7873023136819892e+00
4021 1.7405557384691539e+02 -9.5696853506216382e+00
4022 1.7367226799552401e+02 -1.4342234888965960e+01
4023 1.7313619133872621e+02 -1.9100046811446521e+01
4024 1.7244789473152520e+02 -2.3838232144691439e+01
4025 1.7160808544521271e+02 -2.8551922082975981e+01
4026 1.7061762644060059e+02 -3.3236272991249621e+01
4027 1.6947753548126940e+02 -3.7886471382298403e+01
4028 1.6818898408774851e+02 -4.2497738862928543e+01
4029 1.6675329633369910e+02 -4.7065337044088352e+01
4030 1.6517194748533910e+02 -5.1584572409883307e+01
4031 1.6344656248550700e+02 -5.6050801140480971e+01
4032 1.6157891428392401e+02 -6.0459433883949757e+01
4033 1.5957092201536739e+02 -6.4805940472128242e+01
4034 1.5742464902763101e+02 -6.9085854575679178e+01
4035 1.5514230076129451e+02 -7.3294778293544880e+01
4036 1.5272622248348540e+02 -7.7428386672087782e+01
4037 1.5017889687795750e+02 -8.1482432149272711e+01
4038 1.4750294149396629e+02 -8.5452748919323952e+01
4039 1.4470110605655969e+02 -8.9335257213372330e+01
4040 1.4177626964104999e+02 -9.3125967491693459e+01
4041 1.3873143771456881e+02 -9.6820984543229585e+01
4042 1.3556973904774730e+02 -1.0041651148818219e+02
4043 1.3229442249969190e+02 -1.0390885367956270e+02
4044 1.2890885367956270e+02 -1.0729442249969181e+02
4045 1.2541651148818219e+02 -1.1056973904774721e+02
4046 1.2182098454322960e+02 -1.1373143771456880e+02
4047 1.1812596749169350e+02 -1.1677626964104989e+02
4048 1.1433525721337240e+02 -1.1970110605655969e+02
4049 1.1045274891932399e+02 -1.2250294149396630e+02
4050 1.0648243214927280e+02 -1.2517889687795740e+02
4051 1.0242838667208780e+02 -1.2772622248348530e+02
4052 9.8294778293544965e+01 -1.3014230076129451e+02
4053 9.4085854575679264e+01 -1.3242464902763101e+02
4054 8.9805940472128270e+01 -1.3457092201536750e+02
4055 8.5459433883949814e+01 -1.3657891428392401e+02
4056 8.1050801140480999e+01 -1.3844656248550700e+02
4057 7.6584572409883336e+01 -1.4017194748533910e+02
4058 7.2065337044088423e+01 -1.4175329633369910e+02
4059 6.7497738862928571e+01 -1.4318898408774851e+02
4060 6.2886471382298488e+01 -1.4447753548126931e+02
4061 5.8236272991249642e+01 -1.4561762644060050e+02
4062 5.3551922082976041e+01 -1.4660808544521271e+02
4063 4.8838232144691531e+01 -1.4744789473152520e+02
4064 4.4100046811446589e+01 -1.4813619133872621e+02
4065 3.9342234888966019e+01 -1.4867226799552390e+02
4066 3.4569685350621718e+01 -1.4905557384691539e+02
4067 2.9787302313682058e+01 -1.4928571502022751e+02
4068 2.5000000000000028e+01 -1.4936245502984730e+02
4069 2.0212697686318041e+01 -1.4928571502022751e+02
4070 1.5430314649378371e+01 -1.4905557384691539e+02
4071 1.0657765111034070e+01 -1.4867226799552390e+02
4072 5.8999531885534999e+00 -1.4813619133872621e+02
4073 1.1617678553085700e+00 -1.4744789473152520e+02
4074 -3.5519220829759530e+00 -1.4660808544521271e+02
4075 -8.2362729912495656e+00 -1.4561762644060050e+02
4076 -1.2886471382298410e+01 -1.4447753548126931e+02
4077 -1.7497738862928500e+01 -1.4318898408774851e+02
4078 -2.2065337044088349e+01 -1.4175329633369910e+02
4079 -2.6584572409883279e+01 -1.4017194748533910e+02
4080 -3.1050801140480949e+01 -1.3844656248550709e+02
4081 -3.5459433883949742e+01 -1.3657891428392401e+02
4082 -3.9805940472128214e+01 -1.3457092201536750e+02
4083 -4.4085854575679200e+01 -1.3242464902763101e+02
4084 -4.8294778293544880e+01 -1.3014230076129459e+02
4085 -5.2428386672087832e+01 -1.2772622248348530e+02
4086 -5.6482432149272711e+01 -1.2517889687795750e+02
4087 -6.0452748919323973e+01 -1.2250294149396630e+02
4088 -6.4335257213372330e+01 -1.1970110605655969e+02
4089 -6.8125967491693430e+01 -1.1677626964105001e+02
4090 -7.1820984543229599e+01 -1.1373143771456880e+02
4091 -7.5416511488182209e+01 -1.1056973904774721e+02
4092 -7.8908853679562668e+01 -1.0729442249969190e+02
4093 -8.2294422499691848e+01 -1.0390885367956270e+02
4094 -8.5569739047747177e+01 -1.0041651148818219e+02
4095 -8.8731437714568798e+01 -9.6820984543229613e+01
4096 -9.1776269641049879e+01 -9.3125967491693473e+01
4097 -9.4701106056559667e+01 -8.9335257213372330e+01
4098 -9.7502941493966233e+01 -8.5452748919323980e+01
4099 -1.0017889687795750e+02 -8.1482432149272739e+01
4100 -1.0272622248348540e+02 -7.7428386672087797e+01
4101 -1.0514230076129451e+02 -7.3294778293544908e+01
4102 -1.0742464902763101e+02 -6.9085854575679193e+01
4103 -1.0957092201536740e+02 -6.4805940472128270e+01
4104 -1.1157891428392399e+02 -6.0459433883949792e+01
4105 -1.1344656248550700e+02 -5.6050801140480992e+01
4106 -1.1517194748533910e+02 -5.1584572409883329e+01
4107 -1.1675329633369910e+02 -4.7065337044088373e+01
4108 -1.1818898408774849e+02 -4.2497738862928550e+01
4109 -1.1947753548126930e+02 -3.7886471382298417e+01
4110 -1.2061762644060050e+02 -3.3236272991249621e+01
4111 -1.2160808544521279e+02 -2.8551922082975999e+01
4112 -1.2244789473152530e+02 -2.3838232144691450e+01
4113 -1.2313619133872621e+02 -1.9100046811446528e+01
4114 -1.2367226799552390e+02 -1.4342234888965979e+01
4115 -1.2405557384691539e+02 -9.5696853506216542e+00
4116 -1.2428571502022750e+02 -4.7873023136820070e+00
4117 -1.3580311132573169e+02 0.0000000000000000e+00
4118 -1.3572049329225351e+02 5.1539933964201978e+00
4119 -1.3547272408743331e+02 1.0302690716222710e+01
4120 -1.3506005831087799e+02 1.5440801324866589e+01
4121 -1.3448292000456840e+02 2.0563045466372241e+01
4122 -1.3374190221712809e+02 2.5664159688627610e+01
4123 -1.3283776639442561e+02 3.0738902251941031e+01
4124 -1.3177144159713700e+02 3.5782058515283083e+01
4125 -1.3054402354607339e+02 4.0788446294682707e+01
4126 -1.2915677349625429e+02 4.5752921188271742e+01
4127 -1.2761111694088200e+02 5.0670381862505302e+01
4128 -1.2590864214655140e+02 5.5535775294126999e+01
4129 -1.2405109852119860e+02 6.0344101962492012e+01
4130 -1.2204039481646601e+02 6.5090420986912250e+01
4131 -1.1987859716633110e+02 6.9769855203745564e+01
4132 -1.1756792696401401e+02 7.4377596178010748e+01
4133 -1.1511075857934570e+02 7.8908909144379862e+01
4134 -1.1250961691894250e+02 8.3359137872469461e+01
4135 -1.0976717483169421e+02 8.7723709451432029e+01
4136 -1.0688625036223070e+02 9.1998138988931188e+01
4137 -1.0386980385519090e+02 9.6178034219671602e+01
4138 -1.0072093491326839e+02 1.0025910001874850e+02
4139 -9.7442879212160406e+01 1.0423714281517890e+02
4140 -9.4039005175691685e+01 1.0810807490107921e+02
4141 -9.0512810514531907e+01 1.1186791863206160e+02
4142 -8.6867918632061418e+01 1.1551281051453211e+02
4143 -8.3108074901079050e+01 1.1903900517569190e+02
4144 -7.9237142815178743e+01 1.2244287921216061e+02
4145 -7.5259100018748342e+01 1.2572093491326871e+02
4146 -7.1178034219671460e+01 1.2886980385519109e+02
4147 -6.6998138988931075e+01 1.3188625036223090e+02
4148 -6.2723709451431908e+01 1.3476717483169440e+02
4149 -5.8359137872469383e+01 1.3750961691894281e+02
4150 -5.3908909144379791e+01 1.4011075857934591e+02
4151 -4.9377596178010677e+01 1.4256792696401430e+02
4152 -4.4769855203745422e+01 1.4487859716633139e+02
4153 -4.0090420986912157e+01 1.4704039481646640e+02
4154 -3.5344101962491912e+01 1.4905109852119890e+02
4155 -3.0535775294126939e+01 1.5090864214655170e+02
4156 -2.5670381862505248e+01 1.5261111694088231e+02
4157 -2.0752921188271671e+01 1.5415677349625469e+02
4158 -1.5788446294682711e+01 1.5554402354607379e+02
4159 -1.0782058515283000e+01 1.5677144159713731e+02
4160 -5.7389022519409894e+00 1.5783776639442601e+02
4161 -6.6415968862759911e-01 1.5874190221712851e+02
4162 4.4369545336277767e+00 1.5948292000456880e+02
4163 9.5591986751334339e+00 1.6006005831087839e+02
4164 1.4697309283777290e+01 1.6047272408743370e+02
4165 1.9846006603579820e+01 1.6072049329225391e+02
4166 2.4999999999999989e+01 1.6080311132573200e+02
4167 3.0153993396420191e+01 1.6072049329225391e+02
4168 3.5302690716222699e+01 1.6047272408743379e+02
4169 4.0440801324866563e+01 1.6006005831087839e+02
4170 4.5563045466372223e+01 1.5948292000456871e+02
4171 5.0664159688627592e+01 1.5874190221712851e+02
4172 5.5738902251940971e+01 1.5783776639442601e+02
4173 6.0782058515283033e+01 1.5677144159713720e+02
4174 6.5788446294682657e+01 1.5554402354607379e+02
4175 7.0752921188271685e+01 1.5415677349625460e+02
4176 7.5670381862505224e+01 1.5261111694088231e+02
4177 8.0535775294126950e+01 1.5090864214655170e+02
4178 8.5344101962491919e+01 1.4905109852119881e+02
4179 9.0090420986912150e+01 1.4704039481646640e+02
4180 9.4769855203745450e+01 1.4487859716633139e+02
4181 9.9377596178010634e+01 1.4256792696401430e+02
4182 1.0390890914437981e+02 1.4011075857934591e+02
4183 1.0835913787246930e+02 1.3750961691894281e+02
4184 1.1272370945143190e+02 1.3476717483169440e+02
4185 1.1699813898893110e+02 1.3188625036223090e+02
4186 1.2117803421967150e+02 1.2886980385519109e+02
4187 1.2525910001874840e+02 1.2572093491326871e+02
4188 1.2923714281517869e+02 1.2244287921216061e+02
4189 1.3310807490107911e+02 1.1903900517569190e+02
4190 1.3686791863206139e+02 1.1551281051453211e+02
4191 1.4051281051453191e+02 1.1186791863206160e+02
4192 1.4403900517569161e+02 1.0810807490107921e+02
4193 1.4744287921216031e+02 1.0423714281517890e+02
4194 1.5072093491326851e+02 1.0025910001874850e+02
4195 1.5386980385519090e+02 9.6178034219671602e+01
4196 1.5688625036223070e+02 9.1998138988931174e+01
4197 1.5976717483169421e+02 8.7723709451432029e+01
4198 1.6250961691894241e+02 8.3359137872469489e+01
4199 1.6511075857934571e+02 7.8908909144379891e+01
4200 1.6756792696401399e+02 7.4377596178010776e+01
4201 1.6987859716633119e+02 6.9769855203745522e+01
4202 1.7204039481646601e+02 6.5090420986912221e+01
4203 1.7405109852119861e+02 6.0344101962491969e+01
4204 1.7590864214655139e+02 5.5535775294127014e+01
4205 1.7761111694088200e+02 5.0670381862505309e+01
4206 1.7915677349625440e+02 4.5752921188271714e+01
4207 1.8054402354607339e+02 4.0788446294682750e+01
4208 1.8177144159713691e+02 3.5782058515283047e+01
4209 1.8283776639442561e+02 3.0738902251941020e+01
4210 1.8374190221712809e+02 2.5664159688627631e+01
4211 1.8448292000456840e+02 2.0563045466372241e+01
4212 1.8506005831087791e+02 1.5440801324866580e+01
4213 1.8547272408743339e+02 1.0302690716222720e+01
4214 1.8572049329225351e+02 5.1539933964201960e+00
4215 1.8580311132573169e+02 1.9099999999999999e-14
4216 1.8572049329225351e+02 -5.1539933964201721e+00
4217 1.8547272408743339e+02 -1.0302690716222680e+01
4218 1.8506005831087799e+02 -1.5440801324866539e+01
4219 1.8448292000456840e+02 -2.0563045466372191e+01
4220 1.8374190221712809e+02 -2.5664159688627549e+01
4221 1.8283776639442561e+02 -3.0738902251940960e+01
4222 1.8177144159713691e+02 -3.5782058515282991e+01
4223 1.8054402354607339e+02 -4.0788446294682643e+01
4224 1.7915677349625429e+02 -4.5752921188271642e+01
4225 1.7761111694088200e+02 -5.0670381862505202e+01
4226 1.7590864214655139e+02 -5.5535775294126893e+01
4227 1.7405109852119850e+02 -6.0344101962491877e+01
4228 1.7204039481646589e+02 -6.5090420986912108e+01
4229 1.6987859716633110e+02 -6.9769855203745408e+01
4230 1.6756792696401399e+02 -7.4377596178010592e+01
4231 1.6511075857934571e+02 -7.8908909144379720e+01
4232 1.6250961691894250e+02 -8.3359137872469290e+01
4233 1.5976717483169421e+02 -8.7723709451431901e+01
4234 1.5688625036223061e+02 -9.1998138988931004e+01
4235 1.5386980385519090e+02 -9.6178034219671403e+01
4236 1.5072093491326851e+02 -1.0025910001874830e+02
4237 1.4744287921216039e+02 -1.0423714281517870e+02
4238 1.4403900517569170e+02 -1.0810807490107899e+02
4239 1.4051281051453191e+02 -1.1186791863206140e+02
4240 1.3686791863206139e+02 -1.1551281051453191e+02
4241 1.3310807490107899e+02 -1.1903900517569160e+02
4242 1.2923714281517869e+02 -1.2244287921216031e+02
4243 1.2525910001874830e+02 -1.2572093491326839e+02
4244 1.2117803421967150e+02 -1.2886980385519081e+02
4245 1.1699813898893110e+02 -1.3188625036223061e+02
4246 1.1272370945143190e+02 -1.3476717483169409e+02
4247 1.0835913787246940e+02 -1.3750961691894250e+02
4248 1.0390890914437981e+02 -1.4011075857934571e+02
4249 9.9377596178010663e+01 -1.4256792696401399e+02
4250 9.4769855203745436e+01 -1.4487859716633110e+02
4251 9.0090420986912164e+01 -1.4704039481646601e+02
4252 8.5344101962491933e+01 -1.4905109852119861e+02
4253 8.0535775294126950e+01 -1.5090864214655139e+02
4254 7.5670381862505266e+01 -1.5261111694088200e+02
4255 7.0752921188271699e+01 -1.5415677349625440e+02
4256 6.5788446294682728e+01 -1.5554402354607339e+02
4257 6.0782058515283012e+01 -1.5677144159713700e+02
4258 5.5738902251941020e+01 -1.5783776639442570e+02
4259 5.0664159688627642e+01 -1.5874190221712809e+02
4260 4.5563045466372252e+01 -1.5948292000456840e+02
4261 4.0440801324866612e+01 -1.6006005831087799e+02
4262 3.5302690716222763e+01 -1.6047272408743331e+02
4263 3.0153993396420240e+01 -1.6072049329225351e+02
4264 2.5000000000000028e+01 -1.6080311132573169e+02
4265 1.9846006603579848e+01 -1.6072049329225351e+02
4266 1.4697309283777329e+01 -1.6047272408743331e+02
4267 9.5591986751334801e+00 -1.6006005831087799e+02
4268 4.4369545336278247e+00 -1.5948292000456840e+02
4269 -6.6415968862754760e-01 -1.5874190221712820e+02
4270 -5.7389022519409369e+00 -1.5783776639442570e+02
4271 -1.0782058515282939e+01 -1.5677144159713700e+02
4272 -1.5788446294682650e+01 -1.5554402354607339e+02
4273 -2.0752921188271610e+01 -1.5415677349625440e+02
4274 -2.5670381862505192e+01 -1.5261111694088200e+02
4275 -3.0535775294126861e+01 -1.5090864214655139e+02
4276 -3.5344101962491848e+01 -1.4905109852119861e+02
4277 -4.0090420986912100e+01 -1.4704039481646601e+02
4278 -4.4769855203745372e+01 -1.4487859716633119e+02
4279 -4.9377596178010620e+01 -1.4256792696401399e+02
4280 -5.3908909144379727e+01 -1.4011075857934560e+02
4281 -5.8359137872469297e+01 -1.3750961691894241e+02
4282 -6.2723709451431837e+01 -1.3476717483169421e+02
4283 -6.6998138988931004e+01 -1.3188625036223070e+02
4284 -7.1178034219671389e+01 -1.2886980385519090e+02
4285 -7.5259100018748256e+01 -1.2572093491326849e+02
4286 -7.9237142815178672e+01 -1.2244287921216041e+02
4287 -8.3108074901078993e+01 -1.1903900517569160e+02
4288 -8.6867918632061361e+01 -1.1551281051453191e+02
4289 -9.0512810514531850e+01 -1.1186791863206140e+02
4290 -9.4039005175691599e+01 -1.0810807490107899e+02
4291 -9.7442879212160364e+01 -1.0423714281517870e+02
4292 -1.0072093491326839e+02 -1.0025910001874830e+02
4293 -1.0386980385519090e+02 -9.6178034219671417e+01
4294 -1.0688625036223060e+02 -9.1998138988931061e+01
4295 -1.0976717483169411e+02 -8.7723709451431915e+01
4296 -1.1250961691894240e+02 -8.3359137872469319e+01
4297 -1.1511075857934560e+02 -7.8908909144379720e+01
4298 -1.1756792696401401e+02 -7.4377596178010606e+01
4299 -1.1987859716633110e+02 -6.9769855203745436e+01
4300 -1.2204039481646601e+02 -6.5090420986912136e+01
4301 -1.2405109852119850e+02 -6.0344101962491912e+01
4302 -1.2590864214655140e+02 -5.5535775294126907e+01
4303 -1.2761111694088200e+02 -5.0670381862505202e+01
4304 -1.2915677349625429e+02 -4.5752921188271657e+01
4305 -1.3054402354607339e+02 -4.0788446294682650e+01
4306 -1.3177144159713691e+02 -3.5782058515283033e+01
4307 -1.3283776639442561e+02 -3.0738902251940981e+01
4308 -1.3374190221712809e+02 -2.5664159688627571e+01
4309 -1.3448292000456840e+02 -2.0563045466372198e+01
4310 -1.3506005831087791e+02 -1.5440801324866570e+01
4311 -1.3547272408743331e+02 -1.0302690716222701e+01
4312 -1.3572049329225351e+02 -5.1539933964201907e+00
4313 -1.4742729064001031e+02 0.0000000000000000e+00
4314 -1.4733870029152021e+02 5.5265666814186307e+00
4315 -1.4707302027862141e+02 1.1047454441983801e+01
4316 -1.4663052360548701e+02 1.6556990196317109e+01
4317 -1.4601166496736070e+02 2.2049512523993940e+01
4318 -1.4521708028332711e+02 2.7519377487035658e+01
4319 -1.4424758604286191e+02 3.2960964429437411e+01
4320 -1.4310417846683379e+02 3.8368681752772041e+01
4321 -1.4178803248381971e+02 4.3736972661935589e+01
4322 -1.4030050052278699e+02 4.9060320875129833e+01
4323 -1.3864311112338069e+02 5.4333256292214692e+01
4324 -1.3681756736524591e+02 5.9550360615605904e+01
4325 -1.3482574511799839e+02 6.4706272917942130e+01
4326 -1.3266969111364179e+02 6.9795695150800171e+01
4327 -1.3035162084341150e+02 7.4813397588797756e+01
4328 -1.2787391628120891e+02 7.9754224203490111e+01
4329 -1.2523912343596091e+02 8.4613097961537520e+01
4330 -1.2244994973542430e+02 8.9385026041700456e+01
4331 -1.1950926124412091e+02 9.4065104965300790e+01
4332 -1.1642007971826190e+02 9.8648525634877558e+01
4333 -1.1318557950068950e+02 1.0313057827585990e+02
4334 -1.0980908425902510e+02 1.0750665727617850e+02
4335 -1.0629406357037600e+02 1.1177226591884380e+02
4336 -1.0264412935611020e+02 1.1592302100262600e+02
4337 -9.8863032170363425e+01 1.1995465734609130e+02
4338 -9.4954657346091068e+01 1.2386303217036370e+02
4339 -9.0923021002625788e+01 1.2764412935611040e+02
4340 -8.6772265918843573e+01 1.3129406357037621e+02
4341 -8.2506657276178316e+01 1.3480908425902541e+02
4342 -7.8130578275859705e+01 1.3818557950068981e+02
4343 -7.3648525634877387e+01 1.4142007971826209e+02
4344 -6.9065104965300634e+01 1.4450926124412121e+02
4345 -6.4385026041700357e+01 1.4744994973542461e+02
4346 -5.9613097961537427e+01 1.5023912343596120e+02
4347 -5.4754224203490011e+01 1.5287391628120920e+02
4348 -4.9813397588797628e+01 1.5535162084341181e+02
4349 -4.4795695150800057e+01 1.5766969111364199e+02
4350 -3.9706272917942030e+01 1.5982574511799879e+02
4351 -3.4550360615605832e+01 1.6181756736524630e+02
4352 -2.9333256292214639e+01 1.6364311112338109e+02
4353 -2.4060320875129751e+01 1.6530050052278739e+02
4354 -1.8736972661935571e+01 1.6678803248382010e+02
4355 -1.3368681752771961e+01 1.6810417846683421e+02
4356 -7.9609644294373538e+00 1.6924758604286239e+02
4357 -2.5193774870356531e+00 1.7021708028332750e+02
4358 2.9504874760060780e+00 1.7101166496736110e+02
4359 8.4430098036829175e+00 1.7163052360548750e+02
4360 1.3952545558016210e+01 1.7207302027862190e+02
4361 1.9473433318581382e+01 1.7233870029152069e+02
4362 2.4999999999999989e+01 1.7242729064001080e+02
4363 3.0526566681418618e+01 1.7233870029152061e+02
4364 3.6047454441983803e+01 1.7207302027862201e+02
4365 4.1556990196317088e+01 1.7163052360548750e+02
4366 4.7049512523993933e+01 1.7101166496736110e+02
4367 5.2519377487035626e+01 1.7021708028332750e+02
4368 5.7960964429437347e+01 1.6924758604286231e+02
4369 6.3368681752771991e+01 1.6810417846683421e+02
4370 6.8736972661935539e+01 1.6678803248382019e+02
4371 7.4060320875129776e+01 1.6530050052278739e+02
4372 7.9333256292214628e+01 1.6364311112338109e+02
4373 8.4550360615605825e+01 1.6181756736524630e+02
4374 8.9706272917942044e+01 1.5982574511799879e+02
4375 9.4795695150800071e+01 1.5766969111364210e+02
4376 9.9813397588797699e+01 1.5535162084341181e+02
4377 1.0475422420349000e+02 1.5287391628120920e+02
4378 1.0961309796153741e+02 1.5023912343596120e+02
4379 1.1438502604170030e+02 1.4744994973542461e+02
4380 1.1906510496530070e+02 1.4450926124412121e+02
4381 1.2364852563487740e+02 1.4142007971826220e+02
4382 1.2813057827585970e+02 1.3818557950068981e+02
4383 1.3250665727617840e+02 1.3480908425902541e+02
4384 1.3677226591884360e+02 1.3129406357037621e+02
4385 1.4092302100262580e+02 1.2764412935611040e+02
4386 1.4495465734609110e+02 1.2386303217036370e+02
4387 1.4886303217036351e+02 1.1995465734609130e+02
4388 1.5264412935611020e+02 1.1592302100262600e+02
4389 1.5629406357037601e+02 1.1177226591884380e+02
4390 1.5980908425902521e+02 1.0750665727617850e+02
4391 1.6318557950068950e+02 1.0313057827585990e+02
4392 1.6642007971826189e+02 9.8648525634877544e+01
4393 1.6950926124412089e+02 9.4065104965300762e+01
4394 1.7244994973542430e+02 8.9385026041700513e+01
4395 1.7523912343596081e+02 8.4613097961537562e+01
4396 1.7787391628120889e+02 7.9754224203490139e+01
4397 1.8035162084341150e+02 7.4813397588797741e+01
4398 1.8266969111364170e+02 6.9795695150800157e+01
4399 1.8482574511799839e+02 6.4706272917942130e+01
4400 1.8681756736524591e+02 5.9550360615605904e+01
4401 1.8864311112338069e+02 5.4333256292214713e+01
4402 1.9030050052278699e+02 4.9060320875129811e+01
4403 1.9178803248381971e+02 4.3736972661935617e+01
4404 1.9310417846683379e+02 3.8368681752772019e+01
4405 1.9424758604286191e+02 3.2960964429437396e+01
4406 1.9521708028332711e+02 2.7519377487035690e+01
4407 1.9601166496736070e+02 2.2049512523993961e+01
4408 1.9663052360548701e+02 1.6556990196317109e+01
4409 1.9707302027862150e+02 1.1047454441983820e+01
4410 1.9733870029152021e+02 5.5265666814186307e+00
4411 1.9742729064001031e+02 2.0599999999999999e-14
4412 1.9733870029152021e+02 -5.5265666814186023e+00
4413 1.9707302027862141e+02 -1.1047454441983760e+01
4414 1.9663052360548701e+02 -1.6556990196317059e+01
4415 1.9601166496736070e+02 -2.2049512523993879e+01
4416 1.9521708028332711e+02 -2.7519377487035602e+01
4417 1.9424758604286191e+02 -3.2960964429437333e+01
4418 1.9310417846683370e+02 -3.8368681752771948e+01
4419 1.9178803248381971e+02 -4.3736972661935503e+01
4420 1.9030050052278710e+02 -4.9060320875129719e+01
4421 1.8864311112338061e+02 -5.4333256292214557e+01
4422 1.8681756736524591e+02 -5.9550360615605747e+01
4423 1.8482574511799839e+02 -6.4706272917941988e+01
4424 1.8266969111364170e+02 -6.9795695150800000e+01
4425 1.8035162084341150e+02 -7.4813397588797599e+01
4426 1.7787391628120881e+02 -7.9754224203489940e+01
4427 1.7523912343596081e+02 -8.4613097961537349e+01
4428 1.7244994973542430e+02 -8.9385026041700257e+01
4429 1.6950926124412089e+02 -9.4065104965300577e+01
4430 1.6642007971826200e+02 -9.8648525634877316e+01
4431 1.6318557950068961e+02 -1.0313057827585961e+02
4432 1.5980908425902510e+02 -1.0750665727617830e+02
4433 1.5629406357037601e+02 -1.1177226591884350e+02
4434 1.5264412935611011e+02 -1.1592302100262570e+02
4435 1.4886303217036351e+02 -1.1995465734609100e+02
4436 1.4495465734609110e+02 -1.2386303217036340e+02
4437 1.4092302100262580e+02 -1.2764412935611010e+02
4438 1.3677226591884360e+02 -1.3129406357037590e+02
4439 1.3250665727617829e+02 -1.3480908425902501e+02
4440 1.2813057827585970e+02 -1.3818557950068941e+02
4441 1.2364852563487740e+02 -1.4142007971826180e+02
4442 1.1906510496530061e+02 -1.4450926124412081e+02
4443 1.1438502604170030e+02 -1.4744994973542421e+02
4444 1.0961309796153741e+02 -1.5023912343596081e+02
4445 1.0475422420349000e+02 -1.5287391628120881e+02
4446 9.9813397588797613e+01 -1.5535162084341150e+02
4447 9.4795695150800071e+01 -1.5766969111364170e+02
4448 8.9706272917942016e+01 -1.5982574511799839e+02
4449 8.4550360615605840e+01 -1.6181756736524591e+02
4450 7.9333256292214656e+01 -1.6364311112338061e+02
4451 7.4060320875129761e+01 -1.6530050052278699e+02
4452 6.8736972661935582e+01 -1.6678803248381971e+02
4453 6.3368681752771977e+01 -1.6810417846683379e+02
4454 5.7960964429437389e+01 -1.6924758604286200e+02
4455 5.2519377487035690e+01 -1.7021708028332711e+02
4456 4.7049512523993968e+01 -1.7101166496736070e+02
4457 4.1556990196317130e+01 -1.7163052360548710e+02
4458 3.6047454441983838e+01 -1.7207302027862141e+02
4459 3.0526566681418672e+01 -1.7233870029152021e+02
4460 2.5000000000000028e+01 -1.7242729064001031e+02
4461 1.9473433318581421e+01 -1.7233870029152021e+02
4462 1.3952545558016251e+01 -1.7207302027862141e+02
4463 8.4430098036829673e+00 -1.7163052360548710e+02
4464 2.9504874760061282e+00 -1.7101166496736070e+02
4465 -2.5193774870356020e+00 -1.7021708028332711e+02
4466 -7.9609644294373014e+00 -1.6924758604286200e+02
4467 -1.3368681752771900e+01 -1.6810417846683379e+02
4468 -1.8736972661935500e+01 -1.6678803248381971e+02
4469 -2.4060320875129680e+01 -1.6530050052278699e+02
4470 -2.9333256292214561e+01 -1.6364311112338061e+02
4471 -3.4550360615605761e+01 -1.6181756736524591e+02
4472 -3.9706272917941959e+01 -1.5982574511799839e+02
4473 -4.4795695150799993e+01 -1.5766969111364170e+02
4474 -4.9813397588797557e+01 -1.5535162084341150e+02
4475 -5.4754224203489940e+01 -1.5287391628120881e+02
4476 -5.9613097961537342e+01 -1.5023912343596081e+02
4477 -6.4385026041700286e+01 -1.4744994973542421e+02
4478 -6.9065104965300563e+01 -1.4450926124412089e+02
4479 -7.3648525634877302e+01 -1.4142007971826180e+02
4480 -7.8130578275859619e+01 -1.3818557950068950e+02
4481 -8.2506657276178231e+01 -1.3480908425902510e+02
4482 -8.6772265918843487e+01 -1.3129406357037601e+02
4483 -9.0923021002625731e+01 -1.2764412935611010e+02
4484 -9.4954657346091011e+01 -1.2386303217036340e+02
4485 -9.8863032170363383e+01 -1.1995465734609100e+02
4486 -1.0264412935611010e+02 -1.1592302100262570e+02
4487 -1.0629406357037590e+02 -1.1177226591884350e+02
4488 -1.0980908425902510e+02 -1.0750665727617830e+02
4489 -1.1318557950068950e+02 -1.0313057827585961e+02
4490 -1.1642007971826190e+02 -9.8648525634877316e+01
4491 -1.1950926124412091e+02 -9.4065104965300605e+01
4492 -1.2244994973542430e+02 -8.9385026041700257e+01
4493 -1.2523912343596081e+02 -8.4613097961537363e+01
4494 -1.2787391628120881e+02 -7.9754224203489969e+01
4495 -1.3035162084341150e+02 -7.4813397588797628e+01
4496 -1.3266969111364170e+02 -6.9795695150800015e+01
4497 -1.3482574511799839e+02 -6.4706272917942016e+01
4498 -1.3681756736524591e+02 -5.9550360615605769e+01
4499 -1.3864311112338069e+02 -5.4333256292214571e+01
4500 -1.4030050052278699e+02 -4.9060320875129733e+01
4501 -1.4178803248381971e+02 -4.3736972661935511e+01
4502 -1.4310417846683370e+02 -3.8368681752771977e+01
4503 -1.4424758604286191e+02 -3.2960964429437347e+01
4504 -1.4521708028332711e+02 -2.7519377487035619e+01
4505 -1.4601166496736070e+02 -2.2049512523993901e+01
4506 -1.4663052360548701e+02 -1.6556990196317081e+01
4507 -1.4707302027862150e+02 -1.1047454441983779e+01
4508 -1.4733870029152021e+02 -5.5265666814186210e+00
4509 -1.5912684278395511e+02 0.0000000000000000e+00
4510 -1.5903224139511420e+02 5.9015557845139011e+00
4511 -1.5874853443791349e+02 1.1797047321522159e+01
4512 -1.5827601344042961e+02 1.7680416594943392e+01
4513 -1.5761516394992941e+02 2.3545618045141481e+01
4514 -1.5676666503393679e+02 2.9386624781146789e+01
4515 -1.5573138858244531e+02 3.5197434773694070e+01
4516 -1.5451039841199221e+02 4.0972077022713222e+01
4517 -1.5310494917251481e+02 4.6704617692935471e+01
4518 -1.5151648505811301e+02 5.2389166211310339e+01
4519 -1.4974663832304239e+02 5.8019881319967539e+01
4520 -1.4779722760446271e+02 6.3590977078504309e+01
4521 -1.4567025605366439e+02 6.9096728809430317e+01
4522 -1.4336790927769650e+02 7.4531478980660879e+01
4523 -1.4089255309350671e+02 7.9889643019013363e+01
4524 -1.3824673109690499e+02 8.5165715048733816e+01
4525 -1.3543316204884681e+02 9.0354273549156517e+01
4526 -1.3245473708172230e+02 9.5449986925682865e+01
4527 -1.2931451672852279e+02 1.0044761898835530e+02
4528 -1.2601572777793569e+02 1.0534203433239639e+02
4529 -1.2256175995860130e+02 1.1012820361518430e+02
4530 -1.1895616245593740e+02 1.1480120872424250e+02
4531 -1.1520264026511160e+02 1.1935624783093290e+02
4532 -1.1130505038390780e+02 1.2378864032465870e+02
4533 -1.0726739784940060e+02 1.2809383162250921e+02
4534 -1.0309383162250900e+02 1.3226739784940091e+02
4535 -9.8788640324658545e+01 1.3630505038390811e+02
4536 -9.4356247830932674e+01 1.4020264026511191e+02
4537 -8.9801208724242301e+01 1.4395616245593780e+02
4538 -8.5128203615184106e+01 1.4756175995860161e+02
4539 -8.0342034332396210e+01 1.5101572777793601e+02
4540 -7.5447618988355188e+01 1.5431451672852310e+02
4541 -7.0449986925682794e+01 1.5745473708172261e+02
4542 -6.5354273549156389e+01 1.6043316204884709e+02
4543 -6.0165715048733723e+01 1.6324673109690531e+02
4544 -5.4889643019013207e+01 1.6589255309350710e+02
4545 -4.9531478980660779e+01 1.6836790927769690e+02
4546 -4.4096728809430232e+01 1.7067025605366479e+02
4547 -3.8590977078504217e+01 1.7279722760446299e+02
4548 -3.3019881319967503e+01 1.7474663832304279e+02
4549 -2.7389166211310268e+01 1.7651648505811340e+02
4550 -2.1704617692935450e+01 1.7810494917251521e+02
4551 -1.5972077022713140e+01 1.7951039841199261e+02
4552 -1.0197434773694029e+01 1.8073138858244570e+02
4553 -4.3866247811467787e+00 1.8176666503393719e+02
4554 1.4543819548585479e+00 1.8261516394992989e+02
4555 7.3195834050566386e+00 1.8327601344043009e+02
4556 1.3202952678477850e+01 1.8374853443791380e+02
4557 1.9098444215486111e+01 1.8403224139511460e+02
4558 2.4999999999999989e+01 1.8412684278395551e+02
4559 3.0901555784513889e+01 1.8403224139511460e+02
4560 3.6797047321522143e+01 1.8374853443791389e+02
4561 4.2680416594943367e+01 1.8327601344043009e+02
4562 4.8545618045141460e+01 1.8261516394992989e+02
4563 5.4386624781146757e+01 1.8176666503393730e+02
4564 6.0197434773694049e+01 1.8073138858244570e+02
4565 6.5972077022713179e+01 1.7951039841199261e+02
4566 7.1704617692935415e+01 1.7810494917251509e+02
4567 7.7389166211310268e+01 1.7651648505811340e+02
4568 8.3019881319967467e+01 1.7474663832304290e+02
4569 8.8590977078504238e+01 1.7279722760446299e+02
4570 9.4096728809430260e+01 1.7067025605366479e+02
4571 9.9531478980660765e+01 1.6836790927769681e+02
4572 1.0488964301901331e+02 1.6589255309350710e+02
4573 1.1016571504873370e+02 1.6324673109690531e+02
4574 1.1535427354915640e+02 1.6043316204884709e+02
4575 1.2044998692568279e+02 1.5745473708172270e+02
4576 1.2544761898835520e+02 1.5431451672852310e+02
4577 1.3034203433239620e+02 1.5101572777793601e+02
4578 1.3512820361518411e+02 1.4756175995860161e+02
4579 1.3980120872424240e+02 1.4395616245593769e+02
4580 1.4435624783093269e+02 1.4020264026511191e+02
4581 1.4878864032465850e+02 1.3630505038390800e+02
4582 1.5309383162250899e+02 1.3226739784940079e+02
4583 1.5726739784940060e+02 1.2809383162250921e+02
4584 1.6130505038390780e+02 1.2378864032465870e+02
4585 1.6520264026511160e+02 1.1935624783093290e+02
4586 1.6895616245593749e+02 1.1480120872424250e+02
4587 1.7256175995860130e+02 1.1012820361518430e+02
4588 1.7601572777793569e+02 1.0534203433239639e+02
4589 1.7931451672852279e+02 1.0044761898835530e+02
4590 1.8245473708172241e+02 9.5449986925682907e+01
4591 1.8543316204884681e+02 9.0354273549156545e+01
4592 1.8824673109690511e+02 8.5165715048733858e+01
4593 1.9089255309350671e+02 7.9889643019013292e+01
4594 1.9336790927769650e+02 7.4531478980660864e+01
4595 1.9567025605366430e+02 6.9096728809430303e+01
4596 1.9779722760446259e+02 6.3590977078504316e+01
4597 1.9974663832304250e+02 5.8019881319967567e+01
4598 2.0151648505811301e+02 5.2389166211310318e+01
4599 2.0310494917251469e+02 4.6704617692935521e+01
4600 2.0451039841199221e+02 4.0972077022713187e+01
4601 2.0573138858244531e+02 3.5197434773694070e+01
4602 2.0676666503393690e+02 2.9386624781146811e+01
4603 2.0761516394992950e+02 2.3545618045141481e+01
4604 2.0827601344042969e+02 1.7680416594943392e+01
4605 2.0874853443791349e+02 1.1797047321522180e+01
4606 2.0903224139511420e+02 5.9015557845138993e+00
4607 2.0912684278395511e+02 2.2099999999999999e-14
4608 2.0903224139511420e+02 -5.9015557845138691e+00
4609 2.0874853443791349e+02 -1.1797047321522120e+01
4610 2.0827601344042969e+02 -1.7680416594943331e+01
4611 2.0761516394992950e+02 -2.3545618045141410e+01
4612 2.0676666503393690e+02 -2.9386624781146718e+01
4613 2.0573138858244531e+02 -3.5197434773693999e+01
4614 2.0451039841199221e+02 -4.0972077022713137e+01
4615 2.0310494917251469e+02 -4.6704617692935372e+01
4616 2.0151648505811301e+02 -5.2389166211310233e+01
4617 1.9974663832304250e+02 -5.8019881319967418e+01
4618 1.9779722760446251e+02 -6.3590977078504153e+01
4619 1.9567025605366439e+02 -6.9096728809430175e+01
4620 1.9336790927769650e+02 -7.4531478980660694e+01
4621 1.9089255309350659e+02 -7.9889643019013192e+01
4622 1.8824673109690499e+02 -8.5165715048733603e+01
4623 1.8543316204884670e+02 -9.0354273549156318e+01
4624 1.8245473708172230e+02 -9.5449986925682651e+01
4625 1.7931451672852279e+02 -1.0044761898835510e+02
4626 1.7601572777793569e+02 -1.0534203433239610e+02
4627 1.7256175995860130e+02 -1.1012820361518401e+02
4628 1.6895616245593740e+02 -1.1480120872424230e+02
4629 1.6520264026511171e+02 -1.1935624783093260e+02
4630 1.6130505038390780e+02 -1.2378864032465840e+02
4631 1.5726739784940060e+02 -1.2809383162250899e+02
4632 1.5309383162250899e+02 -1.3226739784940051e+02
4633 1.4878864032465859e+02 -1.3630505038390771e+02
4634 1.4435624783093269e+02 -1.4020264026511160e+02
4635 1.3980120872424229e+02 -1.4395616245593740e+02
4636 1.3512820361518411e+02 -1.4756175995860119e+02
4637 1.3034203433239620e+02 -1.5101572777793561e+02
4638 1.2544761898835520e+02 -1.5431451672852270e+02
4639 1.2044998692568279e+02 -1.5745473708172219e+02
4640 1.1535427354915640e+02 -1.6043316204884670e+02
4641 1.1016571504873370e+02 -1.6324673109690491e+02
4642 1.0488964301901321e+02 -1.6589255309350671e+02
4643 9.9531478980660793e+01 -1.6836790927769641e+02
4644 9.4096728809430232e+01 -1.7067025605366439e+02
4645 8.8590977078504224e+01 -1.7279722760446259e+02
4646 8.3019881319967482e+01 -1.7474663832304239e+02
4647 7.7389166211310283e+01 -1.7651648505811289e+02
4648 7.1704617692935471e+01 -1.7810494917251469e+02
4649 6.5972077022713165e+01 -1.7951039841199221e+02
4650 6.0197434773694063e+01 -1.8073138858244539e+02
4651 5.4386624781146807e+01 -1.8176666503393679e+02
4652 4.8545618045141509e+01 -1.8261516394992941e+02
4653 4.2680416594943402e+01 -1.8327601344042961e+02
4654 3.6797047321522221e+01 -1.8374853443791349e+02
4655 3.0901555784513938e+01 -1.8403224139511411e+02
4656 2.5000000000000028e+01 -1.8412684278395500e+02
4657 1.9098444215486161e+01 -1.8403224139511411e+02
4658 1.3202952678477891e+01 -1.8374853443791349e+02
4659 7.3195834050566937e+00 -1.8327601344042961e+02
4660 1.4543819548586030e+00 -1.8261516394992941e+02
4661 -4.3866247811467263e+00 -1.8176666503393679e+02
4662 -1.0197434773693971e+01 -1.8073138858244539e+02
4663 -1.5972077022713080e+01 -1.7951039841199221e+02
4664 -2.1704617692935390e+01 -1.7810494917251469e+02
4665 -2.7389166211310190e+01 -1.7651648505811289e+02
4666 -3.3019881319967418e+01 -1.7474663832304239e+02
4667 -3.8590977078504153e+01 -1.7279722760446259e+02
4668 -4.4096728809430147e+01 -1.7067025605366430e+02
4669 -4.9531478980660708e+01 -1.6836790927769641e+02
4670 -5.4889643019013143e+01 -1.6589255309350671e+02
4671 -6.0165715048733652e+01 -1.6324673109690499e+02
4672 -6.5354273549156346e+01 -1.6043316204884670e+02
4673 -7.0449986925682708e+01 -1.5745473708172219e+02
4674 -7.5447618988355103e+01 -1.5431451672852270e+02
4675 -8.0342034332396139e+01 -1.5101572777793561e+02
4676 -8.5128203615184049e+01 -1.4756175995860119e+02
4677 -8.9801208724242258e+01 -1.4395616245593740e+02
4678 -9.4356247830932602e+01 -1.4020264026511160e+02
4679 -9.8788640324658473e+01 -1.3630505038390771e+02
4680 -1.0309383162250890e+02 -1.3226739784940060e+02
4681 -1.0726739784940060e+02 -1.2809383162250899e+02
4682 -1.1130505038390770e+02 -1.2378864032465850e+02
4683 -1.1520264026511160e+02 -1.1935624783093260e+02
4684 -1.1895616245593740e+02 -1.1480120872424230e+02
4685 -1.2256175995860120e+02 -1.1012820361518411e+02
4686 -1.2601572777793569e+02 -1.0534203433239620e+02
4687 -1.2931451672852270e+02 -1.0044761898835520e+02
4688 -1.3245473708172230e+02 -9.5449986925682680e+01
4689 -1.3543316204884681e+02 -9.0354273549156318e+01
4690 -1.3824673109690499e+02 -8.5165715048733631e+01
4691 -1.4089255309350671e+02 -7.9889643019013207e+01
4692 -1.4336790927769650e+02 -7.4531478980660722e+01
4693 -1.4567025605366430e+02 -6.9096728809430232e+01
4694 -1.4779722760446259e+02 -6.3590977078504167e+01
4695 -1.4974663832304239e+02 -5.8019881319967453e+01
4696 -1.5151648505811301e+02 -5.2389166211310247e+01
4697 -1.5310494917251469e+02 -4.6704617692935393e+01
4698 -1.5451039841199210e+02 -4.0972077022713151e+01
4699 -1.5573138858244531e+02 -3.5197434773694013e+01
4700 -1.5676666503393679e+02 -2.9386624781146740e+01
4701 -1.5761516394992941e+02 -2.3545618045141431e+01
4702 -1.5827601344042969e+02 -1.7680416594943360e+01
4703 -1.5874853443791349e+02 -1.1797047321522140e+01
4704 -1.5903224139511411e+02 -5.9015557845138904e+00
4705 -1.7079078235377011e+02 0.0000000000000000e+00
4706 -1.7069018822174201e+02 6.2754034484269230e+00
4707 -1.7038850919292881e+02 1.2544358495601950e+01
4708 -1.6988605526292520e+02 1.8800423366441368e+01
4709 -1.6918334273710980e+02 2.5037169531389011e+01
4710 -1.6828109370010520e+02 3.1248188312164942e+01
4711 -1.6718023527378779e+02 3.7427097467115587e+01
4712 -1.6588189866460701e+02 4.3567547749398472e+01
4713 -1.6438741800119439e+02 4.9663229431262529e+01
4714 -1.6269832896345690e+02 5.5707878787720013e+01
4715 -1.6081636720456049e+02 6.1695284532947127e+01
4716 -1.5874346656743069e+02 6.7619294202800290e+01
4717 -1.5648175709759730e+02 7.3473820476888818e+01
4718 -1.5403356285442899e+02 7.9252847433708155e+01
4719 -1.5140139952300521e+02 8.4950436732405933e+01
4720 -1.4858797182907961e+02 9.0560733714828444e+01
4721 -1.4559617075979151e+02 9.6077973421577980e+01
4722 -1.4242907059298139e+02 1.0149648651589800e+02
4723 -1.3908992573816201e+02 1.0681070510930020e+02
4724 -1.3558216739239359e+02 1.1201516848294570e+02
4725 -1.3190940001449579e+02 1.1710452869890381e+02
4726 -1.2807539762122340e+02 1.2207355609551870e+02
4727 -1.2408409990920910e+02 1.2691714466124100e+02
4728 -1.1993960820665799e+02 1.3163031728139950e+02
4729 -1.1564618125895640e+02 1.3620823085252300e+02
4730 -1.1120823085252290e+02 1.4064618125895660e+02
4731 -1.0663031728139940e+02 1.4493960820665819e+02
4732 -1.0191714466124090e+02 1.4908409990920930e+02
4733 -9.7073556095518541e+01 1.5307539762122369e+02
4734 -9.2104528698903692e+01 1.5690940001449590e+02
4735 -8.7015168482945597e+01 1.6058216739239381e+02
4736 -8.1810705109300045e+01 1.6408992573816229e+02
4737 -7.6496486515897956e+01 1.6742907059298159e+02
4738 -7.1077973421577894e+01 1.7059617075979179e+02
4739 -6.5560733714828373e+01 1.7358797182907989e+02
4740 -5.9950436732405791e+01 1.7640139952300549e+02
4741 -5.4252847433708070e+01 1.7903356285442931e+02
4742 -4.8473820476888733e+01 1.8148175709759761e+02
4743 -4.2619294202800234e+01 1.8374346656743100e+02
4744 -3.6695284532947099e+01 1.8581636720456081e+02
4745 -3.0707878787719931e+01 1.8769832896345719e+02
4746 -2.4663229431262529e+01 1.8938741800119479e+02
4747 -1.8567547749398390e+01 1.9088189866460729e+02
4748 -1.2427097467115550e+01 1.9218023527378810e+02
4749 -6.2481883121649453e+00 1.9328109370010549e+02
4750 -3.7169531389000803e-02 1.9418334273711011e+02
4751 6.1995766335586584e+00 1.9488605526292559e+02
4752 1.2455641504398040e+01 1.9538850919292909e+02
4753 1.8724596551573089e+01 1.9569018822174240e+02
4754 2.4999999999999989e+01 1.9579078235377040e+02
4755 3.1275403448426900e+01 1.9569018822174240e+02
4756 3.7544358495601927e+01 1.9538850919292909e+02
4757 4.3800423366441343e+01 1.9488605526292559e+02
4758 5.0037169531388983e+01 1.9418334273711011e+02
4759 5.6248188312164913e+01 1.9328109370010549e+02
4760 6.2427097467115573e+01 1.9218023527378810e+02
4761 6.8567547749398415e+01 1.9088189866460721e+02
4762 7.4663229431262465e+01 1.8938741800119470e+02
4763 8.0707878787719920e+01 1.8769832896345719e+02
4764 8.6695284532947042e+01 1.8581636720456081e+02
4765 9.2619294202800219e+01 1.8374346656743100e+02
4766 9.8473820476888747e+01 1.8148175709759761e+02
4767 1.0425284743370810e+02 1.7903356285442931e+02
4768 1.0995043673240581e+02 1.7640139952300541e+02
4769 1.1556073371482830e+02 1.7358797182907989e+02
4770 1.2107797342157789e+02 1.7059617075979179e+02
4771 1.2649648651589790e+02 1.6742907059298159e+02
4772 1.3181070510930010e+02 1.6408992573816229e+02
4773 1.3701516848294560e+02 1.6058216739239381e+02
4774 1.4210452869890369e+02 1.5690940001449590e+02
4775 1.4707355609551860e+02 1.5307539762122369e+02
4776 1.5191714466124091e+02 1.4908409990920930e+02
4777 1.5663031728139941e+02 1.4493960820665819e+02
4778 1.6120823085252280e+02 1.4064618125895660e+02
4779 1.6564618125895640e+02 1.3620823085252300e+02
4780 1.6993960820665799e+02 1.3163031728139950e+02
4781 1.7408409990920919e+02 1.2691714466124100e+02
4782 1.7807539762122349e+02 1.2207355609551870e+02
4783 1.8190940001449579e+02 1.1710452869890381e+02
4784 1.8558216739239350e+02 1.1201516848294570e+02
4785 1.8908992573816209e+02 1.0681070510930020e+02
4786 1.9242907059298130e+02 1.0149648651589810e+02
4787 1.9559617075979159e+02 9.6077973421577980e+01
4788 1.9858797182907961e+02 9.0560733714828459e+01
4789 2.0140139952300521e+02 8.4950436732405862e+01
4790 2.0403356285442899e+02 7.9252847433708126e+01
4791 2.0648175709759730e+02 7.3473820476888790e+01
4792 2.0874346656743069e+02 6.7619294202800290e+01
4793 2.1081636720456061e+02 6.1695284532947163e+01
4794 2.1269832896345699e+02 5.5707878787719977e+01
4795 2.1438741800119450e+02 4.9663229431262572e+01
4796 2.1588189866460689e+02 4.3567547749398429e+01
4797 2.1718023527378770e+02 3.7427097467115580e+01
4798 2.1828109370010520e+02 3.1248188312164960e+01
4799 2.1918334273710991e+02 2.5037169531389019e+01
4800 2.1988605526292531e+02 1.8800423366441361e+01
4801 2.2038850919292881e+02 1.2544358495601969e+01
4802 2.2069018822174209e+02 6.2754034484269221e+00
4803 2.2079078235377011e+02 2.3599999999999999e-14
4804 2.2069018822174209e+02 -6.2754034484268937e+00
4805 2.2038850919292869e+02 -1.2544358495601911e+01
4806 2.1988605526292531e+02 -1.8800423366441319e+01
4807 2.1918334273710991e+02 -2.5037169531388962e+01
4808 2.1828109370010520e+02 -3.1248188312164881e+01
4809 2.1718023527378770e+02 -3.7427097467115523e+01
4810 2.1588189866460701e+02 -4.3567547749398393e+01
4811 2.1438741800119450e+02 -4.9663229431262437e+01
4812 2.1269832896345690e+02 -5.5707878787719913e+01
4813 2.1081636720456049e+02 -6.1695284532947028e+01
4814 2.0874346656743069e+02 -6.7619294202800162e+01
4815 2.0648175709759721e+02 -7.3473820476888690e+01
4816 2.0403356285442899e+02 -7.9252847433708013e+01
4817 2.0140139952300521e+02 -8.4950436732405805e+01
4818 1.9858797182907961e+02 -9.0560733714828274e+01
4819 1.9559617075979159e+02 -9.6077973421577809e+01
4820 1.9242907059298150e+02 -1.0149648651589780e+02
4821 1.8908992573816201e+02 -1.0681070510930000e+02
4822 1.8558216739239359e+02 -1.1201516848294550e+02
4823 1.8190940001449570e+02 -1.1710452869890359e+02
4824 1.7807539762122349e+02 -1.2207355609551850e+02
4825 1.7408409990920910e+02 -1.2691714466124080e+02
4826 1.6993960820665799e+02 -1.3163031728139930e+02
4827 1.6564618125895640e+02 -1.3620823085252280e+02
4828 1.6120823085252289e+02 -1.4064618125895640e+02
4829 1.5663031728139941e+02 -1.4493960820665791e+02
4830 1.5191714466124091e+02 -1.4908409990920899e+02
4831 1.4707355609551851e+02 -1.5307539762122340e+02
4832 1.4210452869890369e+02 -1.5690940001449570e+02
4833 1.3701516848294560e+02 -1.6058216739239350e+02
4834 1.3181070510929999e+02 -1.6408992573816201e+02
4835 1.2649648651589800e+02 -1.6742907059298130e+02
4836 1.2107797342157789e+02 -1.7059617075979159e+02
4837 1.1556073371482840e+02 -1.7358797182907961e+02
4838 1.0995043673240590e+02 -1.7640139952300521e+02
4839 1.0425284743370810e+02 -1.7903356285442891e+02
4840 9.8473820476888733e+01 -1.8148175709759721e+02
4841 9.2619294202800276e+01 -1.8374346656743069e+02
4842 8.6695284532947156e+01 -1.8581636720456041e+02
4843 8.0707878787719977e+01 -1.8769832896345679e+02
4844 7.4663229431262550e+01 -1.8938741800119439e+02
4845 6.8567547749398443e+01 -1.9088189866460689e+02
4846 6.2427097467115587e+01 -1.9218023527378770e+02
4847 5.6248188312164977e+01 -1.9328109370010520e+02
4848 5.0037169531389040e+01 -1.9418334273710980e+02
4849 4.3800423366441407e+01 -1.9488605526292520e+02
4850 3.7544358495602012e+01 -1.9538850919292869e+02
4851 3.1275403448426982e+01 -1.9569018822174209e+02
4852 2.5000000000000039e+01 -1.9579078235377011e+02
4853 1.8724596551573139e+01 -1.9569018822174209e+02
4854 1.2455641504398100e+01 -1.9538850919292869e+02
4855 6.1995766335587170e+00 -1.9488605526292520e+02
4856 -3.7169531388936902e-02 -1.9418334273710980e+02
4857 -6.2481883121648796e+00 -1.9328109370010520e+02
4858 -1.2427097467115480e+01 -1.9218023527378770e+02
4859 -1.8567547749398319e+01 -1.9088189866460689e+02
4860 -2.4663229431262469e+01 -1.8938741800119439e+02
4861 -3.0707878787719860e+01 -1.8769832896345690e+02
4862 -3.6695284532947028e+01 -1.8581636720456041e+02
4863 -4.2619294202800162e+01 -1.8374346656743060e+02
4864 -4.8473820476888662e+01 -1.8148175709759730e+02
4865 -5.4252847433707998e+01 -1.7903356285442899e+02
4866 -5.9950436732405713e+01 -1.7640139952300521e+02
4867 -6.5560733714828302e+01 -1.7358797182907961e+02
4868 -7.1077973421577838e+01 -1.7059617075979151e+02
4869 -7.6496486515897885e+01 -1.6742907059298139e+02
4870 -8.1810705109299931e+01 -1.6408992573816201e+02
4871 -8.7015168482945541e+01 -1.6058216739239350e+02
4872 -9.2104528698903607e+01 -1.5690940001449570e+02
4873 -9.7073556095518455e+01 -1.5307539762122340e+02
4874 -1.0191714466124080e+02 -1.4908409990920899e+02
4875 -1.0663031728139930e+02 -1.4493960820665799e+02
4876 -1.1120823085252280e+02 -1.4064618125895640e+02
4877 -1.1564618125895640e+02 -1.3620823085252280e+02
4878 -1.1993960820665789e+02 -1.3163031728139941e+02
4879 -1.2408409990920910e+02 -1.2691714466124090e+02
4880 -1.2807539762122340e+02 -1.2207355609551850e+02
4881 -1.3190940001449570e+02 -1.1710452869890359e+02
4882 -1.3558216739239350e+02 -1.1201516848294560e+02
4883 -1.3908992573816201e+02 -1.0681070510930000e+02
4884 -1.4242907059298130e+02 -1.0149648651589790e+02
4885 -1.4559617075979151e+02 -9.6077973421577809e+01
4886 -1.4858797182907961e+02 -9.0560733714828302e+01
4887 -1.5140139952300510e+02 -8.4950436732405819e+01
4888 -1.5403356285442891e+02 -7.9252847433708041e+01
4889 -1.5648175709759721e+02 -7.3473820476888733e+01
4890 -1.5874346656743069e+02 -6.7619294202800205e+01
4891 -1.6081636720456049e+02 -6.1695284532947049e+01
4892 -1.6269832896345679e+02 -5.5707878787719920e+01
4893 -1.6438741800119450e+02 -4.9663229431262472e+01
4894 -1.6588189866460689e+02 -4.3567547749398422e+01
4895 -1.6718023527378770e+02 -3.7427097467115530e+01
4896 -1.6828109370010520e+02 -3.1248188312164899e+01
4897 -1.6918334273710980e+02 -2.5037169531388979e+01
4898 -1.6988605526292520e+02 -1.8800423366441340e+01
4899 -1.7038850919292869e+02 -1.2544358495601930e+01
4900 -1.7069018822174209e+02 -6.2754034484269159e+00
4901 -1.8230946693803921e+02 0.0000000000000000e+00
4902 -1.8220295469248251e+02 6.6445954609030542e+00
4903 -1.8188352740434439e+02 1.3282363150804519e+01
4904 -1.8135151330675660e+02 1.9906482314699058e+01
4905 -1.8060745908016770e+02 2.6510146222364419e+01
4906 -1.7965212929059260e+02 3.3086569162736893e+01
4907 -1.7848650560396891e+02 3.9628993416688097e+01
4908 -1.7711178577742939e+02 4.6130696201038219e+01
4909 -1.7552938242852491e+02 5.2584996576670157e+01
4910 -1.7374092158366469e+02 5.8985262313646167e+01
4911 -1.7174824100726431e+02 6.5324916706272319e+01
4912 -1.6955338831331869e+02 7.1597445331108247e+01
4913 -1.6715861886133970e+02 7.7796402740977697e+01
4914 -1.6456639343882239e+02 8.3915419088100961e+01
4915 -1.6177937573261909e+02 8.9948206669544348e+01
4916 -1.5880042959182200e+02 9.5888566388259733e+01
4917 -1.5563261608496310e+02 1.0173039412307600e+02
4918 -1.5227919035456040e+02 1.0746768700109610e+02
4919 -1.4874359827223901e+02 1.1309454956605489e+02
4920 -1.4502947289786479e+02 1.1860519983629850e+02
4921 -1.4114063074632949e+02 1.2399397524616199e+02
4922 -1.3708106786582431e+02 1.2925533846463790e+02
4923 -1.3285495573162970e+02 1.3438388308535829e+02
4924 -1.2846663695964310e+02 1.3937433918204300e+02
4925 -1.2392062084404689e+02 1.4422157872370440e+02
4926 -1.1922157872370430e+02 1.4892062084404699e+02
4927 -1.1437433918204290e+02 1.5346663695964321e+02
4928 -1.0938388308535831e+02 1.5785495573162979e+02
4929 -1.0425533846463770e+02 1.6208106786582451e+02
4930 -9.8993975246161853e+01 1.6614063074632961e+02
4931 -9.3605199836298382e+01 1.7002947289786499e+02
4932 -8.8094549566054738e+01 1.7374359827223921e+02
4933 -8.2467687001096081e+01 1.7727919035456051e+02
4934 -7.6730394123075939e+01 1.8063261608496319e+02
4935 -7.0888566388259704e+01 1.8380042959182219e+02
4936 -6.4948206669544263e+01 1.8677937573261951e+02
4937 -5.8915419088100911e+01 1.8956639343882259e+02
4938 -5.2796402740977612e+01 1.9215861886133990e+02
4939 -4.6597445331108219e+01 1.9455338831331889e+02
4940 -4.0324916706272312e+01 1.9674824100726460e+02
4941 -3.3985262313646103e+01 1.9874092158366500e+02
4942 -2.7584996576670171e+01 2.0052938242852520e+02
4943 -2.1130696201038159e+01 2.0211178577742970e+02
4944 -1.4628993416688070e+01 2.0348650560396931e+02
4945 -8.0865691627369003e+00 2.0465212929059280e+02
4946 -1.5101462223644100e+00 2.0560745908016801e+02
4947 5.0935176853009736e+00 2.0635151330675691e+02
4948 1.1717636849195481e+01 2.0688352740434479e+02
4949 1.8355404539096959e+01 2.0720295469248279e+02
4950 2.4999999999999989e+01 2.0730946693803949e+02
4951 3.1644595460903030e+01 2.0720295469248279e+02
4952 3.8282363150804500e+01 2.0688352740434470e+02
4953 4.4906482314699034e+01 2.0635151330675691e+02
4954 5.1510146222364391e+01 2.0560745908016801e+02
4955 5.8086569162736893e+01 2.0465212929059280e+02
4956 6.4628993416688076e+01 2.0348650560396919e+02
4957 7.1130696201038177e+01 2.0211178577742970e+02
4958 7.7584996576670108e+01 2.0052938242852511e+02
4959 8.3985262313646103e+01 1.9874092158366491e+02
4960 9.0324916706272262e+01 1.9674824100726451e+02
4961 9.6597445331108233e+01 1.9455338831331900e+02
4962 1.0279640274097770e+02 1.9215861886133990e+02
4963 1.0891541908810090e+02 1.8956639343882259e+02
4964 1.1494820666954431e+02 1.8677937573261940e+02
4965 1.2088856638825970e+02 1.8380042959182219e+02
4966 1.2673039412307590e+02 1.8063261608496310e+02
4967 1.3246768700109601e+02 1.7727919035456060e+02
4968 1.3809454956605481e+02 1.7374359827223921e+02
4969 1.4360519983629840e+02 1.7002947289786499e+02
4970 1.4899397524616191e+02 1.6614063074632961e+02
4971 1.5425533846463779e+02 1.6208106786582439e+02
4972 1.5938388308535821e+02 1.5785495573162979e+02
4973 1.6437433918204289e+02 1.5346663695964321e+02
4974 1.6922157872370431e+02 1.4892062084404699e+02
4975 1.7392062084404691e+02 1.4422157872370440e+02
4976 1.7846663695964301e+02 1.3937433918204300e+02
4977 1.8285495573162970e+02 1.3438388308535829e+02
4978 1.8708106786582431e+02 1.2925533846463790e+02
4979 1.9114063074632941e+02 1.2399397524616199e+02
4980 1.9502947289786479e+02 1.1860519983629850e+02
4981 1.9874359827223910e+02 1.1309454956605479e+02
4982 2.0227919035456031e+02 1.0746768700109619e+02
4983 2.0563261608496299e+02 1.0173039412307610e+02
4984 2.0880042959182200e+02 9.5888566388259761e+01
4985 2.1177937573261920e+02 8.9948206669544334e+01
4986 2.1456639343882230e+02 8.3915419088100947e+01
4987 2.1715861886133970e+02 7.7796402740977697e+01
4988 2.1955338831331861e+02 7.1597445331108261e+01
4989 2.2174824100726431e+02 6.5324916706272347e+01
4990 2.2374092158366460e+02 5.8985262313646153e+01
4991 2.2552938242852491e+02 5.2584996576670200e+01
4992 2.2711178577742939e+02 4.6130696201038177e+01
4993 2.2848650560396891e+02 3.9628993416688097e+01
4994 2.2965212929059251e+02 3.3086569162736922e+01
4995 2.3060745908016770e+02 2.6510146222364419e+01
4996 2.3135151330675669e+02 1.9906482314699041e+01
4997 2.3188352740434439e+02 1.3282363150804530e+01
4998 2.3220295469248239e+02 6.6445954609030506e+00
4999 2.3230946693803921e+02 2.5099999999999998e-14
5000 2.3220295469248239e+02 -6.6445954609030222e+00
5001 2.3188352740434451e+02 -1.3282363150804480e+01
5002 2.3135151330675669e+02 -1.9906482314699009e+01
5003 2.3060745908016770e+02 -2.6510146222364369e+01
5004 2.2965212929059260e+02 -3.3086569162736843e+01
5005 2.2848650560396891e+02 -3.9628993416688047e+01
5006 2.2711178577742939e+02 -4.6130696201038148e+01
5007 2.2552938242852491e+02 -5.2584996576670093e+01
5008 2.2374092158366469e+02 -5.8985262313646089e+01
5009 2.2174824100726440e+02 -6.5324916706272234e+01
5010 2.1955338831331869e+02 -7.1597445331108162e+01
5011 2.1715861886133970e+02 -7.7796402740977598e+01
5012 2.1456639343882230e+02 -8.3915419088100862e+01
5013 2.1177937573261909e+02 -8.9948206669544248e+01
5014 2.0880042959182200e+02 -9.5888566388259591e+01
5015 2.0563261608496299e+02 -1.0173039412307590e+02
5016 2.0227919035456040e+02 -1.0746768700109600e+02
5017 1.9874359827223910e+02 -1.1309454956605470e+02
5018 1.9502947289786471e+02 -1.1860519983629830e+02
5019 1.9114063074632949e+02 -1.2399397524616180e+02
5020 1.8708106786582431e+02 -1.2925533846463779e+02
5021 1.8285495573162970e+02 -1.3438388308535821e+02
5022 1.7846663695964310e+02 -1.3937433918204280e+02
5023 1.7392062084404691e+02 -1.4422157872370420e+02
5024 1.6922157872370431e+02 -1.4892062084404679e+02
5025 1.6437433918204280e+02 -1.5346663695964301e+02
5026 1.5938388308535829e+02 -1.5785495573162970e+02
5027 1.5425533846463770e+02 -1.6208106786582411e+02
5028 1.4899397524616191e+02 -1.6614063074632941e+02
5029 1.4360519983629840e+02 -1.7002947289786471e+02
5030 1.3809454956605481e+02 -1.7374359827223901e+02
5031 1.3246768700109610e+02 -1.7727919035456031e+02
5032 1.2673039412307600e+02 -1.8063261608496290e+02
5033 1.2088856638825980e+02 -1.8380042959182200e+02
5034 1.1494820666954431e+02 -1.8677937573261920e+02
5035 1.0891541908810100e+02 -1.8956639343882230e+02
5036 1.0279640274097760e+02 -1.9215861886133970e+02
5037 9.6597445331108275e+01 -1.9455338831331861e+02
5038 9.0324916706272361e+01 -1.9674824100726440e+02
5039 8.3985262313646160e+01 -1.9874092158366469e+02
5040 7.7584996576670221e+01 -2.0052938242852491e+02
5041 7.1130696201038205e+01 -2.0211178577742939e+02
5042 6.4628993416688132e+01 -2.0348650560396891e+02
5043 5.8086569162736957e+01 -2.0465212929059260e+02
5044 5.1510146222364462e+01 -2.0560745908016770e+02
5045 4.4906482314699090e+01 -2.0635151330675660e+02
5046 3.8282363150804571e+01 -2.0688352740434439e+02
5047 3.1644595460903108e+01 -2.0720295469248251e+02
5048 2.5000000000000039e+01 -2.0730946693803921e+02
5049 1.8355404539097009e+01 -2.0720295469248251e+02
5050 1.1717636849195531e+01 -2.0688352740434439e+02
5051 5.0935176853010304e+00 -2.0635151330675660e+02
5052 -1.5101462223643480e+00 -2.0560745908016770e+02
5053 -8.0865691627368363e+00 -2.0465212929059260e+02
5054 -1.4628993416688010e+01 -2.0348650560396891e+02
5055 -2.1130696201038091e+01 -2.0211178577742950e+02
5056 -2.7584996576670111e+01 -2.0052938242852491e+02
5057 -3.3985262313646039e+01 -1.9874092158366469e+02
5058 -4.0324916706272219e+01 -1.9674824100726440e+02
5059 -4.6597445331108140e+01 -1.9455338831331861e+02
5060 -5.2796402740977562e+01 -1.9215861886133970e+02
5061 -5.8915419088100840e+01 -1.8956639343882230e+02
5062 -6.4948206669544206e+01 -1.8677937573261920e+02
5063 -7.0888566388259619e+01 -1.8380042959182200e+02
5064 -7.6730394123075882e+01 -1.8063261608496290e+02
5065 -8.2467687001096039e+01 -1.7727919035456020e+02
5066 -8.8094549566054695e+01 -1.7374359827223901e+02
5067 -9.3605199836298311e+01 -1.7002947289786471e+02
5068 -9.8993975246161824e+01 -1.6614063074632941e+02
5069 -1.0425533846463770e+02 -1.6208106786582420e+02
5070 -1.0938388308535821e+02 -1.5785495573162970e+02
5071 -1.1437433918204280e+02 -1.5346663695964301e+02
5072 -1.1922157872370430e+02 -1.4892062084404679e+02
5073 -1.2392062084404679e+02 -1.4422157872370431e+02
5074 -1.2846663695964301e+02 -1.3937433918204280e+02
5075 -1.3285495573162970e+02 -1.3438388308535821e+02
5076 -1.3708106786582420e+02 -1.2925533846463779e+02
5077 -1.4114063074632941e+02 -1.2399397524616180e+02
5078 -1.4502947289786471e+02 -1.1860519983629830e+02
5079 -1.4874359827223901e+02 -1.1309454956605479e+02
5080 -1.5227919035456031e+02 -1.0746768700109600e+02
5081 -1.5563261608496290e+02 -1.0173039412307590e+02
5082 -1.5880042959182200e+02 -9.5888566388259619e+01
5083 -1.6177937573261909e+02 -8.9948206669544263e+01
5084 -1.6456639343882230e+02 -8.3915419088100890e+01
5085 -1.6715861886133970e+02 -7.7796402740977612e+01
5086 -1.6955338831331861e+02 -7.1597445331108190e+01
5087 -1.7174824100726431e+02 -6.5324916706272248e+01
5088 -1.7374092158366469e+02 -5.8985262313646103e+01
5089 -1.7552938242852491e+02 -5.2584996576670122e+01
5090 -1.7711178577742950e+02 -4.6130696201038177e+01
5091 -1.7848650560396891e+02 -3.9628993416688061e+01
5092 -1.7965212929059251e+02 -3.3086569162736872e+01
5093 -1.8060745908016770e+02 -2.6510146222364391e+01
5094 -1.8135151330675660e+02 -1.9906482314699030e+01
5095 -1.8188352740434439e+02 -1.3282363150804510e+01
5096 -1.8220295469248251e+02 -6.6445954609030480e+00
5097 -1.9357866888174630e+02 0.0000000000000000e+00
5098 -1.9346636670279969e+02 7.0057911611724277e+00
5099 -1.9312957556404001e+02 1.4004383398344901e+01
5100 -1.9256864154112910e+02 2.0988585184898540e+01
5101 -1.9178414103169391e+02 2.7951219781375190e+01
5102 -1.9077688016303890e+02 3.4885132610062499e+01
5103 -1.8954789396379621e+02 4.1783198606805968e+01
5104 -1.8809844530036310e+02 4.8638329542494233e+01
5105 -1.8643002357922219e+02 5.5443481306693393e+01
5106 -1.8454434321647491e+02 6.2191661145946867e+01
5107 -1.8244334187616329e+02 6.8875934849302155e+01
5108 -1.8012917847918951e+02 7.5489433873681349e+01
5109 -1.7760423098487809e+02 8.2025362401773464e+01
5110 -1.7487109394746241e+02 8.8477004325196106e+01
5111 -1.7193257585000461e+02 9.4837730145750825e+01
5112 -1.6879169621848999e+02 1.0110100378768070e+02
5113 -1.6545168251905861e+02 1.0726038931393001e+02
5114 -1.6191596684156721e+02 1.1330955753950440e+02
5115 -1.5818818237288389e+02 1.1924229253513680e+02
5116 -1.5427215966354339e+02 1.2505249801457440e+02
5117 -1.5017192269159719e+02 1.3073420359892529e+02
5118 -1.4589168472770430e+02 1.3628157095162589e+02
5119 -1.4143584400571100e+02 1.4168889977772699e+02
5120 -1.3680897920316770e+02 1.4695063368133171e+02
5121 -1.3201584473642890e+02 1.5206136587516829e+02
5122 -1.2706136587516821e+02 1.5701584473642910e+02
5123 -1.2195063368133169e+02 1.6180897920316789e+02
5124 -1.1668889977772690e+02 1.6643584400571120e+02
5125 -1.1128157095162570e+02 1.7089168472770450e+02
5126 -1.0573420359892521e+02 1.7517192269159739e+02
5127 -1.0005249801457430e+02 1.7927215966354350e+02
5128 -9.4242292535136670e+01 1.8318818237288411e+02
5129 -8.8309557539504340e+01 1.8691596684156741e+02
5130 -8.2260389313929892e+01 1.9045168251905881e+02
5131 -7.6101003787680654e+01 1.9379169621849019e+02
5132 -6.9837730145750740e+01 1.9693257585000501e+02
5133 -6.3477004325196049e+01 1.9987109394746270e+02
5134 -5.7025362401773393e+01 2.0260423098487840e+02
5135 -5.0489433873681307e+01 2.0512917847918979e+02
5136 -4.3875934849302162e+01 2.0744334187616360e+02
5137 -3.7191661145946803e+01 2.0954434321647511e+02
5138 -3.0443481306693389e+01 2.1143002357922239e+02
5139 -2.3638329542494159e+01 2.1309844530036330e+02
5140 -1.6783198606805950e+01 2.1454789396379641e+02
5141 -9.8851326100624934e+00 2.1577688016303921e+02
5142 -2.9512197813751779e+00 2.1678414103169419e+02
5143 4.0114148151014977e+00 2.1756864154112949e+02
5144 1.0995616601655090e+01 2.1812957556404029e+02
5145 1.7994208838827589e+01 2.1846636670280000e+02
5146 2.4999999999999989e+01 2.1857866888174661e+02
5147 3.2005791161172411e+01 2.1846636670279989e+02
5148 3.9004383398344892e+01 2.1812957556404041e+02
5149 4.5988585184898533e+01 2.1756864154112941e+02
5150 5.2951219781375173e+01 2.1678414103169419e+02
5151 5.9885132610062477e+01 2.1577688016303921e+02
5152 6.6783198606805939e+01 2.1454789396379641e+02
5153 7.3638329542494219e+01 2.1309844530036330e+02
5154 8.0443481306693315e+01 2.1143002357922239e+02
5155 8.7191661145946824e+01 2.0954434321647511e+02
5156 9.3875934849302141e+01 2.0744334187616360e+02
5157 1.0048943387368131e+02 2.0512917847918970e+02
5158 1.0702536240177341e+02 2.0260423098487831e+02
5159 1.1347700432519611e+02 1.9987109394746261e+02
5160 1.1983773014575080e+02 1.9693257585000489e+02
5161 1.2610100378768060e+02 1.9379169621849019e+02
5162 1.3226038931392989e+02 1.9045168251905881e+02
5163 1.3830955753950431e+02 1.8691596684156741e+02
5164 1.4424229253513681e+02 1.8318818237288411e+02
5165 1.5005249801457441e+02 1.7927215966354350e+02
5166 1.5573420359892521e+02 1.7517192269159730e+02
5167 1.6128157095162581e+02 1.7089168472770450e+02
5168 1.6668889977772690e+02 1.6643584400571129e+02
5169 1.7195063368133171e+02 1.6180897920316801e+02
5170 1.7706136587516821e+02 1.5701584473642899e+02
5171 1.8201584473642890e+02 1.5206136587516841e+02
5172 1.8680897920316770e+02 1.4695063368133179e+02
5173 1.9143584400571100e+02 1.4168889977772699e+02
5174 1.9589168472770439e+02 1.3628157095162581e+02
5175 2.0017192269159710e+02 1.3073420359892521e+02
5176 2.0427215966354339e+02 1.2505249801457440e+02
5177 2.0818818237288389e+02 1.1924229253513680e+02
5178 2.1191596684156721e+02 1.1330955753950450e+02
5179 2.1545168251905869e+02 1.0726038931393001e+02
5180 2.1879169621848999e+02 1.0110100378768070e+02
5181 2.2193257585000470e+02 9.4837730145750783e+01
5182 2.2487109394746241e+02 8.8477004325196120e+01
5183 2.2760423098487809e+02 8.2025362401773464e+01
5184 2.3012917847918951e+02 7.5489433873681378e+01
5185 2.3244334187616329e+02 6.8875934849302197e+01
5186 2.3454434321647500e+02 6.2191661145946860e+01
5187 2.3643002357922211e+02 5.5443481306693428e+01
5188 2.3809844530036301e+02 4.8638329542494191e+01
5189 2.3954789396379610e+02 4.1783198606805982e+01
5190 2.4077688016303890e+02 3.4885132610062527e+01
5191 2.4178414103169391e+02 2.7951219781375212e+01
5192 2.4256864154112921e+02 2.0988585184898529e+01
5193 2.4312957556404001e+02 1.4004383398344929e+01
5194 2.4346636670279969e+02 7.0057911611724260e+00
5195 2.4357866888174630e+02 2.6600000000000002e-14
5196 2.4346636670279969e+02 -7.0057911611723984e+00
5197 2.4312957556404001e+02 -1.4004383398344871e+01
5198 2.4256864154112910e+02 -2.0988585184898490e+01
5199 2.4178414103169391e+02 -2.7951219781375151e+01
5200 2.4077688016303890e+02 -3.4885132610062442e+01
5201 2.3954789396379610e+02 -4.1783198606805911e+01
5202 2.3809844530036301e+02 -4.8638329542494183e+01
5203 2.3643002357922219e+02 -5.5443481306693322e+01
5204 2.3454434321647491e+02 -6.2191661145946817e+01
5205 2.3244334187616340e+02 -6.8875934849302098e+01
5206 2.3012917847918951e+02 -7.5489433873681278e+01
5207 2.2760423098487809e+02 -8.2025362401773364e+01
5208 2.2487109394746241e+02 -8.8477004325195992e+01
5209 2.2193257585000470e+02 -9.4837730145750726e+01
5210 2.1879169621848990e+02 -1.0110100378768050e+02
5211 2.1545168251905869e+02 -1.0726038931392991e+02
5212 2.1191596684156730e+02 -1.1330955753950430e+02
5213 2.0818818237288389e+02 -1.1924229253513670e+02
5214 2.0427215966354350e+02 -1.2505249801457430e+02
5215 2.0017192269159719e+02 -1.3073420359892509e+02
5216 1.9589168472770430e+02 -1.3628157095162570e+02
5217 1.9143584400571100e+02 -1.4168889977772679e+02
5218 1.8680897920316781e+02 -1.4695063368133160e+02
5219 1.8201584473642890e+02 -1.5206136587516821e+02
5220 1.7706136587516821e+02 -1.5701584473642879e+02
5221 1.7195063368133160e+02 -1.6180897920316781e+02
5222 1.6668889977772690e+02 -1.6643584400571100e+02
5223 1.6128157095162570e+02 -1.7089168472770430e+02
5224 1.5573420359892521e+02 -1.7517192269159710e+02
5225 1.5005249801457441e+02 -1.7927215966354339e+02
5226 1.4424229253513681e+02 -1.8318818237288389e+02
5227 1.3830955753950440e+02 -1.8691596684156721e+02
5228 1.3226038931392989e+02 -1.9045168251905861e+02
5229 1.2610100378768070e+02 -1.9379169621848999e+02
5230 1.1983773014575080e+02 -1.9693257585000470e+02
5231 1.1347700432519611e+02 -1.9987109394746250e+02
5232 1.0702536240177341e+02 -2.0260423098487809e+02
5233 1.0048943387368131e+02 -2.0512917847918951e+02
5234 9.3875934849302212e+01 -2.0744334187616329e+02
5235 8.7191661145946853e+01 -2.0954434321647491e+02
5236 8.0443481306693471e+01 -2.1143002357922211e+02
5237 7.3638329542494233e+01 -2.1309844530036310e+02
5238 6.6783198606805996e+01 -2.1454789396379621e+02
5239 5.9885132610062541e+01 -2.1577688016303890e+02
5240 5.2951219781375237e+01 -2.1678414103169391e+02
5241 4.5988585184898582e+01 -2.1756864154112921e+02
5242 3.9004383398344977e+01 -2.1812957556404001e+02
5243 3.2005791161172489e+01 -2.1846636670279969e+02
5244 2.5000000000000039e+01 -2.1857866888174630e+02
5245 1.7994208838827639e+01 -2.1846636670279969e+02
5246 1.0995616601655151e+01 -2.1812957556404001e+02
5247 4.0114148151015510e+00 -2.1756864154112921e+02
5248 -2.9512197813751251e+00 -2.1678414103169391e+02
5249 -9.8851326100624384e+00 -2.1577688016303890e+02
5250 -1.6783198606805890e+01 -2.1454789396379621e+02
5251 -2.3638329542494098e+01 -2.1309844530036321e+02
5252 -3.0443481306693329e+01 -2.1143002357922211e+02
5253 -3.7191661145946753e+01 -2.0954434321647491e+02
5254 -4.3875934849302098e+01 -2.0744334187616329e+02
5255 -5.0489433873681250e+01 -2.0512917847918959e+02
5256 -5.7025362401773322e+01 -2.0260423098487809e+02
5257 -6.3477004325195963e+01 -1.9987109394746241e+02
5258 -6.9837730145750655e+01 -1.9693257585000470e+02
5259 -7.6101003787680582e+01 -1.9379169621848990e+02
5260 -8.2260389313929821e+01 -1.9045168251905861e+02
5261 -8.8309557539504283e+01 -1.8691596684156721e+02
5262 -9.4242292535136627e+01 -1.8318818237288389e+02
5263 -1.0005249801457430e+02 -1.7927215966354339e+02
5264 -1.0573420359892511e+02 -1.7517192269159719e+02
5265 -1.1128157095162570e+02 -1.7089168472770439e+02
5266 -1.1668889977772680e+02 -1.6643584400571100e+02
5267 -1.2195063368133160e+02 -1.6180897920316781e+02
5268 -1.2706136587516821e+02 -1.5701584473642890e+02
5269 -1.3201584473642879e+02 -1.5206136587516821e+02
5270 -1.3680897920316770e+02 -1.4695063368133160e+02
5271 -1.4143584400571100e+02 -1.4168889977772690e+02
5272 -1.4589168472770430e+02 -1.3628157095162570e+02
5273 -1.5017192269159710e+02 -1.3073420359892521e+02
5274 -1.5427215966354331e+02 -1.2505249801457430e+02
5275 -1.5818818237288389e+02 -1.1924229253513670e+02
5276 -1.6191596684156721e+02 -1.1330955753950430e+02
5277 -1.6545168251905861e+02 -1.0726038931392981e+02
5278 -1.6879169621848990e+02 -1.0110100378768060e+02
5279 -1.7193257585000461e+02 -9.4837730145750768e+01
5280 -1.7487109394746241e+02 -8.8477004325196035e+01
5281 -1.7760423098487809e+02 -8.2025362401773421e+01
5282 -1.8012917847918959e+02 -7.5489433873681307e+01
5283 -1.8244334187616329e+02 -6.8875934849302126e+01
5284 -1.8454434321647491e+02 -6.2191661145946831e+01
5285 -1.8643002357922211e+02 -5.5443481306693343e+01
5286 -1.8809844530036301e+02 -4.8638329542494191e+01
5287 -1.8954789396379610e+02 -4.1783198606805954e+01
5288 -1.9077688016303890e+02 -3.4885132610062470e+01
5289 -1.9178414103169391e+02 -2.7951219781375169e+01
5290 -1.9256864154112921e+02 -2.0988585184898518e+01
5291 -1.9312957556404001e+02 -1.4004383398344901e+01
5292 -1.9346636670279969e+02 -7.0057911611724233e+00
5293 -2.0450322447520020e+02 0.0000000000000000e+00
5294 -2.0438530943657489e+02 7.3559404022118740e+00
5295 -2.0403168548637231e+02 1.4704322078409019e+01
5296 -2.0344271599710549e+02 2.2037594069678669e+01
5297 -2.0261900617473839e+02 2.9348220943330670e+01
5298 -2.0156140243679499e+02 3.6628690536064063e+01
5299 -2.0027099154260870e+02 4.3871521673222517e+01
5300 -1.9874909947660339e+02 5.1069271856207273e+01
5301 -1.9699729008575440e+02 5.8214544910147197e+01
5302 -1.9501736347263099e+02 6.5299998583968858e+01
5303 -1.9281135414566830e+02 7.2318352095055417e+01
5304 -1.9038152892857320e+02 7.9262393610743160e+01
5305 -1.8773038463100880e+02 8.6124987658967129e+01
5306 -1.8486064548295471e+02 9.2899082460440809e+01
5307 -1.8177526033537589e+02 9.9577717174836266e+01
5308 -1.7847739963007950e+02 1.0615402905351780e+02
5309 -1.7497045214187079e+02 1.1262126049148060e+02
5310 -1.7125802149635891e+02 1.1897276597124601e+02
5311 -1.6734392246698729e+02 1.2520201889158081e+02
5312 -1.6323217705509620e+02 1.3130261827402020e+02
5313 -1.5892701035704491e+02 1.3726829534030671e+02
5314 -1.5443284622263880e+02 1.4309291995398311e+02
5315 -1.4975430270932540e+02 1.4877050691952240e+02
5316 -1.4489618733682781e+02 1.5429522213252011e+02
5317 -1.3986349214709301e+02 1.5966138857463190e+02
5318 -1.3466138857463179e+02 1.6486349214709310e+02
5319 -1.2929522213251991e+02 1.6989618733682789e+02
5320 -1.2377050691952221e+02 1.7475430270932560e+02
5321 -1.1809291995398300e+02 1.7943284622263900e+02
5322 -1.1226829534030659e+02 1.8392701035704499e+02
5323 -1.0630261827402020e+02 1.8823217705509640e+02
5324 -1.0020201889158071e+02 1.9234392246698741e+02
5325 -9.3972765971246048e+01 1.9625802149635899e+02
5326 -8.7621260491480513e+01 1.9997045214187091e+02
5327 -8.1154029053517775e+01 2.0347739963007959e+02
5328 -7.4577717174836124e+01 2.0677526033537609e+02
5329 -6.7899082460440752e+01 2.0986064548295479e+02
5330 -6.1124987658967036e+01 2.1273038463100900e+02
5331 -5.4262393610743104e+01 2.1538152892857329e+02
5332 -4.7318352095055388e+01 2.1781135414566850e+02
5333 -4.0299998583968780e+01 2.2001736347263119e+02
5334 -3.3214544910147232e+01 2.2199729008575460e+02
5335 -2.6069271856207202e+01 2.2374909947660359e+02
5336 -1.8871521673222500e+01 2.2527099154260901e+02
5337 -1.1628690536064051e+01 2.2656140243679519e+02
5338 -4.3482209433306558e+00 2.2761900617473859e+02
5339 2.9624059303213688e+00 2.2844271599710569e+02
5340 1.0295677921590981e+01 2.2903168548637251e+02
5341 1.7644059597788139e+01 2.2938530943657520e+02
5342 2.4999999999999989e+01 2.2950322447520040e+02
5343 3.2355940402211857e+01 2.2938530943657520e+02
5344 3.9704322078409007e+01 2.2903168548637251e+02
5345 4.7037594069678647e+01 2.2844271599710569e+02
5346 5.4348220943330659e+01 2.2761900617473859e+02
5347 6.1628690536064013e+01 2.2656140243679519e+02
5348 6.8871521673222503e+01 2.2527099154260890e+02
5349 7.6069271856207223e+01 2.2374909947660359e+02
5350 8.3214544910147183e+01 2.2199729008575471e+02
5351 9.0299998583968829e+01 2.2001736347263119e+02
5352 9.7318352095055388e+01 2.1781135414566850e+02
5353 1.0426239361074310e+02 2.1538152892857329e+02
5354 1.1112498765896710e+02 2.1273038463100889e+02
5355 1.1789908246044079e+02 2.0986064548295479e+02
5356 1.2457771717483620e+02 2.0677526033537609e+02
5357 1.3115402905351769e+02 2.0347739963007959e+02
5358 1.3762126049148051e+02 1.9997045214187091e+02
5359 1.4397276597124599e+02 1.9625802149635911e+02
5360 1.5020201889158071e+02 1.9234392246698749e+02
5361 1.5630261827402009e+02 1.8823217705509629e+02
5362 1.6226829534030659e+02 1.8392701035704499e+02
5363 1.6809291995398311e+02 1.7943284622263889e+02
5364 1.7377050691952221e+02 1.7475430270932549e+02
5365 1.7929522213251991e+02 1.6989618733682781e+02
5366 1.8466138857463179e+02 1.6486349214709310e+02
5367 1.8986349214709301e+02 1.5966138857463190e+02
5368 1.9489618733682781e+02 1.5429522213252011e+02
5369 1.9975430270932540e+02 1.4877050691952229e+02
5370 2.0443284622263889e+02 1.4309291995398311e+02
5371 2.0892701035704491e+02 1.3726829534030671e+02
5372 2.1323217705509629e+02 1.3130261827402020e+02
5373 2.1734392246698721e+02 1.2520201889158081e+02
5374 2.2125802149635891e+02 1.1897276597124610e+02
5375 2.2497045214187079e+02 1.1262126049148060e+02
5376 2.2847739963007939e+02 1.0615402905351780e+02
5377 2.3177526033537589e+02 9.9577717174836195e+01
5378 2.3486064548295471e+02 9.2899082460440823e+01
5379 2.3773038463100880e+02 8.6124987658967115e+01
5380 2.4038152892857309e+02 7.9262393610743175e+01
5381 2.4281135414566830e+02 7.2318352095055417e+01
5382 2.4501736347263099e+02 6.5299998583968815e+01
5383 2.4699729008575440e+02 5.8214544910147261e+01
5384 2.4874909947660339e+02 5.1069271856207223e+01
5385 2.5027099154260870e+02 4.3871521673222531e+01
5386 2.5156140243679499e+02 3.6628690536064070e+01
5387 2.5261900617473839e+02 2.9348220943330670e+01
5388 2.5344271599710549e+02 2.2037594069678669e+01
5389 2.5403168548637220e+02 1.4704322078409040e+01
5390 2.5438530943657500e+02 7.3559404022118713e+00
5391 2.5450322447520020e+02 2.8000000000000001e-14
5392 2.5438530943657500e+02 -7.3559404022118402e+00
5393 2.5403168548637231e+02 -1.4704322078408980e+01
5394 2.5344271599710549e+02 -2.2037594069678619e+01
5395 2.5261900617473839e+02 -2.9348220943330620e+01
5396 2.5156140243679499e+02 -3.6628690536063992e+01
5397 2.5027099154260881e+02 -4.3871521673222482e+01
5398 2.4874909947660339e+02 -5.1069271856207202e+01
5399 2.4699729008575451e+02 -5.8214544910147133e+01
5400 2.4501736347263099e+02 -6.5299998583968772e+01
5401 2.4281135414566830e+02 -7.2318352095055303e+01
5402 2.4038152892857309e+02 -7.9262393610743075e+01
5403 2.3773038463100869e+02 -8.6124987658967015e+01
5404 2.3486064548295471e+02 -9.2899082460440695e+01
5405 2.3177526033537589e+02 -9.9577717174836124e+01
5406 2.2847739963007950e+02 -1.0615402905351770e+02
5407 2.2497045214187091e+02 -1.1262126049148040e+02
5408 2.2125802149635899e+02 -1.1897276597124591e+02
5409 2.1734392246698729e+02 -1.2520201889158071e+02
5410 2.1323217705509629e+02 -1.3130261827402009e+02
5411 2.0892701035704491e+02 -1.3726829534030659e+02
5412 2.0443284622263880e+02 -1.4309291995398300e+02
5413 1.9975430270932549e+02 -1.4877050691952209e+02
5414 1.9489618733682781e+02 -1.5429522213251991e+02
5415 1.8986349214709301e+02 -1.5966138857463170e+02
5416 1.8466138857463179e+02 -1.6486349214709290e+02
5417 1.7929522213251991e+02 -1.6989618733682769e+02
5418 1.7377050691952221e+02 -1.7475430270932540e+02
5419 1.6809291995398300e+02 -1.7943284622263869e+02
5420 1.6226829534030671e+02 -1.8392701035704479e+02
5421 1.5630261827402020e+02 -1.8823217705509620e+02
5422 1.5020201889158071e+02 -1.9234392246698721e+02
5423 1.4397276597124610e+02 -1.9625802149635879e+02
5424 1.3762126049148051e+02 -1.9997045214187079e+02
5425 1.3115402905351780e+02 -2.0347739963007939e+02
5426 1.2457771717483620e+02 -2.0677526033537589e+02
5427 1.1789908246044079e+02 -2.0986064548295460e+02
5428 1.1112498765896710e+02 -2.1273038463100860e+02
5429 1.0426239361074310e+02 -2.1538152892857300e+02
5430 9.7318352095055431e+01 -2.1781135414566830e+02
5431 9.0299998583968843e+01 -2.2001736347263099e+02
5432 8.3214544910147268e+01 -2.2199729008575429e+02
5433 7.6069271856207237e+01 -2.2374909947660331e+02
5434 6.8871521673222560e+01 -2.2527099154260870e+02
5435 6.1628690536064113e+01 -2.2656140243679491e+02
5436 5.4348220943330723e+01 -2.2761900617473830e+02
5437 4.7037594069678718e+01 -2.2844271599710541e+02
5438 3.9704322078409099e+01 -2.2903168548637231e+02
5439 3.2355940402211942e+01 -2.2938530943657489e+02
5440 2.5000000000000039e+01 -2.2950322447520020e+02
5441 1.7644059597788200e+01 -2.2938530943657489e+02
5442 1.0295677921591031e+01 -2.2903168548637231e+02
5443 2.9624059303214221e+00 -2.2844271599710541e+02
5444 -4.3482209433305963e+00 -2.2761900617473830e+02
5445 -1.1628690536063990e+01 -2.2656140243679491e+02
5446 -1.8871521673222428e+01 -2.2527099154260870e+02
5447 -2.6069271856207131e+01 -2.2374909947660331e+02
5448 -3.3214544910147147e+01 -2.2199729008575429e+02
5449 -4.0299998583968708e+01 -2.2001736347263099e+02
5450 -4.7318352095055317e+01 -2.1781135414566830e+02
5451 -5.4262393610743047e+01 -2.1538152892857309e+02
5452 -6.1124987658966973e+01 -2.1273038463100869e+02
5453 -6.7899082460440667e+01 -2.0986064548295460e+02
5454 -7.4577717174836053e+01 -2.0677526033537589e+02
5455 -8.1154029053517718e+01 -2.0347739963007939e+02
5456 -8.7621260491480442e+01 -1.9997045214187079e+02
5457 -9.3972765971245963e+01 -1.9625802149635891e+02
5458 -1.0020201889158071e+02 -1.9234392246698721e+02
5459 -1.0630261827402011e+02 -1.8823217705509629e+02
5460 -1.1226829534030649e+02 -1.8392701035704491e+02
5461 -1.1809291995398290e+02 -1.7943284622263880e+02
5462 -1.2377050691952211e+02 -1.7475430270932540e+02
5463 -1.2929522213251991e+02 -1.6989618733682769e+02
5464 -1.3466138857463170e+02 -1.6486349214709301e+02
5465 -1.3986349214709290e+02 -1.5966138857463170e+02
5466 -1.4489618733682769e+02 -1.5429522213251991e+02
5467 -1.4975430270932540e+02 -1.4877050691952221e+02
5468 -1.5443284622263869e+02 -1.4309291995398300e+02
5469 -1.5892701035704491e+02 -1.3726829534030659e+02
5470 -1.6323217705509620e+02 -1.3130261827402009e+02
5471 -1.6734392246698721e+02 -1.2520201889158071e+02
5472 -1.7125802149635891e+02 -1.1897276597124601e+02
5473 -1.7497045214187079e+02 -1.1262126049148050e+02
5474 -1.7847739963007950e+02 -1.0615402905351770e+02
5475 -1.8177526033537589e+02 -9.9577717174836138e+01
5476 -1.8486064548295460e+02 -9.2899082460440738e+01
5477 -1.8773038463100869e+02 -8.6124987658967058e+01
5478 -1.9038152892857309e+02 -7.9262393610743075e+01
5479 -1.9281135414566830e+02 -7.2318352095055332e+01
5480 -1.9501736347263099e+02 -6.5299998583968801e+01
5481 -1.9699729008575440e+02 -5.8214544910147161e+01
5482 -1.9874909947660331e+02 -5.1069271856207223e+01
5483 -2.0027099154260870e+02 -4.3871521673222503e+01
5484 -2.0156140243679499e+02 -3.6628690536064013e+01
5485 -2.0261900617473839e+02 -2.9348220943330642e+01
5486 -2.0344271599710549e+02 -2.2037594069678651e+01
5487 -2.0403168548637231e+02 -1.4704322078409010e+01
5488 -2.0438530943657489e+02 -7.3559404022118704e+00
5489 -2.1500000000000000e+02 0.0000000000000000e+00
5490 -2.1487669188816511e+02 7.6923786171972424e+00
5491 -2.1450689426008071e+02 1.5376852795371100e+01
5492 -2.1389098710780760e+02 2.3045526217843619e+01
5493 -2.1302960331757910e+02 3.0690518804281439e+01
5494 -2.1192362801946811e+02 3.8303974808011020e+01
5495 -2.1057419767785569e+02 4.5878070888329361e+01
5496 -2.0898269892363771e+02 5.3405024149515469e+01
5497 -2.0715076712936701e+02 6.0877100138281762e+01
5498 -2.0508028472879849e+02 6.8286620791447774e+01
5499 -2.0277337928256051e+02 7.5625972325668982e+01
5500 -2.0023242129194259e+02 8.2887613061113839e+01
5501 -1.9746002176304521e+02 9.0064081171049793e+01
5502 -1.9445902952379501e+02 9.7148002349374551e+01
5503 -1.9123252829658051e+02 1.0413209738821401e+02
5504 -1.8778383352952000e+02 1.1100918965780050e+02
5505 -1.8411648898961349e+02 1.1777221248094510e+02
5506 -1.8023426312128311e+02 1.2441421639452599e+02
5507 -1.7614114517404181e+02 1.3092837629053170e+02
5508 -1.7184134110326940e+02 1.3730799842932069e+02
5509 -1.6733926924830959e+02 1.4354652731789179e+02
5510 -1.6263955579232709e+02 1.4963755244609609e+02
5511 -1.5774703000859230e+02 1.5557481487386929e+02
5512 -1.5266671929807580e+02 1.6135221366271611e+02
5513 -1.4740384402345461e+02 1.6696381214483679e+02
5514 -1.4196381214483671e+02 1.7240384402345461e+02
5515 -1.3635221366271611e+02 1.7766671929807580e+02
5516 -1.3057481487386920e+02 1.8274703000859230e+02
5517 -1.2463755244609600e+02 1.8763955579232720e+02
5518 -1.1854652731789180e+02 1.9233926924830959e+02
5519 -1.1230799842932070e+02 1.9684134110326951e+02
5520 -1.0592837629053170e+02 2.0114114517404181e+02
5521 -9.9414216394526036e+01 2.0523426312128311e+02
5522 -9.2772212480945143e+01 2.0911648898961349e+02
5523 -8.6009189657800519e+01 2.1278383352952011e+02
5524 -7.9132097388213936e+01 2.1623252829658060e+02
5525 -7.2148002349374508e+01 2.1945902952379510e+02
5526 -6.5064081171049779e+01 2.2246002176304529e+02
5527 -5.7887613061113832e+01 2.2523242129194259e+02
5528 -5.0625972325668997e+01 2.2777337928256051e+02
5529 -4.3286620791447739e+01 2.3008028472879860e+02
5530 -3.5877100138281797e+01 2.3215076712936710e+02
5531 -2.8405024149515420e+01 2.3398269892363771e+02
5532 -2.0878070888329351e+01 2.3557419767785581e+02
5533 -1.3303974808011040e+01 2.3692362801946811e+02
5534 -5.6905188042814387e+00 2.3802960331757910e+02
5535 1.9544737821563971e+00 2.3889098710780760e+02
5536 9.6231472046288893e+00 2.3950689426008071e+02
5537 1.7307621382802768e+01 2.3987669188816511e+02
5538 2.4999999999999989e+01 2.4000000000000000e+02
5539 3.2692378617197228e+01 2.3987669188816511e+02
5540 4.0376852795371079e+01 2.3950689426008071e+02
5541 4.8045526217843609e+01 2.3889098710780760e+02
5542 5.5690518804281432e+01 2.3802960331757910e+02
5543 6.3303974808010992e+01 2.3692362801946811e+02
5544 7.0878070888329347e+01 2.3557419767785569e+02
5545 7.8405024149515469e+01 2.3398269892363771e+02
5546 8.5877100138281747e+01 2.3215076712936710e+02
5547 9.3286620791447774e+01 2.3008028472879860e+02
5548 1.0062597232566900e+02 2.2777337928256051e+02
5549 1.0788761306111380e+02 2.2523242129194250e+02
5550 1.1506408117104981e+02 2.2246002176304521e+02
5551 1.2214800234937449e+02 2.1945902952379501e+02
5552 1.2913209738821399e+02 2.1623252829658060e+02
5553 1.3600918965780050e+02 2.1278383352952000e+02
5554 1.4277221248094509e+02 2.0911648898961349e+02
5555 1.4941421639452599e+02 2.0523426312128311e+02
5556 1.5592837629053170e+02 2.0114114517404181e+02
5557 1.6230799842932069e+02 1.9684134110326940e+02
5558 1.6854652731789179e+02 1.9233926924830959e+02
5559 1.7463755244609609e+02 1.8763955579232709e+02
5560 1.8057481487386920e+02 1.8274703000859230e+02
5561 1.8635221366271611e+02 1.7766671929807580e+02
5562 1.9196381214483671e+02 1.7240384402345461e+02
5563 1.9740384402345461e+02 1.6696381214483671e+02
5564 2.0266671929807569e+02 1.6135221366271611e+02
5565 2.0774703000859230e+02 1.5557481487386920e+02
5566 2.1263955579232709e+02 1.4963755244609601e+02
5567 2.1733926924830959e+02 1.4354652731789179e+02
5568 2.2184134110326940e+02 1.3730799842932069e+02
5569 2.2614114517404181e+02 1.3092837629053170e+02
5570 2.3023426312128311e+02 1.2441421639452609e+02
5571 2.3411648898961340e+02 1.1777221248094510e+02
5572 2.3778383352952000e+02 1.1100918965780050e+02
5573 2.4123252829658071e+02 1.0413209738821389e+02
5574 2.4445902952379501e+02 9.7148002349374536e+01
5575 2.4746002176304521e+02 9.0064081171049793e+01
5576 2.5023242129194250e+02 8.2887613061113825e+01
5577 2.5277337928256051e+02 7.5625972325669011e+01
5578 2.5508028472879860e+02 6.8286620791447746e+01
5579 2.5715076712936701e+02 6.0877100138281818e+01
5580 2.5898269892363771e+02 5.3405024149515427e+01
5581 2.6057419767785558e+02 4.5878070888329347e+01
5582 2.6192362801946803e+02 3.8303974808011063e+01
5583 2.6302960331757902e+02 3.0690518804281449e+01
5584 2.6389098710780758e+02 2.3045526217843609e+01
5585 2.6450689426008080e+02 1.5376852795371120e+01
5586 2.6487669188816511e+02 7.6923786171972397e+00
5587 2.6500000000000000e+02 2.9299999999999999e-14
5588 2.6487669188816511e+02 -7.6923786171972131e+00
5589 2.6450689426008068e+02 -1.5376852795371070e+01
5590 2.6389098710780758e+02 -2.3045526217843580e+01
5591 2.6302960331757907e+02 -3.0690518804281410e+01
5592 2.6192362801946803e+02 -3.8303974808010999e+01
5593 2.6057419767785558e+02 -4.5878070888329333e+01
5594 2.5898269892363771e+02 -5.3405024149515441e+01
5595 2.5715076712936713e+02 -6.0877100138281747e+01
5596 2.5508028472879869e+02 -6.8286620791447774e+01
5597 2.5277337928256051e+02 -7.5625972325668954e+01
5598 2.5023242129194250e+02 -8.2887613061113768e+01
5599 2.4746002176304529e+02 -9.0064081171049793e+01
5600 2.4445902952379501e+02 -9.7148002349374508e+01
5601 2.4123252829658060e+02 -1.0413209738821389e+02
5602 2.3778383352952000e+02 -1.1100918965780041e+02
5603 2.3411648898961349e+02 -1.1777221248094510e+02
5604 2.3023426312128319e+02 -1.2441421639452599e+02
5605 2.2614114517404181e+02 -1.3092837629053170e+02
5606 2.2184134110326951e+02 -1.3730799842932069e+02
5607 2.1733926924830971e+02 -1.4354652731789179e+02
5608 2.1263955579232709e+02 -1.4963755244609601e+02
5609 2.0774703000859239e+02 -1.5557481487386920e+02
5610 2.0266671929807580e+02 -1.6135221366271611e+02
5611 1.9740384402345470e+02 -1.6696381214483671e+02
5612 1.9196381214483679e+02 -1.7240384402345461e+02
5613 1.8635221366271611e+02 -1.7766671929807569e+02
5614 1.8057481487386929e+02 -1.8274703000859219e+02
5615 1.7463755244609601e+02 -1.8763955579232709e+02
5616 1.6854652731789179e+02 -1.9233926924830951e+02
5617 1.6230799842932080e+02 -1.9684134110326940e+02
5618 1.5592837629053170e+02 -2.0114114517404181e+02
5619 1.4941421639452611e+02 -2.0523426312128299e+02
5620 1.4277221248094509e+02 -2.0911648898961349e+02
5621 1.3600918965780059e+02 -2.1278383352952011e+02
5622 1.2913209738821399e+02 -2.1623252829658060e+02
5623 1.2214800234937459e+02 -2.1945902952379501e+02
5624 1.1506408117104981e+02 -2.2246002176304521e+02
5625 1.0788761306111390e+02 -2.2523242129194250e+02
5626 1.0062597232566910e+02 -2.2777337928256051e+02
5627 9.3286620791447817e+01 -2.3008028472879860e+02
5628 8.5877100138281889e+01 -2.3215076712936710e+02
5629 7.8405024149515498e+01 -2.3398269892363771e+02
5630 7.0878070888329432e+01 -2.3557419767785581e+02
5631 6.3303974808011112e+01 -2.3692362801946800e+02
5632 5.5690518804281517e+01 -2.3802960331757910e+02
5633 4.8045526217843687e+01 -2.3889098710780760e+02
5634 4.0376852795371207e+01 -2.3950689426008080e+02
5635 3.2692378617197313e+01 -2.3987669188816511e+02
5636 2.5000000000000050e+01 -2.4000000000000000e+02
5637 1.7307621382802829e+01 -2.3987669188816511e+02
5638 9.6231472046289497e+00 -2.3950689426008080e+02
5639 1.9544737821564551e+00 -2.3889098710780760e+02
5640 -5.6905188042813846e+00 -2.3802960331757910e+02
5641 -1.3303974808010990e+01 -2.3692362801946800e+02
5642 -2.0878070888329290e+01 -2.3557419767785581e+02
5643 -2.8405024149515370e+01 -2.3398269892363771e+02
5644 -3.5877100138281747e+01 -2.3215076712936710e+02
5645 -4.3286620791447689e+01 -2.3008028472879860e+02
5646 -5.0625972325668940e+01 -2.2777337928256051e+02
5647 -5.7887613061113768e+01 -2.2523242129194250e+02
5648 -6.5064081171049708e+01 -2.2246002176304529e+02
5649 -7.2148002349374451e+01 -2.1945902952379501e+02
5650 -7.9132097388213865e+01 -2.1623252829658060e+02
5651 -8.6009189657800448e+01 -2.1278383352952000e+02
5652 -9.2772212480945058e+01 -2.0911648898961349e+02
5653 -9.9414216394525994e+01 -2.0523426312128311e+02
5654 -1.0592837629053170e+02 -2.0114114517404181e+02
5655 -1.1230799842932070e+02 -1.9684134110326940e+02
5656 -1.1854652731789180e+02 -1.9233926924830959e+02
5657 -1.2463755244609590e+02 -1.8763955579232709e+02
5658 -1.3057481487386920e+02 -1.8274703000859230e+02
5659 -1.3635221366271600e+02 -1.7766671929807580e+02
5660 -1.4196381214483671e+02 -1.7240384402345461e+02
5661 -1.4740384402345461e+02 -1.6696381214483671e+02
5662 -1.5266671929807569e+02 -1.6135221366271600e+02
5663 -1.5774703000859230e+02 -1.5557481487386920e+02
5664 -1.6263955579232709e+02 -1.4963755244609609e+02
5665 -1.6733926924830951e+02 -1.4354652731789179e+02
5666 -1.7184134110326940e+02 -1.3730799842932069e+02
5667 -1.7614114517404170e+02 -1.3092837629053170e+02
5668 -1.8023426312128311e+02 -1.2441421639452599e+02
5669 -1.8411648898961340e+02 -1.1777221248094510e+02
5670 -1.8778383352952000e+02 -1.1100918965780050e+02
5671 -1.9123252829658060e+02 -1.0413209738821401e+02
5672 -1.9445902952379501e+02 -9.7148002349374536e+01
5673 -1.9746002176304521e+02 -9.0064081171049807e+01
5674 -2.0023242129194259e+02 -8.2887613061113825e+01
5675 -2.0277337928256051e+02 -7.5625972325668982e+01
5676 -2.0508028472879849e+02 -6.8286620791447788e+01
5677 -2.0715076712936701e+02 -6.0877100138281783e+01
5678 -2.0898269892363771e+02 -5.3405024149515462e+01
5679 -2.1057419767785561e+02 -4.5878070888329361e+01
5680 -2.1192362801946800e+02 -3.8303974808011020e+01
5681 -2.1302960331757910e+02 -3.0690518804281439e+01
5682 -2.1389098710780760e+02 -2.3045526217843619e+01
5683 -2.1450689426008071e+02 -1.5376852795371100e+01
5684 -2.1487669188816511e+02 -7.6923786171972433e+00
5685 -2.2500000000000000e+02 0.0000000000000000e+00
5686 -2.2487155405017199e+02 8.0128943929137932e+00
5687 -2.2448634818758410e+02 1.6017554995178230e+01
5688 -2.2384477823729961e+02 2.4005756476920439e+01
5689 -2.2294750345581150e+02 3.1969290421126502e+01
5690 -2.2179544585361251e+02 3.9899973758344807e+01
5691 -2.2038978924776629e+02 4.7789657175343081e+01
5692 -2.1873197804545589e+02 5.5630233489078613e+01
5693 -2.1682371575975739e+02 6.3413645977376838e+01
5694 -2.1466696325916519e+02 7.1131896657758105e+01
5695 -2.1226393675266721e+02 7.8777054505905184e+01
5696 -2.0961710551244011e+02 8.6341263605326901e+01
5697 -2.0672918933650541e+02 9.3816751219843539e+01
5698 -2.0360315575395310e+02 1.0119583578059850e+02
5699 -2.0024221697560480e+02 1.0847093477938959e+02
5700 -1.9664982659325000e+02 1.1563457256020880e+02
5701 -1.9282967603084731e+02 1.2267938800098450e+02
5702 -1.8878569075133660e+02 1.2959814207763119e+02
5703 -1.8452202622296019e+02 1.3638372530263720e+02
5704 -1.8004306364923900e+02 1.4302916503054240e+02
5705 -1.7535340546698919e+02 1.4952763262280399e+02
5706 -1.7045787061700739e+02 1.5587245046468340e+02
5707 -1.6536148959228359e+02 1.6205709882694711e+02
5708 -1.6006949926882891e+02 1.6807522256532920e+02
5709 -1.5458733752443189e+02 1.7392063765087161e+02
5710 -1.4892063765087161e+02 1.7958733752443189e+02
5711 -1.4307522256532920e+02 1.8506949926882891e+02
5712 -1.3705709882694711e+02 1.9036148959228359e+02
5713 -1.3087245046468331e+02 1.9545787061700750e+02
5714 -1.2452763262280401e+02 2.0035340546698919e+02
5715 -1.1802916503054240e+02 2.0504306364923900e+02
5716 -1.1138372530263720e+02 2.0952202622296019e+02
5717 -1.0459814207763129e+02 2.1378569075133649e+02
5718 -9.7679388000984474e+01 2.1782967603084731e+02
5719 -9.0634572560208852e+01 2.2164982659325000e+02
5720 -8.3470934779389495e+01 2.2524221697560480e+02
5721 -7.6195835780598443e+01 2.2860315575395310e+02
5722 -6.8816751219843496e+01 2.3172918933650550e+02
5723 -6.1341263605326901e+01 2.3461710551244011e+02
5724 -5.3777054505905198e+01 2.3726393675266721e+02
5725 -4.6131896657758062e+01 2.3966696325916519e+02
5726 -3.8413645977376881e+01 2.4182371575975731e+02
5727 -3.0630233489078559e+01 2.4373197804545589e+02
5728 -2.2789657175343070e+01 2.4538978924776629e+02
5729 -1.4899973758344830e+01 2.4679544585361251e+02
5730 -6.9692904211264981e+00 2.4794750345581150e+02
5731 9.9424352307958230e-01 2.4884477823729961e+02
5732 8.9824450048217628e+00 2.4948634818758410e+02
5733 1.6987105607086221e+01 2.4987155405017199e+02
5734 2.4999999999999989e+01 2.5000000000000000e+02
5735 3.3012894392913779e+01 2.4987155405017199e+02
5736 4.1017554995178223e+01 2.4948634818758410e+02
5737 4.9005756476920432e+01 2.4884477823729961e+02
5738 5.6969290421126487e+01 2.4794750345581150e+02
5739 6.4899973758344800e+01 2.4679544585361251e+02
5740 7.2789657175343066e+01 2.4538978924776629e+02
5741 8.0630233489078591e+01 2.4373197804545589e+02
5742 8.8413645977376831e+01 2.4182371575975739e+02
5743 9.6131896657758091e+01 2.3966696325916519e+02
5744 1.0377705450590520e+02 2.3726393675266721e+02
5745 1.1134126360532690e+02 2.3461710551244011e+02
5746 1.1881675121984350e+02 2.3172918933650541e+02
5747 1.2619583578059840e+02 2.2860315575395310e+02
5748 1.3347093477938961e+02 2.2524221697560480e+02
5749 1.4063457256020880e+02 2.2164982659325000e+02
5750 1.4767938800098440e+02 2.1782967603084731e+02
5751 1.5459814207763119e+02 2.1378569075133660e+02
5752 1.6138372530263720e+02 2.0952202622296019e+02
5753 1.6802916503054240e+02 2.0504306364923900e+02
5754 1.7452763262280399e+02 2.0035340546698919e+02
5755 1.8087245046468340e+02 1.9545787061700739e+02
5756 1.8705709882694711e+02 1.9036148959228359e+02
5757 1.9307522256532920e+02 1.8506949926882891e+02
5758 1.9892063765087161e+02 1.7958733752443189e+02
5759 2.0458733752443189e+02 1.7392063765087161e+02
5760 2.1006949926882891e+02 1.6807522256532920e+02
5761 2.1536148959228359e+02 1.6205709882694711e+02
5762 2.2045787061700750e+02 1.5587245046468331e+02
5763 2.2535340546698919e+02 1.4952763262280399e+02
5764 2.3004306364923900e+02 1.4302916503054240e+02
5765 2.3452202622296019e+02 1.3638372530263720e+02
5766 2.3878569075133649e+02 1.2959814207763131e+02
5767 2.4282967603084731e+02 1.2267938800098450e+02
5768 2.4664982659325000e+02 1.1563457256020889e+02
5769 2.5024221697560480e+02 1.0847093477938949e+02
5770 2.5360315575395310e+02 1.0119583578059850e+02
5771 2.5672918933650539e+02 9.3816751219843511e+01
5772 2.5961710551244011e+02 8.6341263605326915e+01
5773 2.6226393675266718e+02 7.8777054505905213e+01
5774 2.6466696325916519e+02 7.1131896657758077e+01
5775 2.6682371575975731e+02 6.3413645977376902e+01
5776 2.6873197804545589e+02 5.5630233489078570e+01
5777 2.7038978924776632e+02 4.7789657175343081e+01
5778 2.7179544585361248e+02 3.9899973758344842e+01
5779 2.7294750345581161e+02 3.1969290421126509e+01
5780 2.7384477823729958e+02 2.4005756476920428e+01
5781 2.7448634818758410e+02 1.6017554995178251e+01
5782 2.7487155405017199e+02 8.0128943929137915e+00
5783 2.7500000000000000e+02 3.0599999999999997e-14
5784 2.7487155405017199e+02 -8.0128943929137630e+00
5785 2.7448634818758410e+02 -1.6017554995178202e+01
5786 2.7384477823729958e+02 -2.4005756476920411e+01
5787 2.7294750345581161e+02 -3.1969290421126470e+01
5788 2.7179544585361248e+02 -3.9899973758344778e+01
5789 2.7038978924776632e+02 -4.7789657175343052e+01
5790 2.6873197804545589e+02 -5.5630233489078577e+01
5791 2.6682371575975742e+02 -6.3413645977376810e+01
5792 2.6466696325916519e+02 -7.1131896657758077e+01
5793 2.6226393675266718e+02 -7.8777054505905156e+01
5794 2.5961710551244011e+02 -8.6341263605326873e+01
5795 2.5672918933650539e+02 -9.3816751219843511e+01
5796 2.5360315575395310e+02 -1.0119583578059840e+02
5797 2.5024221697560480e+02 -1.0847093477938949e+02
5798 2.4664982659325000e+02 -1.1563457256020880e+02
5799 2.4282967603084739e+02 -1.2267938800098440e+02
5800 2.3878569075133660e+02 -1.2959814207763119e+02
5801 2.3452202622296019e+02 -1.3638372530263720e+02
5802 2.3004306364923900e+02 -1.4302916503054240e+02
5803 2.2535340546698919e+02 -1.4952763262280399e+02
5804 2.2045787061700739e+02 -1.5587245046468340e+02
5805 2.1536148959228370e+02 -1.6205709882694711e+02
5806 2.1006949926882891e+02 -1.6807522256532920e+02
5807 2.0458733752443189e+02 -1.7392063765087161e+02
5808 1.9892063765087161e+02 -1.7958733752443189e+02
5809 1.9307522256532920e+02 -1.8506949926882891e+02
5810 1.8705709882694711e+02 -1.9036148959228359e+02
5811 1.8087245046468340e+02 -1.9545787061700739e+02
5812 1.7452763262280399e+02 -2.0035340546698910e+02
5813 1.6802916503054240e+02 -2.0504306364923900e+02
5814 1.6138372530263720e+02 -2.0952202622296011e+02
5815 1.5459814207763131e+02 -2.1378569075133649e+02
5816 1.4767938800098449e+02 -2.1782967603084731e+02
5817 1.4063457256020891e+02 -2.2164982659325000e+02
5818 1.3347093477938949e+02 -2.2524221697560480e+02
5819 1.2619583578059850e+02 -2.2860315575395310e+02
5820 1.1881675121984350e+02 -2.3172918933650550e+02
5821 1.1134126360532690e+02 -2.3461710551244011e+02
5822 1.0377705450590520e+02 -2.3726393675266721e+02
5823 9.6131896657758091e+01 -2.3966696325916519e+02
5824 8.8413645977376916e+01 -2.4182371575975731e+02
5825 8.0630233489078591e+01 -2.4373197804545589e+02
5826 7.2789657175343095e+01 -2.4538978924776629e+02
5827 6.4899973758344856e+01 -2.4679544585361251e+02
5828 5.6969290421126530e+01 -2.4794750345581150e+02
5829 4.9005756476920453e+01 -2.4884477823729961e+02
5830 4.1017554995178273e+01 -2.4948634818758410e+02
5831 3.3012894392913807e+01 -2.4987155405017199e+02
5832 2.4999999999999989e+01 -2.5000000000000000e+02
5833 1.6987105607086221e+01 -2.4987155405017199e+02
5834 8.9824450048217628e+00 -2.4948634818758410e+02
5835 9.9424352307958230e-01 -2.4884477823729961e+02
5836 -6.9692904211264981e+00 -2.4794750345581150e+02
5837 -1.4899973758344830e+01 -2.4679544585361251e+02
5838 -2.2789657175343070e+01 -2.4538978924776629e+02
5839 -3.0630233489078559e+01 -2.4373197804545589e+02
5840 -3.8413645977376881e+01 -2.4182371575975731e+02
5841 -4.6131896657758062e+01 -2.3966696325916519e+02
5842 -5.3777054505905198e+01 -2.3726393675266721e+02
5843 -6.1341263605326901e+01 -2.3461710551244011e+02
5844 -6.8816751219843496e+01 -2.3172918933650550e+02
5845 -7.6195835780598443e+01 -2.2860315575395310e+02
5846 -8.3470934779389495e+01 -2.2524221697560480e+02
5847 -9.0634572560208852e+01 -2.2164982659325000e+02
5848 -9.7679388000984474e+01 -2.1782967603084731e+02
5849 -1.0459814207763129e+02 -2.1378569075133649e+02
5850 -1.1138372530263720e+02 -2.0952202622296019e+02
5851 -1.1802916503054240e+02 -2.0504306364923900e+02
5852 -1.2452763262280401e+02 -2.0035340546698919e+02
5853 -1.3087245046468331e+02 -1.9545787061700750e+02
5854 -1.3705709882694711e+02 -1.9036148959228359e+02
5855 -1.4307522256532920e+02 -1.8506949926882891e+02
5856 -1.4892063765087161e+02 -1.7958733752443189e+02
5857 -1.5458733752443189e+02 -1.7392063765087161e+02
5858 -1.6006949926882891e+02 -1.6807522256532920e+02
5859 -1.6536148959228359e+02 -1.6205709882694711e+02
5860 -1.7045787061700739e+02 -1.5587245046468340e+02
5861 -1.7535340546698919e+02 -1.4952763262280399e+02
5862 -1.8004306364923900e+02 -1.4302916503054240e+02
5863 -1.8452202622296019e+02 -1.3638372530263720e+02
5864 -1.8878569075133660e+02 -1.2959814207763119e+02
5865 -1.9282967603084731e+02 -1.2267938800098450e+02
5866 -1.9664982659325000e+02 -1.1563457256020880e+02
5867 -2.0024221697560480e+02 -1.0847093477938959e+02
5868 -2.0360315575395310e+02 -1.0119583578059850e+02
5869 -2.0672918933650541e+02 -9.3816751219843539e+01
5870 -2.0961710551244011e+02 -8.6341263605326901e+01
5871 -2.1226393675266721e+02 -7.8777054505905184e+01
5872 -2.1466696325916519e+02 -7.1131896657758105e+01
5873 -2.1682371575975739e+02 -6.3413645977376838e+01
5874 -2.1873197804545589e+02 -5.5630233489078613e+01
5875 -2.2038978924776629e+02 -4.7789657175343081e+01
5876 -2.2179544585361251e+02 -3.9899973758344807e+01
5877 -2.2294750345581150e+02 -3.1969290421126502e+01
5878 -2.2384477823729961e+02 -2.4005756476920439e+01
5879 -2.2448634818758410e+02 -1.6017554995178230e+01
5880 -2.2487155405017199e+02 -8.0128943929137932e+00
(end)
(edge)
interior
197 197 198 1 197
198 198 199 2 198
199 199 200 3 199
200 200 201 4 200
201 201 202 5 201
202 202 203 6 202
203 203 204 7 203
204 204 205 8 204
205 205 206 9 205
206 206 207 10 206
207 207 208 11 207
208 208 209 12 208
209 209 210 13 209
210 210 211 14 210
211 211 212 15 211
212 212 213 16 212
213 213 214 17 213
214 214 215 18 214
215 215 216 19 215
216 216 217 20 216
217 217 218 21 217
218 218 219 22 218
219 219 220 23 219
220 220 221 24 220
221 221 222 25 221
222 222 223 26 222
223 223 224 27 223
224 224 225 28 224
225 225 226 29 225
226 226 227 30 226
227 227 228 31 227
228 228 229 32 228
229 229 230 33 229
230 230 231 34 230
231 231 232 35 231
232 232 233 36 232
233 233 234 37 233
234 234 235 38 234
235 235 236 39 235
236 236 237 40 236
237 237 238 41 237
238 238 239 42 238
239 239 240 43 239
240 240 241 44 240
241 241 242 45 241
242 242 243 46 242
243 243 244 47 243
244 244 245 48 244
245 245 246 49 245
246 246 247 50 246
247 247 248 51 247
248 248 249 52 248
249 249 250 53 249
250 250 251 54 250
251 251 252 55 251
252 252 253 56 252
253 253 254 57 253
254 254 255 58 254
255 255 256 59 255
256 256 257 60 256
257 257 258 61 257
258 258 259 62 258
259 259 260 63 259
260 260 261 64 260
261 261 262 65 261
262 262 263 66 262
263 263 264 67 263
264 264 265 68 264
265 265 266 69 265
266 266 267 70 266
267 267 268 71 267
268 268 269 72 268
269 269 270 73 269
270 270 271 74 270
271 271 272 75 271
272 272 273 76 272
273 273 274 77 273
274 274 275 78 274
275 275 276 79 275
276 276 277 80 276
277 277 278 81 277
278 278 279 82 278
279 279 280 83 279
280 280 281 84 280
281 281 282 85 281
282 282 283 86 282
283 283 284 87 283
284 284 285 88 284
285 285 286 89 285
286 286 287 90 286
287 287 288 91 287
288 288 289 92 288
289 289 290 93 289
290 290 291 94 290
291 291 292 95 291
292 292 293 96 292
293 293 294 97 293
294 294 295 98 294
295 295 296 99 295
296 296 297 100 296
297 297 298 101 297
298 298 299 102 298
299 299 300 103 299
300 300 301 104 300
301 301 302 105 301
302 302 303 106 302
303 303 304 107 303
304 304 305 108 304
305 305 306 109 305
306 306 307 110 306
307 307 308 111 307
308 308 309 112 308
309 309 310 113 309
310 310 311 114 310
311 311 312 115 311
312 312 313 116 312
313 313 314 117 313
314 314 315 118 314
315 315 316 119 315
316 316 317 120 316
317 317 318 121 317
318 318 319 122 318
319 319 320 123 319
320 320 321 124 320
321 321 322 125 321
322 322 323 126 322
323 323 324 127 323
324 324 325 128 324
325 325 326 129 325
326 326 327 130 326
327 327 328 131 327
328 328 329 132 328
329 329 330 133 329
330 330 331 134 330
331 331 332 135 331
332 332 333 136 332
333 333 334 137 333
334 334 335 138 334
335 335 336 139 335
336 336 337 140 336
337 337 338 141 337
338 338 339 142 338
339 339 340 143 339
340 340 341 144 340
341 341 342 145 341
342 342 343 146 342
343 343 344 147 343
344 344 345 148 344
345 345 346 149 345
346 346 347 150 346
347 347 348 151 347
348 348 349 152 348
349 349 350 153 349
350 350 351 154 350
351 351 352 155 351
352 352 353 156 352
353 353 354 157 353
354 354 355 158 354
355 355 356 159 355
356 356 357 160 356
357 357 358 161 357
358 358 359 162 358
359 359 360 163 359
360 360 361 164 360
361 361 362 165 361
362 362 363 166 362
363 363 364 167 363
364 364 365 168 364
365 365 366 169 365
366 366 367 170 366
367 367 368 171 367
368 368 369 172 368
369 369 370 173 369
370 370 371 174 370
371 371 372 175 371
372 372 373 176 372
373 373 374 177 373
374 374 375 178 374
375 375 376 179 375
376 376 377 180 376
377 377 378 181 377
378 378 379 182 378
379 379 380 183 379
380 380 381 184 380
381 381 382 185 381
382 382 383 186 382
383 383 384 187 383
384 384 385 188 384
385 385 386 189 385
386 386 387 190 386
387 387 388 191 387
388 388 389 192 388
389 389 390 193 389
390 390 391 194 390
391 391 392 195 391
392 392 197 196 392
393 393 394 197 393
394 394 395 198 394
395 395 396 199 395
396 396 397 200 396
397 397 398 201 397
398 398 399 202 398
399 399 400 203 399
400 400 401 204 400
401 401 402 205 401
402 402 403 206 402
403 403 404 207 403
404 404 405 208 404
405 405 406 209 405
406 406 407 210 406
407 407 408 211 407
408 408 409 212 408
409 409 410 213 409
410 410 411 214 410
411 411 412 215 411
412 412 413 216 412
413 413 414 217 413
414 414 415 218 414
415 415 416 219 415
416 416 417 220 416
417 417 418 221 417
418 418 419 222 418
419 419 420 223 419
420 420 421 224 420
421 421 422 225 421
422 422 423 226 422
423 423 424 227 423
424 424 425 228 424
425 425 426 229 425
426 426 427 230 426
427 427 428 231 427
428 428 429 232 428
429 429 430 233 429
430 430 431 234 430
431 431 432 235 431
432 432 433 236 432
433 433 434 237 433
434 434 435 238 434
435 435 436 239 435
436 436 437 240 436
437 437 438 241 437
438 438 439 242 438
439 439 440 243 439
440 440 441 244 440
441 441 442 245 441
442 442 443 246 442
443 443 444 247 443
444 444 445 248 444
445 445 446 249 445
446 446 447 250 446
447 447 448 251 447
448 448 449 252 448
449 449 450 253 449
450 450 451 254 450
451 451 452 255 451
452 452 453 256 452
453 453 454 257 453
454 454 455 258 454
455 455 456 259 455
456 456 457 260 456
457 457 458 261 457
458 458 459 262 458
459 459 460 263 459
460 460 461 264 460
461 461 462 265 461
462 462 463 266 462
463 463 464 267 463
464 464 465 268 464
465 465 466 269 465
466 466 467 270 466
467 467 468 271 467
468 468 469 272 468
469 469 470 273 469
470 470 471 274 470
471 471 472 275 471
472 472 473 276 472
473 473 474 277 473
474 474 475 278 474
475 475 476 279 475
476 476 477 280 476
477 477 478 281 477
478 478 479 282 478
479 479 480 283 479
480 480 481 284 480
481 481 482 285 481
482 482 483 286 482
483 483 484 287 483
484 484 485 288 484
485 485 486 289 485
486 486 487 290 486
487 487 488 291 487
488 488 489 292 488
489 489 490 293 489
490 490 491 294 490
491 491 492 295 491
492 492 493 296 492
493 493 494 297 493
494 494 495 298 494
495 495 496 299 495
496 496 497 300 496
497 497 498 301 497
498 498 499 302 498
499 499 500 303 499
500 500 501 304 500
501 501 502 305 501
502 502 503 306 502
503 503 504 307 503
504 504 505 308 504
505 505 506 309 505
506 506 507 310 506
507 507 508 311 507
508 508 509 312 508
509 509 510 313 509
510 510 511 314 510
511 511 512 315 511
512 512 513 316 512
513 513 514 317 513
514 514 515 318 514
515 515 516 319 515
516 516 517 320 516
517 517 518 321 517
518 518 519 322 518
519 519 520 323 519
520 520 521 324 520
521 521 522 325 521
522 522 523 326 522
523 523 524 327 523
524 524 525 328 524
525 525 526 329 525
526 526 527 330 526
527 527 528 331 527
528 528 529 332 528
529 529 530 333 529
530 530 531 334 530
531 531 532 335 531
532 532 533 336 532
533 533 534 337 533
534 534 535 338 534
535 535 536 339 535
536 536 537 340 536
537 537 538 341 537
538 538 539 342 538
539 539 540 343 539
540 540 541 344 540
541 541 542 345 541
542 542 543 346 542
543 543 544 347 543
544 544 545 348 544
545 545 546 349 545
546 546 547 350 546
547 547 548 351 547
548 548 549 352 548
549 549 550 353 549
550 550 551 354 550
551 551 552 355 551
552 552 553 356 552
553 553 554 357 553
554 554 555 358 554
555 555 556 359 555
556 556 557 360 556
557 557 558 361 557
558 558 559 362 558
559 559 560 363 559
560 560 561 364 560
561 561 562 365 561
562 562 563 366 562
563 563 564 367 563
564 564 565 368 564
565 565 566 369 565
566 566 567 370 566
567 567 568 371 567
568 568 569 372 568
569 569 570 373 569
570 570 571 374 570
571 571 572 375 571
572 572 573 376 572
573 573 574 377 573
574 574 575 378 574
575 575 576 379 575
576 576 577 380 576
577 577 578 381 577
578 578 579 382 578
579 579 580 383 579
580 580 581 384 580
581 581 582 385 581
582 582 583 386 582
583 583 584 387 583
584 584 585 388 584
585 585 586 389 585
586 586 587 390 586
587 587 588 391 587
588 588 393 392 588
589 589 590 393 589
590 590 591 394 590
591 591 592 395 591
592 592 593 396 592
593 593 594 397 593
594 594 595 398 594
595 595 596 399 595
596 596 597 400 596
597 597 598 401 597
598 598 599 402 598
599 599 600 403 599
600 600 601 404 600
601 601 602 405 601
602 602 603 406 602
603 603 604 407 603
604 604 605 408 604
605 605 606 409 605
606 606 607 410 606
607 607 608 411 607
608 608 609 412 608
609 609 610 413 609
610 610 611 414 610
611 611 612 415 611
612 612 613 416 612
613 613 614 417 613
614 614 615 418 614
615 615 616 419 615
616 616 617 420 616
617 617 618 421 617
618 618 619 422 618
619 619 620 423 619
620 620 621 424 620
621 621 622 425 621
622 622 623 426 622
623 623 624 427 623
624 624 625 428 624
625 625 626 429 625
626 626 627 430 626
627 627 628 431 627
628 628 629 432 628
629 629 630 433 629
630 630 631 434 630
631 631 632 435 631
632 632 633 436 632
633 633 634 437 633
634 634 635 438 634
635 635 636 439 635
636 636 637 440 636
637 637 638 441 637
638 638 639 442 638
639 639 640 443 639
640 640 641 444 640
641 641 642 445 641
642 642 643 446 642
643 643 644 447 643
644 644 645 448 644
645 645 646 449 645
646 646 647 450 646
647 647 648 451 647
648 648 649 452 648
649 649 650 453 649
650 650 651 454 650
651 651 652 455 651
652 652 653 456 652
653 653 654 457 653
654 654 655 458 654
655 655 656 459 655
656 656 657 460 656
657 657 658 461 657
658 658 659 462 658
659 659 660 463 659
660 660 661 464 660
661 661 662 465 661
662 662 663 466 662
663 663 664 467 663
664 664 665 468 664
665 665 666 469 665
666 666 667 470 666
667 667 668 471 667
668 668 669 472 668
669 669 670 473 669
670 670 671 474 670
671 671 672 475 671
672 672 673 476 672
673 673 674 477 673
674 674 675 478 674
675 675 676 479 675
676 676 677 480 676
677 677 678 481 677
678 678 679 482 678
679 679 680 483 679
680 680 681 484 680
681 681 682 485 681
682 682 683 486 682
683 683 684 487 683
684 684 685 488 684
685 685 686 489 685
686 686 687 490 686
687 687 688 491 687
688 688 689 492 688
689 689 690 493 689
690 690 691 494 690
691 691 692 495 691
692 692 693 496 692
693 693 694 497 693
694 694 695 498 694
695 695 696 499 695
696 696 697 500 696
697 697 698 501 697
698 698 699 502 698
699 699 700 503 699
700 700 701 504 700
701 701 702 505 701
702 702 703 506 702
703 703 704 507 703
704 704 705 508 704
705 705 706 509 705
706 706 707 510 706
707 707 708 511 707
708 708 709 512 708
709 709 710 513 709
710 710 711 514 710
711 711 712 515 711
712 712 713 516 712
713 713 714 517 713
714 714 715 518 714
715 715 716 519 715
716 716 717 520 716
717 717 718 521 717
718 718 719 522 718
719 719 720 523 719
720 720 721 524 720
721 721 722 525 721
722 722 723 526 722
723 723 724 527 723
724 724 725 528 724
725 725 726 529 725
726 726 727 530 726
727 727 728 531 727
728 728 729 532 728
729 729 730 533 729
730 730 731 534 730
731 731 732 535 731
732 732 733 536 732
733 733 734 537 733
734 734 735 538 734
735 735 736 539 735
736 736 737 540 736
737 737 738 541 737
738 738 739 542 738
739 739 740 543 739
740 740 741 544 740
741 741 742 545 741
742 742 743 546 742
743 743 744 547 743
744 744 745 548 744
745 745 746 549 745
746 746 747 550 746
747 747 748 551 747
748 748 749 552 748
749 749 750 553 749
750 750 751 554 750
751 751 752 555 751
752 752 753 556 752
753 753 754 557 753
754 754 755 558 754
755 755 756 559 755
756 756 757 560 756
757 757 758 561 757
758 758 759 562 758
759 759 760 563 759
760 760 761 564 760
761 761 762 565 761
762 762 763 566 762
763 763 764 567 763
764 764 765 568 764
765 765 766 569 765
766 766 767 570 766
767 767 768 571 767
768 768 769 572 768
769 769 770 573 769
770 770 771 574 770
771 771 772 575 771
772 772 773 576 772
773 773 774 577 773
774 774 775 578 774
775 775 776 579 775
776 776 777 580 776
777 777 778 581 777
778 778 779 582 778
779 779 780 583 779
780 780 781 584 780
781 781 782 585 781
782 782 783 586 782
783 783 784 587 783
784 784 589 588 784
785 785 786 589 785
786 786 787 590 786
787 787 788 591 787
788 788 789 592 788
789 789 790 593 789
790 790 791 594 790
791 791 792 595 791
792 792 793 596 792
793 793 794 597 793
794 794 795 598 794
795 795 796 599 795
796 796 797 600 796
797 797 798 601 797
798 798 799 602 798
799 799 800 603 799
800 800 801 604 800
801 801 802 605 801
802 802 803 606 802
803 803 804 607 803
804 804 805 608 804
805 805 806 609 805
806 806 807 610 806
807 807 808 611 807
808 808 809 612 808
809 809 810 613 809
810 810 811 614 810
811 811 812 615 811
812 812 813 616 812
813 813 814 617 813
814 814 815 618 814
815 815 816 619 815
816 816 817 620 816
817 817 818 621 817
818 818 819 622 818
819 819 820 623 819
820 820 821 624 820
821 821 822 625 821
822 822 823 626 822
823 823 824 627 823
824 824 825 628 824
825 825 826 629 825
826 826 827 630 826
827 827 828 631 827
828 828 829 632 828
829 829 830 633 829
830 830 831 634 830
831 831 832 635 831
832 832 833 636 832
833 833 834 637 833
834 834 835 638 834
835 835 836 639 835
836 836 837 640 836
837 837 838 641 837
838 838 839 642 838
839 839 840 643 839
840 840 841 644 840
841 841 842 645 841
842 842 843 646 842
843 843 844 647 843
844 844 845 648 844
845 845 846 649 845
846 846 847 650 846
847 847 848 651 847
848 848 849 652 848
849 849 850 653 849
850 850 851 654 850
851 851 852 655 851
852 852 853 656 852
853 853 854 657 853
854 854 855 658 854
855 855 856 659 855
856 856 857 660 856
857 857 858 661 857
858 858 859 662 858
859 859 860 663 859
860 860 861 664 860
861 861 862 665 861
862 862 863 666 862
863 863 864 667 863
864 864 865 668 864
865 865 866 669 865
866 866 867 670 866
867 867 868 671 867
868 868 869 672 868
869 869 870 673 869
870 870 871 674 870
871 871 872 675 871
872 872 873 676 872
873 873 874 677 873
874 874 875 678 874
875 875 876 679 875
876 876 877 680 876
877 877 878 681 877
878 878 879 682 878
879 879 880 683 879
880 880 881 684 880
881 881 882 685 881
882 882 883 686 882
883 883 884 687 883
884 884 885 688 884
885 885 886 689 885
886 886 887 690 886
887 887 888 691 887
888 888 889 692 888
889 889 890 693 889
890 890 891 694 890
891 891 892 695 891
892 892 893 696 892
893 893 894 697 893
894 894 895 698 894
895 895 896 699 895
896 896 897 700 896
897 897 898 701 897
898 898 899 702 898
899 899 900 703 899
900 900 901 704 900
901 901 902 705 901
902 902 903 706 902
903 903 904 707 903
904 904 905 708 904
905 905 906 709 905
906 906 907 710 906
907 907 908 711 907
908 908 909 712 908
909 909 910 713 909
910 910 911 714 910
911 911 912 715 911
912 912 913 716 912
913 913 914 717 913
914 914 915 718 914
915 915 916 719 915
916 916 917 720 916
917 917 918 721 917
918 918 919 722 918
919 919 920 723 919
920 920 921 724 920
921 921 922 725 921
922 922 923 726 922
923 923 924 727 923
924 924 925 728 924
925 925 926 729 925
926 926 927 730 926
927 927 928 731 927
928 928 929 732 928
929 929 930 733 929
930 930 931 734 930
931 931 932 735 931
932 932 933 736 932
933 933 934 737 933
934 934 935 738 934
935 935 936 739 935
936 936 937 740 936
937 937 938 741 937
938 938 939 742 938
939 939 940 743 939
940 940 941 744 940
941 941 942 745 941
942 942 943 746 942
943 943 944 747 943
944 944 945 748 944
945 945 946 749 945
946 946 947 750 946
947 947 948 751 947
948 948 949 752 948
949 949 950 753 949
950 950 951 754 950
951 951 952 755 951
952 952 953 756 952
953 953 954 757 953
954 954 955 758 954
955 955 956 759 955
956 956 957 760 956
957 957 958 761 957
958 958 959 762 958
959 959 960 763 959
960 960 961 764 960
961 961 962 765 961
962 962 963 766 962
963 963 964 767 963
964 964 965 768 964
965 965 966 769 965
966 966 967 770 966
967 967 968 771 967
968 968 969 772 968
969 969 970 773 969
970 970 971 774 970
971 971 972 775 971
972 972 973 776 972
973 973 974 777 973
974 974 975 778 974
975 975 976 779 975
976 976 977 780 976
977 977 978 781 977
978 978 979 782 978
979 979 980 783 979
980 980 785 784 980
981 981 982 785 981
982 982 983 786 982
983 983 984 787 983
984 984 985 788 984
985 985 986 789 985
986 986 987 790 986
987 987 988 791 987
988 988 989 792 988
989 989 990 793 989
990 990 991 794 990
991 991 992 795 991
992 992 993 796 992
993 993 994 797 993
994 994 995 798 994
995 995 996 799 995
996 996 997 800 996
997 997 998 801 997
998 998 999 802 998
999 999 1000 803 999
1000 1000 1001 804 1000
1001 1001 1002 805 1001
1002 1002 1003 806 1002
1003 1003 1004 807 1003
1004 1004 1005 808 1004
1005 1005 1006 809 1005
1006 1006 1007 810 1006
1007 1007 1008 811 1007
1008 1008 1009 812 1008
1009 1009 1010 813 1009
1010 1010 1011 814 1010
1011 1011 1012 815 1011
1012 1012 1013 816 1012
1013 1013 1014 817 1013
1014 1014 1015 818 1014
1015 1015 1016 819 1015
1016 1016 1017 820 1016
1017 1017 1018 821 1017
1018 1018 1019 822 1018
1019 1019 1020 823 1019
1020 1020 1021 824 1020
1021 1021 1022 825 1021
1022 1022 1023 826 1022
1023 1023 1024 827 1023
1024 1024 1025 828 1024
1025 1025 1026 829 1025
1026 1026 1027 830 1026
1027 1027 1028 831 1027
1028 1028 1029 832 1028
1029 1029 1030 833 1029
1030 1030 1031 834 1030
1031 1031 1032 835 1031
1032 1032 1033 836 1032
1033 1033 1034 837 1033
1034 1034 1035 838 1034
1035 1035 1036 839 1035
1036 1036 1037 840 1036
1037 1037 1038 841 1037
1038 1038 1039 842 1038
1039 1039 1040 843 1039
1040 1040 1041 844 1040
1041 1041 1042 845 1041
1042 1042 1043 846 1042
1043 1043 1044 847 1043
1044 1044 1045 848 1044
1045 1045 1046 849 1045
1046 1046 1047 850 1046
1047 1047 1048 851 1047
1048 1048 1049 852 1048
1049 1049 1050 853 1049
1050 1050 1051 854 1050
1051 1051 1052 855 1051
1052 1052 1053 856 1052
1053 1053 1054 857 1053
1054 1054 1055 858 1054
1055 1055 1056 859 1055
1056 1056 1057 860 1056
1057 1057 1058 861 1057
1058 1058 1059 862 1058
1059 1059 1060 863 1059
1060 1060 1061 864 1060
1061 1061 1062 865 1061
1062 1062 1063 866 1062
1063 1063 1064 867 1063
1064 1064 1065 868 1064
1065 1065 1066 869 1065
1066 1066 1067 870 1066
1067 1067 1068 871 1067
1068 1068 1069 872 1068
1069 1069 1070 873 1069
1070 1070 1071 874 1070
1071 1071 1072 875 1071
1072 1072 1073 876 1072
1073 1073 1074 877 1073
1074 1074 1075 878 1074
1075 1075 1076 879 1075
1076 1076 1077 880 1076
1077 1077 1078 881 1077
1078 1078 1079 882 1078
1079 1079 1080 883 1079
1080 1080 1081 884 1080
1081 1081 1082 885 1081
1082 1082 1083 886 1082
1083 1083 1084 887 1083
1084 1084 1085 888 1084
1085 1085 1086 889 1085
1086 1086 1087 890 1086
1087 1087 1088 891 1087
1088 1088 1089 892 1088
1089 1089 1090 893 1089
1090 1090 1091 894 1090
1091 1091 1092 895 1091
1092 1092 1093 896 1092
1093 1093 1094 897 1093
1094 1094 1095 898 1094
1095 1095 1096 899 1095
1096 1096 1097 900 1096
1097 1097 1098 901 1097
1098 1098 1099 902 1098
1099 1099 1100 903 1099
1100 1100 1101 904 1100
1101 1101 1102 905 1101
1102 1102 1103 906 1102
1103 1103 1104 907 1103
1104 1104 1105 908 1104
1105 1105 1106 909 1105
1106 1106 1107 910 1106
1107 1107 1108 911 1107
1108 1108 1109 912 1108
1109 1109 1110 913 1109
1110 1110 1111 914 1110
1111 1111 1112 915 1111
1112 1112 1113 916 1112
1113 1113 1114 917 1113
1114 1114 1115 918 1114
1115 1115 1116 919 1115
1116 1116 1117 920 1116
1117 1117 1118 921 1117
1118 1118 1119 922 1118
1119 1119 1120 923 1119
1120 1120 1121 924 1120
1121 1121 1122 925 1121
1122 1122 1123 926 1122
1123 1123 1124 927 1123
1124 1124 1125 928 1124
1125 1125 1126 929 1125
1126 1126 1127 930 1126
1127 1127 1128 931 1127
1128 1128 1129 932 1128
1129 1129 1130 933 1129
1130 1130 1131 934 1130
1131 1131 1132 935 1131
1132 1132 1133 936 1132
1133 1133 1134 937 1133
1134 1134 1135 938 1134
1135 1135 1136 939 1135
1136 1136 1137 940 1136
1137 1137 1138 941 1137
1138 1138 1139 942 1138
1139 1139 1140 943 1139
1140 1140 1141 944 1140
1141 1141 1142 945 1141
1142 1142 1143 946 1142
1143 1143 1144 947 1143
1144 1144 1145 948 1144
1145 1145 1146 949 1145
1146 1146 1147 950 1146
1147 1147 1148 951 1147
1148 1148 1149 952 1148
1149 1149 1150 953 1149
1150 1150 1151 954 1150
1151 1151 1152 955 1151
1152 1152 1153 956 1152
1153 1153 1154 957 1153
1154 1154 1155 958 1154
1155 1155 1156 959 1155
1156 1156 1157 960 1156
1157 1157 1158 961 1157
1158 1158 1159 962 1158
1159 1159 1160 963 1159
1160 1160 1161 964 1160
1161 1161 1162 965 1161
1162 1162 1163 966 1162
1163 1163 1164 967 1163
1164 1164 1165 968 1164
1165 1165 1166 969 1165
1166 1166 1167 970 1166
1167 1167 1168 971 1167
1168 1168 1169 972 1168
1169 1169 1170 973 1169
1170 1170 1171 974 1170
1171 1171 1172 975 1171
1172 1172 1173 976 1172
1173 1173 1174 977 1173
1174 1174 1175 978 1174
1175 1175 1176 979 1175
1176 1176 981 980 1176
1177 1177 1178 981 1177
1178 1178 1179 982 1178
1179 1179 1180 983 1179
1180 1180 1181 984 1180
1181 1181 1182 985 1181
1182 1182 1183 986 1182
1183 1183 1184 987 1183
1184 1184 1185 988 1184
1185 1185 1186 989 1185
1186 1186 1187 990 1186
1187 1187 1188 991 1187
1188 1188 1189 992 1188
1189 1189 1190 993 1189
1190 1190 1191 994 1190
1191 1191 1192 995 1191
1192 1192 1193 996 1192
1193 1193 1194 997 1193
1194 1194 1195 998 1194
1195 1195 1196 999 1195
1196 1196 1197 1000 1196
1197 1197 1198 1001 1197
1198 1198 1199 1002 1198
1199 1199 1200 1003 1199
1200 1200 1201 1004 1200
1201 1201 1202 1005 1201
1202 1202 1203 1006 1202
1203 1203 1204 1007 1203
1204 1204 1205 1008 1204
1205 1205 1206 1009 1205
1206 1206 1207 1010 1206
1207 1207 1208 1011 1207
1208 1208 1209 1012 1208
1209 1209 1210 1013 1209
1210 1210 1211 1014 1210
1211 1211 1212 1015 1211
1212 1212 1213 1016 1212
1213 1213 1214 1017 1213
1214 1214 1215 1018 1214
1215 1215 1216 1019 1215
1216 1216 1217 1020 1216
1217 1217 1218 1021 1217
1218 1218 1219 1022 1218
1219 1219 1220 1023 1219
1220 1220 1221 1024 1220
1221 1221 1222 1025 1221
1222 1222 1223 1026 1222
1223 1223 1224 1027 1223
1224 1224 1225 1028 1224
1225 1225 1226 1029 1225
1226 1226 1227 1030 1226
1227 1227 1228 1031 1227
1228 1228 1229 1032 1228
1229 1229 1230 1033 1229
1230 1230 1231 1034 1230
1231 1231 1232 1035 1231
1232 1232 1233 1036 1232
1233 1233 1234 1037 1233
1234 1234 1235 1038 1234
1235 1235 1236 1039 1235
1236 1236 1237 1040 1236
1237 1237 1238 1041 1237
1238 1238 1239 1042 1238
1239 1239 1240 1043 1239
1240 1240 1241 1044 1240
1241 1241 1242 1045 1241
1242 1242 1243 1046 1242
1243 1243 1244 1047 1243
1244 1244 1245 1048 1244
1245 1245 1246 1049 1245
1246 1246 1247 1050 1246
1247 1247 1248 1051 1247
1248 1248 1249 1052 1248
1249 1249 1250 1053 1249
1250 1250 1251 1054 1250
1251 1251 1252 1055 1251
1252 1252 1253 1056 1252
1253 1253 1254 1057 1253
1254 1254 1255 1058 1254
1255 1255 1256 1059 1255
1256 1256 1257 1060 1256
1257 1257 1258 1061 1257
1258 1258 1259 1062 1258
1259 1259 1260 1063 1259
1260 1260 1261 1064 1260
1261 1261 1262 1065 1261
1262 1262 1263 1066 1262
1263 1263 1264 1067 1263
1264 1264 1265 1068 1264
1265 1265 1266 1069 1265
1266 1266 1267 1070 1266
1267 1267 1268 1071 1267
1268 1268 1269 1072 1268
1269 1269 1270 1073 1269
1270 1270 1271 1074 1270
1271 1271 1272 1075 1271
1272 1272 1273 1076 1272
1273 1273 1274 1077 1273
1274 1274 1275 1078 1274
1275 1275 1276 1079 1275
1276 1276 1277 1080 1276
1277 1277 1278 1081 1277
1278 1278 1279 1082 1278
1279 1279 1280 1083 1279
1280 1280 1281 1084 1280
1281 1281 1282 1085 1281
1282 1282 1283 1086 1282
1283 1283 1284 1087 1283
1284 1284 1285 1088 1284
1285 1285 1286 1089 1285
1286 1286 1287 1090 1286
1287 1287 1288 1091 1287
1288 1288 1289 1092 1288
1289 1289 1290 1093 1289
1290 1290 1291 1094 1290
1291 1291 1292 1095 1291
1292 1292 1293 1096 1292
1293 1293 1294 1097 1293
1294 1294 1295 1098 1294
1295 1295 1296 1099 1295
1296 1296 1297 1100 1296
1297 1297 1298 1101 1297
1298 1298 1299 1102 1298
1299 1299 1300 1103 1299
1300 1300 1301 1104 1300
1301 1301 1302 1105 1301
1302 1302 1303 1106 1302
1303 1303 1304 1107 1303
1304 1304 1305 1108 1304
1305 1305 1306 1109 1305
1306 1306 1307 1110 1306
1307 1307 1308 1111 1307
1308 1308 1309 1112 1308
1309 1309 1310 1113 1309
1310 1310 1311 1114 1310
1311 1311 1312 1115 1311
1312 1312 1313 1116 1312
1313 1313 1314 1117 1313
1314 1314 1315 1118 1314
1315 1315 1316 1119 1315
1316 1316 1317 1120 1316
1317 1317 1318 1121 1317
1318 1318 1319 1122 1318
1319 1319 1320 1123 1319
1320 1320 1321 1124 1320
1321 1321 1322 1125 1321
1322 1322 1323 1126 1322
1323 1323 1324 1127 1323
1324 1324 1325 1128 1324
1325 1325 1326 1129 1325
1326 1326 1327 1130 1326
1327 1327 1328 1131 1327
1328 1328 1329 1132 1328
1329 1329 1330 1133 1329
1330 1330 1331 1134 1330
1331 1331 1332 1135 1331
1332 1332 1333 1136 1332
1333 1333 1334 1137 1333
1334 1334 1335 1138 1334
1335 1335 1336 1139 1335
1336 1336 1337 1140 1336
1337 1337 1338 1141 1337
1338 1338 1339 1142 1338
1339 1339 1340 1143 1339
1340 1340 1341 1144 1340
1341 1341 1342 1145 1341
1342 1342 1343 1146 1342
1343 1343 1344 1147 1343
1344 1344 1345 1148 1344
1345 1345 1346 1149 1345
1346 1346 1347 1150 1346
1347 1347 1348 1151 1347
1348 1348 1349 1152 1348
1349 1349 1350 1153 1349
1350 1350 1351 1154 1350
1351 1351 1352 1155 1351
1352 1352 1353 1156 1352
1353 1353 1354 1157 1353
1354 1354 1355 1158 1354
1355 1355 1356 1159 1355
1356 1356 1357 1160 1356
1357 1357 1358 1161 1357
1358 1358 1359 1162 1358
1359 1359 1360 1163 1359
1360 1360 1361 1164 1360
1361 1361 1362 1165 1361
1362 1362 1363 1166 1362
1363 1363 1364 1167 1363
1364 1364 1365 1168 1364
1365 1365 1366 1169 1365
1366 1366 1367 1170 1366
1367 1367 1368 1171 1367
1368 1368 1369 1172 1368
1369 1369 1370 1173 1369
1370 1370 1371 1174 1370
1371 1371 1372 1175 1371
1372 1372 1177 1176 1372
1373 1373 1374 1177 1373
1374 1374 1375 1178 1374
1375 1375 1376 1179 1375
1376 1376 1377 1180 1376
1377 1377 1378 1181 1377
1378 1378 1379 1182 1378
1379 1379 1380 1183 1379
1380 1380 1381 1184 1380
1381 1381 1382 1185 1381
1382 1382 1383 1186 1382
1383 1383 1384 1187 1383
1384 1384 1385 1188 1384
1385 1385 1386 1189 1385
1386 1386 1387 1190 1386
1387 1387 1388 1191 1387
1388 1388 1389 1192 1388
1389 1389 1390 1193 1389
1390 1390 1391 1194 1390
1391 1391 1392 1195 1391
1392 1392 1393 1196 1392
1393 1393 1394 1197 1393
1394 1394 1395 1198 1394
1395 1395 1396 1199 1395
1396 1396 1397 1200 1396
1397 1397 1398 1201 1397
1398 1398 1399 1202 1398
1399 1399 1400 1203 1399
1400 1400 1401 1204 1400
1401 1401 1402 1205 1401
1402 1402 1403 1206 1402
1403 1403 1404 1207 1403
1404 1404 1405 1208 1404
1405 1405 1406 1209 1405
1406 1406 1407 1210 1406
1407 1407 1408 1211 1407
1408 1408 1409 1212 1408
1409 1409 1410 1213 1409
1410 1410 1411 1214 1410
1411 1411 1412 1215 1411
1412 1412 1413 1216 1412
1413 1413 1414 1217 1413
1414 1414 1415 1218 1414
1415 1415 1416 1219 1415
1416 1416 1417 1220 1416
1417 1417 1418 1221 1417
1418 1418 1419 1222 1418
1419 1419 1420 1223 1419
1420 1420 1421 1224 1420
1421 1421 1422 1225 1421
1422 1422 1423 1226 1422
1423 1423 1424 1227 1423
1424 1424 1425 1228 1424
1425 1425 1426 1229 1425
1426 1426 1427 1230 1426
1427 1427 1428 1231 1427
1428 1428 1429 1232 1428
1429 1429 1430 1233 1429
1430 1430 1431 1234 1430
1431 1431 1432 1235 1431
1432 1432 1433 1236 1432
1433 1433 1434 1237 1433
1434 1434 1435 1238 1434
1435 1435 1436 1239 1435
1436 1436 1437 1240 1436
1437 1437 1438 1241 1437
1438 1438 1439 1242 1438
1439 1439 1440 1243 1439
1440 1440 1441 1244 1440
1441 1441 1442 1245 1441
1442 1442 1443 1246 1442
1443 1443 1444 1247 1443
1444 1444 1445 1248 1444
1445 1445 1446 1249 1445
1446 1446 1447 1250 1446
1447 1447 1448 1251 1447
1448 1448 1449 1252 1448
1449 1449 1450 1253 1449
1450 1450 1451 1254 1450
1451 1451 1452 1255 1451
1452 1452 1453 1256 1452
1453 1453 1454 1257 1453
1454 1454 1455 1258 1454
1455 1455 1456 1259 1455
1456 1456 1457 1260 1456
1457 1457 1458 1261 1457
1458 1458 1459 1262 1458
1459 1459 1460 1263 1459
1460 1460 1461 1264 1460
1461 1461 1462 1265 1461
1462 1462 1463 1266 1462
1463 1463 1464 1267 1463
1464 1464 1465 1268 1464
1465 1465 1466 1269 1465
1466 1466 1467 1270 1466
1467 1467 1468 1271 1467
1468 1468 1469 1272 1468
1469 1469 1470 1273 1469
1470 1470 1471 1274 1470
1471 1471 1472 1275 1471
1472 1472 1473 1276 1472
1473 1473 1474 1277 1473
1474 1474 1475 1278 1474
1475 1475 1476 1279 1475
1476 1476 1477 1280 1476
1477 1477 1478 1281 1477
1478 1478 1479 1282 1478
1479 1479 1480 1283 1479
1480 1480 1481 1284 1480
1481 1481 1482 1285 1481
1482 1482 1483 1286 1482
1483 1483 1484 1287 1483
1484 1484 1485 1288 1484
1485 1485 1486 1289 1485
1486 1486 1487 1290 1486
1487 1487 1488 1291 1487
1488 1488 1489 1292 1488
1489 1489 1490 1293 1489
1490 1490 1491 1294 1490
1491 1491 1492 1295 1491
1492 1492 1493 1296 1492
1493 1493 1494 1297 1493
1494 1494 1495 1298 1494
1495 1495 1496 1299 1495
1496 1496 1497 1300 1496
1497 1497 1498 1301 1497
1498 1498 1499 1302 1498
1499 1499 1500 1303 1499
1500 1500 1501 1304 1500
1501 1501 1502 1305 1501
1502 1502 1503 1306 1502
1503 1503 1504 1307 1503
1504 1504 1505 1308 1504
1505 1505 1506 1309 1505
1506 1506 1507 1310 1506
1507 1507 1508 1311 1507
1508 1508 1509 1312 1508
1509 1509 1510 1313 1509
1510 1510 1511 1314 1510
1511 1511 1512 1315 1511
1512 1512 1513 1316 1512
1513 1513 1514 1317 1513
1514 1514 1515 1318 1514
1515 1515 1516 1319 1515
1516 1516 1517 1320 1516
1517 1517 1518 1321 1517
1518 1518 1519 1322 1518
1519 1519 1520 1323 1519
1520 1520 1521 1324 1520
1521 1521 1522 1325 1521
1522 1522 1523 1326 1522
1523 1523 1524 1327 1523
1524 1524 1525 1328 1524
1525 1525 1526 1329 1525
1526 1526 1527 1330 1526
1527 1527 1528 1331 1527
1528 1528 1529 1332 1528
1529 1529 1530 1333 1529
1530 1530 1531 1334 1530
1531 1531 1532 1335 1531
1532 1532 1533 1336 1532
1533 1533 1534 1337 1533
1534 1534 1535 1338 1534
1535 1535 1536 1339 1535
1536 1536 1537 1340 1536
1537 1537 1538 1341 1537
1538 1538 1539 1342 1538
1539 1539 1540 1343 1539
1540 1540 1541 1344 1540
1541 1541 1542 1345 1541
1542 1542 1543 1346 1542
1543 1543 1544 1347 1543
1544 1544 1545 1348 1544
1545 1545 1546 1349 1545
1546 1546 1547 1350 1546
1547 1547 1548 1351 1547
1548 1548 1549 1352 1548
1549 1549 1550 1353 1549
1550 1550 1551 1354 1550
1551 1551 1552 1355 1551
1552 1552 1553 1356 1552
1553 1553 1554 1357 1553
1554 1554 1555 1358 1554
1555 1555 1556 1359 1555
1556 1556 1557 1360 1556
1557 1557 1558 1361 1557
1558 1558 1559 1362 1558
1559 1559 1560 1363 1559
1560 1560 1561 1364 1560
1561 1561 1562 1365 1561
1562 1562 1563 1366 1562
1563 1563 1564 1367 1563
1564 1564 1565 1368 1564
1565 1565 1566 1369 1565
1566 1566 1567 1370 1566
1567 1567 1568 1371 1567
1568 1568 1373 1372 1568
1569 1569 1570 1373 1569
1570 1570 1571 1374 1570
1571 1571 1572 1375 1571
1572 1572 1573 1376 1572
1573 1573 1574 1377 1573
1574 1574 1575 1378 1574
1575 1575 1576 1379 1575
1576 1576 1577 1380 1576
1577 1577 1578 1381 1577
1578 1578 1579 1382 1578
1579 1579 1580 1383 1579
1580 1580 1581 1384 1580
1581 1581 1582 1385 1581
1582 1582 1583 1386 1582
1583 1583 1584 1387 1583
1584 1584 1585 1388 1584
1585 1585 1586 1389 1585
1586 1586 1587 1390 1586
1587 1587 1588 1391 1587
1588 1588 1589 1392 1588
1589 1589 1590 1393 1589
1590 1590 1591 1394 1590
1591 1591 1592 1395 1591
1592 1592 1593 1396 1592
1593 1593 1594 1397 1593
1594 1594 1595 1398 1594
1595 1595 1596 1399 1595
1596 1596 1597 1400 1596
1597 1597 1598 1401 1597
1598 1598 1599 1402 1598
1599 1599 1600 1403 1599
1600 1600 1601 1404 1600
1601 1601 1602 1405 1601
1602 1602 1603 1406 1602
1603 1603 1604 1407 1603
1604 1604 1605 1408 1604
1605 1605 1606 1409 1605
1606 1606 1607 1410 1606
1607 1607 1608 1411 1607
1608 1608 1609 1412 1608
1609 1609 1610 1413 1609
1610 1610 1611 1414 1610
1611 1611 1612 1415 1611
1612 1612 1613 1416 1612
1613 1613 1614 1417 1613
1614 1614 1615 1418 1614
1615 1615 1616 1419 1615
1616 1616 1617 1420 1616
1617 1617 1618 1421 1617
1618 1618 1619 1422 1618
1619 1619 1620 1423 1619
1620 1620 1621 1424 1620
1621 1621 1622 1425 1621
1622 1622 1623 1426 1622
1623 1623 1624 1427 1623
1624 1624 1625 1428 1624
1625 1625 1626 1429 1625
1626 1626 1627 1430 1626
1627 1627 1628 1431 1627
1628 1628 1629 1432 1628
1629 1629 1630 1433 1629
1630 1630 1631 1434 1630
1631 1631 1632 1435 1631
1632 1632 1633 1436 1632
1633 1633 1634 1437 1633
1634 1634 1635 1438 1634
1635 1635 1636 1439 1635
1636 1636 1637 1440 1636
1637 1637 1638 1441 1637
1638 1638 1639 1442 1638
1639 1639 1640 1443 1639
1640 1640 1641 1444 1640
1641 1641 1642 1445 1641
1642 1642 1643 1446 1642
1643 1643 1644 1447 1643
1644 1644 1645 1448 1644
1645 1645 1646 1449 1645
1646 1646 1647 1450 1646
1647 1647 1648 1451 1647
1648 1648 1649 1452 1648
1649 1649 1650 1453 1649
1650 1650 1651 1454 1650
1651 1651 1652 1455 1651
1652 1652 1653 1456 1652
1653 1653 1654 1457 1653
1654 1654 1655 1458 1654
1655 1655 1656 1459 1655
1656 1656 1657 1460 1656
1657 1657 1658 1461 1657
1658 1658 1659 1462 1658
1659 1659 1660 1463 1659
1660 1660 1661 1464 1660
1661 1661 1662 1465 1661
1662 1662 1663 1466 1662
1663 1663 1664 1467 1663
1664 1664 1665 1468 1664
1665 1665 1666 1469 1665
1666 1666 1667 1470 1666
1667 1667 1668 1471 1667
1668 1668 1669 1472 1668
1669 1669 1670 1473 1669
1670 1670 1671 1474 1670
1671 1671 1672 1475 1671
1672 1672 1673 1476 1672
1673 1673 1674 1477 1673
1674 1674 1675 1478 1674
1675 1675 1676 1479 1675
1676 1676 1677 1480 1676
1677 1677 1678 1481 1677
1678 1678 1679 1482 1678
1679 1679 1680 1483 1679
1680 1680 1681 1484 1680
1681 1681 1682 1485 1681
1682 1682 1683 1486 1682
1683 1683 1684 1487 1683
1684 1684 1685 1488 1684
1685 1685 1686 1489 1685
1686 1686 1687 1490 1686
1687 1687 1688 1491 1687
1688 1688 1689 1492 1688
1689 1689 1690 1493 1689
1690 1690 1691 1494 1690
1691 1691 1692 1495 1691
1692 1692 1693 1496 1692
1693 1693 1694 1497 1693
1694 1694 1695 1498 1694
1695 1695 1696 1499 1695
1696 1696 1697 1500 1696
1697 1697 1698 1501 1697
1698 1698 1699 1502 1698
1699 1699 1700 1503 1699
1700 1700 1701 1504 1700
1701 1701 1702 1505 1701
1702 1702 1703 1506 1702
1703 1703 1704 1507 1703
1704 1704 1705 1508 1704
1705 1705 1706 1509 1705
1706 1706 1707 1510 1706
1707 1707 1708 1511 1707
1708 1708 1709 1512 1708
1709 1709 1710 1513 1709
1710 1710 1711 1514 1710
1711 1711 1712 1515 1711
1712 1712 1713 1516 1712
1713 1713 1714 1517 1713
1714 1714 1715 1518 1714
1715 1715 1716 1519 1715
1716 1716 1717 1520 1716
1717 1717 1718 1521 1717
1718 1718 1719 1522 1718
1719 1719 1720 1523 1719
1720 1720 1721 1524 1720
1721 1721 1722 1525 1721
1722 1722 1723 1526 1722
1723 1723 1724 1527 1723
1724 1724 1725 1528 1724
1725 1725 1726 1529 1725
1726 1726 1727 1530 1726
1727 1727 1728 1531 1727
1728 1728 1729 1532 1728
1729 1729 1730 1533 1729
1730 1730 1731 1534 1730
1731 1731 1732 1535 1731
1732 1732 1733 1536 1732
1733 1733 1734 1537 1733
1734 1734 1735 1538 1734
1735 1735 1736 1539 1735
1736 1736 1737 1540 1736
1737 1737 1738 1541 1737
1738 1738 1739 1542 1738
1739 1739 1740 1543 1739
1740 1740 1741 1544 1740
1741 1741 1742 1545 1741
1742 1742 1743 1546 1742
1743 1743 1744 1547 1743
1744 1744 1745 1548 1744
1745 1745 1746 1549 1745
1746 1746 1747 1550 1746
1747 1747 1748 1551 1747
1748 1748 1749 1552 1748
1749 1749 1750 1553 1749
1750 1750 1751 1554 1750
1751 1751 1752 1555 1751
1752 1752 1753 1556 1752
1753 1753 1754 1557 1753
1754 1754 1755 1558 1754
1755 1755 1756 1559 1755
1756 1756 1757 1560 1756
1757 1757 1758 1561 1757
1758 1758 1759 1562 1758
1759 1759 1760 1563 1759
1760 1760 1761 1564 1760
1761 1761 1762 1565 1761
1762 1762 1763 1566 1762
1763 1763 1764 1567 1763
1764 1764 1569 1568 1764
1765 1765 1766 1569 1765
1766 1766 1767 1570 1766
1767 1767 1768 1571 1767
1768 1768 1769 1572 1768
1769 1769 1770 1573 1769
1770 1770 1771 1574 1770
1771 1771 1772 1575 1771
1772 1772 1773 1576 1772
1773 1773 1774 1577 1773
1774 1774 1775 1578 1774
1775 1775 1776 1579 1775
1776 1776 1777 1580 1776
1777 1777 1778 1581 1777
1778 1778 1779 1582 1778
1779 1779 1780 1583 1779
1780 1780 1781 1584 1780
1781 1781 1782 1585 1781
1782 1782 1783 1586 1782
1783 1783 1784 1587 1783
1784 1784 1785 1588 1784
1785 1785 1786 1589 1785
1786 1786 1787 1590 1786
1787 1787 1788 1591 1787
1788 1788 1789 1592 1788
1789 1789 1790 1593 1789
1790 1790 1791 1594 1790
1791 1791 1792 1595 1791
1792 1792 1793 1596 1792
1793 1793 1794 1597 1793
1794 1794 1795 1598 1794
1795 1795 1796 1599 1795
1796 1796 1797 1600 1796
1797 1797 1798 1601 1797
1798 1798 1799 1602 1798
1799 1799 1800 1603 1799
1800 1800 1801 1604 1800
1801 1801 1802 1605 1801
1802 1802 1803 1606 1802
1803 1803 1804 1607 1803
1804 1804 1805 1608 1804
1805 1805 1806 1609 1805
1806 1806 1807 1610 1806
1807 1807 1808 1611 1807
1808 1808 1809 1612 1808
1809 1809 1810 1613 1809
1810 1810 1811 1614 1810
1811 1811 1812 1615 1811
1812 1812 1813 1616 1812
1813 1813 1814 1617 1813
1814 1814 1815 1618 1814
1815 1815 1816 1619 1815
1816 1816 1817 1620 1816
1817 1817 1818 1621 1817
1818 1818 1819 1622 1818
1819 1819 1820 1623 1819
1820 1820 1821 1624 1820
1821 1821 1822 1625 1821
1822 1822 1823 1626 1822
1823 1823 1824 1627 1823
1824 1824 1825 1628 1824
1825 1825 1826 1629 1825
1826 1826 1827 1630 1826
1827 1827 1828 1631 1827
1828 1828 1829 1632 1828
1829 1829 1830 1633 1829
1830 1830 1831 1634 1830
1831 1831 1832 1635 1831
1832 1832 1833 1636 1832
1833 1833 1834 1637 1833
1834 1834 1835 1638 1834
1835 1835 1836 1639 1835
1836 1836 1837 1640 1836
1837 1837 1838 1641 1837
1838 1838 1839 1642 1838
1839 1839 1840 1643 1839
1840 1840 1841 1644 1840
1841 1841 1842 1645 1841
1842 1842 1843 1646 1842
1843 1843 1844 1647 1843
1844 1844 1845 1648 1844
1845 1845 1846 1649 1845
1846 1846 1847 1650 1846
1847 1847 1848 1651 1847
1848 1848 1849 1652 1848
1849 1849 1850 1653 1849
1850 1850 1851 1654 1850
1851 1851 1852 1655 1851
1852 1852 1853 1656 1852
1853 1853 1854 1657 1853
1854 1854 1855 1658 1854
1855 1855 1856 1659 1855
1856 1856 1857 1660 1856
1857 1857 1858 1661 1857
1858 1858 1859 1662 1858
1859 1859 1860 1663 1859
1860 1860 1861 1664 1860
1861 1861 1862 1665 1861
1862 1862 1863 1666 1862
1863 1863 1864 1667 1863
1864 1864 1865 1668 1864
1865 1865 1866 1669 1865
1866 1866 1867 1670 1866
1867 1867 1868 1671 1867
1868 1868 1869 1672 1868
1869 1869 1870 1673 1869
1870 1870 1871 1674 1870
1871 1871 1872 1675 1871
1872 1872 1873 1676 1872
1873 1873 1874 1677 1873
1874 1874 1875 1678 1874
1875 1875 1876 1679 1875
1876 1876 1877 1680 1876
1877 1877 1878 1681 1877
1878 1878 1879 1682 1878
1879 1879 1880 1683 1879
1880 1880 1881 1684 1880
1881 1881 1882 1685 1881
1882 1882 1883 1686 1882
1883 1883 1884 1687 1883
1884 1884 1885 1688 1884
1885 1885 1886 1689 1885
1886 1886 1887 1690 1886
1887 1887 1888 1691 1887
1888 1888 1889 1692 1888
1889 1889 1890 1693 1889
1890 1890 1891 1694 1890
1891 1891 1892 1695 1891
1892 1892 1893 1696 1892
1893 1893 1894 1697 1893
1894 1894 1895 1698 1894
1895 1895 1896 1699 1895
1896 1896 1897 1700 1896
1897 1897 1898 1701 1897
1898 1898 1899 1702 1898
1899 1899 1900 1703 1899
1900 1900 1901 1704 1900
1901 1901 1902 1705 1901
1902 1902 1903 1706 1902
1903 1903 1904 1707 1903
1904 1904 1905 1708 1904
1905 1905 1906 1709 1905
1906 1906 1907 1710 1906
1907 1907 1908 1711 1907
1908 1908 1909 1712 1908
1909 1909 1910 1713 1909
1910 1910 1911 1714 1910
1911 1911 1912 1715 1911
1912 1912 1913 1716 1912
1913 1913 1914 1717 1913
1914 1914 1915 1718 1914
1915 1915 1916 1719 1915
1916 1916 1917 1720 1916
1917 1917 1918 1721 1917
1918 1918 1919 1722 1918
1919 1919 1920 1723 1919
1920 1920 1921 1724 1920
1921 1921 1922 1725 1921
1922 1922 1923 1726 1922
1923 1923 1924 1727 1923
1924 1924 1925 1728 1924
1925 1925 1926 1729 1925
1926 1926 1927 1730 1926
1927 1927 1928 1731 1927
1928 1928 1929 1732 1928
1929 1929 1930 1733 1929
1930 1930 1931 1734 1930
1931 1931 1932 1735 1931
1932 1932 1933 1736 1932
1933 1933 1934 1737 1933
1934 1934 1935 1738 1934
1935 1935 1936 1739 1935
1936 1936 1937 1740 1936
1937 1937 1938 1741 1937
1938 1938 1939 1742 1938
1939 1939 1940 1743 1939
1940 1940 1941 1744 1940
1941 1941 1942 1745 1941
1942 1942 1943 1746 1942
1943 1943 1944 1747 1943
1944 1944 1945 1748 1944
1945 1945 1946 1749 1945
1946 1946 1947 1750 1946
1947 1947 1948 1751 1947
1948 1948 1949 1752 1948
1949 1949 1950 1753 1949
1950 1950 1951 1754 1950
1951 1951 1952 1755 1951
1952 1952 1953 1756 1952
1953 1953 1954 1757 1953
1954 1954 1955 1758 1954
1955 1955 1956 1759 1955
1956 1956 1957 1760 1956
1957 1957 1958 1761 1957
1958 1958 1959 1762 1958
1959 1959 1960 1763 1959
1960 1960 1765 1764 1960
1961 1961 1962 1765 1961
1962 1962 1963 1766 1962
1963 1963 1964 1767 1963
1964 1964 1965 1768 1964
1965 1965 1966 1769 1965
1966 1966 1967 1770 1966
1967 1967 1968 1771 1967
1968 1968 1969 1772 1968
1969 1969 1970 1773 1969
1970 1970 1971 1774 1970
1971 1971 1972 1775 1971
1972 1972 1973 1776 1972
1973 1973 1974 1777 1973
1974 1974 1975 1778 1974
1975 1975 1976 1779 1975
1976 1976 1977 1780 1976
1977 1977 1978 1781 1977
1978 1978 1979 1782 1978
1979 1979 1980 1783 1979
1980 1980 1981 1784 1980
1981 1981 1982 1785 1981
1982 1982 1983 1786 1982
1983 1983 1984 1787 1983
1984 1984 1985 1788 1984
1985 1985 1986 1789 1985
1986 1986 1987 1790 1986
1987 1987 1988 1791 1987
1988 1988 1989 1792 1988
1989 1989 1990 1793 1989
1990 1990 1991 1794 1990
1991 1991 1992 1795 1991
1992 1992 1993 1796 1992
1993 1993 1994 1797 1993
1994 1994 1995 1798 1994
1995 1995 1996 1799 1995
1996 1996 1997 1800 1996
1997 1997 1998 1801 1997
1998 1998 1999 1802 1998
1999 1999 2000 1803 1999
2000 2000 2001 1804 2000
2001 2001 2002 1805 2001
2002 2002 2003 1806 2002
2003 2003 2004 1807 2003
2004 2004 2005 1808 2004
2005 2005 2006 1809 2005
2006 2006 2007 1810 2006
2007 2007 2008 1811 2007
2008 2008 2009 1812 2008
2009 2009 2010 1813 2009
2010 2010 2011 1814 2010
2011 2011 2012 1815 2011
2012 2012 2013 1816 2012
2013 2013 2014 1817 2013
2014 2014 2015 1818 2014
2015 2015 2016 1819 2015
2016 2016 2017 1820 2016
2017 2017 2018 1821 2017
2018 2018 2019 1822 2018
2019 2019 2020 1823 2019
2020 2020 2021 1824 2020
2021 2021 2022 1825 2021
2022 2022 2023 1826 2022
2023 2023 2024 1827 2023
2024 2024 2025 1828 2024
2025 2025 2026 1829 2025
2026 2026 2027 1830 2026
2027 2027 2028 1831 2027
2028 2028 2029 1832 2028
2029 2029 2030 1833 2029
2030 2030 2031 1834 2030
2031 2031 2032 1835 2031
2032 2032 2033 1836 2032
2033 2033 2034 1837 2033
2034 2034 2035 1838 2034
2035 2035 2036 1839 2035
2036 2036 2037 1840 2036
2037 2037 2038 1841 2037
2038 2038 2039 1842 2038
2039 2039 2040 1843 2039
2040 2040 2041 1844 2040
2041 2041 2042 1845 2041
2042 2042 2043 1846 2042
2043 2043 2044 1847 2043
2044 2044 2045 1848 2044
2045 2045 2046 1849 2045
2046 2046 2047 1850 2046
2047 2047 2048 1851 2047
2048 2048 2049 1852 2048
2049 2049 2050 1853 2049
2050 2050 2051 1854 2050
2051 2051 2052 1855 2051
2052 2052 2053 1856 2052
2053 2053 2054 1857 2053
2054 2054 2055 1858 2054
2055 2055 2056 1859 2055
2056 2056 2057 1860 2056
2057 2057 2058 1861 2057
2058 2058 2059 1862 2058
2059 2059 2060 1863 2059
2060 2060 2061 1864 2060
2061 2061 2062 1865 2061
2062 2062 2063 1866 2062
2063 2063 2064 1867 2063
2064 2064 2065 1868 2064
2065 2065 2066 1869 2065
2066 2066 2067 1870 2066
2067 2067 2068 1871 2067
2068 2068 2069 1872 2068
2069 2069 2070 1873 2069
2070 2070 2071 1874 2070
2071 2071 2072 1875 2071
2072 2072 2073 1876 2072
2073 2073 2074 1877 2073
2074 2074 2075 1878 2074
2075 2075 2076 1879 2075
2076 2076 2077 1880 2076
2077 2077 2078 1881 2077
2078 2078 2079 1882 2078
2079 2079 2080 1883 2079
2080 2080 2081 1884 2080
2081 2081 2082 1885 2081
2082 2082 2083 1886 2082
2083 2083 2084 1887 2083
2084 2084 2085 1888 2084
2085 2085 2086 1889 2085
2086 2086 2087 1890 2086
2087 2087 2088 1891 2087
2088 2088 2089 1892 2088
2089 2089 2090 1893 2089
2090 2090 2091 1894 2090
2091 2091 2092 1895 2091
2092 2092 2093 1896 2092
2093 2093 2094 1897 2093
2094 2094 2095 1898 2094
2095 2095 2096 1899 2095
2096 2096 2097 1900 2096
2097 2097 2098 1901 2097
2098 2098 2099 1902 2098
2099 2099 2100 1903 2099
2100 2100 2101 1904 2100
2101 2101 2102 1905 2101
2102 2102 2103 1906 2102
2103 2103 2104 1907 2103
2104 2104 2105 1908 2104
2105 2105 2106 1909 2105
2106 2106 2107 1910 2106
2107 2107 2108 1911 2107
2108 2108 2109 1912 2108
2109 2109 2110 1913 2109
2110 2110 2111 1914 2110
2111 2111 2112 1915 2111
2112 2112 2113 1916 2112
2113 2113 2114 1917 2113
2114 2114 2115 1918 2114
2115 2115 2116 1919 2115
2116 2116 2117 1920 2116
2117 2117 2118 1921 2117
2118 2118 2119 1922 2118
2119 2119 2120 1923 2119
2120 2120 2121 1924 2120
2121 2121 2122 1925 2121
2122 2122 2123 1926 2122
2123 2123 2124 1927 2123
2124 2124 2125 1928 2124
2125 2125 2126 1929 2125
2126 2126 2127 1930 2126
2127 2127 2128 1931 2127
2128 2128 2129 1932 2128
2129 2129 2130 1933 2129
2130 2130 2131 1934 2130
2131 2131 2132 1935 2131
2132 2132 2133 1936 2132
2133 2133 2134 1937 2133
2134 2134 2135 1938 2134
2135 2135 2136 1939 2135
2136 2136 2137 1940 2136
2137 2137 2138 1941 2137
2138 2138 2139 1942 2138
2139 2139 2140 1943 2139
2140 2140 2141 1944 2140
2141 2141 2142 1945 2141
2142 2142 2143 1946 2142
2143 2143 2144 1947 2143
2144 2144 2145 1948 2144
2145 2145 2146 1949 2145
2146 2146 2147 1950 2146
2147 2147 2148 1951 2147
2148 2148 2149 1952 2148
2149 2149 2150 1953 2149
2150 2150 2151 1954 2150
2151 2151 2152 1955 2151
2152 2152 2153 1956 2152
2153 2153 2154 1957 2153
2154 2154 2155 1958 2154
2155 2155 2156 1959 2155
2156 2156 1961 1960 2156
2157 2157 2158 1961 2157
2158 2158 2159 1962 2158
2159 2159 2160 1963 2159
2160 2160 2161 1964 2160
2161 2161 2162 1965 2161
2162 2162 2163 1966 2162
2163 2163 2164 1967 2163
2164 2164 2165 1968 2164
2165 2165 2166 1969 2165
2166 2166 2167 1970 2166
2167 2167 2168 1971 2167
2168 2168 2169 1972 2168
2169 2169 2170 1973 2169
2170 2170 2171 1974 2170
2171 2171 2172 1975 2171
2172 2172 2173 1976 2172
2173 2173 2174 1977 2173
2174 2174 2175 1978 2174
2175 2175 2176 1979 2175
2176 2176 2177 1980 2176
2177 2177 2178 1981 2177
2178 2178 2179 1982 2178
2179 2179 2180 1983 2179
2180 2180 2181 1984 2180
2181 2181 2182 1985 2181
2182 2182 2183 1986 2182
2183 2183 2184 1987 2183
2184 2184 2185 1988 2184
2185 2185 2186 1989 2185
2186 2186 2187 1990 2186
2187 2187 2188 1991 2187
2188 2188 2189 1992 2188
2189 2189 2190 1993 2189
2190 2190 2191 1994 2190
2191 2191 2192 1995 2191
2192 2192 2193 1996 2192
2193 2193 2194 1997 2193
2194 2194 2195 1998 2194
2195 2195 2196 1999 2195
2196 2196 2197 2000 2196
2197 2197 2198 2001 2197
2198 2198 2199 2002 2198
2199 2199 2200 2003 2199
2200 2200 2201 2004 2200
2201 2201 2202 2005 2201
2202 2202 2203 2006 2202
2203 2203 2204 2007 2203
2204 2204 2205 2008 2204
2205 2205 2206 2009 2205
2206 2206 2207 2010 2206
2207 2207 2208 2011 2207
2208 2208 2209 2012 2208
2209 2209 2210 2013 2209
2210 2210 2211 2014 2210
2211 2211 2212 2015 2211
2212 2212 2213 2016 2212
2213 2213 2214 2017 2213
2214 2214 2215 2018 2214
2215 2215 2216 2019 2215
2216 2216 2217 2020 2216
2217 2217 2218 2021 2217
2218 2218 2219 2022 2218
2219 2219 2220 2023 2219
2220 2220 2221 2024 2220
2221 2221 2222 2025 2221
2222 2222 2223 2026 2222
2223 2223 2224 2027 2223
2224 2224 2225 2028 2224
2225 2225 2226 2029 2225
2226 2226 2227 2030 2226
2227 2227 2228 2031 2227
2228 2228 2229 2032 2228
2229 2229 2230 2033 2229
2230 2230 2231 2034 2230
2231 2231 2232 2035 2231
2232 2232 2233 2036 2232
2233 2233 2234 2037 2233
2234 2234 2235 2038 2234
2235 2235 2236 2039 2235
2236 2236 2237 2040 2236
2237 2237 2238 2041 2237
2238 2238 2239 2042 2238
2239 2239 2240 2043 2239
2240 2240 2241 2044 2240
2241 2241 2242 2045 2241
2242 2242 2243 2046 2242
2243 2243 2244 2047 2243
2244 2244 2245 2048 2244
2245 2245 2246 2049 2245
2246 2246 2247 2050 2246
2247 2247 2248 2051 2247
2248 2248 2249 2052 2248
2249 2249 2250 2053 2249
2250 2250 2251 2054 2250
2251 2251 2252 2055 2251
2252 2252 2253 2056 2252
2253 2253 2254 2057 2253
2254 2254 2255 2058 2254
2255 2255 2256 2059 2255
2256 2256 2257 2060 2256
2257 2257 2258 2061 2257
2258 2258 2259 2062 2258
2259 2259 2260 2063 2259
2260 2260 2261 2064 2260
2261 2261 2262 2065 2261
2262 2262 2263 2066 2262
2263 2263 2264 2067 2263
2264 2264 2265 2068 2264
2265 2265 2266 2069 2265
2266 2266 2267 2070 2266
2267 2267 2268 2071 2267
2268 2268 2269 2072 2268
2269 2269 2270 2073 2269
2270 2270 2271 2074 2270
2271 2271 2272 2075 2271
2272 2272 2273 2076 2272
2273 2273 2274 2077 2273
2274 2274 2275 2078 2274
2275 2275 2276 2079 2275
2276 2276 2277 2080 2276
2277 2277 2278 2081 2277
2278 2278 2279 2082 2278
2279 2279 2280 2083 2279
2280 2280 2281 2084 2280
2281 2281 2282 2085 2281
2282 2282 2283 2086 2282
2283 2283 2284 2087 2283
2284 2284 2285 2088 2284
2285 2285 2286 2089 2285
2286 2286 2287 2090 2286
2287 2287 2288 2091 2287
2288 2288 2289 2092 2288
2289 2289 2290 2093 2289
2290 2290 2291 2094 2290
2291 2291 2292 2095 2291
2292 2292 2293 2096 2292
2293 2293 2294 2097 2293
2294 2294 2295 2098 2294
2295 2295 2296 2099 2295
2296 2296 2297 2100 2296
2297 2297 2298 2101 2297
2298 2298 2299 2102 2298
2299 2299 2300 2103 2299
2300 2300 2301 2104 2300
2301 2301 2302 2105 2301
2302 2302 2303 2106 2302
2303 2303 2304 2107 2303
2304 2304 2305 2108 2304
2305 2305 2306 2109 2305
2306 2306 2307 2110 2306
2307 2307 2308 2111 2307
2308 2308 2309 2112 2308
2309 2309 2310 2113 2309
2310 2310 2311 2114 2310
2311 2311 2312 2115 2311
2312 2312 2313 2116 2312
2313 2313 2314 2117 2313
2314 2314 2315 2118 2314
2315 2315 2316 2119 2315
2316 2316 2317 2120 2316
2317 2317 2318 2121 2317
2318 2318 2319 2122 2318
2319 2319 2320 2123 2319
2320 2320 2321 2124 2320
2321 2321 2322 2125 2321
2322 2322 2323 2126 2322
2323 2323 2324 2127 2323
2324 2324 2325 2128 2324
2325 2325 2326 2129 2325
2326 2326 2327 2130 2326
2327 2327 2328 2131 2327
2328 2328 2329 2132 2328
2329 2329 2330 2133 2329
2330 2330 2331 2134 2330
2331 2331 2332 2135 2331
2332 2332 2333 2136 2332
2333 2333 2334 2137 2333
2334 2334 2335 2138 2334
2335 2335 2336 2139 2335
2336 2336 2337 2140 2336
2337 2337 2338 2141 2337
2338 2338 2339 2142 2338
2339 2339 2340 2143 2339
2340 2340 2341 2144 2340
2341 2341 2342 2145 2341
2342 2342 2343 2146 2342
2343 2343 2344 2147 2343
2344 2344 2345 2148 2344
2345 2345 2346 2149 2345
2346 2346 2347 2150 2346
2347 2347 2348 2151 2347
2348 2348 2349 2152 2348
2349 2349 2350 2153 2349
2350 2350 2351 2154 2350
2351 2351 2352 2155 2351
2352 2352 2157 2156 2352
2353 2353 2354 2157 2353
2354 2354 2355 2158 2354
2355 2355 2356 2159 2355
2356 2356 2357 2160 2356
2357 2357 2358 2161 2357
2358 2358 2359 2162 2358
2359 2359 2360 2163 2359
2360 2360 2361 2164 2360
2361 2361 2362 2165 2361
2362 2362 2363 2166 2362
2363 2363 2364 2167 2363
2364 2364 2365 2168 2364
2365 2365 2366 2169 2365
2366 2366 2367 2170 2366
2367 2367 2368 2171 2367
2368 2368 2369 2172 2368
2369 2369 2370 2173 2369
2370 2370 2371 2174 2370
2371 2371 2372 2175 2371
2372 2372 2373 2176 2372
2373 2373 2374 2177 2373
2374 2374 2375 2178 2374
2375 2375 2376 2179 2375
2376 2376 2377 2180 2376
2377 2377 2378 2181 2377
2378 2378 2379 2182 2378
2379 2379 2380 2183 2379
2380 2380 2381 2184 2380
2381 2381 2382 2185 2381
2382 2382 2383 2186 2382
2383 2383 2384 2187 2383
2384 2384 2385 2188 2384
2385 2385 2386 2189 2385
2386 2386 2387 2190 2386
2387 2387 2388 2191 2387
2388 2388 2389 2192 2388
2389 2389 2390 2193 2389
2390 2390 2391 2194 2390
2391 2391 2392 2195 2391
2392 2392 2393 2196 2392
2393 2393 2394 2197 2393
2394 2394 2395 2198 2394
2395 2395 2396 2199 2395
2396 2396 2397 2200 2396
2397 2397 2398 2201 2397
2398 2398 2399 2202 2398
2399 2399 2400 2203 2399
2400 2400 2401 2204 2400
2401 2401 2402 2205 2401
2402 2402 2403 2206 2402
2403 2403 2404 2207 2403
2404 2404 2405 2208 2404
2405 2405 2406 2209 2405
2406 2406 2407 2210 2406
2407 2407 2408 2211 2407
2408 2408 2409 2212 2408
2409 2409 2410 2213 2409
2410 2410 2411 2214 2410
2411 2411 2412 2215 2411
2412 2412 2413 2216 2412
2413 2413 2414 2217 2413
2414 2414 2415 2218 2414
2415 2415 2416 2219 2415
2416 2416 2417 2220 2416
2417 2417 2418 2221 2417
2418 2418 2419 2222 2418
2419 2419 2420 2223 2419
2420 2420 2421 2224 2420
2421 2421 2422 2225 2421
2422 2422 2423 2226 2422
2423 2423 2424 2227 2423
2424 2424 2425 2228 2424
2425 2425 2426 2229 2425
2426 2426 2427 2230 2426
2427 2427 2428 2231 2427
2428 2428 2429 2232 2428
2429 2429 2430 2233 2429
2430 2430 2431 2234 2430
2431 2431 2432 2235 2431
2432 2432 2433 2236 2432
2433 2433 2434 2237 2433
2434 2434 2435 2238 2434
2435 2435 2436 2239 2435
2436 2436 2437 2240 2436
2437 2437 2438 2241 2437
2438 2438 2439 2242 2438
2439 2439 2440 2243 2439
2440 2440 2441 2244 2440
2441 2441 2442 2245 2441
2442 2442 2443 2246 2442
2443 2443 2444 2247 2443
2444 2444 2445 2248 2444
2445 2445 2446 2249 2445
2446 2446 2447 2250 2446
2447 2447 2448 2251 2447
2448 2448 2449 2252 2448
2449 2449 2450 2253 2449
2450 2450 2451 2254 2450
2451 2451 2452 2255 2451
2452 2452 2453 2256 2452
2453 2453 2454 2257 2453
2454 2454 2455 2258 2454
2455 2455 2456 2259 2455
2456 2456 2457 2260 2456
2457 2457 2458 2261 2457
2458 2458 2459 2262 2458
2459 2459 2460 2263 2459
2460 2460 2461 2264 2460
2461 2461 2462 2265 2461
2462 2462 2463 2266 2462
2463 2463 2464 2267 2463
2464 2464 2465 2268 2464
2465 2465 2466 2269 2465
2466 2466 2467 2270 2466
2467 2467 2468 2271 2467
2468 2468 2469 2272 2468
2469 2469 2470 2273 2469
2470 2470 2471 2274 2470
2471 2471 2472 2275 2471
2472 2472 2473 2276 2472
2473 2473 2474 2277 2473
2474 2474 2475 2278 2474
2475 2475 2476 2279 2475
2476 2476 2477 2280 2476
2477 2477 2478 2281 2477
2478 2478 2479 2282 2478
2479 2479 2480 2283 2479
2480 2480 2481 2284 2480
2481 2481 2482 2285 2481
2482 2482 2483 2286 2482
2483 2483 2484 2287 2483
2484 2484 2485 2288 2484
2485 2485 2486 2289 2485
2486 2486 2487 2290 2486
2487 2487 2488 2291 2487
2488 2488 2489 2292 2488
2489 2489 2490 2293 2489
2490 2490 2491 2294 2490
2491 2491 2492 2295 2491
2492 2492 2493 2296 2492
2493 2493 2494 2297 2493
2494 2494 2495 2298 2494
2495 2495 2496 2299 2495
2496 2496 2497 2300 2496
2497 2497 2498 2301 2497
2498 2498 2499 2302 2498
2499 2499 2500 2303 2499
2500 2500 2501 2304 2500
2501 2501 2502 2305 2501
2502 2502 2503 2306 2502
2503 2503 2504 2307 2503
2504 2504 2505 2308 2504
2505 2505 2506 2309 2505
2506 2506 2507 2310 2506
2507 2507 2508 2311 2507
2508 2508 2509 2312 2508
2509 2509 2510 2313 2509
2510 2510 2511 2314 2510
2511 2511 2512 2315 2511
2512 2512 2513 2316 2512
2513 2513 2514 2317 2513
2514 2514 2515 2318 2514
2515 2515 2516 2319 2515
2516 2516 2517 2320 2516
2517 2517 2518 2321 2517
2518 2518 2519 2322 2518
2519 2519 2520 2323 2519
2520 2520 2521 2324 2520
2521 2521 2522 2325 2521
2522 2522 2523 2326 2522
2523 2523 2524 2327 2523
2524 2524 2525 2328 2524
2525 2525 2526 2329 2525
2526 2526 2527 2330 2526
2527 2527 2528 2331 2527
2528 2528 2529 2332 2528
2529 2529 2530 2333 2529
2530 2530 2531 2334 2530
2531 2531 2532 2335 2531
2532 2532 2533 2336 2532
2533 2533 2534 2337 2533
2534 2534 2535 2338 2534
2535 2535 2536 2339 2535
2536 2536 2537 2340 2536
2537 2537 2538 2341 2537
2538 2538 2539 2342 2538
2539 2539 2540 2343 2539
2540 2540 2541 2344 2540
2541 2541 2542 2345 2541
2542 2542 2543 2346 2542
2543 2543 2544 2347 2543
2544 2544 2545 2348 2544
2545 2545 2546 2349 2545
2546 2546 2547 2350 2546
2547 2547 2548 2351 2547
2548 2548 2353 2352 2548
2549 2549 2550 2353 2549
2550 2550 2551 2354 2550
2551 2551 2552 2355 2551
2552 2552 2553 2356 2552
2553 2553 2554 2357 2553
2554 2554 2555 2358 2554
2555 2555 2556 2359 2555
2556 2556 2557 2360 2556
2557 2557 2558 2361 2557
2558 2558 2559 2362 2558
2559 2559 2560 2363 2559
2560 2560 2561 2364 2560
2561 2561 2562 2365 2561
2562 2562 2563 2366 2562
2563 2563 2564 2367 2563
2564 2564 2565 2368 2564
2565 2565 2566 2369 2565
2566 2566 2567 2370 2566
2567 2567 2568 2371 2567
2568 2568 2569 2372 2568
2569 2569 2570 2373 2569
2570 2570 2571 2374 2570
2571 2571 2572 2375 2571
2572 2572 2573 2376 2572
2573 2573 2574 2377 2573
2574 2574 2575 2378 2574
2575 2575 2576 2379 2575
2576 2576 2577 2380 2576
2577 2577 2578 2381 2577
2578 2578 2579 2382 2578
2579 2579 2580 2383 2579
2580 2580 2581 2384 2580
2581 2581 2582 2385 2581
2582 2582 2583 2386 2582
2583 2583 2584 2387 2583
2584 2584 2585 2388 2584
2585 2585 2586 2389 2585
2586 2586 2587 2390 2586
2587 2587 2588 2391 2587
2588 2588 2589 2392 2588
2589 2589 2590 2393 2589
2590 2590 2591 2394 2590
2591 2591 2592 2395 2591
2592 2592 2593 2396 2592
2593 2593 2594 2397 2593
2594 2594 2595 2398 2594
2595 2595 2596 2399 2595
2596 2596 2597 2400 2596
2597 2597 2598 2401 2597
2598 2598 2599 2402 2598
2599 2599 2600 2403 2599
2600 2600 2601 2404 2600
2601 2601 2602 2405 2601
2602 2602 2603 2406 2602
2603 2603 2604 2407 2603
2604 2604 2605 2408 2604
2605 2605 2606 2409 2605
2606 2606 2607 2410 2606
2607 2607 2608 2411 2607
2608 2608 2609 2412 2608
2609 2609 2610 2413 2609
2610 2610 2611 2414 2610
2611 2611 2612 2415 2611
2612 2612 2613 2416 2612
2613 2613 2614 2417 2613
2614 2614 2615 2418 2614
2615 2615 2616 2419 2615
2616 2616 2617 2420 2616
2617 2617 2618 2421 2617
2618 2618 2619 2422 2618
2619 2619 2620 2423 2619
2620 2620 2621 2424 2620
2621 2621 2622 2425 2621
2622 2622 2623 2426 2622
2623 2623 2624 2427 2623
2624 2624 2625 2428 2624
2625 2625 2626 2429 2625
2626 2626 2627 2430 2626
2627 2627 2628 2431 2627
2628 2628 2629 2432 2628
2629 2629 2630 2433 2629
2630 2630 2631 2434 2630
2631 2631 2632 2435 2631
2632 2632 2633 2436 2632
2633 2633 2634 2437 2633
2634 2634 2635 2438 2634
2635 2635 2636 2439 2635
2636 2636 2637 2440 2636
2637 2637 2638 2441 2637
2638 2638 2639 2442 2638
2639 2639 2640 2443 2639
2640 2640 2641 2444 2640
2641 2641 2642 2445 2641
2642 2642 2643 2446 2642
2643 2643 2644 2447 2643
2644 2644 2645 2448 2644
2645 2645 2646 2449 2645
2646 2646 2647 2450 2646
2647 2647 2648 2451 2647
2648 2648 2649 2452 2648
2649 2649 2650 2453 2649
2650 2650 2651 2454 2650
2651 2651 2652 2455 2651
2652 2652 2653 2456 2652
2653 2653 2654 2457 2653
2654 2654 2655 2458 2654
2655 2655 2656 2459 2655
2656 2656 2657 2460 2656
2657 2657 2658 2461 2657
2658 2658 2659 2462 2658
2659 2659 2660 2463 2659
2660 2660 2661 2464 2660
2661 2661 2662 2465 2661
2662 2662 2663 2466 2662
2663 2663 2664 2467 2663
2664 2664 2665 2468 2664
2665 2665 2666 2469 2665
2666 2666 2667 2470 2666
2667 2667 2668 2471 2667
2668 2668 2669 2472 2668
2669 2669 2670 2473 2669
2670 2670 2671 2474 2670
2671 2671 2672 2475 2671
2672 2672 2673 2476 2672
2673 2673 2674 2477 2673
2674 2674 2675 2478 2674
2675 2675 2676 2479 2675
2676 2676 2677 2480 2676
2677 2677 2678 2481 2677
2678 2678 2679 2482 2678
2679 2679 2680 2483 2679
2680 2680 2681 2484 2680
2681 2681 2682 2485 2681
2682 2682 2683 2486 2682
2683 2683 2684 2487 2683
2684 2684 2685 2488 2684
2685 2685 2686 2489 2685
2686 2686 2687 2490 2686
2687 2687 2688 2491 2687
2688 2688 2689 2492 2688
2689 2689 2690 2493 2689
2690 2690 2691 2494 2690
2691 2691 2692 2495 2691
2692 2692 2693 2496 2692
2693 2693 2694 2497 2693
2694 2694 2695 2498 2694
2695 2695 2696 2499 2695
2696 2696 2697 2500 2696
2697 2697 2698 2501 2697
2698 2698 2699 2502 2698
2699 2699 2700 2503 2699
2700 2700 2701 2504 2700
2701 2701 2702 2505 2701
2702 2702 2703 2506 2702
2703 2703 2704 2507 2703
2704 2704 2705 2508 2704
2705 2705 2706 2509 2705
2706 2706 2707 2510 2706
2707 2707 2708 2511 2707
2708 2708 2709 2512 2708
2709 2709 2710 2513 2709
2710 2710 2711 2514 2710
2711 2711 2712 2515 2711
2712 2712 2713 2516 2712
2713 2713 2714 2517 2713
2714 2714 2715 2518 2714
2715 2715 2716 2519 2715
2716 2716 2717 2520 2716
2717 2717 2718 2521 2717
2718 2718 2719 2522 2718
2719 2719 2720 2523 2719
2720 2720 2721 2524 2720
2721 2721 2722 2525 2721
2722 2722 2723 2526 2722
2723 2723 2724 2527 2723
2724 2724 2725 2528 2724
2725 2725 2726 2529 2725
2726 2726 2727 2530 2726
2727 2727 2728 2531 2727
2728 2728 2729 2532 2728
2729 2729 2730 2533 2729
2730 2730 2731 2534 2730
2731 2731 2732 2535 2731
2732 2732 2733 2536 2732
2733 2733 2734 2537 2733
2734 2734 2735 2538 2734
2735 2735 2736 2539 2735
2736 2736 2737 2540 2736
2737 2737 2738 2541 2737
2738 2738 2739 2542 2738
2739 2739 2740 2543 2739
2740 2740 2741 2544 2740
2741 2741 2742 2545 2741
2742 2742 2743 2546 2742
2743 2743 2744 2547 2743
2744 2744 2549 2548 2744
2745 2745 2746 2549 2745
2746 2746 2747 2550 2746
2747 2747 2748 2551 2747
2748 2748 2749 2552 2748
2749 2749 2750 2553 2749
2750 2750 2751 2554 2750
2751 2751 2752 2555 2751
2752 2752 2753 2556 2752
2753 2753 2754 2557 2753
2754 2754 2755 2558 2754
2755 2755 2756 2559 2755
2756 2756 2757 2560 2756
2757 2757 2758 2561 2757
2758 2758 2759 2562 2758
2759 2759 2760 2563 2759
2760 2760 2761 2564 2760
2761 2761 2762 2565 2761
2762 2762 2763 2566 2762
2763 2763 2764 2567 2763
2764 2764 2765 2568 2764
2765 2765 2766 2569 2765
2766 2766 2767 2570 2766
2767 2767 2768 2571 2767
2768 2768 2769 2572 2768
2769 2769 2770 2573 2769
2770 2770 2771 2574 2770
2771 2771 2772 2575 2771
2772 2772 2773 2576 2772
2773 2773 2774 2577 2773
2774 2774 2775 2578 2774
2775 2775 2776 2579 2775
2776 2776 2777 2580 2776
2777 2777 2778 2581 2777
2778 2778 2779 2582 2778
2779 2779 2780 2583 2779
2780 2780 2781 2584 2780
2781 2781 2782 2585 2781
2782 2782 2783 2586 2782
2783 2783 2784 2587 2783
2784 2784 2785 2588 2784
2785 2785 2786 2589 2785
2786 2786 2787 2590 2786
2787 2787 2788 2591 2787
2788 2788 2789 2592 2788
2789 2789 2790 2593 2789
2790 2790 2791 2594 2790
2791 2791 2792 2595 2791
2792 2792 2793 2596 2792
2793 2793 2794 2597 2793
2794 2794 2795 2598 2794
2795 2795 2796 2599 2795
2796 2796 2797 2600 2796
2797 2797 2798 2601 2797
2798 2798 2799 2602 2798
2799 2799 2800 2603 2799
2800 2800 2801 2604 2800
2801 2801 2802 2605 2801
2802 2802 2803 2606 2802
2803 2803 2804 2607 2803
2804 2804 2805 2608 2804
2805 2805 2806 2609 2805
2806 2806 2807 2610 2806
2807 2807 2808 2611 2807
2808 2808 2809 2612 2808
2809 2809 2810 2613 2809
2810 2810 2811 2614 2810
2811 2811 2812 2615 2811
2812 2812 2813 2616 2812
2813 2813 2814 2617 2813
2814 2814 2815 2618 2814
2815 2815 2816 2619 2815
2816 2816 2817 2620 2816
2817 2817 2818 2621 2817
2818 2818 2819 2622 2818
2819 2819 2820 2623 2819
2820 2820 2821 2624 2820
2821 2821 2822 2625 2821
2822 2822 2823 2626 2822
2823 2823 2824 2627 2823
2824 2824 2825 2628 2824
2825 2825 2826 2629 2825
2826 2826 2827 2630 2826
2827 2827 2828 2631 2827
2828 2828 2829 2632 2828
2829 2829 2830 2633 2829
2830 2830 2831 2634 2830
2831 2831 2832 2635 2831
2832 2832 2833 2636 2832
2833 2833 2834 2637 2833
2834 2834 2835 2638 2834
2835 2835 2836 2639 2835
2836 2836 2837 2640 2836
2837 2837 2838 2641 2837
2838 2838 2839 2642 2838
2839 2839 2840 2643 2839
2840 2840 2841 2644 2840
2841 2841 2842 2645 2841
2842 2842 2843 2646 2842
2843 2843 2844 2647 2843
2844 2844 2845 2648 2844
2845 2845 2846 2649 2845
2846 2846 2847 2650 2846
2847 2847 2848 2651 2847
2848 2848 2849 2652 2848
2849 2849 2850 2653 2849
2850 2850 2851 2654 2850
2851 2851 2852 2655 2851
2852 2852 2853 2656 2852
2853 2853 2854 2657 2853
2854 2854 2855 2658 2854
2855 2855 2856 2659 2855
2856 2856 2857 2660 2856
2857 2857 2858 2661 2857
2858 2858 2859 2662 2858
2859 2859 2860 2663 2859
2860 2860 2861 2664 2860
2861 2861 2862 2665 2861
2862 2862 2863 2666 2862
2863 2863 2864 2667 2863
2864 2864 2865 2668 2864
2865 2865 2866 2669 2865
2866 2866 2867 2670 2866
2867 2867 2868 2671 2867
2868 2868 2869 2672 2868
2869 2869 2870 2673 2869
2870 2870 2871 2674 2870
2871 2871 2872 2675 2871
2872 2872 2873 2676 2872
2873 2873 2874 2677 2873
2874 2874 2875 2678 2874
2875 2875 2876 2679 2875
2876 2876 2877 2680 2876
2877 2877 2878 2681 2877
2878 2878 2879 2682 2878
2879 2879 2880 2683 2879
2880 2880 2881 2684 2880
2881 2881 2882 2685 2881
2882 2882 2883 2686 2882
2883 2883 2884 2687 2883
2884 2884 2885 2688 2884
2885 2885 2886 2689 2885
2886 2886 2887 2690 2886
2887 2887 2888 2691 2887
2888 2888 2889 2692 2888
2889 2889 2890 2693 2889
2890 2890 2891 2694 2890
2891 2891 2892 2695 2891
2892 2892 2893 2696 2892
2893 2893 2894 2697 2893
2894 2894 2895 2698 2894
2895 2895 2896 2699 2895
2896 2896 2897 2700 2896
2897 2897 2898 2701 2897
2898 2898 2899 2702 2898
2899 2899 2900 2703 2899
2900 2900 2901 2704 2900
2901 2901 2902 2705 2901
2902 2902 2903 2706 2902
2903 2903 2904 2707 2903
2904 2904 2905 2708 2904
2905 2905 2906 2709 2905
2906 2906 2907 2710 2906
2907 2907 2908 2711 2907
2908 2908 2909 2712 2908
2909 2909 2910 2713 2909
2910 2910 2911 2714 2910
2911 2911 2912 2715 2911
2912 2912 2913 2716 2912
2913 2913 2914 2717 2913
2914 2914 2915 2718 2914
2915 2915 2916 2719 2915
2916 2916 2917 2720 2916
2917 2917 2918 2721 2917
2918 2918 2919 2722 2918
2919 2919 2920 2723 2919
2920 2920 2921 2724 2920
2921 2921 2922 2725 2921
2922 2922 2923 2726 2922
2923 2923 2924 2727 2923
2924 2924 2925 2728 2924
2925 2925 2926 2729 2925
2926 2926 2927 2730 2926
2927 2927 2928 2731 2927
2928 2928 2929 2732 2928
2929 2929 2930 2733 2929
2930 2930 2931 2734 2930
2931 2931 2932 2735 2931
2932 2932 2933 2736 2932
2933 2933 2934 2737 2933
2934 2934 2935 2738 2934
2935 2935 2936 2739 2935
2936 2936 2937 2740 2936
2937 2937 2938 2741 2937
2938 2938 2939 2742 2938
2939 2939 2940 2743 2939
2940 2940 2745 2744 2940
2941 2941 2942 2745 2941
2942 2942 2943 2746 2942
2943 2943 2944 2747 2943
2944 2944 2945 2748 2944
2945 2945 2946 2749 2945
2946 2946 2947 2750 2946
2947 2947 2948 2751 2947
2948 2948 2949 2752 2948
2949 2949 2950 2753 2949
2950 2950 2951 2754 2950
2951 2951 2952 2755 2951
2952 2952 2953 2756 2952
2953 2953 2954 2757 2953
2954 2954 2955 2758 2954
2955 2955 2956 2759 2955
2956 2956 2957 2760 2956
2957 2957 2958 2761 2957
2958 2958 2959 2762 2958
2959 2959 2960 2763 2959
2960 2960 2961 2764 2960
2961 2961 2962 2765 2961
2962 2962 2963 2766 2962
2963 2963 2964 2767 2963
2964 2964 2965 2768 2964
2965 2965 2966 2769 2965
2966 2966 2967 2770 2966
2967 2967 2968 2771 2967
2968 2968 2969 2772 2968
2969 2969 2970 2773 2969
2970 2970 2971 2774 2970
2971 2971 2972 2775 2971
2972 2972 2973 2776 2972
2973 2973 2974 2777 2973
2974 2974 2975 2778 2974
2975 2975 2976 2779 2975
2976 2976 2977 2780 2976
2977 2977 2978 2781 2977
2978 2978 2979 2782 2978
2979 2979 2980 2783 2979
2980 2980 2981 2784 2980
2981 2981 2982 2785 2981
2982 2982 2983 2786 2982
2983 2983 2984 2787 2983
2984 2984 2985 2788 2984
2985 2985 2986 2789 2985
2986 2986 2987 2790 2986
2987 2987 2988 2791 2987
2988 2988 2989 2792 2988
2989 2989 2990 2793 2989
2990 2990 2991 2794 2990
2991 2991 2992 2795 2991
2992 2992 2993 2796 2992
2993 2993 2994 2797 2993
2994 2994 2995 2798 2994
2995 2995 2996 2799 2995
2996 2996 2997 2800 2996
2997 2997 2998 2801 2997
2998 2998 2999 2802 2998
2999 2999 3000 2803 2999
3000 3000 3001 2804 3000
3001 3001 3002 2805 3001
3002 3002 3003 2806 3002
3003 3003 3004 2807 3003
3004 3004 3005 2808 3004
3005 3005 3006 2809 3005
3006 3006 3007 2810 3006
3007 3007 3008 2811 3007
3008 3008 3009 2812 3008
3009 3009 3010 2813 3009
3010 3010 3011 2814 3010
3011 3011 3012 2815 3011
3012 3012 3013 2816 3012
3013 3013 3014 2817 3013
3014 3014 3015 2818 3014
3015 3015 3016 2819 3015
3016 3016 3017 2820 3016
3017 3017 3018 2821 3017
3018 3018 3019 2822 3018
3019 3019 3020 2823 3019
3020 3020 3021 2824 3020
3021 3021 3022 2825 3021
3022 3022 3023 2826 3022
3023 3023 3024 2827 3023
3024 3024 3025 2828 3024
3025 3025 3026 2829 3025
3026 3026 3027 2830 3026
3027 3027 3028 2831 3027
3028 3028 3029 2832 3028
3029 3029 3030 2833 3029
3030 3030 3031 2834 3030
3031 3031 3032 2835 3031
3032 3032 3033 2836 3032
3033 3033 3034 2837 3033
3034 3034 3035 2838 3034
3035 3035 3036 2839 3035
3036 3036 3037 2840 3036
3037 3037 3038 2841 3037
3038 3038 3039 2842 3038
3039 3039 3040 2843 3039
3040 3040 3041 2844 3040
3041 3041 3042 2845 3041
3042 3042 3043 2846 3042
3043 3043 3044 2847 3043
3044 3044 3045 2848 3044
3045 3045 3046 2849 3045
3046 3046 3047 2850 3046
3047 3047 3048 2851 3047
3048 3048 3049 2852 3048
3049 3049 3050 2853 3049
3050 3050 3051 2854 3050
3051 3051 3052 2855 3051
3052 3052 3053 2856 3052
3053 3053 3054 2857 3053
3054 3054 3055 2858 3054
3055 3055 3056 2859 3055
3056 3056 3057 2860 3056
3057 3057 3058 2861 3057
3058 3058 3059 2862 3058
3059 3059 3060 2863 3059
3060 3060 3061 2864 3060
3061 3061 3062 2865 3061
3062 3062 3063 2866 3062
3063 3063 3064 2867 3063
3064 3064 3065 2868 3064
3065 3065 3066 2869 3065
3066 3066 3067 2870 3066
3067 3067 3068 2871 3067
3068 3068 3069 2872 3068
3069 3069 3070 2873 3069
3070 3070 3071 2874 3070
3071 3071 3072 2875 3071
3072 3072 3073 2876 3072
3073 3073 3074 2877 3073
3074 3074 3075 2878 3074
3075 3075 3076 2879 3075
3076 3076 3077 2880 3076
3077 3077 3078 2881 3077
3078 3078 3079 2882 3078
3079 3079 3080 2883 3079
3080 3080 3081 2884 3080
3081 3081 3082 2885 3081
3082 3082 3083 2886 3082
3083 3083 3084 2887 3083
3084 3084 3085 2888 3084
3085 3085 3086 2889 3085
3086 3086 3087 2890 3086
3087 3087 3088 2891 3087
3088 3088 3089 2892 3088
3089 3089 3090 2893 3089
3090 3090 3091 2894 3090
3091 3091 3092 2895 3091
3092 3092 3093 2896 3092
3093 3093 3094 2897 3093
3094 3094 3095 2898 3094
3095 3095 3096 2899 3095
3096 3096 3097 2900 3096
3097 3097 3098 2901 3097
3098 3098 3099 2902 3098
3099 3099 3100 2903 3099
3100 3100 3101 2904 3100
3101 3101 3102 2905 3101
3102 3102 3103 2906 3102
3103 3103 3104 2907 3103
3104 3104 3105 2908 3104
3105 3105 3106 2909 3105
3106 3106 3107 2910 3106
3107 3107 3108 2911 3107
3108 3108 3109 2912 3108
3109 3109 3110 2913 3109
3110 3110 3111 2914 3110
3111 3111 3112 2915 3111
3112 3112 3113 2916 3112
3113 3113 3114 2917 3113
3114 3114 3115 2918 3114
3115 3115 3116 2919 3115
3116 3116 3117 2920 3116
3117 3117 3118 2921 3117
3118 3118 3119 2922 3118
3119 3119 3120 2923 3119
3120 3120 3121 2924 3120
3121 3121 3122 2925 3121
3122 3122 3123 2926 3122
3123 3123 3124 2927 3123
3124 3124 3125 2928 3124
3125 3125 3126 2929 3125
3126 3126 3127 2930 3126
3127 3127 3128 2931 3127
3128 3128 3129 2932 3128
3129 3129 3130 2933 3129
3130 3130 3131 2934 3130
3131 3131 3132 2935 3131
3132 3132 3133 2936 3132
3133 3133 3134 2937 3133
3134 3134 3135 2938 3134
3135 3135 3136 2939 3135
3136 3136 2941 2940 3136
3137 3137 3138 2941 3137
3138 3138 3139 2942 3138
3139 3139 3140 2943 3139
3140 3140 3141 2944 3140
3141 3141 3142 2945 3141
3142 3142 3143 2946 3142
3143 3143 3144 2947 3143
3144 3144 3145 2948 3144
3145 3145 3146 2949 3145
3146 3146 3147 2950 3146
3147 3147 3148 2951 3147
3148 3148 3149 2952 3148
3149 3149 3150 2953 3149
3150 3150 3151 2954 3150
3151 3151 3152 2955 3151
3152 3152 3153 2956 3152
3153 3153 3154 2957 3153
3154 3154 3155 2958 3154
3155 3155 3156 2959 3155
3156 3156 3157 2960 3156
3157 3157 3158 2961 3157
3158 3158 3159 2962 3158
3159 3159 3160 2963 3159
3160 3160 3161 2964 3160
3161 3161 3162 2965 3161
3162 3162 3163 2966 3162
3163 3163 3164 2967 3163
3164 3164 3165 2968 3164
3165 3165 3166 2969 3165
3166 3166 3167 2970 3166
3167 3167 3168 2971 3167
3168 3168 3169 2972 3168
3169 3169 3170 2973 3169
3170 3170 3171 2974 3170
3171 3171 3172 2975 3171
3172 3172 3173 2976 3172
3173 3173 3174 2977 3173
3174 3174 3175 2978 3174
3175 3175 3176 2979 3175
3176 3176 3177 2980 3176
3177 3177 3178 2981 3177
3178 3178 3179 2982 3178
3179 3179 3180 2983 3179
3180 3180 3181 2984 3180
3181 3181 3182 2985 3181
3182 3182 3183 2986 3182
3183 3183 3184 2987 3183
3184 3184 3185 2988 3184
3185 3185 3186 2989 3185
3186 3186 3187 2990 3186
3187 3187 3188 2991 3187
3188 3188 3189 2992 3188
3189 3189 3190 2993 3189
3190 3190 3191 2994 3190
3191 3191 3192 2995 3191
3192 3192 3193 2996 3192
3193 3193 3194 2997 3193
3194 3194 3195 2998 3194
3195 3195 3196 2999 3195
3196 3196 3197 3000 3196
3197 3197 3198 3001 3197
3198 3198 3199 3002 3198
3199 3199 3200 3003 3199
3200 3200 3201 3004 3200
3201 3201 3202 3005 3201
3202 3202 3203 3006 3202
3203 3203 3204 3007 3203
3204 3204 3205 3008 3204
3205 3205 3206 3009 3205
3206 3206 3207 3010 3206
3207 3207 3208 3011 3207
3208 3208 3209 3012 3208
3209 3209 3210 3013 3209
3210 3210 3211 3014 3210
3211 3211 3212 3015 3211
3212 3212 3213 3016 3212
3213 3213 3214 3017 3213
3214 3214 3215 3018 3214
3215 3215 3216 3019 3215
3216 3216 3217 3020 3216
3217 3217 3218 3021 3217
3218 3218 3219 3022 3218
3219 3219 3220 3023 3219
3220 3220 3221 3024 3220
3221 3221 3222 3025 3221
3222 3222 3223 3026 3222
3223 3223 3224 3027 3223
3224 3224 3225 3028 3224
3225 3225 3226 3029 3225
3226 3226 3227 3030 3226
3227 3227 3228 3031 3227
3228 3228 3229 3032 3228
3229 3229 3230 3033 3229
3230 3230 3231 3034 3230
3231 3231 3232 3035 3231
3232 3232 3233 3036 3232
3233 3233 3234 3037 3233
3234 3234 3235 3038 3234
3235 3235 3236 3039 3235
3236 3236 3237 3040 3236
3237 3237 3238 3041 3237
3238 3238 3239 3042 3238
3239 3239 3240 3043 3239
3240 3240 3241 3044 3240
3241 3241 3242 3045 3241
3242 3242 3243 3046 3242
3243 3243 3244 3047 3243
3244 3244 3245 3048 3244
3245 3245 3246 3049 3245
3246 3246 3247 3050 3246
3247 3247 3248 3051 3247
3248 3248 3249 3052 3248
3249 3249 3250 3053 3249
3250 3250 3251 3054 3250
3251 3251 3252 3055 3251
3252 3252 3253 3056 3252
3253 3253 3254 3057 3253
3254 3254 3255 3058 3254
3255 3255 3256 3059 3255
3256 3256 3257 3060 3256
3257 3257 3258 3061 3257
3258 3258 3259 3062 3258
3259 3259 3260 3063 3259
3260 3260 3261 3064 3260
3261 3261 3262 3065 3261
3262 3262 3263 3066 3262
3263 3263 3264 3067 3263
3264 3264 3265 3068 3264
3265 3265 3266 3069 3265
3266 3266 3267 3070 3266
3267 3267 3268 3071 3267
3268 3268 3269 3072 3268
3269 3269 3270 3073 3269
3270 3270 3271 3074 3270
3271 3271 3272 3075 3271
3272 3272 3273 3076 3272
3273 3273 3274 3077 3273
3274 3274 3275 3078 3274
3275 3275 3276 3079 3275
3276 3276 3277 3080 3276
3277 3277 3278 3081 3277
3278 3278 3279 3082 3278
3279 3279 3280 3083 3279
3280 3280 3281 3084 3280
3281 3281 3282 3085 3281
3282 3282 3283 3086 3282
3283 3283 3284 3087 3283
3284 3284 3285 3088 3284
3285 3285 3286 3089 3285
3286 3286 3287 3090 3286
3287 3287 3288 3091 3287
3288 3288 3289 3092 3288
3289 3289 3290 3093 3289
3290 3290 3291 3094 3290
3291 3291 3292 3095 3291
3292 3292 3293 3096 3292
3293 3293 3294 3097 3293
3294 3294 3295 3098 3294
3295 3295 3296 3099 3295
3296 3296 3297 3100 3296
3297 3297 3298 3101 3297
3298 3298 3299 3102 3298
3299 3299 3300 3103 3299
3300 3300 3301 3104 3300
3301 3301 3302 3105 3301
3302 3302 3303 3106 3302
3303 3303 3304 3107 3303
3304 3304 3305 3108 3304
3305 3305 3306 3109 3305
3306 3306 3307 3110 3306
3307 3307 3308 3111 3307
3308 3308 3309 3112 3308
3309 3309 3310 3113 3309
3310 3310 3311 3114 3310
3311 3311 3312 3115 3311
3312 3312 3313 3116 3312
3313 3313 3314 3117 3313
3314 3314 3315 3118 3314
3315 3315 3316 3119 3315
3316 3316 3317 3120 3316
3317 3317 3318 3121 3317
3318 3318 3319 3122 3318
3319 3319 3320 3123 3319
3320 3320 3321 3124 3320
3321 3321 3322 3125 3321
3322 3322 3323 3126 3322
3323 3323 3324 3127 3323
3324 3324 3325 3128 3324
3325 3325 3326 3129 3325
3326 3326 3327 3130 3326
3327 3327 3328 3131 3327
3328 3328 3329 3132 3328
3329 3329 3330 3133 3329
3330 3330 3331 3134 3330
3331 3331 3332 3135 3331
3332 3332 3137 3136 3332
3333 3333 3334 3137 3333
3334 3334 3335 3138 3334
3335 3335 3336 3139 3335
3336 3336 3337 3140 3336
3337 3337 3338 3141 3337
3338 3338 3339 3142 3338
3339 3339 3340 3143 3339
3340 3340 3341 3144 3340
3341 3341 3342 3145 3341
3342 3342 3343 3146 3342
3343 3343 3344 3147 3343
3344 3344 3345 3148 3344
3345 3345 3346 3149 3345
3346 3346 3347 3150 3346
3347 3347 3348 3151 3347
3348 3348 3349 3152 3348
3349 3349 3350 3153 3349
3350 3350 3351 3154 3350
3351 3351 3352 3155 3351
3352 3352 3353 3156 3352
3353 3353 3354 3157 3353
3354 3354 3355 3158 3354
3355 3355 3356 3159 3355
3356 3356 3357 3160 3356
3357 3357 3358 3161 3357
3358 3358 3359 3162 3358
3359 3359 3360 3163 3359
3360 3360 3361 3164 3360
3361 3361 3362 3165 3361
3362 3362 3363 3166 3362
3363 3363 3364 3167 3363
3364 3364 3365 3168 3364
3365 3365 3366 3169 3365
3366 3366 3367 3170 3366
3367 3367 3368 3171 3367
3368 3368 3369 3172 3368
3369 3369 3370 3173 3369
3370 3370 3371 3174 3370
3371 3371 3372 3175 3371
3372 3372 3373 3176 3372
3373 3373 3374 3177 3373
3374 3374 3375 3178 3374
3375 3375 3376 3179 3375
3376 3376 3377 3180 3376
3377 3377 3378 3181 3377
3378 3378 3379 3182 3378
3379 3379 3380 3183 3379
3380 3380 3381 3184 3380
3381 3381 3382 3185 3381
3382 3382 3383 3186 3382
3383 3383 3384 3187 3383
3384 3384 3385 3188 3384
3385 3385 3386 3189 3385
3386 3386 3387 3190 3386
3387 3387 3388 3191 3387
3388 3388 3389 3192 3388
3389 3389 3390 3193 3389
3390 3390 3391 3194 3390
3391 3391 3392 3195 3391
3392 3392 3393 3196 3392
3393 3393 3394 3197 3393
3394 3394 3395 3198 3394
3395 3395 3396 3199 3395
3396 3396 3397 3200 3396
3397 3397 3398 3201 3397
3398 3398 3399 3202 3398
3399 3399 3400 3203 3399
3400 3400 3401 3204 3400
3401 3401 3402 3205 3401
3402 3402 3403 3206 3402
3403 3403 3404 3207 3403
3404 3404 3405 3208 3404
3405 3405 3406 3209 3405
3406 3406 3407 3210 3406
3407 3407 3408 3211 3407
3408 3408 3409 3212 3408
3409 3409 3410 3213 3409
3410 3410 3411 3214 3410
3411 3411 3412 3215 3411
3412 3412 3413 3216 3412
3413 3413 3414 3217 3413
3414 3414 3415 3218 3414
3415 3415 3416 3219 3415
3416 3416 3417 3220 3416
3417 3417 3418 3221 3417
3418 3418 3419 3222 3418
3419 3419 3420 3223 3419
3420 3420 3421 3224 3420
3421 3421 3422 3225 3421
3422 3422 3423 3226 3422
3423 3423 3424 3227 3423
3424 3424 3425 3228 3424
3425 3425 3426 3229 3425
3426 3426 3427 3230 3426
3427 3427 3428 3231 3427
3428 3428 3429 3232 3428
3429 3429 3430 3233 3429
3430 3430 3431 3234 3430
3431 3431 3432 3235 3431
3432 3432 3433 3236 3432
3433 3433 3434 3237 3433
3434 3434 3435 3238 3434
3435 3435 3436 3239 3435
3436 3436 3437 3240 3436
3437 3437 3438 3241 3437
3438 3438 3439 3242 3438
3439 3439 3440 3243 3439
3440 3440 3441 3244 3440
3441 3441 3442 3245 3441
3442 3442 3443 3246 3442
3443 3443 3444 3247 3443
3444 3444 3445 3248 3444
3445 3445 3446 3249 3445
3446 3446 3447 3250 3446
3447 3447 3448 3251 3447
3448 3448 3449 3252 3448
3449 3449 3450 3253 3449
3450 3450 3451 3254 3450
3451 3451 3452 3255 3451
3452 3452 3453 3256 3452
3453 3453 3454 3257 3453
3454 3454 3455 3258 3454
3455 3455 3456 3259 3455
3456 3456 3457 3260 3456
3457 3457 3458 3261 3457
3458 3458 3459 3262 3458
3459 3459 3460 3263 3459
3460 3460 3461 3264 3460
3461 3461 3462 3265 3461
3462 3462 3463 3266 3462
3463 3463 3464 3267 3463
3464 3464 3465 3268 3464
3465 3465 3466 3269 3465
3466 3466 3467 3270 3466
3467 3467 3468 3271 3467
3468 3468 3469 3272 3468
3469 3469 3470 3273 3469
3470 3470 3471 3274 3470
3471 3471 3472 3275 3471
3472 3472 3473 3276 3472
3473 3473 3474 3277 3473
3474 3474 3475 3278 3474
3475 3475 3476 3279 3475
3476 3476 3477 3280 3476
3477 3477 3478 3281 3477
3478 3478 3479 3282 3478
3479 3479 3480 3283 3479
3480 3480 3481 3284 3480
3481 3481 3482 3285 3481
3482 3482 3483 3286 3482
3483 3483 3484 3287 3483
3484 3484 3485 3288 3484
3485 3485 3486 3289 3485
3486 3486 3487 3290 3486
3487 3487 3488 3291 3487
3488 3488 3489 3292 3488
3489 3489 3490 3293 3489
3490 3490 3491 3294 3490
3491 3491 3492 3295 3491
3492 3492 3493 3296 3492
3493 3493 3494 3297 3493
3494 3494 3495 3298 3494
3495 3495 3496 3299 3495
3496 3496 3497 3300 3496
3497 3497 3498 3301 3497
3498 3498 3499 3302 3498
3499 3499 3500 3303 3499
3500 3500 3501 3304 3500
3501 3501 3502 3305 3501
3502 3502 3503 3306 3502
3503 3503 3504 3307 3503
3504 3504 3505 3308 3504
3505 3505 3506 3309 3505
3506 3506 3507 3310 3506
3507 3507 3508 3311 3507
3508 3508 3509 3312 3508
3509 3509 3510 3313 3509
3510 3510 3511 3314 3510
3511 3511 3512 3315 3511
3512 3512 3513 3316 3512
3513 3513 3514 3317 3513
3514 3514 3515 3318 3514
3515 3515 3516 3319 3515
3516 3516 3517 3320 3516
3517 3517 3518 3321 3517
3518 3518 3519 3322 3518
3519 3519 3520 3323 3519
3520 3520 3521 3324 3520
3521 3521 3522 3325 3521
3522 3522 3523 3326 3522
3523 3523 3524 3327 3523
3524 3524 3525 3328 3524
3525 3525 3526 3329 3525
3526 3526 3527 3330 3526
3527 3527 3528 3331 3527
3528 3528 3333 3332 3528
3529 3529 3530 3333 3529
3530 3530 3531 3334 3530
3531 3531 3532 3335 3531
3532 3532 3533 3336 3532
3533 3533 3534 3337 3533
3534 3534 3535 3338 3534
3535 3535 3536 3339 3535
3536 3536 3537 3340 3536
3537 3537 3538 3341 3537
3538 3538 3539 3342 3538
3539 3539 3540 3343 3539
3540 3540 3541 3344 3540
3541 3541 3542 3345 3541
3542 3542 3543 3346 3542
3543 3543 3544 3347 3543
3544 3544 3545 3348 3544
3545 3545 3546 3349 3545
3546 3546 3547 3350 3546
3547 3547 3548 3351 3547
3548 3548 3549 3352 3548
3549 3549 3550 3353 3549
3550 3550 3551 3354 3550
3551 3551 3552 3355 3551
3552 3552 3553 3356 3552
3553 3553 3554 3357 3553
3554 3554 3555 3358 3554
3555 3555 3556 3359 3555
3556 3556 3557 3360 3556
3557 3557 3558 3361 3557
3558 3558 3559 3362 3558
3559 3559 3560 3363 3559
3560 3560 3561 3364 3560
3561 3561 3562 3365 3561
3562 3562 3563 3366 3562
3563 3563 3564 3367 3563
3564 3564 3565 3368 3564
3565 3565 3566 3369 3565
3566 3566 3567 3370 3566
3567 3567 3568 3371 3567
3568 3568 3569 3372 3568
3569 3569 3570 3373 3569
3570 3570 3571 3374 3570
3571 3571 3572 3375 3571
3572 3572 3573 3376 3572
3573 3573 3574 3377 3573
3574 3574 3575 3378 3574
3575 3575 3576 3379 3575
3576 3576 3577 3380 3576
3577 3577 3578 3381 3577
3578 3578 3579 3382 3578
3579 3579 3580 3383 3579
3580 3580 3581 3384 3580
3581 3581 3582 3385 3581
3582 3582 3583 3386 3582
3583 3583 3584 3387 3583
3584 3584 3585 3388 3584
3585 3585 3586 3389 3585
3586 3586 3587 3390 3586
3587 3587 3588 3391 3587
3588 3588 3589 3392 3588
3589 3589 3590 3393 3589
3590 3590 3591 3394 3590
3591 3591 3592 3395 3591
3592 3592 3593 3396 3592
3593 3593 3594 3397 3593
3594 3594 3595 3398 3594
3595 3595 3596 3399 3595
3596 3596 3597 3400 3596
3597 3597 3598 3401 3597
3598 3598 3599 3402 3598
3599 3599 3600 3403 3599
3600 3600 3601 3404 3600
3601 3601 3602 3405 3601
3602 3602 3603 3406 3602
3603 3603 3604 3407 3603
3604 3604 3605 3408 3604
3605 3605 3606 3409 3605
3606 3606 3607 3410 3606
3607 3607 3608 3411 3607
3608 3608 3609 3412 3608
3609 3609 3610 3413 3609
3610 3610 3611 3414 3610
3611 3611 3612 3415 3611
3612 3612 3613 3416 3612
3613 3613 3614 3417 3613
3614 3614 3615 3418 3614
3615 3615 3616 3419 3615
3616 3616 3617 3420 3616
3617 3617 3618 3421 3617
3618 3618 3619 3422 3618
3619 3619 3620 3423 3619
3620 3620 3621 3424 3620
3621 3621 3622 3425 3621
3622 3622 3623 3426 3622
3623 3623 3624 3427 3623
3624 3624 3625 3428 3624
3625 3625 3626 3429 3625
3626 3626 3627 3430 3626
3627 3627 3628 3431 3627
3628 3628 3629 3432 3628
3629 3629 3630 3433 3629
3630 3630 3631 3434 3630
3631 3631 3632 3435 3631
3632 3632 3633 3436 3632
3633 3633 3634 3437 3633
3634 3634 3635 3438 3634
3635 3635 3636 3439 3635
3636 3636 3637 3440 3636
3637 3637 3638 3441 3637
3638 3638 3639 3442 3638
3639 3639 3640 3443 3639
3640 3640 3641 3444 3640
3641 3641 3642 3445 3641
3642 3642 3643 3446 3642
3643 3643 3644 3447 3643
3644 3644 3645 3448 3644
3645 3645 3646 3449 3645
3646 3646 3647 3450 3646
3647 3647 3648 3451 3647
3648 3648 3649 3452 3648
3649 3649 3650 3453 3649
3650 3650 3651 3454 3650
3651 3651 3652 3455 3651
3652 3652 3653 3456 3652
3653 3653 3654 3457 3653
3654 3654 3655 3458 3654
3655 3655 3656 3459 3655
3656 3656 3657 3460 3656
3657 3657 3658 3461 3657
3658 3658 3659 3462 3658
3659 3659 3660 3463 3659
3660 3660 3661 3464 3660
3661 3661 3662 3465 3661
3662 3662 3663 3466 3662
3663 3663 3664 3467 3663
3664 3664 3665 3468 3664
3665 3665 3666 3469 3665
3666 3666 3667 3470 3666
3667 3667 3668 3471 3667
3668 3668 3669 3472 3668
3669 3669 3670 3473 3669
3670 3670 3671 3474 3670
3671 3671 3672 3475 3671
3672 3672 3673 3476 3672
3673 3673 3674 3477 3673
3674 3674 3675 3478 3674
3675 3675 3676 3479 3675
3676 3676 3677 3480 3676
3677 3677 3678 3481 3677
3678 3678 3679 3482 3678
3679 3679 3680 3483 3679
3680 3680 3681 3484 3680
3681 3681 3682 3485 3681
3682 3682 3683 3486 3682
3683 3683 3684 3487 3683
3684 3684 3685 3488 3684
3685 3685 3686 3489 3685
3686 3686 3687 3490 3686
3687 3687 3688 3491 3687
3688 3688 3689 3492 3688
3689 3689 3690 3493 3689
3690 3690 3691 3494 3690
3691 3691 3692 3495 3691
3692 3692 3693 3496 3692
3693 3693 3694 3497 3693
3694 3694 3695 3498 3694
3695 3695 3696 3499 3695
3696 3696 3697 3500 3696
3697 3697 3698 3501 3697
3698 3698 3699 3502 3698
3699 3699 3700 3503 3699
3700 3700 3701 3504 3700
3701 3701 3702 3505 3701
3702 3702 3703 3506 3702
3703 3703 3704 3507 3703
3704 3704 3705 3508 3704
3705 3705 3706 3509 3705
3706 3706 3707 3510 3706
3707 3707 3708 3511 3707
3708 3708 3709 3512 3708
3709 3709 3710 3513 3709
3710 3710 3711 3514 3710
3711 3711 3712 3515 3711
3712 3712 3713 3516 3712
3713 3713 3714 3517 3713
3714 3714 3715 3518 3714
3715 3715 3716 3519 3715
3716 3716 3717 3520 3716
3717 3717 3718 3521 3717
3718 3718 3719 3522 3718
3719 3719 3720 3523 3719
3720 3720 3721 3524 3720
3721 3721 3722 3525 3721
3722 3722 3723 3526 3722
3723 3723 3724 3527 3723
3724 3724 3529 3528 3724
3725 3725 3726 3529 3725
3726 3726 3727 3530 3726
3727 3727 3728 3531 3727
3728 3728 3729 3532 3728
3729 3729 3730 3533 3729
3730 3730 3731 3534 3730
3731 3731 3732 3535 3731
3732 3732 3733 3536 3732
3733 3733 3734 3537 3733
3734 3734 3735 3538 3734
3735 3735 3736 3539 3735
3736 3736 3737 3540 3736
3737 3737 3738 3541 3737
3738 3738 3739 3542 3738
3739 3739 3740 3543 3739
3740 3740 3741 3544 3740
3741 3741 3742 3545 3741
3742 3742 3743 3546 3742
3743 3743 3744 3547 3743
3744 3744 3745 3548 3744
3745 3745 3746 3549 3745
3746 3746 3747 3550 3746
3747 3747 3748 3551 3747
3748 3748 3749 3552 3748
3749 3749 3750 3553 3749
3750 3750 3751 3554 3750
3751 3751 3752 3555 3751
3752 3752 3753 3556 3752
3753 3753 3754 3557 3753
3754 3754 3755 3558 3754
3755 3755 3756 3559 3755
3756 3756 3757 3560 3756
3757 3757 3758 3561 3757
3758 3758 3759 3562 3758
3759 3759 3760 3563 3759
3760 3760 3761 3564 3760
3761 3761 3762 3565 3761
3762 3762 3763 3566 3762
3763 3763 3764 3567 3763
3764 3764 3765 3568 3764
3765 3765 3766 3569 3765
3766 3766 3767 3570 3766
3767 3767 3768 3571 3767
3768 3768 3769 3572 3768
3769 3769 3770 3573 3769
3770 3770 3771 3574 3770
3771 3771 3772 3575 3771
3772 3772 3773 3576 3772
3773 3773 3774 3577 3773
3774 3774 3775 3578 3774
3775 3775 3776 3579 3775
3776 3776 3777 3580 3776
3777 3777 3778 3581 3777
3778 3778 3779 3582 3778
3779 3779 3780 3583 3779
3780 3780 3781 3584 3780
3781 3781 3782 3585 3781
3782 3782 3783 3586 3782
3783 3783 3784 3587 3783
3784 3784 3785 3588 3784
3785 3785 3786 3589 3785
3786 3786 3787 3590 3786
3787 3787 3788 3591 3787
3788 3788 3789 3592 3788
3789 3789 3790 3593 3789
3790 3790 3791 3594 3790
3791 3791 3792 3595 3791
3792 3792 3793 3596 3792
3793 3793 3794 3597 3793
3794 3794 3795 3598 3794
3795 3795 3796 3599 3795
3796 3796 3797 3600 3796
3797 3797 3798 3601 3797
3798 3798 3799 3602 3798
3799 3799 3800 3603 3799
3800 3800 3801 3604 3800
3801 3801 3802 3605 3801
3802 3802 3803 3606 3802
3803 3803 3804 3607 3803
3804 3804 3805 3608 3804
3805 3805 3806 3609 3805
3806 3806 3807 3610 3806
3807 3807 3808 3611 3807
3808 3808 3809 3612 3808
3809 3809 3810 3613 3809
3810 3810 3811 3614 3810
3811 3811 3812 3615 3811
3812 3812 3813 3616 3812
3813 3813 3814 3617 3813
3814 3814 3815 3618 3814
3815 3815 3816 3619 3815
3816 3816 3817 3620 3816
3817 3817 3818 3621 3817
3818 3818 3819 3622 3818
3819 3819 3820 3623 3819
3820 3820 3821 3624 3820
3821 3821 3822 3625 3821
3822 3822 3823 3626 3822
3823 3823 3824 3627 3823
3824 3824 3825 3628 3824
3825 3825 3826 3629 3825
3826 3826 3827 3630 3826
3827 3827 3828 3631 3827
3828 3828 3829 3632 3828
3829 3829 3830 3633 3829
3830 3830 3831 3634 3830
3831 3831 3832 3635 3831
3832 3832 3833 3636 3832
3833 3833 3834 3637 3833
3834 3834 3835 3638 3834
3835 3835 3836 3639 3835
3836 3836 3837 3640 3836
3837 3837 3838 3641 3837
3838 3838 3839 3642 3838
3839 3839 3840 3643 3839
3840 3840 3841 3644 3840
3841 3841 3842 3645 3841
3842 3842 3843 3646 3842
3843 3843 3844 3647 3843
3844 3844 3845 3648 3844
3845 3845 3846 3649 3845
3846 3846 3847 3650 3846
3847 3847 3848 3651 3847
3848 3848 3849 3652 3848
3849 3849 3850 3653 3849
3850 3850 3851 3654 3850
3851 3851 3852 3655 3851
3852 3852 3853 3656 3852
3853 3853 3854 3657 3853
3854 3854 3855 3658 3854
3855 3855 3856 3659 3855
3856 3856 3857 3660 3856
3857 3857 3858 3661 3857
3858 3858 3859 3662 3858
3859 3859 3860 3663 3859
3860 3860 3861 3664 3860
3861 3861 3862 3665 3861
3862 3862 3863 3666 3862
3863 3863 3864 3667 3863
3864 3864 3865 3668 3864
3865 3865 3866 3669 3865
3866 3866 3867 3670 3866
3867 3867 3868 3671 3867
3868 3868 3869 3672 3868
3869 3869 3870 3673 3869
3870 3870 3871 3674 3870
3871 3871 3872 3675 3871
3872 3872 3873 3676 3872
3873 3873 3874 3677 3873
3874 3874 3875 3678 3874
3875 3875 3876 3679 3875
3876 3876 3877 3680 3876
3877 3877 3878 3681 3877
3878 3878 3879 3682 3878
3879 3879 3880 3683 3879
3880 3880 3881 3684 3880
3881 3881 3882 3685 3881
3882 3882 3883 3686 3882
3883 3883 3884 3687 3883
3884 3884 3885 3688 3884
3885 3885 3886 3689 3885
3886 3886 3887 3690 3886
3887 3887 3888 3691 3887
3888 3888 3889 3692 3888
3889 3889 3890 3693 3889
3890 3890 3891 3694 3890
3891 3891 3892 3695 3891
3892 3892 3893 3696 3892
3893 3893 3894 3697 3893
3894 3894 3895 3698 3894
3895 3895 3896 3699 3895
3896 3896 3897 3700 3896
3897 3897 3898 3701 3897
3898 3898 3899 3702 3898
3899 3899 3900 3703 3899
3900 3900 3901 3704 3900
3901 3901 3902 3705 3901
3902 3902 3903 3706 3902
3903 3903 3904 3707 3903
3904 3904 3905 3708 3904
3905 3905 3906 3709 3905
3906 3906 3907 3710 3906
3907 3907 3908 3711 3907
3908 3908 3909 3712 3908
3909 3909 3910 3713 3909
3910 3910 3911 3714 3910
3911 3911 3912 3715 3911
3912 3912 3913 3716 3912
3913 3913 3914 3717 3913
3914 3914 3915 3718 3914
3915 3915 3916 3719 3915
3916 3916 3917 3720 3916
3917 3917 3918 3721 3917
3918 3918 3919 3722 3918
3919 3919 3920 3723 3919
3920 3920 3725 3724 3920
3921 3921 3922 3725 3921
3922 3922 3923 3726 3922
3923 3923 3924 3727 3923
3924 3924 3925 3728 3924
3925 3925 3926 3729 3925
3926 3926 3927 3730 3926
3927 3927 3928 3731 3927
3928 3928 3929 3732 3928
3929 3929 3930 3733 3929
3930 3930 3931 3734 3930
3931 3931 3932 3735 3931
3932 3932 3933 3736 3932
3933 3933 3934 3737 3933
3934 3934 3935 3738 3934
3935 3935 3936 3739 3935
3936 3936 3937 3740 3936
3937 3937 3938 3741 3937
3938 3938 3939 3742 3938
3939 3939 3940 3743 3939
3940 3940 3941 3744 3940
3941 3941 3942 3745 3941
3942 3942 3943 3746 3942
3943 3943 3944 3747 3943
3944 3944 3945 3748 3944
3945 3945 3946 3749 3945
3946 3946 3947 3750 3946
3947 3947 3948 3751 3947
3948 3948 3949 3752 3948
3949 3949 3950 3753 3949
3950 3950 3951 3754 3950
3951 3951 3952 3755 3951
3952 3952 3953 3756 3952
3953 3953 3954 3757 3953
3954 3954 3955 3758 3954
3955 3955 3956 3759 3955
3956 3956 3957 3760 3956
3957 3957 3958 3761 3957
3958 3958 3959 3762 3958
3959 3959 3960 3763 3959
3960 3960 3961 3764 3960
3961 3961 3962 3765 3961
3962 3962 3963 3766 3962
3963 3963 3964 3767 3963
3964 3964 3965 3768 3964
3965 3965 3966 3769 3965
3966 3966 3967 3770 3966
3967 3967 3968 3771 3967
3968 3968 3969 3772 3968
3969 3969 3970 3773 3969
3970 3970 3971 3774 3970
3971 3971 3972 3775 3971
3972 3972 3973 3776 3972
3973 3973 3974 3777 3973
3974 3974 3975 3778 3974
3975 3975 3976 3779 3975
3976 3976 3977 3780 3976
3977 3977 3978 3781 3977
3978 3978 3979 3782 3978
3979 3979 3980 3783 3979
3980 3980 3981 3784 3980
3981 3981 3982 3785 3981
3982 3982 3983 3786 3982
3983 3983 3984 3787 3983
3984 3984 3985 3788 3984
3985 3985 3986 3789 3985
3986 3986 3987 3790 3986
3987 3987 3988 3791 3987
3988 3988 3989 3792 3988
3989 3989 3990 3793 3989
3990 3990 3991 3794 3990
3991 3991 3992 3795 3991
3992 3992 3993 3796 3992
3993 3993 3994 3797 3993
3994 3994 3995 3798 3994
3995 3995 3996 3799 3995
3996 3996 3997 3800 3996
3997 3997 3998 3801 3997
3998 3998 3999 3802 3998
3999 3999 4000 3803 3999
4000 4000 4001 3804 4000
4001 4001 4002 3805 4001
4002 4002 4003 3806 4002
4003 4003 4004 3807 4003
4004 4004 4005 3808 4004
4005 4005 4006 3809 4005
4006 4006 4007 3810 4006
4007 4007 4008 3811 4007
4008 4008 4009 3812 4008
4009 4009 4010 3813 4009
4010 4010 4011 3814 4010
4011 4011 4012 3815 4011
4012 4012 4013 3816 4012
4013 4013 4014 3817 4013
4014 4014 4015 3818 4014
4015 4015 4016 3819 4015
4016 4016 4017 3820 4016
4017 4017 4018 3821 4017
4018 4018 4019 3822 4018
4019 4019 4020 3823 4019
4020 4020 4021 3824 4020
4021 4021 4022 3825 4021
4022 4022 4023 3826 4022
4023 4023 4024 3827 4023
4024 4024 4025 3828 4024
4025 4025 4026 3829 4025
4026 4026 4027 3830 4026
4027 4027 4028 3831 4027
4028 4028 4029 3832 4028
4029 4029 4030 3833 4029
4030 4030 4031 3834 4030
4031 4031 4032 3835 4031
4032 4032 4033 3836 4032
4033 4033 4034 3837 4033
4034 4034 4035 3838 4034
4035 4035 4036 3839 4035
4036 4036 4037 3840 4036
4037 4037 4038 3841 4037
4038 4038 4039 3842 4038
4039 4039 4040 3843 4039
4040 4040 4041 3844 4040
4041 4041 4042 3845 4041
4042 4042 4043 3846 4042
4043 4043 4044 3847 4043
4044 4044 4045 3848 4044
4045 4045 4046 3849 4045
4046 4046 4047 3850 4046
4047 4047 4048 3851 4047
4048 4048 4049 3852 4048
4049 4049 4050 3853 4049
4050 4050 4051 3854 4050
4051 4051 4052 3855 4051
4052 4052 4053 3856 4052
4053 4053 4054 3857 4053
4054 4054 4055 3858 4054
4055 4055 4056 3859 4055
4056 4056 4057 3860 4056
4057 4057 4058 3861 4057
4058 4058 4059 3862 4058
4059 4059 4060 3863 4059
4060 4060 4061 3864 4060
4061 4061 4062 3865 4061
4062 4062 4063 3866 4062
4063 4063 4064 3867 4063
4064 4064 4065 3868 4064
4065 4065 4066 3869 4065
4066 4066 4067 3870 4066
4067 4067 4068 3871 4067
4068 4068 4069 3872 4068
4069 4069 4070 3873 4069
4070 4070 4071 3874 4070
4071 4071 4072 3875 4071
4072 4072 4073 3876 4072
4073 4073 4074 3877 4073
4074 4074 4075 3878 4074
4075 4075 4076 3879 4075
4076 4076 4077 3880 4076
4077 4077 4078 3881 4077
4078 4078 4079 3882 4078
4079 4079 4080 3883 4079
4080 4080 4081 3884 4080
4081 4081 4082 3885 4081
4082 4082 4083 3886 4082
4083 4083 4084 3887 4083
4084 4084 4085 3888 4084
4085 4085 4086 3889 4085
4086 4086 4087 3890 4086
4087 4087 4088 3891 4087
4088 4088 4089 3892 4088
4089 4089 4090 3893 4089
4090 4090 4091 3894 4090
4091 4091 4092 3895 4091
4092 4092 4093 3896 4092
4093 4093 4094 3897 4093
4094 4094 4095 3898 4094
4095 4095 4096 3899 4095
4096 4096 4097 3900 4096
4097 4097 4098 3901 4097
4098 4098 4099 3902 4098
4099 4099 4100 3903 4099
4100 4100 4101 3904 4100
4101 4101 4102 3905 4101
4102 4102 4103 3906 4102
4103 4103 4104 3907 4103
4104 4104 4105 3908 4104
4105 4105 4106 3909 4105
4106 4106 4107 3910 4106
4107 4107 4108 3911 4107
4108 4108 4109 3912 4108
4109 4109 4110 3913 4109
4110 4110 4111 3914 4110
4111 4111 4112 3915 4111
4112 4112 4113 3916 4112
4113 4113 4114 3917 4113
4114 4114 4115 3918 4114
4115 4115 4116 3919 4115
4116 4116 3921 3920 4116
4117 4117 4118 3921 4117
4118 4118 4119 3922 4118
4119 4119 4120 3923 4119
4120 4120 4121 3924 4120
4121 4121 4122 3925 4121
4122 4122 4123 3926 4122
4123 4123 4124 3927 4123
4124 4124 4125 3928 4124
4125 4125 4126 3929 4125
4126 4126 4127 3930 4126
4127 4127 4128 3931 4127
4128 4128 4129 3932 4128
4129 4129 4130 3933 4129
4130 4130 4131 3934 4130
4131 4131 4132 3935 4131
4132 4132 4133 3936 4132
4133 4133 4134 3937 4133
4134 4134 4135 3938 4134
4135 4135 4136 3939 4135
4136 4136 4137 3940 4136
4137 4137 4138 3941 4137
4138 4138 4139 3942 4138
4139 4139 4140 3943 4139
4140 4140 4141 3944 4140
4141 4141 4142 3945 4141
4142 4142 4143 3946 4142
4143 4143 4144 3947 4143
4144 4144 4145 3948 4144
4145 4145 4146 3949 4145
4146 4146 4147 3950 4146
4147 4147 4148 3951 4147
4148 4148 4149 3952 4148
4149 4149 4150 3953 4149
4150 4150 4151 3954 4150
4151 4151 4152 3955 4151
4152 4152 4153 3956 4152
4153 4153 4154 3957 4153
4154 4154 4155 3958 4154
4155 4155 4156 3959 4155
4156 4156 4157 3960 4156
4157 4157 4158 3961 4157
4158 4158 4159 3962 4158
4159 4159 4160 3963 4159
4160 4160 4161 3964 4160
4161 4161 4162 3965 4161
4162 4162 4163 3966 4162
4163 4163 4164 3967 4163
4164 4164 4165 3968 4164
4165 4165 4166 3969 4165
4166 4166 4167 3970 4166
4167 4167 4168 3971 4167
4168 4168 4169 3972 4168
4169 4169 4170 3973 4169
4170 4170 4171 3974 4170
4171 4171 4172 3975 4171
4172 4172 4173 3976 4172
4173 4173 4174 3977 4173
4174 4174 4175 3978 4174
4175 4175 4176 3979 4175
4176 4176 4177 3980 4176
4177 4177 4178 3981 4177
4178 4178 4179 3982 4178
4179 4179 4180 3983 4179
4180 4180 4181 3984 4180
4181 4181 4182 3985 4181
4182 4182 4183 3986 4182
4183 4183 4184 3987 4183
4184 4184 4185 3988 4184
4185 4185 4186 3989 4185
4186 4186 4187 3990 4186
4187 4187 4188 3991 4187
4188 4188 4189 3992 4188
4189 4189 4190 3993 4189
4190 4190 4191 3994 4190
4191 4191 4192 3995 4191
4192 4192 4193 3996 4192
4193 4193 4194 3997 4193
4194 4194 4195 3998 4194
4195 4195 4196 3999 4195
4196 4196 4197 4000 4196
4197 4197 4198 4001 4197
4198 4198 4199 4002 4198
4199 4199 4200 4003 4199
4200 4200 4201 4004 4200
4201 4201 4202 4005 4201
4202 4202 4203 4006 4202
4203 4203 4204 4007 4203
4204 4204 4205 4008 4204
4205 4205 4206 4009 4205
4206 4206 4207 4010 4206
4207 4207 4208 4011 4207
4208 4208 4209 4012 4208
4209 4209 4210 4013 4209
4210 4210 4211 4014 4210
4211 4211 4212 4015 4211
4212 4212 4213 4016 4212
4213 4213 4214 4017 4213
4214 4214 4215 4018 4214
4215 4215 4216 4019 4215
4216 4216 4217 4020 4216
4217 4217 4218 4021 4217
4218 4218 4219 4022 4218
4219 4219 4220 4023 4219
4220 4220 4221 4024 4220
4221 4221 4222 4025 4221
4222 4222 4223 4026 4222
4223 4223 4224 4027 4223
4224 4224 4225 4028 4224
4225 4225 4226 4029 4225
4226 4226 4227 4030 4226
4227 4227 4228 4031 4227
4228 4228 4229 4032 4228
4229 4229 4230 4033 4229
4230 4230 4231 4034 4230
4231 4231 4232 4035 4231
4232 4232 4233 4036 4232
4233 4233 4234 4037 4233
4234 4234 4235 4038 4234
4235 4235 4236 4039 4235
4236 4236 4237 4040 4236
4237 4237 4238 4041 4237
4238 4238 4239 4042 4238
4239 4239 4240 4043 4239
4240 4240 4241 4044 4240
4241 4241 4242 4045 4241
4242 4242 4243 4046 4242
4243 4243 4244 4047 4243
4244 4244 4245 4048 4244
4245 4245 4246 4049 4245
4246 4246 4247 4050 4246
4247 4247 4248 4051 4247
4248 4248 4249 4052 4248
4249 4249 4250 4053 4249
4250 4250 4251 4054 4250
4251 4251 4252 4055 4251
4252 4252 4253 4056 4252
4253 4253 4254 4057 4253
4254 4254 4255 4058 4254
4255 4255 4256 4059 4255
4256 4256 4257 4060 4256
4257 4257 4258 4061 4257
4258 4258 4259 4062 4258
4259 4259 4260 4063 4259
4260 4260 4261 4064 4260
4261 4261 4262 4065 4261
4262 4262 4263 4066 4262
4263 4263 4264 4067 4263
4264 4264 4265 4068 4264
4265 4265 4266 4069 4265
4266 4266 4267 4070 4266
4267 4267 4268 4071 4267
4268 4268 4269 4072 4268
4269 4269 4270 4073 4269
4270 4270 4271 4074 4270
4271 4271 4272 4075 4271
4272 4272 4273 4076 4272
4273 4273 4274 4077 4273
4274 4274 4275 4078 4274
4275 4275 4276 4079 4275
4276 4276 4277 4080 4276
4277 4277 4278 4081 4277
4278 4278 4279 4082 4278
4279 4279 4280 4083 4279
4280 4280 4281 4084 4280
4281 4281 4282 4085 4281
4282 4282 4283 4086 4282
4283 4283 4284 4087 4283
4284 4284 4285 4088 4284
4285 4285 4286 4089 4285
4286 4286 4287 4090 4286
4287 4287 4288 4091 4287
4288 4288 4289 4092 4288
4289 4289 4290 4093 4289
4290 4290 4291 4094 4290
4291 4291 4292 4095 4291
4292 4292 4293 4096 4292
4293 4293 4294 4097 4293
4294 4294 4295 4098 4294
4295 4295 4296 4099 4295
4296 4296 4297 4100 4296
4297 4297 4298 4101 4297
4298 4298 4299 4102 4298
4299 4299 4300 4103 4299
4300 4300 4301 4104 4300
4301 4301 4302 4105 4301
4302 4302 4303 4106 4302
4303 4303 4304 4107 4303
4304 4304 4305 4108 4304
4305 4305 4306 4109 4305
4306 4306 4307 4110 4306
4307 4307 4308 4111 4307
4308 4308 4309 4112 4308
4309 4309 4310 4113 4309
4310 4310 4311 4114 4310
4311 4311 4312 4115 4311
4312 4312 4117 4116 4312
4313 4313 4314 4117 4313
4314 4314 4315 4118 4314
4315 4315 4316 4119 4315
4316 4316 4317 4120 4316
4317 4317 4318 4121 4317
4318 4318 4319 4122 4318
4319 4319 4320 4123 4319
4320 4320 4321 4124 4320
4321 4321 4322 4125 4321
4322 4322 4323 4126 4322
4323 4323 4324 4127 4323
4324 4324 4325 4128 4324
4325 4325 4326 4129 4325
4326 4326 4327 4130 4326
4327 4327 4328 4131 4327
4328 4328 4329 4132 4328
4329 4329 4330 4133 4329
4330 4330 4331 4134 4330
4331 4331 4332 4135 4331
4332 4332 4333 4136 4332
4333 4333 4334 4137 4333
4334 4334 4335 4138 4334
4335 4335 4336 4139 4335
4336 4336 4337 4140 4336
4337 4337 4338 4141 4337
4338 4338 4339 4142 4338
4339 4339 4340 4143 4339
4340 4340 4341 4144 4340
4341 4341 4342 4145 4341
4342 4342 4343 4146 4342
4343 4343 4344 4147 4343
4344 4344 4345 4148 4344
4345 4345 4346 4149 4345
4346 4346 4347 4150 4346
4347 4347 4348 4151 4347
4348 4348 4349 4152 4348
4349 4349 4350 4153 4349
4350 4350 4351 4154 4350
4351 4351 4352 4155 4351
4352 4352 4353 4156 4352
4353 4353 4354 4157 4353
4354 4354 4355 4158 4354
4355 4355 4356 4159 4355
4356 4356 4357 4160 4356
4357 4357 4358 4161 4357
4358 4358 4359 4162 4358
4359 4359 4360 4163 4359
4360 4360 4361 4164 4360
4361 4361 4362 4165 4361
4362 4362 4363 4166 4362
4363 4363 4364 4167 4363
4364 4364 4365 4168 4364
4365 4365 4366 4169 4365
4366 4366 4367 4170 4366
4367 4367 4368 4171 4367
4368 4368 4369 4172 4368
4369 4369 4370 4173 4369
4370 4370 4371 4174 4370
4371 4371 4372 4175 4371
4372 4372 4373 4176 4372
4373 4373 4374 4177 4373
4374 4374 4375 4178 4374
4375 4375 4376 4179 4375
4376 4376 4377 4180 4376
4377 4377 4378 4181 4377
4378 4378 4379 4182 4378
4379 4379 4380 4183 4379
4380 4380 4381 4184 4380
4381 4381 4382 4185 4381
4382 4382 4383 4186 4382
4383 4383 4384 4187 4383
4384 4384 4385 4188 4384
4385 4385 4386 4189 4385
4386 4386 4387 4190 4386
4387 4387 4388 4191 4387
4388 4388 4389 4192 4388
4389 4389 4390 4193 4389
4390 4390 4391 4194 4390
4391 4391 4392 4195 4391
4392 4392 4393 4196 4392
4393 4393 4394 4197 4393
4394 4394 4395 4198 4394
4395 4395 4396 4199 4395
4396 4396 4397 4200 4396
4397 4397 4398 4201 4397
4398 4398 4399 4202 4398
4399 4399 4400 4203 4399
4400 4400 4401 4204 4400
4401 4401 4402 4205 4401
4402 4402 4403 4206 4402
4403 4403 4404 4207 4403
4404 4404 4405 4208 4404
4405 4405 4406 4209 4405
4406 4406 4407 4210 4406
4407 4407 4408 4211 4407
4408 4408 4409 4212 4408
4409 4409 4410 4213 4409
4410 4410 4411 4214 4410
4411 4411 4412 4215 4411
4412 4412 4413 4216 4412
4413 4413 4414 4217 4413
4414 4414 4415 4218 4414
4415 4415 4416 4219 4415
4416 4416 4417 4220 4416
4417 4417 4418 4221 4417
4418 4418 4419 4222 4418
4419 4419 4420 4223 4419
4420 4420 4421 4224 4420
4421 4421 4422 4225 4421
4422 4422 4423 4226 4422
4423 4423 4424 4227 4423
4424 4424 4425 4228 4424
4425 4425 4426 4229 4425
4426 4426 4427 4230 4426
4427 4427 4428 4231 4427
4428 4428 4429 4232 4428
4429 4429 4430 4233 4429
4430 4430 4431 4234 4430
4431 4431 4432 4235 4431
4432 4432 4433 4236 4432
4433 4433 4434 4237 4433
4434 4434 4435 4238 4434
4435 4435 4436 4239 4435
4436 4436 4437 4240 4436
4437 4437 4438 4241 4437
4438 4438 4439 4242 4438
4439 4439 4440 4243 4439
4440 4440 4441 4244 4440
4441 4441 4442 4245 4441
4442 4442 4443 4246 4442
4443 4443 4444 4247 4443
4444 4444 4445 4248 4444
4445 4445 4446 4249 4445
4446 4446 4447 4250 4446
4447 4447 4448 4251 4447
4448 4448 4449 4252 4448
4449 4449 4450 4253 4449
4450 4450 4451 4254 4450
4451 4451 4452 4255 4451
4452 4452 4453 4256 4452
4453 4453 4454 4257 4453
4454 4454 4455 4258 4454
4455 4455 4456 4259 4455
4456 4456 4457 4260 4456
4457 4457 4458 4261 4457
4458 4458 4459 4262 4458
4459 4459 4460 4263 4459
4460 4460 4461 4264 4460
4461 4461 4462 4265 4461
4462 4462 4463 4266 4462
4463 4463 4464 4267 4463
4464 4464 4465 4268 4464
4465 4465 4466 4269 4465
4466 4466 4467 4270 4466
4467 4467 4468 4271 4467
4468 4468 4469 4272 4468
4469 4469 4470 4273 4469
4470 4470 4471 4274 4470
4471 4471 4472 4275 4471
4472 4472 4473 4276 4472
4473 4473 4474 4277 4473
4474 4474 4475 4278 4474
4475 4475 4476 4279 4475
4476 4476 4477 4280 4476
4477 4477 4478 4281 4477
4478 4478 4479 4282 4478
4479 4479 4480 4283 4479
4480 4480 4481 4284 4480
4481 4481 4482 4285 4481
4482 4482 4483 4286 4482
4483 4483 4484 4287 4483
4484 4484 4485 4288 4484
4485 4485 4486 4289 4485
4486 4486 4487 4290 4486
4487 4487 4488 4291 4487
4488 4488 4489 4292 4488
4489 4489 4490 4293 4489
4490 4490 4491 4294 4490
4491 4491 4492 4295 4491
4492 4492 4493 4296 4492
4493 4493 4494 4297 4493
4494 4494 4495 4298 4494
4495 4495 4496 4299 4495
4496 4496 4497 4300 4496
4497 4497 4498 4301 4497
4498 4498 4499 4302 4498
4499 4499 4500 4303 4499
4500 4500 4501 4304 4500
4501 4501 4502 4305 4501
4502 4502 4503 4306 4502
4503 4503 4504 4307 4503
4504 4504 4505 4308 4504
4505 4505 4506 4309 4505
4506 4506 4507 4310 4506
4507 4507 4508 4311 4507
4508 4508 4313 4312 4508
4509 4509 4510 4313 4509
4510 4510 4511 4314 4510
4511 4511 4512 4315 4511
4512 4512 4513 4316 4512
4513 4513 4514 4317 4513
4514 4514 4515 4318 4514
4515 4515 4516 4319 4515
4516 4516 4517 4320 4516
4517 4517 4518 4321 4517
4518 4518 4519 4322 4518
4519 4519 4520 4323 4519
4520 4520 4521 4324 4520
4521 4521 4522 4325 4521
4522 4522 4523 4326 4522
4523 4523 4524 4327 4523
4524 4524 4525 4328 4524
4525 4525 4526 4329 4525
4526 4526 4527 4330 4526
4527 4527 4528 4331 4527
4528 4528 4529 4332 4528
4529 4529 4530 4333 4529
4530 4530 4531 4334 4530
4531 4531 4532 4335 4531
4532 4532 4533 4336 4532
4533 4533 4534 4337 4533
4534 4534 4535 4338 4534
4535 4535 4536 4339 4535
4536 4536 4537 4340 4536
4537 4537 4538 4341 4537
4538 4538 4539 4342 4538
4539 4539 4540 4343 4539
4540 4540 4541 4344 4540
4541 4541 4542 4345 4541
4542 4542 4543 4346 4542
4543 4543 4544 4347 4543
4544 4544 4545 4348 4544
4545 4545 4546 4349 4545
4546 4546 4547 4350 4546
4547 4547 4548 4351 4547
4548 4548 4549 4352 4548
4549 4549 4550 4353 4549
4550 4550 4551 4354 4550
4551 4551 4552 4355 4551
4552 4552 4553 4356 4552
4553 4553 4554 4357 4553
4554 4554 4555 4358 4554
4555 4555 4556 4359 4555
4556 4556 4557 4360 4556
4557 4557 4558 4361 4557
4558 4558 4559 4362 4558
4559 4559 4560 4363 4559
4560 4560 4561 4364 4560
4561 4561 4562 4365 4561
4562 4562 4563 4366 4562
4563 4563 4564 4367 4563
4564 4564 4565 4368 4564
4565 4565 4566 4369 4565
4566 4566 4567 4370 4566
4567 4567 4568 4371 4567
4568 4568 4569 4372 4568
4569 4569 4570 4373 4569
4570 4570 4571 4374 4570
4571 4571 4572 4375 4571
4572 4572 4573 4376 4572
4573 4573 4574 4377 4573
4574 4574 4575 4378 4574
4575 4575 4576 4379 4575
4576 4576 4577 4380 4576
4577 4577 4578 4381 4577
4578 4578 4579 4382 4578
4579 4579 4580 4383 4579
4580 4580 4581 4384 4580
4581 4581 4582 4385 4581
4582 4582 4583 4386 4582
4583 4583 4584 4387 4583
4584 4584 4585 4388 4584
4585 4585 4586 4389 4585
4586 4586 4587 4390 4586
4587 4587 4588 4391 4587
4588 4588 4589 4392 4588
4589 4589 4590 4393 4589
4590 4590 4591 4394 4590
4591 4591 4592 4395 4591
4592 4592 4593 4396 4592
4593 4593 4594 4397 4593
4594 4594 4595 4398 4594
4595 4595 4596 4399 4595
4596 4596 4597 4400 4596
4597 4597 4598 4401 4597
4598 4598 4599 4402 4598
4599 4599 4600 4403 4599
4600 4600 4601 4404 4600
4601 4601 4602 4405 4601
4602 4602 4603 4406 4602
4603 4603 4604 4407 4603
4604 4604 4605 4408 4604
4605 4605 4606 4409 4605
4606 4606 4607 4410 4606
4607 4607 4608 4411 4607
4608 4608 4609 4412 4608
4609 4609 4610 4413 4609
4610 4610 4611 4414 4610
4611 4611 4612 4415 4611
4612 4612 4613 4416 4612
4613 4613 4614 4417 4613
4614 4614 4615 4418 4614
4615 4615 4616 4419 4615
4616 4616 4617 4420 4616
4617 4617 4618 4421 4617
4618 4618 4619 4422 4618
4619 4619 4620 4423 4619
4620 4620 4621 4424 4620
4621 4621 4622 4425 4621
4622 4622 4623 4426 4622
4623 4623 4624 4427 4623
4624 4624 4625 4428 4624
4625 4625 4626 4429 4625
4626 4626 4627 4430 4626
4627 4627 4628 4431 4627
4628 4628 4629 4432 4628
4629 4629 4630 4433 4629
4630 4630 4631 4434 4630
4631 4631 4632 4435 4631
4632 4632 4633 4436 4632
4633 4633 4634 4437 4633
4634 4634 4635 4438 4634
4635 4635 4636 4439 4635
4636 4636 4637 4440 4636
4637 4637 4638 4441 4637
4638 4638 4639 4442 4638
4639 4639 4640 4443 4639
4640 4640 4641 4444 4640
4641 4641 4642 4445 4641
4642 4642 4643 4446 4642
4643 4643 4644 4447 4643
4644 4644 4645 4448 4644
4645 4645 4646 4449 4645
4646 4646 4647 4450 4646
4647 4647 4648 4451 4647
4648 4648 4649 4452 4648
4649 4649 4650 4453 4649
4650 4650 4651 4454 4650
4651 4651 4652 4455 4651
4652 4652 4653 4456 4652
4653 4653 4654 4457 4653
4654 4654 4655 4458 4654
4655 4655 4656 4459 4655
4656 4656 4657 4460 4656
4657 4657 4658 4461 4657
4658 4658 4659 4462 4658
4659 4659 4660 4463 4659
4660 4660 4661 4464 4660
4661 4661 4662 4465 4661
4662 4662 4663 4466 4662
4663 4663 4664 4467 4663
4664 4664 4665 4468 4664
4665 4665 4666 4469 4665
4666 4666 4667 4470 4666
4667 4667 4668 4471 4667
4668 4668 4669 4472 4668
4669 4669 4670 4473 4669
4670 4670 4671 4474 4670
4671 4671 4672 4475 4671
4672 4672 4673 4476 4672
4673 4673 4674 4477 4673
4674 4674 4675 4478 4674
4675 4675 4676 4479 4675
4676 4676 4677 4480 4676
4677 4677 4678 4481 4677
4678 4678 4679 4482 4678
4679 4679 4680 4483 4679
4680 4680 4681 4484 4680
4681 4681 4682 4485 4681
4682 4682 4683 4486 4682
4683 4683 4684 4487 4683
4684 4684 4685 4488 4684
4685 4685 4686 4489 4685
4686 4686 4687 4490 4686
4687 4687 4688 4491 4687
4688 4688 4689 4492 4688
4689 4689 4690 4493 4689
4690 4690 4691 4494 4690
4691 4691 4692 4495 4691
4692 4692 4693 4496 4692
4693 4693 4694 4497 4693
4694 4694 4695 4498 4694
4695 4695 4696 4499 4695
4696 4696 4697 4500 4696
4697 4697 4698 4501 4697
4698 4698 4699 4502 4698
4699 4699 4700 4503 4699
4700 4700 4701 4504 4700
4701 4701 4702 4505 4701
4702 4702 4703 4506 4702
4703 4703 4704 4507 4703
4704 4704 4509 4508 4704
4705 4705 4706 4509 4705
4706 4706 4707 4510 4706
4707 4707 4708 4511 4707
4708 4708 4709 4512 4708
4709 4709 4710 4513 4709
4710 4710 4711 4514 4710
4711 4711 4712 4515 4711
4712 4712 4713 4516 4712
4713 4713 4714 4517 4713
4714 4714 4715 4518 4714
4715 4715 4716 4519 4715
4716 4716 4717 4520 4716
4717 4717 4718 4521 4717
4718 4718 4719 4522 4718
4719 4719 4720 4523 4719
4720 4720 4721 4524 4720
4721 4721 4722 4525 4721
4722 4722 4723 4526 4722
4723 4723 4724 4527 4723
4724 4724 4725 4528 4724
4725 4725 4726 4529 4725
4726 4726 4727 4530 4726
4727 4727 4728 4531 4727
4728 4728 4729 4532 4728
4729 4729 4730 4533 4729
4730 4730 4731 4534 4730
4731 4731 4732 4535 4731
4732 4732 4733 4536 4732
4733 4733 4734 4537 4733
4734 4734 4735 4538 4734
4735 4735 4736 4539 4735
4736 4736 4737 4540 4736
4737 4737 4738 4541 4737
4738 4738 4739 4542 4738
4739 4739 4740 4543 4739
4740 4740 4741 4544 4740
4741 4741 4742 4545 4741
4742 4742 4743 4546 4742
4743 4743 4744 4547 4743
4744 4744 4745 4548 4744
4745 4745 4746 4549 4745
4746 4746 4747 4550 4746
4747 4747 4748 4551 4747
4748 4748 4749 4552 4748
4749 4749 4750 4553 4749
4750 4750 4751 4554 4750
4751 4751 4752 4555 4751
4752 4752 4753 4556 4752
4753 4753 4754 4557 4753
4754 4754 4755 4558 4754
4755 4755 4756 4559 4755
4756 4756 4757 4560 4756
4757 4757 4758 4561 4757
4758 4758 4759 4562 4758
4759 4759 4760 4563 4759
4760 4760 4761 4564 4760
4761 4761 4762 4565 4761
4762 4762 4763 4566 4762
4763 4763 4764 4567 4763
4764 4764 4765 4568 4764
4765 4765 4766 4569 4765
4766 4766 4767 4570 4766
4767 4767 4768 4571 4767
4768 4768 4769 4572 4768
4769 4769 4770 4573 4769
4770 4770 4771 4574 4770
4771 4771 4772 4575 4771
4772 4772 4773 4576 4772
4773 4773 4774 4577 4773
4774 4774 4775 4578 4774
4775 4775 4776 4579 4775
4776 4776 4777 4580 4776
4777 4777 4778 4581 4777
4778 4778 4779 4582 4778
4779 4779 4780 4583 4779
4780 4780 4781 4584 4780
4781 4781 4782 4585 4781
4782 4782 4783 4586 4782
4783 4783 4784 4587 4783
4784 4784 4785 4588 4784
4785 4785 4786 4589 4785
4786 4786 4787 4590 4786
4787 4787 4788 4591 4787
4788 4788 4789 4592 4788
4789 4789 4790 4593 4789
4790 4790 4791 4594 4790
4791 4791 4792 4595 4791
4792 4792 4793 4596 4792
4793 4793 4794 4597 4793
4794 4794 4795 4598 4794
4795 4795 4796 4599 4795
4796 4796 4797 4600 4796
4797 4797 4798 4601 4797
4798 4798 4799 4602 4798
4799 4799 4800 4603 4799
4800 4800 4801 4604 4800
4801 4801 4802 4605 4801
4802 4802 4803 4606 4802
4803 4803 4804 4607 4803
4804 4804 4805 4608 4804
4805 4805 4806 4609 4805
4806 4806 4807 4610 4806
4807 4807 4808 4611 4807
4808 4808 4809 4612 4808
4809 4809 4810 4613 4809
4810 4810 4811 4614 4810
4811 4811 4812 4615 4811
4812 4812 4813 4616 4812
4813 4813 4814 4617 4813
4814 4814 4815 4618 4814
4815 4815 4816 4619 4815
4816 4816 4817 4620 4816
4817 4817 4818 4621 4817
4818 4818 4819 4622 4818
4819 4819 4820 4623 4819
4820 4820 4821 4624 4820
4821 4821 4822 4625 4821
4822 4822 4823 4626 4822
4823 4823 4824 4627 4823
4824 4824 4825 4628 4824
4825 4825 4826 4629 4825
4826 4826 4827 4630 4826
4827 4827 4828 4631 4827
4828 4828 4829 4632 4828
4829 4829 4830 4633 4829
4830 4830 4831 4634 4830
4831 4831 4832 4635 4831
4832 4832 4833 4636 4832
4833 4833 4834 4637 4833
4834 4834 4835 4638 4834
4835 4835 4836 4639 4835
4836 4836 4837 4640 4836
4837 4837 4838 4641 4837
4838 4838 4839 4642 4838
4839 4839 4840 4643 4839
4840 4840 4841 4644 4840
4841 4841 4842 4645 4841
4842 4842 4843 4646 4842
4843 4843 4844 4647 4843
4844 4844 4845 4648 4844
4845 4845 4846 4649 4845
4846 4846 4847 4650 4846
4847 4847 4848 4651 4847
4848 4848 4849 4652 4848
4849 4849 4850 4653 4849
4850 4850 4851 4654 4850
4851 4851 4852 4655 4851
4852 4852 4853 4656 4852
4853 4853 4854 4657 4853
4854 4854 4855 4658 4854
4855 4855 4856 4659 4855
4856 4856 4857 4660 4856
4857 4857 4858 4661 4857
4858 4858 4859 4662 4858
4859 4859 4860 4663 4859
4860 4860 4861 4664 4860
4861 4861 4862 4665 4861
4862 4862 4863 4666 4862
4863 4863 4864 4667 4863
4864 4864 4865 4668 4864
4865 4865 4866 4669 4865
4866 4866 4867 4670 4866
4867 4867 4868 4671 4867
4868 4868 4869 4672 4868
4869 4869 4870 4673 4869
4870 4870 4871 4674 4870
4871 4871 4872 4675 4871
4872 4872 4873 4676 4872
4873 4873 4874 4677 4873
4874 4874 4875 4678 4874
4875 4875 4876 4679 4875
4876 4876 4877 4680 4876
4877 4877 4878 4681 4877
4878 4878 4879 4682 4878
4879 4879 4880 4683 4879
4880 4880 4881 4684 4880
4881 4881 4882 4685 4881
4882 4882 4883 4686 4882
4883 4883 4884 4687 4883
4884 4884 4885 4688 4884
4885 4885 4886 4689 4885
4886 4886 4887 4690 4886
4887 4887 4888 4691 4887
4888 4888 4889 4692 4888
4889 4889 4890 4693 4889
4890 4890 4891 4694 4890
4891 4891 4892 4695 4891
4892 4892 4893 4696 4892
4893 4893 4894 4697 4893
4894 4894 4895 4698 4894
4895 4895 4896 4699 4895
4896 4896 4897 4700 4896
4897 4897 4898 4701 4897
4898 4898 4899 4702 4898
4899 4899 4900 4703 4899
4900 4900 4705 4704 4900
4901 4901 4902 4705 4901
4902 4902 4903 4706 4902
4903 4903 4904 4707 4903
4904 4904 4905 4708 4904
4905 4905 4906 4709 4905
4906 4906 4907 4710 4906
4907 4907 4908 4711 4907
4908 4908 4909 4712 4908
4909 4909 4910 4713 4909
4910 4910 4911 4714 4910
4911 4911 4912 4715 4911
4912 4912 4913 4716 4912
4913 4913 4914 4717 4913
4914 4914 4915 4718 4914
4915 4915 4916 4719 4915
4916 4916 4917 4720 4916
4917 4917 4918 4721 4917
4918 4918 4919 4722 4918
4919 4919 4920 4723 4919
4920 4920 4921 4724 4920
4921 4921 4922 4725 4921
4922 4922 4923 4726 4922
4923 4923 4924 4727 4923
4924 4924 4925 4728 4924
4925 4925 4926 4729 4925
4926 4926 4927 4730 4926
4927 4927 4928 4731 4927
4928 4928 4929 4732 4928
4929 4929 4930 4733 4929
4930 4930 4931 4734 4930
4931 4931 4932 4735 4931
4932 4932 4933 4736 4932
4933 4933 4934 4737 4933
4934 4934 4935 4738 4934
4935 4935 4936 4739 4935
4936 4936 4937 4740 4936
4937 4937 4938 4741 4937
4938 4938 4939 4742 4938
4939 4939 4940 4743 4939
4940 4940 4941 4744 4940
4941 4941 4942 4745 4941
4942 4942 4943 4746 4942
4943 4943 4944 4747 4943
4944 4944 4945 4748 4944
4945 4945 4946 4749 4945
4946 4946 4947 4750 4946
4947 4947 4948 4751 4947
4948 4948 4949 4752 4948
4949 4949 4950 4753 4949
4950 4950 4951 4754 4950
4951 4951 4952 4755 4951
4952 4952 4953 4756 4952
4953 4953 4954 4757 4953
4954 4954 4955 4758 4954
4955 4955 4956 4759 4955
4956 4956 4957 4760 4956
4957 4957 4958 4761 4957
4958 4958 4959 4762 4958
4959 4959 4960 4763 4959
4960 4960 4961 4764 4960
4961 4961 4962 4765 4961
4962 4962 4963 4766 4962
4963 4963 4964 4767 4963
4964 4964 4965 4768 4964
4965 4965 4966 4769 4965
4966 4966 4967 4770 4966
4967 4967 4968 4771 4967
4968 4968 4969 4772 4968
4969 4969 4970 4773 4969
4970 4970 4971 4774 4970
4971 4971 4972 4775 4971
4972 4972 4973 4776 4972
4973 4973 4974 4777 4973
4974 4974 4975 4778 4974
4975 4975 4976 4779 4975
4976 4976 4977 4780 4976
4977 4977 4978 4781 4977
4978 4978 4979 4782 4978
4979 4979 4980 4783 4979
4980 4980 4981 4784 4980
4981 4981 4982 4785 4981
4982 4982 4983 4786 4982
4983 4983 4984 4787 4983
4984 4984 4985 4788 4984
4985 4985 4986 4789 4985
4986 4986 4987 4790 4986
4987 4987 4988 4791 4987
4988 4988 4989 4792 4988
4989 4989 4990 4793 4989
4990 4990 4991 4794 4990
4991 4991 4992 4795 4991
4992 4992 4993 4796 4992
4993 4993 4994 4797 4993
4994 4994 4995 4798 4994
4995 4995 4996 4799 4995
4996 4996 4997 4800 4996
4997 4997 4998 4801 4997
4998 4998 4999 4802 4998
4999 4999 5000 4803 4999
5000 5000 5001 4804 5000
5001 5001 5002 4805 5001
5002 5002 5003 4806 5002
5003 5003 5004 4807 5003
5004 5004 5005 4808 5004
5005 5005 5006 4809 5005
5006 5006 5007 4810 5006
5007 5007 5008 4811 5007
5008 5008 5009 4812 5008
5009 5009 5010 4813 5009
5010 5010 5011 4814 5010
5011 5011 5012 4815 5011
5012 5012 5013 4816 5012
5013 5013 5014 4817 5013
5014 5014 5015 4818 5014
5015 5015 5016 4819 5015
5016 5016 5017 4820 5016
5017 5017 5018 4821 5017
5018 5018 5019 4822 5018
5019 5019 5020 4823 5019
5020 5020 5021 4824 5020
5021 5021 5022 4825 5021
5022 5022 5023 4826 5022
5023 5023 5024 4827 5023
5024 5024 5025 4828 5024
5025 5025 5026 4829 5025
5026 5026 5027 4830 5026
5027 5027 5028 4831 5027
5028 5028 5029 4832 5028
5029 5029 5030 4833 5029
5030 5030 5031 4834 5030
5031 5031 5032 4835 5031
5032 5032 5033 4836 5032
5033 5033 5034 4837 5033
5034 5034 5035 4838 5034
5035 5035 5036 4839 5035
5036 5036 5037 4840 5036
5037 5037 5038 4841 5037
5038 5038 5039 4842 5038
5039 5039 5040 4843 5039
5040 5040 5041 4844 5040
5041 5041 5042 4845 5041
5042 5042 5043 4846 5042
5043 5043 5044 4847 5043
5044 5044 5045 4848 5044
5045 5045 5046 4849 5045
5046 5046 5047 4850 5046
5047 5047 5048 4851 5047
5048 5048 5049 4852 5048
5049 5049 5050 4853 5049
5050 5050 5051 4854 5050
5051 5051 5052 4855 5051
5052 5052 5053 4856 5052
5053 5053 5054 4857 5053
5054 5054 5055 4858 5054
5055 5055 5056 4859 5055
5056 5056 5057 4860 5056
5057 5057 5058 4861 5057
5058 5058 5059 4862 5058
5059 5059 5060 4863 5059
5060 5060 5061 4864 5060
5061 5061 5062 4865 5061
5062 5062 5063 4866 5062
5063 5063 5064 4867 5063
5064 5064 5065 4868 5064
5065 5065 5066 4869 5065
5066 5066 5067 4870 5066
5067 5067 5068 4871 5067
5068 5068 5069 4872 5068
5069 5069 5070 4873 5069
5070 5070 5071 4874 5070
5071 5071 5072 4875 5071
5072 5072 5073 4876 5072
5073 5073 5074 4877 5073
5074 5074 5075 4878 5074
5075 5075 5076 4879 5075
5076 5076 5077 4880 5076
5077 5077 5078 4881 5077
5078 5078 5079 4882 5078
5079 5079 5080 4883 5079
5080 5080 5081 4884 5080
5081 5081 5082 4885 5081
5082 5082 5083 4886 5082
5083 5083 5084 4887 5083
5084 5084 5085 4888 5084
5085 5085 5086 4889 5085
5086 5086 5087 4890 5086
5087 5087 5088 4891 5087
5088 5088 5089 4892 5088
5089 5089 5090 4893 5089
5090 5090 5091 4894 5090
5091 5091 5092 4895 5091
5092 5092 5093 4896 5092
5093 5093 5094 4897 5093
5094 5094 5095 4898 5094
5095 5095 5096 4899 5095
5096 5096 4901 4900 5096
5097 5097 5098 4901 5097
5098 5098 5099 4902 5098
5099 5099 5100 4903 5099
5100 5100 5101 4904 5100
5101 5101 5102 4905 5101
5102 5102 5103 4906 5102
5103 5103 5104 4907 5103
5104 5104 5105 4908 5104
5105 5105 5106 4909 5105
5106 5106 5107 4910 5106
5107 5107 5108 4911 5107
5108 5108 5109 4912 5108
5109 5109 5110 4913 5109
5110 5110 5111 4914 5110
5111 5111 5112 4915 5111
5112 5112 5113 4916 5112
5113 5113 5114 4917 5113
5114 5114 5115 4918 5114
5115 5115 5116 4919 5115
5116 5116 5117 4920 5116
5117 5117 5118 4921 5117
5118 5118 5119 4922 5118
5119 5119 5120 4923 5119
5120 5120 5121 4924 5120
5121 5121 5122 4925 5121
5122 5122 5123 4926 5122
5123 5123 5124 4927 5123
5124 5124 5125 4928 5124
5125 5125 5126 4929 5125
5126 5126 5127 4930 5126
5127 5127 5128 4931 5127
5128 5128 5129 4932 5128
5129 5129 5130 4933 5129
5130 5130 5131 4934 5130
5131 5131 5132 4935 5131
5132 5132 5133 4936 5132
5133 5133 5134 4937 5133
5134 5134 5135 4938 5134
5135 5135 5136 4939 5135
5136 5136 5137 4940 5136
5137 5137 5138 4941 5137
5138 5138 5139 4942 5138
5139 5139 5140 4943 5139
5140 5140 5141 4944 5140
5141 5141 5142 4945 5141
5142 5142 5143 4946 5142
5143 5143 5144 4947 5143
5144 5144 5145 4948 5144
5145 5145 5146 4949 5145
5146 5146 5147 4950 5146
5147 5147 5148 4951 5147
5148 5148 5149 4952 5148
5149 5149 5150 4953 5149
5150 5150 5151 4954 5150
5151 5151 5152 4955 5151
5152 5152 5153 4956 5152
5153 5153 5154 4957 5153
5154 5154 5155 4958 5154
5155 5155 5156 4959 5155
5156 5156 5157 4960 5156
5157 5157 5158 4961 5157
5158 5158 5159 4962 5158
5159 5159 5160 4963 5159
5160 5160 5161 4964 5160
5161 5161 5162 4965 5161
5162 5162 5163 4966 5162
5163 5163 5164 4967 5163
5164 5164 5165 4968 5164
5165 5165 5166 4969 5165
5166 5166 5167 4970 5166
5167 5167 5168 4971 5167
5168 5168 5169 4972 5168
5169 5169 5170 4973 5169
5170 5170 5171 4974 5170
5171 5171 5172 4975 5171
5172 5172 5173 4976 5172
5173 5173 5174 4977 5173
5174 5174 5175 4978 5174
5175 5175 5176 4979 5175
5176 5176 5177 4980 5176
5177 5177 5178 4981 5177
5178 5178 5179 4982 5178
5179 5179 5180 4983 5179
5180 5180 5181 4984 5180
5181 5181 5182 4985 5181
5182 5182 5183 4986 5182
5183 5183 5184 4987 5183
5184 5184 5185 4988 5184
5185 5185 5186 4989 5185
5186 5186 5187 4990 5186
5187 5187 5188 4991 5187
5188 5188 5189 4992 5188
5189 5189 5190 4993 5189
5190 5190 5191 4994 5190
5191 5191 5192 4995 5191
5192 5192 5193 4996 5192
5193 5193 5194 4997 5193
5194 5194 5195 4998 5194
5195 5195 5196 4999 5195
5196 5196 5197 5000 5196
5197 5197 5198 5001 5197
5198 5198 5199 5002 5198
5199 5199 5200 5003 5199
5200 5200 5201 5004 5200
5201 5201 5202 5005 5201
5202 5202 5203 5006 5202
5203 5203 5204 5007 5203
5204 5204 5205 5008 5204
5205 5205 5206 5009 5205
5206 5206 5207 5010 5206
5207 5207 5208 5011 5207
5208 5208 5209 5012 5208
5209 5209 5210 5013 5209
5210 5210 5211 5014 5210
5211 5211 5212 5015 5211
5212 5212 5213 5016 5212
5213 5213 5214 5017 5213
5214 5214 5215 5018 5214
5215 5215 5216 5019 5215
5216 5216 5217 5020 5216
5217 5217 5218 5021 5217
5218 5218 5219 5022 5218
5219 5219 5220 5023 5219
5220 5220 5221 5024 5220
5221 5221 5222 5025 5221
5222 5222 5223 5026 5222
5223 5223 5224 5027 5223
5224 5224 5225 5028 5224
5225 5225 5226 5029 5225
5226 5226 5227 5030 5226
5227 5227 5228 5031 5227
5228 5228 5229 5032 5228
5229 5229 5230 5033 5229
5230 5230 5231 5034 5230
5231 5231 5232 5035 5231
5232 5232 5233 5036 5232
5233 5233 5234 5037 5233
5234 5234 5235 5038 5234
5235 5235 5236 5039 5235
5236 5236 5237 5040 5236
5237 5237 5238 5041 5237
5238 5238 5239 5042 5238
5239 5239 5240 5043 5239
5240 5240 5241 5044 5240
5241 5241 5242 5045 5241
5242 5242 5243 5046 5242
5243 5243 5244 5047 5243
5244 5244 5245 5048 5244
5245 5245 5246 5049 5245
5246 5246 5247 5050 5246
5247 5247 5248 5051 5247
5248 5248 5249 5052 5248
5249 5249 5250 5053 5249
5250 5250 5251 5054 5250
5251 5251 5252 5055 5251
5252 5252 5253 5056 5252
5253 5253 5254 5057 5253
5254 5254 5255 5058 5254
5255 5255 5256 5059 5255
5256 5256 5257 5060 5256
5257 5257 5258 5061 5257
5258 5258 5259 5062 5258
5259 5259 5260 5063 5259
5260 5260 5261 5064 5260
5261 5261 5262 5065 5261
5262 5262 5263 5066 5262
5263 5263 5264 5067 5263
5264 5264 5265 5068 5264
5265 5265 5266 5069 5265
5266 5266 5267 5070 5266
5267 5267 5268 5071 5267
5268 5268 5269 5072 5268
5269 5269 5270 5073 5269
5270 5270 5271 5074 5270
5271 5271 5272 5075 5271
5272 5272 5273 5076 5272
5273 5273 5274 5077 5273
5274 5274 5275 5078 5274
5275 5275 5276 5079 5275
5276 5276 5277 5080 5276
5277 5277 5278 5081 5277
5278 5278 5279 5082 5278
5279 5279 5280 5083 5279
5280 5280 5281 5084 5280
5281 5281 5282 5085 5281
5282 5282 5283 5086 5282
5283 5283 5284 5087 5283
5284 5284 5285 5088 5284
5285 5285 5286 5089 5285
5286 5286 5287 5090 5286
5287 5287 5288 5091 5287
5288 5288 5289 5092 5288
5289 5289 5290 5093 5289
5290 5290 5291 5094 5290
5291 5291 5292 5095 5291
5292 5292 5097 5096 5292
5293 5293 5294 5097 5293
5294 5294 5295 5098 5294
5295 5295 5296 5099 5295
5296 5296 5297 5100 5296
5297 5297 5298 5101 5297
5298 5298 5299 5102 5298
5299 5299 5300 5103 5299
5300 5300 5301 5104 5300
5301 5301 5302 5105 5301
5302 5302 5303 5106 5302
5303 5303 5304 5107 5303
5304 5304 5305 5108 5304
5305 5305 5306 5109 5305
5306 5306 5307 5110 5306
5307 5307 5308 5111 5307
5308 5308 5309 5112 5308
5309 5309 5310 5113 5309
5310 5310 5311 5114 5310
5311 5311 5312 5115 5311
5312 5312 5313 5116 5312
5313 5313 5314 5117 5313
5314 5314 5315 5118 5314
5315 5315 5316 5119 5315
5316 5316 5317 5120 5316
5317 5317 5318 5121 5317
5318 5318 5319 5122 5318
5319 5319 5320 5123 5319
5320 5320 5321 5124 5320
5321 5321 5322 5125 5321
5322 5322 5323 5126 5322
5323 5323 5324 5127 5323
5324 5324 5325 5128 5324
5325 5325 5326 5129 5325
5326 5326 5327 5130 5326
5327 5327 5328 5131 5327
5328 5328 5329 5132 5328
5329 5329 5330 5133 5329
5330 5330 5331 5134 5330
5331 5331 5332 5135 5331
5332 5332 5333 5136 5332
5333 5333 5334 5137 5333
5334 5334 5335 5138 5334
5335 5335 5336 5139 5335
5336 5336 5337 5140 5336
5337 5337 5338 5141 5337
5338 5338 5339 5142 5338
5339 5339 5340 5143 5339
5340 5340 5341 5144 5340
5341 5341 5342 5145 5341
5342 5342 5343 5146 5342
5343 5343 5344 5147 5343
5344 5344 5345 5148 5344
5345 5345 5346 5149 5345
5346 5346 5347 5150 5346
5347 5347 5348 5151 5347
5348 5348 5349 5152 5348
5349 5349 5350 5153 5349
5350 5350 5351 5154 5350
5351 5351 5352 5155 5351
5352 5352 5353 5156 5352
5353 5353 5354 5157 5353
5354 5354 5355 5158 5354
5355 5355 5356 5159 5355
5356 5356 5357 5160 5356
5357 5357 5358 5161 5357
5358 5358 5359 5162 5358
5359 5359 5360 5163 5359
5360 5360 5361 5164 5360
5361 5361 5362 5165 5361
5362 5362 5363 5166 5362
5363 5363 5364 5167 5363
5364 5364 5365 5168 5364
5365 5365 5366 5169 5365
5366 5366 5367 5170 5366
5367 5367 5368 5171 5367
5368 5368 5369 5172 5368
5369 5369 5370 5173 5369
5370 5370 5371 5174 5370
5371 5371 5372 5175 5371
5372 5372 5373 5176 5372
5373 5373 5374 5177 5373
5374 5374 5375 5178 5374
5375 5375 5376 5179 5375
5376 5376 5377 5180 5376
5377 5377 5378 5181 5377
5378 5378 5379 5182 5378
5379 5379 5380 5183 5379
5380 5380 5381 5184 5380
5381 5381 5382 5185 5381
5382 5382 5383 5186 5382
5383 5383 5384 5187 5383
5384 5384 5385 5188 5384
5385 5385 5386 5189 5385
5386 5386 5387 5190 5386
5387 5387 5388 5191 5387
5388 5388 5389 5192 5388
5389 5389 5390 5193 5389
5390 5390 5391 5194 5390
5391 5391 5392 5195 5391
5392 5392 5393 5196 5392
5393 5393 5394 5197 5393
5394 5394 5395 5198 5394
5395 5395 5396 5199 5395
5396 5396 5397 5200 5396
5397 5397 5398 5201 5397
5398 5398 5399 5202 5398
5399 5399 5400 5203 5399
5400 5400 5401 5204 5400
5401 5401 5402 5205 5401
5402 5402 5403 5206 5402
5403 5403 5404 5207 5403
5404 5404 5405 5208 5404
5405 5405 5406 5209 5405
5406 5406 5407 5210 5406
5407 5407 5408 5211 5407
5408 5408 5409 5212 5408
5409 5409 5410 5213 5409
5410 5410 5411 5214 5410
5411 5411 5412 5215 5411
5412 5412 5413 5216 5412
5413 5413 5414 5217 5413
5414 5414 5415 5218 5414
5415 5415 5416 5219 5415
5416 5416 5417 5220 5416
5417 5417 5418 5221 5417
5418 5418 5419 5222 5418
5419 5419 5420 5223 5419
5420 5420 5421 5224 5420
5421 5421 5422 5225 5421
5422 5422 5423 5226 5422
5423 5423 5424 5227 5423
5424 5424 5425 5228 5424
5425 5425 5426 5229 5425
5426 5426 5427 5230 5426
5427 5427 5428 5231 5427
5428 5428 5429 5232 5428
5429 5429 5430 5233 5429
5430 5430 5431 5234 5430
5431 5431 5432 5235 5431
5432 5432 5433 5236 5432
5433 5433 5434 5237 5433
5434 5434 5435 5238 5434
5435 5435 5436 5239 5435
5436 5436 5437 5240 5436
5437 5437 5438 5241 5437
5438 5438 5439 5242 5438
5439 5439 5440 5243 5439
5440 5440 5441 5244 5440
5441 5441 5442 5245 5441
5442 5442 5443 5246 5442
5443 5443 5444 5247 5443
5444 5444 5445 5248 5444
5445 5445 5446 5249 5445
5446 5446 5447 5250 5446
5447 5447 5448 5251 5447
5448 5448 5449 5252 5448
5449 5449 5450 5253 5449
5450 5450 5451 5254 5450
5451 5451 5452 5255 5451
5452 5452 5453 5256 5452
5453 5453 5454 5257 5453
5454 5454 5455 5258 5454
5455 5455 5456 5259 5455
5456 5456 5457 5260 5456
5457 5457 5458 5261 5457
5458 5458 5459 5262 5458
5459 5459 5460 5263 5459
5460 5460 5461 5264 5460
5461 5461 5462 5265 5461
5462 5462 5463 5266 5462
5463 5463 5464 5267 5463
5464 5464 5465 5268 5464
5465 5465 5466 5269 5465
5466 5466 5467 5270 5466
5467 5467 5468 5271 5467
5468 5468 5469 5272 5468
5469 5469 5470 5273 5469
5470 5470 5471 5274 5470
5471 5471 5472 5275 5471
5472 5472 5473 5276 5472
5473 5473 5474 5277 5473
5474 5474 5475 5278 5474
5475 5475 5476 5279 5475
5476 5476 5477 5280 5476
5477 5477 5478 5281 5477
5478 5478 5479 5282 5478
5479 5479 5480 5283 5479
5480 5480 5481 5284 5480
5481 5481 5482 5285 5481
5482 5482 5483 5286 5482
5483 5483 5484 5287 5483
5484 5484 5485 5288 5484
5485 5485 5486 5289 5485
5486 5486 5487 5290 5486
5487 5487 5488 5291 5487
5488 5488 5293 5292 5488
5489 5489 5490 5293 5489
5490 5490 5491 5294 5490
5491 5491 5492 5295 5491
5492 5492 5493 5296 5492
5493 5493 5494 5297 5493
5494 5494 5495 5298 5494
5495 5495 5496 5299 5495
5496 5496 5497 5300 5496
5497 5497 5498 5301 5497
5498 5498 5499 5302 5498
5499 5499 5500 5303 5499
5500 5500 5501 5304 5500
5501 5501 5502 5305 5501
5502 5502 5503 5306 5502
5503 5503 5504 5307 5503
5504 5504 5505 5308 5504
5505 5505 5506 5309 5505
5506 5506 5507 5310 5506
5507 5507 5508 5311 5507
5508 5508 5509 5312 5508
5509 5509 5510 5313 5509
5510 5510 5511 5314 5510
5511 5511 5512 5315 5511
5512 5512 5513 5316 5512
5513 5513 5514 5317 5513
5514 5514 5515 5318 5514
5515 5515 5516 5319 5515
5516 5516 5517 5320 5516
5517 5517 5518 5321 5517
5518 5518 5519 5322 5518
5519 5519 5520 5323 5519
5520 5520 5521 5324 5520
5521 5521 5522 5325 5521
5522 5522 5523 5326 5522
5523 5523 5524 5327 5523
5524 5524 5525 5328 5524
5525 5525 5526 5329 5525
5526 5526 5527 5330 5526
5527 5527 5528 5331 5527
5528 5528 5529 5332 5528
5529 5529 5530 5333 5529
5530 5530 5531 5334 5530
5531 5531 5532 5335 5531
5532 5532 5533 5336 5532
5533 5533 5534 5337 5533
5534 5534 5535 5338 5534
5535 5535 5536 5339 5535
5536 5536 5537 5340 5536
5537 5537 5538 5341 5537
5538 5538 5539 5342 5538
5539 5539 5540 5343 5539
5540 5540 5541 5344 5540
5541 5541 5542 5345 5541
5542 5542 5543 5346 5542
5543 5543 5544 5347 5543
5544 5544 5545 5348 5544
5545 5545 5546 5349 5545
5546 5546 5547 5350 5546
5547 5547 5548 5351 5547
5548 5548 5549 5352 5548
5549 5549 5550 5353 5549
5550 5550 5551 5354 5550
5551 5551 5552 5355 5551
5552 5552 5553 5356 5552
5553 5553 5554 5357 5553
5554 5554 5555 5358 5554
5555 5555 5556 5359 5555
5556 5556 5557 5360 5556
5557 5557 5558 5361 5557
5558 5558 5559 5362 5558
5559 5559 5560 5363 5559
5560 5560 5561 5364 5560
5561 5561 5562 5365 5561
5562 5562 5563 5366 5562
5563 5563 5564 5367 5563
5564 5564 5565 5368 5564
5565 5565 5566 5369 5565
5566 5566 5567 5370 5566
5567 5567 5568 5371 5567
5568 5568 5569 5372 5568
5569 5569 5570 5373 5569
5570 5570 5571 5374 5570
5571 5571 5572 5375 5571
5572 5572 5573 5376 5572
5573 5573 5574 5377 5573
5574 5574 5575 5378 5574
5575 5575 5576 5379 5575
5576 5576 5577 5380 5576
5577 5577 5578 5381 5577
5578 5578 5579 5382 5578
5579 5579 5580 5383 5579
5580 5580 5581 5384 5580
5581 5581 5582 5385 5581
5582 5582 5583 5386 5582
5583 5583 5584 5387 5583
5584 5584 5585 5388 5584
5585 5585 5586 5389 5585
5586 5586 5587 5390 5586
5587 5587 5588 5391 5587
5588 5588 5589 5392 5588
5589 5589 5590 5393 5589
5590 5590 5591 5394 5590
5591 5591 5592 5395 5591
5592 5592 5593 5396 5592
5593 5593 5594 5397 5593
5594 5594 5595 5398 5594
5595 5595 5596 5399 5595
5596 5596 5597 5400 5596
5597 5597 5598 5401 5597
5598 5598 5599 5402 5598
5599 5599 5600 5403 5599
5600 5600 5601 5404 5600
5601 5601 5602 5405 5601
5602 5602 5603 5406 5602
5603 5603 5604 5407 5603
5604 5604 5605 5408 5604
5605 5605 5606 5409 5605
5606 5606 5607 5410 5606
5607 5607 5608 5411 5607
5608 5608 5609 5412 5608
5609 5609 5610 5413 5609
5610 5610 5611 5414 5610
5611 5611 5612 5415 5611
5612 5612 5613 5416 5612
5613 5613 5614 5417 5613
5614 5614 5615 5418 5614
5615 5615 5616 5419 5615
5616 5616 5617 5420 5616
5617 5617 5618 5421 5617
5618 5618 5619 5422 5618
5619 5619 5620 5423 5619
5620 5620 5621 5424 5620
5621 5621 5622 5425 5621
5622 5622 5623 5426 5622
5623 5623 5624 5427 5623
5624 5624 5625 5428 5624
5625 5625 5626 5429 5625
5626 5626 5627 5430 5626
5627 5627 5628 5431 5627
5628 5628 5629 5432 5628
5629 5629 5630 5433 5629
5630 5630 5631 5434 5630
5631 5631 5632 5435 5631
5632 5632 5633 5436 5632
5633 5633 5634 5437 5633
5634 5634 5635 5438 5634
5635 5635 5636 5439 5635
5636 5636 5637 5440 5636
5637 5637 5638 5441 5637
5638 5638 5639 5442 5638
5639 5639 5640 5443 5639
5640 5640 5641 5444 5640
5641 5641 5642 5445 5641
5642 5642 5643 5446 5642
5643 5643 5644 5447 5643
5644 5644 5645 5448 5644
5645 5645 5646 5449 5645
5646 5646 5647 5450 5646
5647 5647 5648 5451 5647
5648 5648 5649 5452 5648
5649 5649 5650 5453 5649
5650 5650 5651 5454 5650
5651 5651 5652 5455 5651
5652 5652 5653 5456 5652
5653 5653 5654 5457 5653
5654 5654 5655 5458 5654
5655 5655 5656 5459 5655
5656 5656 5657 5460 5656
5657 5657 5658 5461 5657
5658 5658 5659 5462 5658
5659 5659 5660 5463 5659
5660 5660 5661 5464 5660
5661 5661 5662 5465 5661
5662 5662 5663 5466 5662
5663 5663 5664 5467 5663
5664 5664 5665 5468 5664
5665 5665 5666 5469 5665
5666 5666 5667 5470 5666
5667 5667 5668 5471 5667
5668 5668 5669 5472 5668
5669 5669 5670 5473 5669
5670 5670 5671 5474 5670
5671 5671 5672 5475 5671
5672 5672 5673 5476 5672
5673 5673 5674 5477 5673
5674 5674 5675 5478 5674
5675 5675 5676 5479 5675
5676 5676 5677 5480 5676
5677 5677 5678 5481 5677
5678 5678 5679 5482 5678
5679 5679 5680 5483 5679
5680 5680 5681 5484 5680
5681 5681 5682 5485 5681
5682 5682 5683 5486 5682
5683 5683 5684 5487 5683
5684 5684 5489 5488 5684
5881 1 197 1 196
5882 2 198 2 1
5883 3 199 3 2
5884 4 200 4 3
5885 5 201 5 4
5886 6 202 6 5
5887 7 203 7 6
5888 8 204 8 7
5889 9 205 9 8
5890 10 206 10 9
5891 11 207 11 10
5892 12 208 12 11
5893 13 209 13 12
5894 14 210 14 13
5895 15 211 15 14
5896 16 212 16 15
5897 17 213 17 16
5898 18 214 18 17
5899 19 215 19 18
5900 20 216 20 19
5901 21 217 21 20
5902 22 218 22 21
5903 23 219 23 22
5904 24 220 24 23
5905 25 221 25 24
5906 26 222 26 25
5907 27 223 27 26
5908 28 224 28 27
5909 29 225 29 28
5910 30 226 30 29
5911 31 227 31 30
5912 32 228 32 31
5913 33 229 33 32
5914 34 230 34 33
5915 35 231 35 34
5916 36 232 36 35
5917 37 233 37 36
5918 38 234 38 37
5919 39 235 39 38
5920 40 236 40 39
5921 41 237 41 40
5922 42 238 42 41
5923 43 239 43 42
5924 44 240 44 43
5925 45 241 45 44
5926 46 242 46 45
5927 47 243 47 46
5928 48 244 48 47
5929 49 245 49 48
5930 50 246 50 49
5931 51 247 51 50
5932 52 248 52 51
5933 53 249 53 52
5934 54 250 54 53
5935 55 251 55 54
5936 56 252 56 55
5937 57 253 57 56
5938 58 254 58 57
5939 59 255 59 58
5940 60 256 60 59
5941 61 257 61 60
5942 62 258 62 61
5943 63 259 63 62
5944 64 260 64 63
5945 65 261 65 64
5946 66 262 66 65
5947 67 263 67 66
5948 68 264 68 67
5949 69 265 69 68
5950 70 266 70 69
5951 71 267 71 70
5952 72 268 72 71
5953 73 269 73 72
5954 74 270 74 73
5955 75 271 75 74
5956 76 272 76 75
5957 77 273 77 76
5958 78 274 78 77
5959 79 275 79 78
5960 80 276 80 79
5961 81 277 81 80
5962 82 278 82 81
5963 83 279 83 82
5964 84 280 84 83
5965 85 281 85 84
5966 86 282 86 85
5967 87 283 87 86
5968 88 284 88 87
5969 89 285 89 88
5970 90 286 90 89
5971 91 287 91 90
5972 92 288 92 91
5973 93 289 93 92
5974 94 290 94 93
5975 95 291 95 94
5976 96 292 96 95
5977 97 293 97 96
5978 98 294 98 97
5979 99 295 99 98
5980 100 296 100 99
5981 101 297 101 100
5982 102 298 102 101
5983 103 299 103 102
5984 104 300 104 103
5985 105 301 105 104
5986 106 302 106 105
5987 107 303 107 106
5988 108 304 108 107
5989 109 305 109 108
5990 110 306 110 109
5991 111 307 111 110
5992 112 308 112 111
5993 113 309 113 112
5994 114 310 114 113
5995 115 311 115 114
5996 116 312 116 115
5997 117 313 117 116
5998 118 314 118 117
5999 119 315 119 118
6000 120 316 120 119
6001 121 317 121 120
6002 122 318 122 121
6003 123 319 123 122
6004 124 320 124 123
6005 125 321 125 124
6006 126 322 126 125
6007 127 323 127 126
6008 128 324 128 127
6009 129 325 129 128
6010 130 326 130 129
6011 131 327 131 130
6012 132 328 132 131
6013 133 329 133 132
6014 134 330 134 133
6015 135 331 135 134
6016 136 332 136 135
6017 137 333 137 136
6018 138 334 138 137
6019 139 335 139 138
6020 140 336 140 139
6021 141 337 141 140
6022 142 338 142 141
6023 143 339 143 142
6024 144 340 144 143
6025 145 341 145 144
6026 146 342 146 145
6027 147 343 147 146
6028 148 344 148 147
6029 149 345 149 148
6030 150 346 150 149
6031 151 347 151 150
6032 152 348 152 151
6033 153 349 153 152
6034 154 350 154 153
6035 155 351 155 154
6036 156 352 156 155
6037 157 353 157 156
6038 158 354 158 157
6039 159 355 159 158
6040 160 356 160 159
6041 161 357 161 160
6042 162 358 162 161
6043 163 359 163 162
6044 164 360 164 163
6045 165 361 165 164
6046 166 362 166 165
6047 167 363 167 166
6048 168 364 168 167
6049 169 365 169 168
6050 170 366 170 169
6051 171 367 171 170
6052 172 368 172 171
6053 173 369 173 172
6054 174 370 174 173
6055 175 371 175 174
6056 176 372 176 175
6057 177 373 177 176
6058 178 374 178 177
6059 179 375 179 178
6060 180 376 180 179
6061 181 377 181 180
6062 182 378 182 181
6063 183 379 183 182
6064 184 380 184 183
6065 185 381 185 184
6066 186 382 186 185
6067 187 383 187 186
6068 188 384 188 187
6069 189 385 189 188
6070 190 386 190 189
6071 191 387 191 190
6072 192 388 192 191
6073 193 389 193 192
6074 194 390 194 193
6075 195 391 195 194
6076 196 392 196 195
6077 197 393 197 392
6078 198 394 198 197
6079 199 395 199 198
6080 200 396 200 199
6081 201 397 201 200
6082 202 398 202 201
6083 203 399 203 202
6084 204 400 204 203
6085 205 401 205 204
6086 206 402 206 205
6087 207 403 207 206
6088 208 404 208 207
6089 209 405 209 208
6090 210 406 210 209
6091 211 407 211 210
6092 212 408 212 211
6093 213 409 213 212
6094 214 410 214 213
6095 215 411 215 214
6096 216 412 216 215
6097 217 413 217 216
6098 218 414 218 217
6099 219 415 219 218
6100 220 416 220 219
6101 221 417 221 220
6102 222 418 222 221
6103 223 419 223 222
6104 224 420 224 223
6105 225 421 225 224
6106 226 422 226 225
6107 227 423 227 226
6108 228 424 228 227
6109 229 425 229 228
6110 230 426 230 229
6111 231 427 231 230
6112 232 428 232 231
6113 233 429 233 232
6114 234 430 234 233
6115 235 431 235 234
6116 236 432 236 235
6117 237 433 237 236
6118 238 434 238 237
6119 239 435 239 238
6120 240 436 240 239
6121 241 437 241 240
6122 242 438 242 241
6123 243 439 243 242
6124 244 440 244 243
6125 245 441 245 244
6126 246 442 246 245
6127 247 443 247 246
6128 248 444 248 247
6129 249 445 249 248
6130 250 446 250 249
6131 251 447 251 250
6132 252 448 252 251
6133 253 449 253 252
6134 254 450 254 253
6135 255 451 255 254
6136 256 452 256 255
6137 257 453 257 256
6138 258 454 258 257
6139 259 455 259 258
6140 260 456 260 259
6141 261 457 261 260
6142 262 458 262 261
6143 263 459 263 262
6144 264 460 264 263
6145 265 461 265 264
6146 266 462 266 265
6147 267 463 267 266
6148 268 464 268 267
6149 269 465 269 268
6150 270 466 270 269
6151 271 467 271 270
6152 272 468 272 271
6153 273 469 273 272
6154 274 470 274 273
6155 275 471 275 274
6156 276 472 276 275
6157 277 473 277 276
6158 278 474 278 277
6159 279 475 279 278
6160 280 476 280 279
6161 281 477 281 280
6162 282 478 282 281
6163 283 479 283 282
6164 284 480 284 283
6165 285 481 285 284
6166 286 482 286 285
6167 287 483 287 286
6168 288 484 288 287
6169 289 485 289 288
6170 290 486 290 289
6171 291 487 291 290
6172 292 488 292 291
6173 293 489 293 292
6174 294 490 294 293
6175 295 491 295 294
6176 296 492 296 295
6177 297 493 297 296
6178 298 494 298 297
6179 299 495 299 298
6180 300 496 300 299
6181 301 497 301 300
6182 302 498 302 301
6183 303 499 303 302
6184 304 500 304 303
6185 305 501 305 304
6186 306 502 306 305
6187 307 503 307 306
6188 308 504 308 307
6189 309 505 309 308
6190 310 506 310 309
6191 311 507 311 310
6192 312 508 312 311
6193 313 509 313 312
6194 314 510 314 313
6195 315 511 315 314
6196 316 512 316 315
6197 317 513 317 316
6198 318 514 318 317
6199 319 515 319 318
6200 320 516 320 319
6201 321 517 321 320
6202 322 518 322 321
6203 323 519 323 322
6204 324 520 324 323
6205 325 521 325 324
6206 326 522 326 325
6207 327 523 327 326
6208 328 524 328 327
6209 329 525 329 328
6210 330 526 330 329
6211 331 527 331 330
6212 332 528 332 331
6213 333 529 333 332
6214 334 530 334 333
6215 335 531 335 334
6216 336 532 336 335
6217 337 533 337 336
6218 338 534 338 337
6219 339 535 339 338
6220 340 536 340 339
6221 341 537 341 340
6222 342 538 342 341
6223 343 539 343 342
6224 344 540 344 343
6225 345 541 345 344
6226 346 542 346 345
6227 347 543 347 346
6228 348 544 348 347
6229 349 545 349 348
6230 350 546 350 349
6231 351 547 351 350
6232 352 548 352 351
6233 353 549 353 352
6234 354 550 354 353
6235 355 551 355 354
6236 356 552 356 355
6237 357 553 357 356
6238 358 554 358 357
6239 359 555 359 358
6240 360 556 360 359
6241 361 557 361 360
6242 362 558 362 361
6243 363 559 363 362
6244 364 560 364 363
6245 365 561 365 364
6246 366 562 366 365
6247 367 563 367 366
6248 368 564 368 367
6249 369 565 369 368
6250 370 566 370 369
6251 371 567 371 370
6252 372 568 372 371
6253 373 569 373 372
6254 374 570 374 373
6255 375 571 375 374
6256 376 572 376 375
6257 377 573 377 376
6258 378 574 378 377
6259 379 575 379 378
6260 380 576 380 379
6261 381 577 381 380
6262 382 578 382 381
6263 383 579 383 382
6264 384 580 384 383
6265 385 581 385 384
6266 386 582 386 385
6267 387 583 387 386
6268 388 584 388 387
6269 389 585 389 388
6270 390 586 390 389
6271 391 587 391 390
6272 392 588 392 391
6273 393 589 393 588
6274 394 590 394 393
6275 395 591 395 394
6276 396 592 396 395
6277 397 593 397 396
6278 398 594 398 397
6279 399 595 399 398
6280 400 596 400 399
6281 401 597 401 400
6282 402 598 402 401
6283 403 599 403 402
6284 404 600 404 403
6285 405 601 405 404
6286 406 602 406 405
6287 407 603 407 406
6288 408 604 408 407
6289 409 605 409 408
6290 410 606 410 409
6291 411 607 411 410
6292 412 608 412 411
6293 413 609 413 412
6294 414 610 414 413
6295 415 611 415 414
6296 416 612 416 415
6297 417 613 417 416
6298 418 614 418 417
6299 419 615 419 418
6300 420 616 420 419
6301 421 617 421 420
6302 422 618 422 421
6303 423 619 423 422
6304 424 620 424 423
6305 425 621 425 424
6306 426 622 426 425
6307 427 623 427 426
6308 428 624 428 427
6309 429 625 429 428
6310 430 626 430 429
6311 431 627 431 430
6312 432 628 432 431
6313 433 629 433 432
6314 434 630 434 433
6315 435 631 435 434
6316 436 632 436 435
6317 437 633 437 436
6318 438 634 438 437
6319 439 635 439 438
6320 440 636 440 439
6321 441 637 441 440
6322 442 638 442 441
6323 443 639 443 442
6324 444 640 444 443
6325 445 641 445 444
6326 446 642 446 445
6327 447 643 447 446
6328 448 644 448 447
6329 449 645 449 448
6330 450 646 450 449
6331 451 647 451 450
6332 452 648 452 451
6333 453 649 453 452
6334 454 650 454 453
6335 455 651 455 454
6336 456 652 456 455
6337 457 653 457 456
6338 458 654 458 457
6339 459 655 459 458
6340 460 656 460 459
6341 461 657 461 460
6342 462 658 462 461
6343 463 659 463 462
6344 464 660 464 463
6345 465 661 465 464
6346 466 662 466 465
6347 467 663 467 466
6348 468 664 468 467
6349 469 665 469 468
6350 470 666 470 469
6351 471 667 471 470
6352 472 668 472 471
6353 473 669 473 472
6354 474 670 474 473
6355 475 671 475 474
6356 476 672 476 475
6357 477 673 477 476
6358 478 674 478 477
6359 479 675 479 478
6360 480 676 480 479
6361 481 677 481 480
6362 482 678 482 481
6363 483 679 483 482
6364 484 680 484 483
6365 485 681 485 484
6366 486 682 486 485
6367 487 683 487 486
6368 488 684 488 487
6369 489 685 489 488
6370 490 686 490 489
6371 491 687 491 490
6372 492 688 492 491
6373 493 689 493 492
6374 494 690 494 493
6375 495 691 495 494
6376 496 692 496 495
6377 497 693 497 496
6378 498 694 498 497
6379 499 695 499 498
6380 500 696 500 499
6381 501 697 501 500
6382 502 698 502 501
6383 503 699 503 502
6384 504 700 504 503
6385 505 701 505 504
6386 506 702 506 505
6387 507 703 507 506
6388 508 704 508 507
6389 509 705 509 508
6390 510 706 510 509
6391 511 707 511 510
6392 512 708 512 511
6393 513 709 513 512
6394 514 710 514 513
6395 515 711 515 514
6396 516 712 516 515
6397 517 713 517 516
6398 518 714 518 517
6399 519 715 519 518
6400 520 716 520 519
6401 521 717 521 520
6402 522 718 522 521
6403 523 719 523 522
6404 524 720 524 523
6405 525 721 525 524
6406 526 722 526 525
6407 527 723 527 526
6408 528 724 528 527
6409 529 725 529 528
6410 530 726 530 529
6411 531 727 531 530
6412 532 728 532 531
6413 533 729 533 532
6414 534 730 534 533
6415 535 731 535 534
6416 536 732 536 535
6417 537 733 537 536
6418 538 734 538 537
6419 539 735 539 538
6420 540 736 540 539
6421 541 737 541 540
6422 542 738 542 541
6423 543 739 543 542
6424 544 740 544 543
6425 545 741 545 544
6426 546 742 546 545
6427 547 743 547 546
6428 548 744 548 547
6429 549 745 549 548
6430 550 746 550 549
6431 551 747 551 550
6432 552 748 552 551
6433 553 749 553 552
6434 554 750 554 553
6435 555 751 555 554
6436 556 752 556 555
6437 557 753 557 556
6438 558 754 558 557
6439 559 755 559 558
6440 560 756 560 559
6441 561 757 561 560
6442 562 758 562 561
6443 563 759 563 562
6444 564 760 564 563
6445 565 761 565 564
6446 566 762 566 565
6447 567 763 567 566
6448 568 764 568 567
6449 569 765 569 568
6450 570 766 570 569
6451 571 767 571 570
6452 572 768 572 571
6453 573 769 573 572
6454 574 770 574 573
6455 575 771 575 574
6456 576 772 576 575
6457 577 773 577 576
6458 578 774 578 577
6459 579 775 579 578
6460 580 776 580 579
6461 581 777 581 580
6462 582 778 582 581
6463 583 779 583 582
6464 584 780 584 583
6465 585 781 585 584
6466 586 782 586 585
6467 587 783 587 586
6468 588 784 588 587
6469 589 785 589 784
6470 590 786 590 589
6471 591 787 591 590
6472 592 788 592 591
6473 593 789 593 592
6474 594 790 594 593
6475 595 791 595 594
6476 596 792 596 595
6477 597 793 597 596
6478 598 794 598 597
6479 599 795 599 598
6480 600 796 600 599
6481 601 797 601 600
6482 602 798 602 601
6483 603 799 603 602
6484 604 800 604 603
6485 605 801 605 604
6486 606 802 606 605
6487 607 803 607 606
6488 608 804 608 607
6489 609 805 609 608
6490 610 806 610 609
6491 611 807 611 610
6492 612 808 612 611
6493 613 809 613 612
6494 614 810 614 613
6495 615 811 615 614
6496 616 812 616 615
6497 617 813 617 616
6498 618 814 618 617
6499 619 815 619 618
6500 620 816 620 619
6501 621 817 621 620
6502 622 818 622 621
6503 623 819 623 622
6504 624 820 624 623
6505 625 821 625 624
6506 626 822 626 625
6507 627 823 627 626
6508 628 824 628 627
6509 629 825 629 628
6510 630 826 630 629
6511 631 827 631 630
6512 632 828 632 631
6513 633 829 633 632
6514 634 830 634 633
6515 635 831 635 634
6516 636 832 636 635
6517 637 833 637 636
6518 638 834 638 637
6519 639 835 639 638
6520 640 836 640 639
6521 641 837 641 640
6522 642 838 642 641
6523 643 839 643 642
6524 644 840 644 643
6525 645 841 645 644
6526 646 842 646 645
6527 647 843 647 646
6528 648 844 648 647
6529 649 845 649 648
6530 650 846 650 649
6531 651 847 651 650
6532 652 848 652 651
6533 653 849 653 652
6534 654 850 654 653
6535 655 851 655 654
6536 656 852 656 655
6537 657 853 657 656
6538 658 854 658 657
6539 659 855 659 658
6540 660 856 660 659
6541 661 857 661 660
6542 662 858 662 661
6543 663 859 663 662
6544 664 860 664 663
6545 665 861 665 664
6546 666 862 666 665
6547 667 863 667 666
6548 668 864 668 667
6549 669 865 669 668
6550 670 866 670 669
6551 671 867 671 670
6552 672 868 672 671
6553 673 869 673 672
6554 674 870 674 673
6555 675 871 675 674
6556 676 872 676 675
6557 677 873 677 676
6558 678 874 678 677
6559 679 875 679 678
6560 680 876 680 679
6561 681 877 681 680
6562 682 878 682 681
6563 683 879 683 682
6564 684 880 684 683
6565 685 881 685 684
6566 686 882 686 685
6567 687 883 687 686
6568 688 884 688 687
6569 689 885 689 688
6570 690 886 690 689
6571 691 887 691 690
6572 692 888 692 691
6573 693 889 693 692
6574 694 890 694 693
6575 695 891 695 694
6576 696 892 696 695
6577 697 893 697 696
6578 698 894 698 697
6579 699 895 699 698
6580 700 896 700 699
6581 701 897 701 700
6582 702 898 702 701
6583 703 899 703 702
6584 704 900 704 703
6585 705 901 705 704
6586 706 902 706 705
6587 707 903 707 706
6588 708 904 708 707
6589 709 905 709 708
6590 710 906 710 709
6591 711 907 711 710
6592 712 908 712 711
6593 713 909 713 712
6594 714 910 714 713
6595 715 911 715 714
6596 716 912 716 715
6597 717 913 717 716
6598 718 914 718 717
6599 719 915 719 718
6600 720 916 720 719
6601 721 917 721 720
6602 722 918 722 721
6603 723 919 723 722
6604 724 920 724 723
6605 725 921 725 724
6606 726 922 726 725
6607 727 923 727 726
6608 728 924 728 727
6609 729 925 729 728
6610 730 926 730 729
6611 731 927 731 730
6612 732 928 732 731
6613 733 929 733 732
6614 734 930 734 733
6615 735 931 735 734
6616 736 932 736 735
6617 737 933 737 736
6618 738 934 738 737
6619 739 935 739 738
6620 740 936 740 739
6621 741 937 741 740
6622 742 938 742 741
6623 743 939 743 742
6624 744 940 744 743
6625 745 941 745 744
6626 746 942 746 745
6627 747 943 747 746
6628 748 944 748 747
6629 749 945 749 748
6630 750 946 750 749
6631 751 947 751 750
6632 752 948 752 751
6633 753 949 753 752
6634 754 950 754 753
6635 755 951 755 754
6636 756 952 756 755
6637 757 953 757 756
6638 758 954 758 757
6639 759 955 759 758
6640 760 956 760 759
6641 761 957 761 760
6642 762 958 762 761
6643 763 959 763 762
6644 764 960 764 763
6645 765 961 765 764
6646 766 962 766 765
6647 767 963 767 766
6648 768 964 768 767
6649 769 965 769 768
6650 770 966 770 769
6651 771 967 771 770
6652 772 968 772 771
6653 773 969 773 772
6654 774 970 774 773
6655 775 971 775 774
6656 776 972 776 775
6657 777 973 777 776
6658 778 974 778 777
6659 779 975 779 778
6660 780 976 780 779
6661 781 977 781 780
6662 782 978 782 781
6663 783 979 783 782
6664 784 980 784 783
6665 785 981 785 980
6666 786 982 786 785
6667 787 983 787 786
6668 788 984 788 787
6669 789 985 789 788
6670 790 986 790 789
6671 791 987 791 790
6672 792 988 792 791
6673 793 989 793 792
6674 794 990 794 793
6675 795 991 795 794
6676 796 992 796 795
6677 797 993 797 796
6678 798 994 798 797
6679 799 995 799 798
6680 800 996 800 799
6681 801 997 801 800
6682 802 998 802 801
6683 803 999 803 802
6684 804 1000 804 803
6685 805 1001 805 804
6686 806 1002 806 805
6687 807 1003 807 806
6688 808 1004 808 807
6689 809 1005 809 808
6690 810 1006 810 809
6691 811 1007 811 810
6692 812 1008 812 811
6693 813 1009 813 812
6694 814 1010 814 813
6695 815 1011 815 814
6696 816 1012 816 815
6697 817 1013 817 816
6698 818 1014 818 817
6699 819 1015 819 818
6700 820 1016 820 819
6701 821 1017 821 820
6702 822 1018 822 821
6703 823 1019 823 822
6704 824 1020 824 823
6705 825 1021 825 824
6706 826 1022 826 825
6707 827 1023 827 826
6708 828 1024 828 827
6709 829 1025 829 828
6710 830 1026 830 829
6711 831 1027 831 830
6712 832 1028 832 831
6713 833 1029 833 832
6714 834 1030 834 833
6715 835 1031 835 834
6716 836 1032 836 835
6717 837 1033 837 836
6718 838 1034 838 837
6719 839 1035 839 838
6720 840 1036 840 839
6721 841 1037 841 840
6722 842 1038 842 841
6723 843 1039 843 842
6724 844 1040 844 843
6725 845 1041 845 844
6726 846 1042 846 845
6727 847 1043 847 846
6728 848 1044 848 847
6729 849 1045 849 848
6730 850 1046 850 849
6731 851 1047 851 850
6732 852 1048 852 851
6733 853 1049 853 852
6734 854 1050 854 853
6735 855 1051 855 854
6736 856 1052 856 855
6737 857 1053 857 856
6738 858 1054 858 857
6739 859 1055 859 858
6740 860 1056 860 859
6741 861 1057 861 860
6742 862 1058 862 861
6743 863 1059 863 862
6744 864 1060 864 863
6745 865 1061 865 864
6746 866 1062 866 865
6747 867 1063 867 866
6748 868 1064 868 867
6749 869 1065 869 868
6750 870 1066 870 869
6751 871 1067 871 870
6752 872 1068 872 871
6753 873 1069 873 872
6754 874 1070 874 873
6755 875 1071 875 874
6756 876 1072 876 875
6757 877 1073 877 876
6758 878 1074 878 877
6759 879 1075 879 878
6760 880 1076 880 879
6761 881 1077 881 880
6762 882 1078 882 881
6763 883 1079 883 882
6764 884 1080 884 883
6765 885 1081 885 884
6766 886 1082 886 885
6767 887 1083 887 886
6768 888 1084 888 887
6769 889 1085 889 888
6770 890 1086 890 889
6771 891 1087 891 890
6772 892 1088 892 891
6773 893 1089 893 892
6774 894 1090 894 893
6775 895 1091 895 894
6776 896 1092 896 895
6777 897 1093 897 896
6778 898 1094 898 897
6779 899 1095 899 898
6780 900 1096 900 899
6781 901 1097 901 900
6782 902 1098 902 901
6783 903 1099 903 902
6784 904 1100 904 903
6785 905 1101 905 904
6786 906 1102 906 905
6787 907 1103 907 906
6788 908 1104 908 907
6789 909 1105 909 908
6790 910 1106 910 909
6791 911 1107 911 910
6792 912 1108 912 911
6793 913 1109 913 912
6794 914 1110 914 913
6795 915 1111 915 914
6796 916 1112 916 915
6797 917 1113 917 916
6798 918 1114 918 917
6799 919 1115 919 918
6800 920 1116 920 919
6801 921 1117 921 920
6802 922 1118 922 921
6803 923 1119 923 922
6804 924 1120 924 923
6805 925 1121 925 924
6806 926 1122 926 925
6807 927 1123 927 926
6808 928 1124 928 927
6809 929 1125 929 928
6810 930 1126 930 929
6811 931 1127 931 930
6812 932 1128 932 931
6813 933 1129 933 932
6814 934 1130 934 933
6815 935 1131 935 934
6816 936 1132 936 935
6817 937 1133 937 936
6818 938 1134 938 937
6819 939 1135 939 938
6820 940 1136 940 939
6821 941 1137 941 940
6822 942 1138 942 941
6823 943 1139 943 942
6824 944 1140 944 943
6825 945 1141 945 944
6826 946 1142 946 945
6827 947 1143 947 946
6828 948 1144 948 947
6829 949 1145 949 948
6830 950 1146 950 949
6831 951 1147 951 950
6832 952 1148 952 951
6833 953 1149 953 952
6834 954 1150 954 953
6835 955 1151 955 954
6836 956 1152 956 955
6837 957 1153 957 956
6838 958 1154 958 957
6839 959 1155 959 958
6840 960 1156 960 959
6841 961 1157 961 960
6842 962 1158 962 961
6843 963 1159 963 962
6844 964 1160 964 963
6845 965 1161 965 964
6846 966 1162 966 965
6847 967 1163 967 966
6848 968 1164 968 967
6849 969 1165 969 968
6850 970 1166 970 969
6851 971 1167 971 970
6852 972 1168 972 971
6853 973 1169 973 972
6854 974 1170 974 973
6855 975 1171 975 974
6856 976 1172 976 975
6857 977 1173 977 976
6858 978 1174 978 977
6859 979 1175 979 978
6860 980 1176 980 979
6861 981 1177 981 1176
6862 982 1178 982 981
6863 983 1179 983 982
6864 984 1180 984 983
6865 985 1181 985 984
6866 986 1182 986 985
6867 987 1183 987 986
6868 988 1184 988 987
6869 989 1185 989 988
6870 990 1186 990 989
6871 991 1187 991 990
6872 992 1188 992 991
6873 993 1189 993 992
6874 994 1190 994 993
6875 995 1191 995 994
6876 996 1192 996 995
6877 997 1193 997 996
6878 998 1194 998 997
6879 999 1195 999 998
6880 1000 1196 1000 999
6881 1001 1197 1001 1000
6882 1002 1198 1002 1001
6883 1003 1199 1003 1002
6884 1004 1200 1004 1003
6885 1005 1201 1005 1004
6886 1006 1202 1006 1005
6887 1007 1203 1007 1006
6888 1008 1204 1008 1007
6889 1009 1205 1009 1008
6890 1010 1206 1010 1009
6891 1011 1207 1011 1010
6892 1012 1208 1012 1011
6893 1013 1209 1013 1012
6894 1014 1210 1014 1013
6895 1015 1211 1015 1014
6896 1016 1212 1016 1015
6897 1017 1213 1017 1016
6898 1018 1214 1018 1017
6899 1019 1215 1019 1018
6900 1020 1216 1020 1019
6901 1021 1217 1021 1020
6902 1022 1218 1022 1021
6903 1023 1219 1023 1022
6904 1024 1220 1024 1023
6905 1025 1221 1025 1024
6906 1026 1222 1026 1025
6907 1027 1223 1027 1026
6908 1028 1224 1028 1027
6909 1029 1225 1029 1028
6910 1030 1226 1030 1029
6911 1031 1227 1031 1030
6912 1032 1228 1032 1031
6913 1033 1229 1033 1032
6914 1034 1230 1034 1033
6915 1035 1231 1035 1034
6916 1036 1232 1036 1035
6917 1037 1233 1037 1036
6918 1038 1234 1038 1037
6919 1039 1235 1039 1038
6920 1040 1236 1040 1039
6921 1041 1237 1041 1040
6922 1042 1238 1042 1041
6923 1043 1239 1043 1042
6924 1044 1240 1044 1043
6925 1045 1241 1045 1044
6926 1046 1242 1046 1045
6927 1047 1243 1047 1046
6928 1048 1244 1048 1047
6929 1049 1245 1049 1048
6930 1050 1246 1050 1049
6931 1051 1247 1051 1050
6932 1052 1248 1052 1051
6933 1053 1249 1053 1052
6934 1054 1250 1054 1053
6935 1055 1251 1055 1054
6936 1056 1252 1056 1055
6937 1057 1253 1057 1056
6938 1058 1254 1058 1057
6939 1059 1255 1059 1058
6940 1060 1256 1060 1059
6941 1061 1257 1061 1060
6942 1062 1258 1062 1061
6943 1063 1259 1063 1062
6944 1064 1260 1064 1063
6945 1065 1261 1065 1064
6946 1066 1262 1066 1065
6947 1067 1263 1067 1066
6948 1068 1264 1068 1067
6949 1069 1265 1069 1068
6950 1070 1266 1070 1069
6951 1071 1267 1071 1070
6952 1072 1268 1072 1071
6953 1073 1269 1073 1072
6954 1074 1270 1074 1073
6955 1075 1271 1075 1074
6956 1076 1272 1076 1075
6957 1077 1273 1077 1076
6958 1078 1274 1078 1077
6959 1079 1275 1079 1078
6960 1080 1276 1080 1079
6961 1081 1277 1081 1080
6962 1082 1278 1082 1081
6963 1083 1279 1083 1082
6964 1084 1280 1084 1083
6965 1085 1281 1085 1084
6966 1086 1282 1086 1085
6967 1087 1283 1087 1086
6968 1088 1284 1088 1087
6969 1089 1285 1089 1088
6970 1090 1286 1090 1089
6971 1091 1287 1091 1090
6972 1092 1288 1092 1091
6973 1093 1289 1093 1092
6974 1094 1290 1094 1093
6975 1095 1291 1095 1094
6976 1096 1292 1096 1095
6977 1097 1293 1097 1096
6978 1098 1294 1098 1097
6979 1099 1295 1099 1098
6980 1100 1296 1100 1099
6981 1101 1297 1101 1100
6982 1102 1298 1102 1101
6983 1103 1299 1103 1102
6984 1104 1300 1104 1103
6985 1105 1301 1105 1104
6986 1106 1302 1106 1105
6987 1107 1303 1107 1106
6988 1108 1304 1108 1107
6989 1109 1305 1109 1108
6990 1110 1306 1110 1109
6991 1111 1307 1111 1110
6992 1112 1308 1112 1111
6993 1113 1309 1113 1112
6994 1114 1310 1114 1113
6995 1115 1311 1115 1114
6996 1116 1312 1116 1115
6997 1117 1313 1117 1116
6998 1118 1314 1118 1117
6999 1119 1315 1119 1118
7000 1120 1316 1120 1119
7001 1121 1317 1121 1120
7002 1122 1318 1122 1121
7003 1123 1319 1123 1122
7004 1124 1320 1124 1123
7005 1125 1321 1125 1124
7006 1126 1322 1126 1125
7007 1127 1323 1127 1126
7008 1128 1324 1128 1127
7009 1129 1325 1129 1128
7010 1130 1326 1130 1129
7011 1131 1327 1131 1130
7012 1132 1328 1132 1131
7013 1133 1329 1133 1132
7014 1134 1330 1134 1133
7015 1135 1331 1135 1134
7016 1136 1332 1136 1135
7017 1137 1333 1137 1136
7018 1138 1334 1138 1137
7019 1139 1335 1139 1138
7020 1140 1336 1140 1139
7021 1141 1337 1141 1140
7022 1142 1338 1142 1141
7023 1143 1339 1143 1142
7024 1144 1340 1144 1143
7025 1145 1341 1145 1144
7026 1146 1342 1146 1145
7027 1147 1343 1147 1146
7028 1148 1344 1148 1147
7029 1149 1345 1149 1148
7030 1150 1346 1150 1149
7031 1151 1347 1151 1150
7032 1152 1348 1152 1151
7033 1153 1349 1153 1152
7034 1154 1350 1154 1153
7035 1155 1351 1155 1154
7036 1156 1352 1156 1155
7037 1157 1353 1157 1156
7038 1158 1354 1158 1157
7039 1159 1355 1159 1158
7040 1160 1356 1160 1159
7041 1161 1357 1161 1160
7042 1162 1358 1162 1161
7043 1163 1359 1163 1162
7044 1164 1360 1164 1163
7045 1165 1361 1165 1164
7046 1166 1362 1166 1165
7047 1167 1363 1167 1166
7048 1168 1364 1168 1167
7049 1169 1365 1169 1168
7050 1170 1366 1170 1169
7051 1171 1367 1171 1170
7052 1172 1368 1172 1171
7053 1173 1369 1173 1172
7054 1174 1370 1174 1173
7055 1175 1371 1175 1174
7056 1176 1372 1176 1175
7057 1177 1373 1177 1372
7058 1178 1374 1178 1177
7059 1179 1375 1179 1178
7060 1180 1376 1180 1179
7061 1181 1377 1181 1180
7062 1182 1378 1182 1181
7063 1183 1379 1183 1182
7064 1184 1380 1184 1183
7065 1185 1381 1185 1184
7066 1186 1382 1186 1185
7067 1187 1383 1187 1186
7068 1188 1384 1188 1187
7069 1189 1385 1189 1188
7070 1190 1386 1190 1189
7071 1191 1387 1191 1190
7072 1192 1388 1192 1191
7073 1193 1389 1193 1192
7074 1194 1390 1194 1193
7075 1195 1391 1195 1194
7076 1196 1392 1196 1195
7077 1197 1393 1197 1196
7078 1198 1394 1198 1197
7079 1199 1395 1199 1198
7080 1200 1396 1200 1199
7081 1201 1397 1201 1200
7082 1202 1398 1202 1201
7083 1203 1399 1203 1202
7084 1204 1400 1204 1203
7085 1205 1401 1205 1204
7086 1206 1402 1206 1205
7087 1207 1403 1207 1206
7088 1208 1404 1208 1207
7089 1209 1405 1209 1208
7090 1210 1406 1210 1209
7091 1211 1407 1211 1210
7092 1212 1408 1212 1211
7093 1213 1409 1213 1212
7094 1214 1410 1214 1213
7095 1215 1411 1215 1214
7096 1216 1412 1216 1215
7097 1217 1413 1217 1216
7098 1218 1414 1218 1217
7099 1219 1415 1219 1218
7100 1220 1416 1220 1219
7101 1221 1417 1221 1220
7102 1222 1418 1222 1221
7103 1223 1419 1223 1222
7104 1224 1420 1224 1223
7105 1225 1421 1225 1224
7106 1226 1422 1226 1225
7107 1227 1423 1227 1226
7108 1228 1424 1228 1227
7109 1229 1425 1229 1228
7110 1230 1426 1230 1229
7111 1231 1427 1231 1230
7112 1232 1428 1232 1231
7113 1233 1429 1233 1232
7114 1234 1430 1234 1233
7115 1235 1431 1235 1234
7116 1236 1432 1236 1235
7117 1237 1433 1237 1236
7118 1238 1434 1238 1237
7119 1239 1435 1239 1238
7120 1240 1436 1240 1239
7121 1241 1437 1241 1240
7122 1242 1438 1242 1241
7123 1243 1439 1243 1242
7124 1244 1440 1244 1243
7125 1245 1441 1245 1244
7126 1246 1442 1246 1245
7127 1247 1443 1247 1246
7128 1248 1444 1248 1247
7129 1249 1445 1249 1248
7130 1250 1446 1250 1249
7131 1251 1447 1251 1250
7132 1252 1448 1252 1251
7133 1253 1449 1253 1252
7134 1254 1450 1254 1253
7135 1255 1451 1255 1254
7136 1256 1452 1256 1255
7137 1257 1453 1257 1256
7138 1258 1454 1258 1257
7139 1259 1455 1259 1258
7140 1260 1456 1260 1259
7141 1261 1457 1261 1260
7142 1262 1458 1262 1261
7143 1263 1459 1263 1262
7144 1264 1460 1264 1263
7145 1265 1461 1265 1264
7146 1266 1462 1266 1265
7147 1267 1463 1267 1266
7148 1268 1464 1268 1267
7149 1269 1465 1269 1268
7150 1270 1466 1270 1269
7151 1271 1467 1271 1270
7152 1272 1468 1272 1271
7153 1273 1469 1273 1272
7154 1274 1470 1274 1273
7155 1275 1471 1275 1274
7156 1276 1472 1276 1275
7157 1277 1473 1277 1276
7158 1278 1474 1278 1277
7159 1279 1475 1279 1278
7160 1280 1476 1280 1279
7161 1281 1477 1281 1280
7162 1282 1478 1282 1281
7163 1283 1479 1283 1282
7164 1284 1480 1284 1283
7165 1285 1481 1285 1284
7166 1286 1482 1286 1285
7167 1287 1483 1287 1286
7168 1288 1484 1288 1287
7169 1289 1485 1289 1288
7170 1290 1486 1290 1289
7171 1291 1487 1291 1290
7172 1292 1488 1292 1291
7173 1293 1489 1293 1292
7174 1294 1490 1294 1293
7175 1295 1491 1295 1294
7176 1296 1492 1296 1295
7177 1297 1493 1297 1296
7178 1298 1494 1298 1297
7179 1299 1495 1299 1298
7180 1300 1496 1300 1299
7181 1301 1497 1301 1300
7182 1302 1498 1302 1301
7183 1303 1499 1303 1302
7184 1304 1500 1304 1303
7185 1305 1501 1305 1304
7186 1306 1502 1306 1305
7187 1307 1503 1307 1306
7188 1308 1504 1308 1307
7189 1309 1505 1309 1308
7190 1310 1506 1310 1309
7191 1311 1507 1311 1310
7192 1312 1508 1312 1311
7193 1313 1509 1313 1312
7194 1314 1510 1314 1313
7195 1315 1511 1315 1314
7196 1316 1512 1316 1315
7197 1317 1513 1317 1316
7198 1318 1514 1318 1317
7199 1319 1515 1319 1318
7200 1320 1516 1320 1319
7201 1321 1517 1321 1320
7202 1322 1518 1322 1321
7203 1323 1519 1323 1322
7204 1324 1520 1324 1323
7205 1325 1521 1325 1324
7206 1326 1522 1326 1325
7207 1327 1523 1327 1326
7208 1328 1524 1328 1327
7209 1329 1525 1329 1328
7210 1330 1526 1330 1329
7211 1331 1527 1331 1330
7212 1332 1528 1332 1331
7213 1333 1529 1333 1332
7214 1334 1530 1334 1333
7215 1335 1531 1335 1334
7216 1336 1532 1336 1335
7217 1337 1533 1337 1336
7218 1338 1534 1338 1337
7219 1339 1535 1339 1338
7220 1340 1536 1340 1339
7221 1341 1537 1341 1340
7222 1342 1538 1342 1341
7223 1343 1539 1343 1342
7224 1344 1540 1344 1343
7225 1345 1541 1345 1344
7226 1346 1542 1346 1345
7227 1347 1543 1347 1346
7228 1348 1544 1348 1347
7229 1349 1545 1349 1348
7230 1350 1546 1350 1349
7231 1351 1547 1351 1350
7232 1352 1548 1352 1351
7233 1353 1549 1353 1352
7234 1354 1550 1354 1353
7235 1355 1551 1355 1354
7236 1356 1552 1356 1355
7237 1357 1553 1357 1356
7238 1358 1554 1358 1357
7239 1359 1555 1359 1358
7240 1360 1556 1360 1359
7241 1361 1557 1361 1360
7242 1362 1558 1362 1361
7243 1363 1559 1363 1362
7244 1364 1560 1364 1363
7245 1365 1561 1365 1364
7246 1366 1562 1366 1365
7247 1367 1563 1367 1366
7248 1368 1564 1368 1367
7249 1369 1565 1369 1368
7250 1370 1566 1370 1369
7251 1371 1567 1371 1370
7252 1372 1568 1372 1371
7253 1373 1569 1373 1568
7254 1374 1570 1374 1373
7255 1375 1571 1375 1374
7256 1376 1572 1376 1375
7257 1377 1573 1377 1376
7258 1378 1574 1378 1377
7259 1379 1575 1379 1378
7260 1380 1576 1380 1379
7261 1381 1577 1381 1380
7262 1382 1578 1382 1381
7263 1383 1579 1383 1382
7264 1384 1580 1384 1383
7265 1385 1581 1385 1384
7266 1386 1582 1386 1385
7267 1387 1583 1387 1386
7268 1388 1584 1388 1387
7269 1389 1585 1389 1388
7270 1390 1586 1390 1389
7271 1391 1587 1391 1390
7272 1392 1588 1392 1391
7273 1393 1589 1393 1392
7274 1394 1590 1394 1393
7275 1395 1591 1395 1394
7276 1396 1592 1396 1395
7277 1397 1593 1397 1396
7278 1398 1594 1398 1397
7279 1399 1595 1399 1398
7280 1400 1596 1400 1399
7281 1401 1597 1401 1400
7282 1402 1598 1402 1401
7283 1403 1599 1403 1402
7284 1404 1600 1404 1403
7285 1405 1601 1405 1404
7286 1406 1602 1406 1405
7287 1407 1603 1407 1406
7288 1408 1604 1408 1407
7289 1409 1605 1409 1408
7290 1410 1606 1410 1409
7291 1411 1607 1411 1410
7292 1412 1608 1412 1411
7293 1413 1609 1413 1412
7294 1414 1610 1414 1413
7295 1415 1611 1415 1414
7296 1416 1612 1416 1415
7297 1417 1613 1417 1416
7298 1418 1614 1418 1417
7299 1419 1615 1419 1418
7300 1420 1616 1420 1419
7301 1421 1617 1421 1420
7302 1422 1618 1422 1421
7303 1423 1619 1423 1422
7304 1424 1620 1424 1423
7305 1425 1621 1425 1424
7306 1426 1622 1426 1425
7307 1427 1623 1427 1426
7308 1428 1624 1428 1427
7309 1429 1625 1429 1428
7310 1430 1626 1430 1429
7311 1431 1627 1431 1430
7312 1432 1628 1432 1431
7313 1433 1629 1433 1432
7314 1434 1630 1434 1433
7315 1435 1631 1435 1434
7316 1436 1632 1436 1435
7317 1437 1633 1437 1436
7318 1438 1634 1438 1437
7319 1439 1635 1439 1438
7320 1440 1636 1440 1439
7321 1441 1637 1441 1440
7322 1442 1638 1442 1441
7323 1443 1639 1443 1442
7324 1444 1640 1444 1443
7325 1445 1641 1445 1444
7326 1446 1642 1446 1445
7327 1447 1643 1447 1446
7328 1448 1644 1448 1447
7329 1449 1645 1449 1448
7330 1450 1646 1450 1449
7331 1451 1647 1451 1450
7332 1452 1648 1452 1451
7333 1453 1649 1453 1452
7334 1454 1650 1454 1453
7335 1455 1651 1455 1454
7336 1456 1652 1456 1455
7337 1457 1653 1457 1456
7338 1458 1654 1458 1457
7339 1459 1655 1459 1458
7340 1460 1656 1460 1459
7341 1461 1657 1461 1460
7342 1462 1658 1462 1461
7343 1463 1659 1463 1462
7344 1464 1660 1464 1463
7345 1465 1661 1465 1464
7346 1466 1662 1466 1465
7347 1467 1663 1467 1466
7348 1468 1664 1468 1467
7349 1469 1665 1469 1468
7350 1470 1666 1470 1469
7351 1471 1667 1471 1470
7352 1472 1668 1472 1471
7353 1473 1669 1473 1472
7354 1474 1670 1474 1473
7355 1475 1671 1475 1474
7356 1476 1672 1476 1475
7357 1477 1673 1477 1476
7358 1478 1674 1478 1477
7359 1479 1675 1479 1478
7360 1480 1676 1480 1479
7361 1481 1677 1481 1480
7362 1482 1678 1482 1481
7363 1483 1679 1483 1482
7364 1484 1680 1484 1483
7365 1485 1681 1485 1484
7366 1486 1682 1486 1485
7367 1487 1683 1487 1486
7368 1488 1684 1488 1487
7369 1489 1685 1489 1488
7370 1490 1686 1490 1489
7371 1491 1687 1491 1490
7372 1492 1688 1492 1491
7373 1493 1689 1493 1492
7374 1494 1690 1494 1493
7375 1495 1691 1495 1494
7376 1496 1692 1496 1495
7377 1497 1693 1497 1496
7378 1498 1694 1498 1497
7379 1499 1695 1499 1498
7380 1500 1696 1500 1499
7381 1501 1697 1501 1500
7382 1502 1698 1502 1501
7383 1503 1699 1503 1502
7384 1504 1700 1504 1503
7385 1505 1701 1505 1504
7386 1506 1702 1506 1505
7387 1507 1703 1507 1506
7388 1508 1704 1508 1507
7389 1509 1705 1509 1508
7390 1510 1706 1510 1509
7391 1511 1707 1511 1510
7392 1512 1708 1512 1511
7393 1513 1709 1513 1512
7394 1514 1710 1514 1513
7395 1515 1711 1515 1514
7396 1516 1712 1516 1515
7397 1517 1713 1517 1516
7398 1518 1714 1518 1517
7399 1519 1715 1519 1518
7400 1520 1716 1520 1519
7401 1521 1717 1521 1520
7402 1522 1718 1522 1521
7403 1523 1719 1523 1522
7404 1524 1720 1524 1523
7405 1525 1721 1525 1524
7406 1526 1722 1526 1525
7407 1527 1723 1527 1526
7408 1528 1724 1528 1527
7409 1529 1725 1529 1528
7410 1530 1726 1530 1529
7411 1531 1727 1531 1530
7412 1532 1728 1532 1531
7413 1533 1729 1533 1532
7414 1534 1730 1534 1533
7415 1535 1731 1535 1534
7416 1536 1732 1536 1535
7417 1537 1733 1537 1536
7418 1538 1734 1538 1537
7419 1539 1735 1539 1538
7420 1540 1736 1540 1539
7421 1541 1737 1541 1540
7422 1542 1738 1542 1541
7423 1543 1739 1543 1542
7424 1544 1740 1544 1543
7425 1545 1741 1545 1544
7426 1546 1742 1546 1545
7427 1547 1743 1547 1546
7428 1548 1744 1548 1547
7429 1549 1745 1549 1548
7430 1550 1746 1550 1549
7431 1551 1747 1551 1550
7432 1552 1748 1552 1551
7433 1553 1749 1553 1552
7434 1554 1750 1554 1553
7435 1555 1751 1555 1554
7436 1556 1752 1556 1555
7437 1557 1753 1557 1556
7438 1558 1754 1558 1557
7439 1559 1755 1559 1558
7440 1560 1756 1560 1559
7441 1561 1757 1561 1560
7442 1562 1758 1562 1561
7443 1563 1759 1563 1562
7444 1564 1760 1564 1563
7445 1565 1761 1565 1564
7446 1566 1762 1566 1565
7447 1567 1763 1567 1566
7448 1568 1764 1568 1567
7449 1569 1765 1569 1764
7450 1570 1766 1570 1569
7451 1571 1767 1571 1570
7452 1572 1768 1572 1571
7453 1573 1769 1573 1572
7454 1574 1770 1574 1573
7455 1575 1771 1575 1574
7456 1576 1772 1576 1575
7457 1577 1773 1577 1576
7458 1578 1774 1578 1577
7459 1579 1775 1579 1578
7460 1580 1776 1580 1579
7461 1581 1777 1581 1580
7462 1582 1778 1582 1581
7463 1583 1779 1583 1582
7464 1584 1780 1584 1583
7465 1585 1781 1585 1584
7466 1586 1782 1586 1585
7467 1587 1783 1587 1586
7468 1588 1784 1588 1587
7469 1589 1785 1589 1588
7470 1590 1786 1590 1589
7471 1591 1787 1591 1590
7472 1592 1788 1592 1591
7473 1593 1789 1593 1592
7474 1594 1790 1594 1593
7475 1595 1791 1595 1594
7476 1596 1792 1596 1595
7477 1597 1793 1597 1596
7478 1598 1794 1598 1597
7479 1599 1795 1599 1598
7480 1600 1796 1600 1599
7481 1601 1797 1601 1600
7482 1602 1798 1602 1601
7483 1603 1799 1603 1602
7484 1604 1800 1604 1603
7485 1605 1801 1605 1604
7486 1606 1802 1606 1605
7487 1607 1803 1607 1606
7488 1608 1804 1608 1607
7489 1609 1805 1609 1608
7490 1610 1806 1610 1609
7491 1611 1807 1611 1610
7492 1612 1808 1612 1611
7493 1613 1809 1613 1612
7494 1614 1810 1614 1613
7495 1615 1811 1615 1614
7496 1616 1812 1616 1615
7497 1617 1813 1617 1616
7498 1618 1814 1618 1617
7499 1619 1815 1619 1618
7500 1620 1816 1620 1619
7501 1621 1817 1621 1620
7502 1622 1818 1622 1621
7503 1623 1819 1623 1622
7504 1624 1820 1624 1623
7505 1625 1821 1625 1624
7506 1626 1822 1626 1625
7507 1627 1823 1627 1626
7508 1628 1824 1628 1627
7509 1629 1825 1629 1628
7510 1630 1826 1630 1629
7511 1631 1827 1631 1630
7512 1632 1828 1632 1631
7513 1633 1829 1633 1632
7514 1634 1830 1634 1633
7515 1635 1831 1635 1634
7516 1636 1832 1636 1635
7517 1637 1833 1637 1636
7518 1638 1834 1638 1637
7519 1639 1835 1639 1638
7520 1640 1836 1640 1639
7521 1641 1837 1641 1640
7522 1642 1838 1642 1641
7523 1643 1839 1643 1642
7524 1644 1840 1644 1643
7525 1645 1841 1645 1644
7526 1646 1842 1646 1645
7527 1647 1843 1647 1646
7528 1648 1844 1648 1647
7529 1649 1845 1649 1648
7530 1650 1846 1650 1649
7531 1651 1847 1651 1650
7532 1652 1848 1652 1651
7533 1653 1849 1653 1652
7534 1654 1850 1654 1653
7535 1655 1851 1655 1654
7536 1656 1852 1656 1655
7537 1657 1853 1657 1656
7538 1658 1854 1658 1657
7539 1659 1855 1659 1658
7540 1660 1856 1660 1659
7541 1661 1857 1661 1660
7542 1662 1858 1662 1661
7543 1663 1859 1663 1662
7544 1664 1860 1664 1663
7545 1665 1861 1665 1664
7546 1666 1862 1666 1665
7547 1667 1863 1667 1666
7548 1668 1864 1668 1667
7549 1669 1865 1669 1668
7550 1670 1866 1670 1669
7551 1671 1867 1671 1670
7552 1672 1868 1672 1671
7553 1673 1869 1673 1672
7554 1674 1870 1674 1673
7555 1675 1871 1675 1674
7556 1676 1872 1676 1675
7557 1677 1873 1677 1676
7558 1678 1874 1678 1677
7559 1679 1875 1679 1678
7560 1680 1876 1680 1679
7561 1681 1877 1681 1680
7562 1682 1878 1682 1681
7563 1683 1879 1683 1682
7564 1684 1880 1684 1683
7565 1685 1881 1685 1684
7566 1686 1882 1686 1685
7567 1687 1883 1687 1686
7568 1688 1884 1688 1687
7569 1689 1885 1689 1688
7570 1690 1886 1690 1689
7571 1691 1887 1691 1690
7572 1692 1888 1692 1691
7573 1693 1889 1693 1692
7574 1694 1890 1694 1693
7575 1695 1891 1695 1694
7576 1696 1892 1696 1695
7577 1697 1893 1697 1696
7578 1698 1894 1698 1697
7579 1699 1895 1699 1698
7580 1700 1896 1700 1699
7581 1701 1897 1701 1700
7582 1702 1898 1702 1701
7583 1703 1899 1703 1702
7584 1704 1900 1704 1703
7585 1705 1901 1705 1704
7586 1706 1902 1706 1705
7587 1707 1903 1707 1706
7588 1708 1904 1708 1707
7589 1709 1905 1709 1708
7590 1710 1906 1710 1709
7591 1711 1907 1711 1710
7592 1712 1908 1712 1711
7593 1713 1909 1713 1712
7594 1714 1910 1714 1713
7595 1715 1911 1715 1714
7596 1716 1912 1716 1715
7597 1717 1913 1717 1716
7598 1718 1914 1718 1717
7599 1719 1915 1719 1718
7600 1720 1916 1720 1719
7601 1721 1917 1721 1720
7602 1722 1918 1722 1721
7603 1723 1919 1723 1722
7604 1724 1920 1724 1723
7605 1725 1921 1725 1724
7606 1726 1922 1726 1725
7607 1727 1923 1727 1726
7608 1728 1924 1728 1727
7609 1729 1925 1729 1728
7610 1730 1926 1730 1729
7611 1731 1927 1731 1730
7612 1732 1928 1732 1731
7613 1733 1929 1733 1732
7614 1734 1930 1734 1733
7615 1735 1931 1735 1734
7616 1736 1932 1736 1735
7617 1737 1933 1737 1736
7618 1738 1934 1738 1737
7619 1739 1935 1739 1738
7620 1740 1936 1740 1739
7621 1741 1937 1741 1740
7622 1742 1938 1742 1741
7623 1743 1939 1743 1742
7624 1744 1940 1744 1743
7625 1745 1941 1745 1744
7626 1746 1942 1746 1745
7627 1747 1943 1747 1746
7628 1748 1944 1748 1747
7629 1749 1945 1749 1748
7630 1750 1946 1750 1749
7631 1751 1947 1751 1750
7632 1752 1948 1752 1751
7633 1753 1949 1753 1752
7634 1754 1950 1754 1753
7635 1755 1951 1755 1754
7636 1756 1952 1756 1755
7637 1757 1953 1757 1756
7638 1758 1954 1758 1757
7639 1759 1955 1759 1758
7640 1760 1956 1760 1759
7641 1761 1957 1761 1760
7642 1762 1958 1762 1761
7643 1763 1959 1763 1762
7644 1764 1960 1764 1763
7645 1765 1961 1765 1960
7646 1766 1962 1766 1765
7647 1767 1963 1767 1766
7648 1768 1964 1768 1767
7649 1769 1965 1769 1768
7650 1770 1966 1770 1769
7651 1771 1967 1771 1770
7652 1772 1968 1772 1771
7653 1773 1969 1773 1772
7654 1774 1970 1774 1773
7655 1775 1971 1775 1774
7656 1776 1972 1776 1775
7657 1777 1973 1777 1776
7658 1778 1974 1778 1777
7659 1779 1975 1779 1778
7660 1780 1976 1780 1779
7661 1781 1977 1781 1780
7662 1782 1978 1782 1781
7663 1783 1979 1783 1782
7664 1784 1980 1784 1783
7665 1785 1981 1785 1784
7666 1786 1982 1786 1785
7667 1787 1983 1787 1786
7668 1788 1984 1788 1787
7669 1789 1985 1789 1788
7670 1790 1986 1790 1789
7671 1791 1987 1791 1790
7672 1792 1988 1792 1791
7673 1793 1989 1793 1792
7674 1794 1990 1794 1793
7675 1795 1991 1795 1794
7676 1796 1992 1796 1795
7677 1797 1993 1797 1796
7678 1798 1994 1798 1797
7679 1799 1995 1799 1798
7680 1800 1996 1800 1799
7681 1801 1997 1801 1800
7682 1802 1998 1802 1801
7683 1803 1999 1803 1802
7684 1804 2000 1804 1803
7685 1805 2001 1805 1804
7686 1806 2002 1806 1805
7687 1807 2003 1807 1806
7688 1808 2004 1808 1807
7689 1809 2005 1809 1808
7690 1810 2006 1810 1809
7691 1811 2007 1811 1810
7692 1812 2008 1812 1811
7693 1813 2009 1813 1812
7694 1814 2010 1814 1813
7695 1815 2011 1815 1814
7696 1816 2012 1816 1815
7697 1817 2013 1817 1816
7698 1818 2014 1818 1817
7699 1819 2015 1819 1818
7700 1820 2016 1820 1819
7701 1821 2017 1821 1820
7702 1822 2018 1822 1821
7703 1823 2019 1823 1822
7704 1824 2020 1824 1823
7705 1825 2021 1825 1824
7706 1826 2022 1826 1825
7707 1827 2023 1827 1826
7708 1828 2024 1828 1827
7709 1829 2025 1829 1828
7710 1830 2026 1830 1829
7711 1831 2027 1831 1830
7712 1832 2028 1832 1831
7713 1833 2029 1833 1832
7714 1834 2030 1834 1833
7715 1835 2031 1835 1834
7716 1836 2032 1836 1835
7717 1837 2033 1837 1836
7718 1838 2034 1838 1837
7719 1839 2035 1839 1838
7720 1840 2036 1840 1839
7721 1841 2037 1841 1840
7722 1842 2038 1842 1841
7723 1843 2039 1843 1842
7724 1844 2040 1844 1843
7725 1845 2041 1845 1844
7726 1846 2042 1846 1845
7727 1847 2043 1847 1846
7728 1848 2044 1848 1847
7729 1849 2045 1849 1848
7730 1850 2046 1850 1849
7731 1851 2047 1851 1850
7732 1852 2048 1852 1851
7733 1853 2049 1853 1852
7734 1854 2050 1854 1853
7735 1855 2051 1855 1854
7736 1856 2052 1856 1855
7737 1857 2053 1857 1856
7738 1858 2054 1858 1857
7739 1859 2055 1859 1858
7740 1860 2056 1860 1859
7741 1861 2057 1861 1860
7742 1862 2058 1862 1861
7743 1863 2059 1863 1862
7744 1864 2060 1864 1863
7745 1865 2061 1865 1864
7746 1866 2062 1866 1865
7747 1867 2063 1867 1866
7748 1868 2064 1868 1867
7749 1869 2065 1869 1868
7750 1870 2066 1870 1869
7751 1871 2067 1871 1870
7752 1872 2068 1872 1871
7753 1873 2069 1873 1872
7754 1874 2070 1874 1873
7755 1875 2071 1875 1874
7756 1876 2072 1876 1875
7757 1877 2073 1877 1876
7758 1878 2074 1878 1877
7759 1879 2075 1879 1878
7760 1880 2076 1880 1879
7761 1881 2077 1881 1880
7762 1882 2078 1882 1881
7763 1883 2079 1883 1882
7764 1884 2080 1884 1883
7765 1885 2081 1885 1884
7766 1886 2082 1886 1885
7767 1887 2083 1887 1886
7768 1888 2084 1888 1887
7769 1889 2085 1889 1888
7770 1890 2086 1890 1889
7771 1891 2087 1891 1890
7772 1892 2088 1892 1891
7773 1893 2089 1893 1892
7774 1894 2090 1894 1893
7775 1895 2091 1895 1894
7776 1896 2092 1896 1895
7777 1897 2093 1897 1896
7778 1898 2094 1898 1897
7779 1899 2095 1899 1898
7780 1900 2096 1900 1899
7781 1901 2097 1901 1900
7782 1902 2098 1902 1901
7783 1903 2099 1903 1902
7784 1904 2100 1904 1903
7785 1905 2101 1905 1904
7786 1906 2102 1906 1905
7787 1907 2103 1907 1906
7788 1908 2104 1908 1907
7789 1909 2105 1909 1908
7790 1910 2106 1910 1909
7791 1911 2107 1911 1910
7792 1912 2108 1912 1911
7793 1913 2109 1913 1912
7794 1914 2110 1914 1913
7795 1915 2111 1915 1914
7796 1916 2112 1916 1915
7797 1917 2113 1917 1916
7798 1918 2114 1918 1917
7799 1919 2115 1919 1918
7800 1920 2116 1920 1919
7801 1921 2117 1921 1920
7802 1922 2118 1922 1921
7803 1923 2119 1923 1922
7804 1924 2120 1924 1923
7805 1925 2121 1925 1924
7806 1926 2122 1926 1925
7807 1927 2123 1927 1926
7808 1928 2124 1928 1927
7809 1929 2125 1929 1928
7810 1930 2126 1930 1929
7811 1931 2127 1931 1930
7812 1932 2128 1932 1931
7813 1933 2129 1933 1932
7814 1934 2130 1934 1933
7815 1935 2131 1935 1934
7816 1936 2132 1936 1935
7817 1937 2133 1937 1936
7818 1938 2134 1938 1937
7819 1939 2135 1939 1938
7820 1940 2136 1940 1939
7821 1941 2137 1941 1940
7822 1942 2138 1942 1941
7823 1943 2139 1943 1942
7824 1944 2140 1944 1943
7825 1945 2141 1945 1944
7826 1946 2142 1946 1945
7827 1947 2143 1947 1946
7828 1948 2144 1948 1947
7829 1949 2145 1949 1948
7830 1950 2146 1950 1949
7831 1951 2147 1951 1950
7832 1952 2148 1952 1951
7833 1953 2149 1953 1952
7834 1954 2150 1954 1953
7835 1955 2151 1955 1954
7836 1956 2152 1956 1955
7837 1957 2153 1957 1956
7838 1958 2154 1958 1957
7839 1959 2155 1959 1958
7840 1960 2156 1960 1959
7841 1961 2157 1961 2156
7842 1962 2158 1962 1961
7843 1963 2159 1963 1962
7844 1964 2160 1964 1963
7845 1965 2161 1965 1964
7846 1966 2162 1966 1965
7847 1967 2163 1967 1966
7848 1968 2164 1968 1967
7849 1969 2165 1969 1968
7850 1970 2166 1970 1969
7851 1971 2167 1971 1970
7852 1972 2168 1972 1971
7853 1973 2169 1973 1972
7854 1974 2170 1974 1973
7855 1975 2171 1975 1974
7856 1976 2172 1976 1975
7857 1977 2173 1977 1976
7858 1978 2174 1978 1977
7859 1979 2175 1979 1978
7860 1980 2176 1980 1979
7861 1981 2177 1981 1980
7862 1982 2178 1982 1981
7863 1983 2179 1983 1982
7864 1984 2180 1984 1983
7865 1985 2181 1985 1984
7866 1986 2182 1986 1985
7867 1987 2183 1987 1986
7868 1988 2184 1988 1987
7869 1989 2185 1989 1988
7870 1990 2186 1990 1989
7871 1991 2187 1991 1990
7872 1992 2188 1992 1991
7873 1993 2189 1993 1992
7874 1994 2190 1994 1993
7875 1995 2191 1995 1994
7876 1996 2192 1996 1995
7877 1997 2193 1997 1996
7878 1998 2194 1998 1997
7879 1999 2195 1999 1998
7880 2000 2196 2000 1999
7881 2001 2197 2001 2000
7882 2002 2198 2002 2001
7883 2003 2199 2003 2002
7884 2004 2200 2004 2003
7885 2005 2201 2005 2004
7886 2006 2202 2006 2005
7887 2007 2203 2007 2006
7888 2008 2204 2008 2007
7889 2009 2205 2009 2008
7890 2010 2206 2010 2009
7891 2011 2207 2011 2010
7892 2012 2208 2012 2011
7893 2013 2209 2013 2012
7894 2014 2210 2014 2013
7895 2015 2211 2015 2014
7896 2016 2212 2016 2015
7897 2017 2213 2017 2016
7898 2018 2214 2018 2017
7899 2019 2215 2019 2018
7900 2020 2216 2020 2019
7901 2021 2217 2021 2020
7902 2022 2218 2022 2021
7903 2023 2219 2023 2022
7904 2024 2220 2024 2023
7905 2025 2221 2025 2024
7906 2026 2222 2026 2025
7907 2027 2223 2027 2026
7908 2028 2224 2028 2027
7909 2029 2225 2029 2028
7910 2030 2226 2030 2029
7911 2031 2227 2031 2030
7912 2032 2228 2032 2031
7913 2033 2229 2033 2032
7914 2034 2230 2034 2033
7915 2035 2231 2035 2034
7916 2036 2232 2036 2035
7917 2037 2233 2037 2036
7918 2038 2234 2038 2037
7919 2039 2235 2039 2038
7920 2040 2236 2040 2039
7921 2041 2237 2041 2040
7922 2042 2238 2042 2041
7923 2043 2239 2043 2042
7924 2044 2240 2044 2043
7925 2045 2241 2045 2044
7926 2046 2242 2046 2045
7927 2047 2243 2047 2046
7928 2048 2244 2048 2047
7929 2049 2245 2049 2048
7930 2050 2246 2050 2049
7931 2051 2247 2051 2050
7932 2052 2248 2052 2051
7933 2053 2249 2053 2052
7934 2054 2250 2054 2053
7935 2055 2251 2055 2054
7936 2056 2252 2056 2055
7937 2057 2253 2057 2056
7938 2058 2254 2058 2057
7939 2059 2255 2059 2058
7940 2060 2256 2060 2059
7941 2061 2257 2061 2060
7942 2062 2258 2062 2061
7943 2063 2259 2063 2062
7944 2064 2260 2064 2063
7945 2065 2261 2065 2064
7946 2066 2262 2066 2065
7947 2067 2263 2067 2066
7948 2068 2264 2068 2067
7949 2069 2265 2069 2068
7950 2070 2266 2070 2069
7951 2071 2267 2071 2070
7952 2072 2268 2072 2071
7953 2073 2269 2073 2072
7954 2074 2270 2074 2073
7955 2075 2271 2075 2074
7956 2076 2272 2076 2075
7957 2077 2273 2077 2076
7958 2078 2274 2078 2077
7959 2079 2275 2079 2078
7960 2080 2276 2080 2079
7961 2081 2277 2081 2080
7962 2082 2278 2082 2081
7963 2083 2279 2083 2082
7964 2084 2280 2084 2083
7965 2085 2281 2085 2084
7966 2086 2282 2086 2085
7967 2087 2283 2087 2086
7968 2088 2284 2088 2087
7969 2089 2285 2089 2088
7970 2090 2286 2090 2089
7971 2091 2287 2091 2090
7972 2092 2288 2092 2091
7973 2093 2289 2093 2092
7974 2094 2290 2094 2093
7975 2095 2291 2095 2094
7976 2096 2292 2096 2095
7977 2097 2293 2097 2096
7978 2098 2294 2098 2097
7979 2099 2295 2099 2098
7980 2100 2296 2100 2099
7981 2101 2297 2101 2100
7982 2102 2298 2102 2101
7983 2103 2299 2103 2102
7984 2104 2300 2104 2103
7985 2105 2301 2105 2104
7986 2106 2302 2106 2105
7987 2107 2303 2107 2106
7988 2108 2304 2108 2107
7989 2109 2305 2109 2108
7990 2110 2306 2110 2109
7991 2111 2307 2111 2110
7992 2112 2308 2112 2111
7993 2113 2309 2113 2112
7994 2114 2310 2114 2113
7995 2115 2311 2115 2114
7996 2116 2312 2116 2115
7997 2117 2313 2117 2116
7998 2118 2314 2118 2117
7999 2119 2315 2119 2118
8000 2120 2316 2120 2119
8001 2121 2317 2121 2120
8002 2122 2318 2122 2121
8003 2123 2319 2123 2122
8004 2124 2320 2124 2123
8005 2125 2321 2125 2124
8006 2126 2322 2126 2125
8007 2127 2323 2127 2126
8008 2128 2324 2128 2127
8009 2129 2325 2129 2128
8010 2130 2326 2130 2129
8011 2131 2327 2131 2130
8012 2132 2328 2132 2131
8013 2133 2329 2133 2132
8014 2134 2330 2134 2133
8015 2135 2331 2135 2134
8016 2136 2332 2136 2135
8017 2137 2333 2137 2136
8018 2138 2334 2138 2137
8019 2139 2335 2139 2138
8020 2140 2336 2140 2139
8021 2141 2337 2141 2140
8022 2142 2338 2142 2141
8023 2143 2339 2143 2142
8024 2144 2340 2144 2143
8025 2145 2341 2145 2144
8026 2146 2342 2146 2145
8027 2147 2343 2147 2146
8028 2148 2344 2148 2147
8029 2149 2345 2149 2148
8030 2150 2346 2150 2149
8031 2151 2347 2151 2150
8032 2152 2348 2152 2151
8033 2153 2349 2153 2152
8034 2154 2350 2154 2153
8035 2155 2351 2155 2154
8036 2156 2352 2156 2155
8037 2157 2353 2157 2352
8038 2158 2354 2158 2157
8039 2159 2355 2159 2158
8040 2160 2356 2160 2159
8041 2161 2357 2161 2160
8042 2162 2358 2162 2161
8043 2163 2359 2163 2162
8044 2164 2360 2164 2163
8045 2165 2361 2165 2164
8046 2166 2362 2166 2165
8047 2167 2363 2167 2166
8048 2168 2364 2168 2167
8049 2169 2365 2169 2168
8050 2170 2366 2170 2169
8051 2171 2367 2171 2170
8052 2172 2368 2172 2171
8053 2173 2369 2173 2172
8054 2174 2370 2174 2173
8055 2175 2371 2175 2174
8056 2176 2372 2176 2175
8057 2177 2373 2177 2176
8058 2178 2374 2178 2177
8059 2179 2375 2179 2178
8060 2180 2376 2180 2179
8061 2181 2377 2181 2180
8062 2182 2378 2182 2181
8063 2183 2379 2183 2182
8064 2184 2380 2184 2183
8065 2185 2381 2185 2184
8066 2186 2382 2186 2185
8067 2187 2383 2187 2186
8068 2188 2384 2188 2187
8069 2189 2385 2189 2188
8070 2190 2386 2190 2189
8071 2191 2387 2191 2190
8072 2192 2388 2192 2191
8073 2193 2389 2193 2192
8074 2194 2390 2194 2193
8075 2195 2391 2195 2194
8076 2196 2392 2196 2195
8077 2197 2393 2197 2196
8078 2198 2394 2198 2197
8079 2199 2395 2199 2198
8080 2200 2396 2200 2199
8081 2201 2397 2201 2200
8082 2202 2398 2202 2201
8083 2203 2399 2203 2202
8084 2204 2400 2204 2203
8085 2205 2401 2205 2204
8086 2206 2402 2206 2205
8087 2207 2403 2207 2206
8088 2208 2404 2208 2207
8089 2209 2405 2209 2208
8090 2210 2406 2210 2209
8091 2211 2407 2211 2210
8092 2212 2408 2212 2211
8093 2213 2409 2213 2212
8094 2214 2410 2214 2213
8095 2215 2411 2215 2214
8096 2216 2412 2216 2215
8097 2217 2413 2217 2216
8098 2218 2414 2218 2217
8099 2219 2415 2219 2218
8100 2220 2416 2220 2219
8101 2221 2417 2221 2220
8102 2222 2418 2222 2221
8103 2223 2419 2223 2222
8104 2224 2420 2224 2223
8105 2225 2421 2225 2224
8106 2226 2422 2226 2225
8107 2227 2423 2227 2226
8108 2228 2424 2228 2227
8109 2229 2425 2229 2228
8110 2230 2426 2230 2229
8111 2231 2427 2231 2230
8112 2232 2428 2232 2231
8113 2233 2429 2233 2232
8114 2234 2430 2234 2233
8115 2235 2431 2235 2234
8116 2236 2432 2236 2235
8117 2237 2433 2237 2236
8118 2238 2434 2238 2237
8119 2239 2435 2239 2238
8120 2240 2436 2240 2239
8121 2241 2437 2241 2240
8122 2242 2438 2242 2241
8123 2243 2439 2243 2242
8124 2244 2440 2244 2243
8125 2245 2441 2245 2244
8126 2246 2442 2246 2245
8127 2247 2443 2247 2246
8128 2248 2444 2248 2247
8129 2249 2445 2249 2248
8130 2250 2446 2250 2249
8131 2251 2447 2251 2250
8132 2252 2448 2252 2251
8133 2253 2449 2253 2252
8134 2254 2450 2254 2253
8135 2255 2451 2255 2254
8136 2256 2452 2256 2255
8137 2257 2453 2257 2256
8138 2258 2454 2258 2257
8139 2259 2455 2259 2258
8140 2260 2456 2260 2259
8141 2261 2457 2261 2260
8142 2262 2458 2262 2261
8143 2263 2459 2263 2262
8144 2264 2460 2264 2263
8145 2265 2461 2265 2264
8146 2266 2462 2266 2265
8147 2267 2463 2267 2266
8148 2268 2464 2268 2267
8149 2269 2465 2269 2268
8150 2270 2466 2270 2269
8151 2271 2467 2271 2270
8152 2272 2468 2272 2271
8153 2273 2469 2273 2272
8154 2274 2470 2274 2273
8155 2275 2471 2275 2274
8156 2276 2472 2276 2275
8157 2277 2473 2277 2276
8158 2278 2474 2278 2277
8159 2279 2475 2279 2278
8160 2280 2476 2280 2279
8161 2281 2477 2281 2280
8162 2282 2478 2282 2281
8163 2283 2479 2283 2282
8164 2284 2480 2284 2283
8165 2285 2481 2285 2284
8166 2286 2482 2286 2285
8167 2287 2483 2287 2286
8168 2288 2484 2288 2287
8169 2289 2485 2289 2288
8170 2290 2486 2290 2289
8171 2291 2487 2291 2290
8172 2292 2488 2292 2291
8173 2293 2489 2293 2292
8174 2294 2490 2294 2293
8175 2295 2491 2295 2294
8176 2296 2492 2296 2295
8177 2297 2493 2297 2296
8178 2298 2494 2298 2297
8179 2299 2495 2299 2298
8180 2300 2496 2300 2299
8181 2301 2497 2301 2300
8182 2302 2498 2302 2301
8183 2303 2499 2303 2302
8184 2304 2500 2304 2303
8185 2305 2501 2305 2304
8186 2306 2502 2306 2305
8187 2307 2503 2307 2306
8188 2308 2504 2308 2307
8189 2309 2505 2309 2308
8190 2310 2506 2310 2309
8191 2311 2507 2311 2310
8192 2312 2508 2312 2311
8193 2313 2509 2313 2312
8194 2314 2510 2314 2313
8195 2315 2511 2315 2314
8196 2316 2512 2316 2315
8197 2317 2513 2317 2316
8198 2318 2514 2318 2317
8199 2319 2515 2319 2318
8200 2320 2516 2320 2319
8201 2321 2517 2321 2320
8202 2322 2518 2322 2321
8203 2323 2519 2323 2322
8204 2324 2520 2324 2323
8205 2325 2521 2325 2324
8206 2326 2522 2326 2325
8207 2327 2523 2327 2326
8208 2328 2524 2328 2327
8209 2329 2525 2329 2328
8210 2330 2526 2330 2329
8211 2331 2527 2331 2330
8212 2332 2528 2332 2331
8213 2333 2529 2333 2332
8214 2334 2530 2334 2333
8215 2335 2531 2335 2334
8216 2336 2532 2336 2335
8217 2337 2533 2337 2336
8218 2338 2534 2338 2337
8219 2339 2535 2339 2338
8220 2340 2536 2340 2339
8221 2341 2537 2341 2340
8222 2342 2538 2342 2341
8223 2343 2539 2343 2342
8224 2344 2540 2344 2343
8225 2345 2541 2345 2344
8226 2346 2542 2346 2345
8227 2347 2543 2347 2346
8228 2348 2544 2348 2347
8229 2349 2545 2349 2348
8230 2350 2546 2350 2349
8231 2351 2547 2351 2350
8232 2352 2548 2352 2351
8233 2353 2549 2353 2548
8234 2354 2550 2354 2353
8235 2355 2551 2355 2354
8236 2356 2552 2356 2355
8237 2357 2553 2357 2356
8238 2358 2554 2358 2357
8239 2359 2555 2359 2358
8240 2360 2556 2360 2359
8241 2361 2557 2361 2360
8242 2362 2558 2362 2361
8243 2363 2559 2363 2362
8244 2364 2560 2364 2363
8245 2365 2561 2365 2364
8246 2366 2562 2366 2365
8247 2367 2563 2367 2366
8248 2368 2564 2368 2367
8249 2369 2565 2369 2368
8250 2370 2566 2370 2369
8251 2371 2567 2371 2370
8252 2372 2568 2372 2371
8253 2373 2569 2373 2372
8254 2374 2570 2374 2373
8255 2375 2571 2375 2374
8256 2376 2572 2376 2375
8257 2377 2573 2377 2376
8258 2378 2574 2378 2377
8259 2379 2575 2379 2378
8260 2380 2576 2380 2379
8261 2381 2577 2381 2380
8262 2382 2578 2382 2381
8263 2383 2579 2383 2382
8264 2384 2580 2384 2383
8265 2385 2581 2385 2384
8266 2386 2582 2386 2385
8267 2387 2583 2387 2386
8268 2388 2584 2388 2387
8269 2389 2585 2389 2388
8270 2390 2586 2390 2389
8271 2391 2587 2391 2390
8272 2392 2588 2392 2391
8273 2393 2589 2393 2392
8274 2394 2590 2394 2393
8275 2395 2591 2395 2394
8276 2396 2592 2396 2395
8277 2397 2593 2397 2396
8278 2398 2594 2398 2397
8279 2399 2595 2399 2398
8280 2400 2596 2400 2399
8281 2401 2597 2401 2400
8282 2402 2598 2402 2401
8283 2403 2599 2403 2402
8284 2404 2600 2404 2403
8285 2405 2601 2405 2404
8286 2406 2602 2406 2405
8287 2407 2603 2407 2406
8288 2408 2604 2408 2407
8289 2409 2605 2409 2408
8290 2410 2606 2410 2409
8291 2411 2607 2411 2410
8292 2412 2608 2412 2411
8293 2413 2609 2413 2412
8294 2414 2610 2414 2413
8295 2415 2611 2415 2414
8296 2416 2612 2416 2415
8297 2417 2613 2417 2416
8298 2418 2614 2418 2417
8299 2419 2615 2419 2418
8300 2420 2616 2420 2419
8301 2421 2617 2421 2420
8302 2422 2618 2422 2421
8303 2423 2619 2423 2422
8304 2424 2620 2424 2423
8305 2425 2621 2425 2424
8306 2426 2622 2426 2425
8307 2427 2623 2427 2426
8308 2428 2624 2428 2427
8309 2429 2625 2429 2428
8310 2430 2626 2430 2429
8311 2431 2627 2431 2430
8312 2432 2628 2432 2431
8313 2433 2629 2433 2432
8314 2434 2630 2434 2433
8315 2435 2631 2435 2434
8316 2436 2632 2436 2435
8317 2437 2633 2437 2436
8318 2438 2634 2438 2437
8319 2439 2635 2439 2438
8320 2440 2636 2440 2439
8321 2441 2637 2441 2440
8322 2442 2638 2442 2441
8323 2443 2639 2443 2442
8324 2444 2640 2444 2443
8325 2445 2641 2445 2444
8326 2446 2642 2446 2445
8327 2447 2643 2447 2446
8328 2448 2644 2448 2447
8329 2449 2645 2449 2448
8330 2450 2646 2450 2449
8331 2451 2647 2451 2450
8332 2452 2648 2452 2451
8333 2453 2649 2453 2452
8334 2454 2650 2454 2453
8335 2455 2651 2455 2454
8336 2456 2652 2456 2455
8337 2457 2653 2457 2456
8338 2458 2654 2458 2457
8339 2459 2655 2459 2458
8340 2460 2656 2460 2459
8341 2461 2657 2461 2460
8342 2462 2658 2462 2461
8343 2463 2659 2463 2462
8344 2464 2660 2464 2463
8345 2465 2661 2465 2464
8346 2466 2662 2466 2465
8347 2467 2663 2467 2466
8348 2468 2664 2468 2467
8349 2469 2665 2469 2468
8350 2470 2666 2470 2469
8351 2471 2667 2471 2470
8352 2472 2668 2472 2471
8353 2473 2669 2473 2472
8354 2474 2670 2474 2473
8355 2475 2671 2475 2474
8356 2476 2672 2476 2475
8357 2477 2673 2477 2476
8358 2478 2674 2478 2477
8359 2479 2675 2479 2478
8360 2480 2676 2480 2479
8361 2481 2677 2481 2480
8362 2482 2678 2482 2481
8363 2483 2679 2483 2482
8364 2484 2680 2484 2483
8365 2485 2681 2485 2484
8366 2486 2682 2486 2485
8367 2487 2683 2487 2486
8368 2488 2684 2488 2487
8369 2489 2685 2489 2488
8370 2490 2686 2490 2489
8371 2491 2687 2491 2490
8372 2492 2688 2492 2491
8373 2493 2689 2493 2492
8374 2494 2690 2494 2493
8375 2495 2691 2495 2494
8376 2496 2692 2496 2495
8377 2497 2693 2497 2496
8378 2498 2694 2498 2497
8379 2499 2695 2499 2498
8380 2500 2696 2500 2499
8381 2501 2697 2501 2500
8382 2502 2698 2502 2501
8383 2503 2699 2503 2502
8384 2504 2700 2504 2503
8385 2505 2701 2505 2504
8386 2506 2702 2506 2505
8387 2507 2703 2507 2506
8388 2508 2704 2508 2507
8389 2509 2705 2509 2508
8390 2510 2706 2510 2509
8391 2511 2707 2511 2510
8392 2512 2708 2512 2511
8393 2513 2709 2513 2512
8394 2514 2710 2514 2513
8395 2515 2711 2515 2514
8396 2516 2712 2516 2515
8397 2517 2713 2517 2516
8398 2518 2714 2518 2517
8399 2519 2715 2519 2518
8400 2520 2716 2520 2519
8401 2521 2717 2521 2520
8402 2522 2718 2522 2521
8403 2523 2719 2523 2522
8404 2524 2720 2524 2523
8405 2525 2721 2525 2524
8406 2526 2722 2526 2525
8407 2527 2723 2527 2526
8408 2528 2724 2528 2527
8409 2529 2725 2529 2528
8410 2530 2726 2530 2529
8411 2531 2727 2531 2530
8412 2532 2728 2532 2531
8413 2533 2729 2533 2532
8414 2534 2730 2534 2533
8415 2535 2731 2535 2534
8416 2536 2732 2536 2535
8417 2537 2733 2537 2536
8418 2538 2734 2538 2537
8419 2539 2735 2539 2538
8420 2540 2736 2540 2539
8421 2541 2737 2541 2540
8422 2542 2738 2542 2541
8423 2543 2739 2543 2542
8424 2544 2740 2544 2543
8425 2545 2741 2545 2544
8426 2546 2742 2546 2545
8427 2547 2743 2547 2546
8428 2548 2744 2548 2547
8429 2549 2745 2549 2744
8430 2550 2746 2550 2549
8431 2551 2747 2551 2550
8432 2552 2748 2552 2551
8433 2553 2749 2553 2552
8434 2554 2750 2554 2553
8435 2555 2751 2555 2554
8436 2556 2752 2556 2555
8437 2557 2753 2557 2556
8438 2558 2754 2558 2557
8439 2559 2755 2559 2558
8440 2560 2756 2560 2559
8441 2561 2757 2561 2560
8442 2562 2758 2562 2561
8443 2563 2759 2563 2562
8444 2564 2760 2564 2563
8445 2565 2761 2565 2564
8446 2566 2762 2566 2565
8447 2567 2763 2567 2566
8448 2568 2764 2568 2567
8449 2569 2765 2569 2568
8450 2570 2766 2570 2569
8451 2571 2767 2571 2570
8452 2572 2768 2572 2571
8453 2573 2769 2573 2572
8454 2574 2770 2574 2573
8455 2575 2771 2575 2574
8456 2576 2772 2576 2575
8457 2577 2773 2577 2576
8458 2578 2774 2578 2577
8459 2579 2775 2579 2578
8460 2580 2776 2580 2579
8461 2581 2777 2581 2580
8462 2582 2778 2582 2581
8463 2583 2779 2583 2582
8464 2584 2780 2584 2583
8465 2585 2781 2585 2584
8466 2586 2782 2586 2585
8467 2587 2783 2587 2586
8468 2588 2784 2588 2587
8469 2589 2785 2589 2588
8470 2590 2786 2590 2589
8471 2591 2787 2591 2590
8472 2592 2788 2592 2591
8473 2593 2789 2593 2592
8474 2594 2790 2594 2593
8475 2595 2791 2595 2594
8476 2596 2792 2596 2595
8477 2597 2793 2597 2596
8478 2598 2794 2598 2597
8479 2599 2795 2599 2598
8480 2600 2796 2600 2599
8481 2601 2797 2601 2600
8482 2602 2798 2602 2601
8483 2603 2799 2603 2602
8484 2604 2800 2604 2603
8485 2605 2801 2605 2604
8486 2606 2802 2606 2605
8487 2607 2803 2607 2606
8488 2608 2804 2608 2607
8489 2609 2805 2609 2608
8490 2610 2806 2610 2609
8491 2611 2807 2611 2610
8492 2612 2808 2612 2611
8493 2613 2809 2613 2612
8494 2614 2810 2614 2613
8495 2615 2811 2615 2614
8496 2616 2812 2616 2615
8497 2617 2813 2617 2616
8498 2618 2814 2618 2617
8499 2619 2815 2619 2618
8500 2620 2816 2620 2619
8501 2621 2817 2621 2620
8502 2622 2818 2622 2621
8503 2623 2819 2623 2622
8504 2624 2820 2624 2623
8505 2625 2821 2625 2624
8506 2626 2822 2626 2625
8507 2627 2823 2627 2626
8508 2628 2824 2628 2627
8509 2629 2825 2629 2628
8510 2630 2826 2630 2629
8511 2631 2827 2631 2630
8512 2632 2828 2632 2631
8513 2633 2829 2633 2632
8514 2634 2830 2634 2633
8515 2635 2831 2635 2634
8516 2636 2832 2636 2635
8517 2637 2833 2637 2636
8518 2638 2834 2638 2637
8519 2639 2835 2639 2638
8520 2640 2836 2640 2639
8521 2641 2837 2641 2640
8522 2642 2838 2642 2641
8523 2643 2839 2643 2642
8524 2644 2840 2644 2643
8525 2645 2841 2645 2644
8526 2646 2842 2646 2645
8527 2647 2843 2647 2646
8528 2648 2844 2648 2647
8529 2649 2845 2649 2648
8530 2650 2846 2650 2649
8531 2651 2847 2651 2650
8532 2652 2848 2652 2651
8533 2653 2849 2653 2652
8534 2654 2850 2654 2653
8535 2655 2851 2655 2654
8536 2656 2852 2656 2655
8537 2657 2853 2657 2656
8538 2658 2854 2658 2657
8539 2659 2855 2659 2658
8540 2660 2856 2660 2659
8541 2661 2857 2661 2660
8542 2662 2858 2662 2661
8543 2663 2859 2663 2662
8544 2664 2860 2664 2663
8545 2665 2861 2665 2664
8546 2666 2862 2666 2665
8547 2667 2863 2667 2666
8548 2668 2864 2668 2667
8549 2669 2865 2669 2668
8550 2670 2866 2670 2669
8551 2671 2867 2671 2670
8552 2672 2868 2672 2671
8553 2673 2869 2673 2672
8554 2674 2870 2674 2673
8555 2675 2871 2675 2674
8556 2676 2872 2676 2675
8557 2677 2873 2677 2676
8558 2678 2874 2678 2677
8559 2679 2875 2679 2678
8560 2680 2876 2680 2679
8561 2681 2877 2681 2680
8562 2682 2878 2682 2681
8563 2683 2879 2683 2682
8564 2684 2880 2684 2683
8565 2685 2881 2685 2684
8566 2686 2882 2686 2685
8567 2687 2883 2687 2686
8568 2688 2884 2688 2687
8569 2689 2885 2689 2688
8570 2690 2886 2690 2689
8571 2691 2887 2691 2690
8572 2692 2888 2692 2691
8573 2693 2889 2693 2692
8574 2694 2890 2694 2693
8575 2695 2891 2695 2694
8576 2696 2892 2696 2695
8577 2697 2893 2697 2696
8578 2698 2894 2698 2697
8579 2699 2895 2699 2698
8580 2700 2896 2700 2699
8581 2701 2897 2701 2700
8582 2702 2898 2702 2701
8583 2703 2899 2703 2702
8584 2704 2900 2704 2703
8585 2705 2901 2705 2704
8586 2706 2902 2706 2705
8587 2707 2903 2707 2706
8588 2708 2904 2708 2707
8589 2709 2905 2709 2708
8590 2710 2906 2710 2709
8591 2711 2907 2711 2710
8592 2712 2908 2712 2711
8593 2713 2909 2713 2712
8594 2714 2910 2714 2713
8595 2715 2911 2715 2714
8596 2716 2912 2716 2715
8597 2717 2913 2717 2716
8598 2718 2914 2718 2717
8599 2719 2915 2719 2718
8600 2720 2916 2720 2719
8601 2721 2917 2721 2720
8602 2722 2918 2722 2721
8603 2723 2919 2723 2722
8604 2724 2920 2724 2723
8605 2725 2921 2725 2724
8606 2726 2922 2726 2725
8607 2727 2923 2727 2726
8608 2728 2924 2728 2727
8609 2729 2925 2729 2728
8610 2730 2926 2730 2729
8611 2731 2927 2731 2730
8612 2732 2928 2732 2731
8613 2733 2929 2733 2732
8614 2734 2930 2734 2733
8615 2735 2931 2735 2734
8616 2736 2932 2736 2735
8617 2737 2933 2737 2736
8618 2738 2934 2738 2737
8619 2739 2935 2739 2738
8620 2740 2936 2740 2739
8621 2741 2937 2741 2740
8622 2742 2938 2742 2741
8623 2743 2939 2743 2742
8624 2744 2940 2744 2743
8625 2745 2941 2745 2940
8626 2746 2942 2746 2745
8627 2747 2943 2747 2746
8628 2748 2944 2748 2747
8629 2749 2945 2749 2748
8630 2750 2946 2750 2749
8631 2751 2947 2751 2750
8632 2752 2948 2752 2751
8633 2753 2949 2753 2752
8634 2754 2950 2754 2753
8635 2755 2951 2755 2754
8636 2756 2952 2756 2755
8637 2757 2953 2757 2756
8638 2758 2954 2758 2757
8639 2759 2955 2759 2758
8640 2760 2956 2760 2759
8641 2761 2957 2761 2760
8642 2762 2958 2762 2761
8643 2763 2959 2763 2762
8644 2764 2960 2764 2763
8645 2765 2961 2765 2764
8646 2766 2962 2766 2765
8647 2767 2963 2767 2766
8648 2768 2964 2768 2767
8649 2769 2965 2769 2768
8650 2770 2966 2770 2769
8651 2771 2967 2771 2770
8652 2772 2968 2772 2771
8653 2773 2969 2773 2772
8654 2774 2970 2774 2773
8655 2775 2971 2775 2774
8656 2776 2972 2776 2775
8657 2777 2973 2777 2776
8658 2778 2974 2778 2777
8659 2779 2975 2779 2778
8660 2780 2976 2780 2779
8661 2781 2977 2781 2780
8662 2782 2978 2782 2781
8663 2783 2979 2783 2782
8664 2784 2980 2784 2783
8665 2785 2981 2785 2784
8666 2786 2982 2786 2785
8667 2787 2983 2787 2786
8668 2788 2984 2788 2787
8669 2789 2985 2789 2788
8670 2790 2986 2790 2789
8671 2791 2987 2791 2790
8672 2792 2988 2792 2791
8673 2793 2989 2793 2792
8674 2794 2990 2794 2793
8675 2795 2991 2795 2794
8676 2796 2992 2796 2795
8677 2797 2993 2797 2796
8678 2798 2994 2798 2797
8679 2799 2995 2799 2798
8680 2800 2996 2800 2799
8681 2801 2997 2801 2800
8682 2802 2998 2802 2801
8683 2803 2999 2803 2802
8684 2804 3000 2804 2803
8685 2805 3001 2805 2804
8686 2806 3002 2806 2805
8687 2807 3003 2807 2806
8688 2808 3004 2808 2807
8689 2809 3005 2809 2808
8690 2810 3006 2810 2809
8691 2811 3007 2811 2810
8692 2812 3008 2812 2811
8693 2813 3009 2813 2812
8694 2814 3010 2814 2813
8695 2815 3011 2815 2814
8696 2816 3012 2816 2815
8697 2817 3013 2817 2816
8698 2818 3014 2818 2817
8699 2819 3015 2819 2818
8700 2820 3016 2820 2819
8701 2821 3017 2821 2820
8702 2822 3018 2822 2821
8703 2823 3019 2823 2822
8704 2824 3020 2824 2823
8705 2825 3021 2825 2824
8706 2826 3022 2826 2825
8707 2827 3023 2827 2826
8708 2828 3024 2828 2827
8709 2829 3025 2829 2828
8710 2830 3026 2830 2829
8711 2831 3027 2831 2830
8712 2832 3028 2832 2831
8713 2833 3029 2833 2832
8714 2834 3030 2834 2833
8715 2835 3031 2835 2834
8716 2836 3032 2836 2835
8717 2837 3033 2837 2836
8718 2838 3034 2838 2837
8719 2839 3035 2839 2838
8720 2840 3036 2840 2839
8721 2841 3037 2841 2840
8722 2842 3038 2842 2841
8723 2843 3039 2843 2842
8724 2844 3040 2844 2843
8725 2845 3041 2845 2844
8726 2846 3042 2846 2845
8727 2847 3043 2847 2846
8728 2848 3044 2848 2847
8729 2849 3045 2849 2848
8730 2850 3046 2850 2849
8731 2851 3047 2851 2850
8732 2852 3048 2852 2851
8733 2853 3049 2853 2852
8734 2854 3050 2854 2853
8735 2855 3051 2855 2854
8736 2856 3052 2856 2855
8737 2857 3053 2857 2856
8738 2858 3054 2858 2857
8739 2859 3055 2859 2858
8740 2860 3056 2860 2859
8741 2861 3057 2861 2860
8742 2862 3058 2862 2861
8743 2863 3059 2863 2862
8744 2864 3060 2864 2863
8745 2865 3061 2865 2864
8746 2866 3062 2866 2865
8747 2867 3063 2867 2866
8748 2868 3064 2868 2867
8749 2869 3065 2869 2868
8750 2870 3066 2870 2869
8751 2871 3067 2871 2870
8752 2872 3068 2872 2871
8753 2873 3069 2873 2872
8754 2874 3070 2874 2873
8755 2875 3071 2875 2874
8756 2876 3072 2876 2875
8757 2877 3073 2877 2876
8758 2878 3074 2878 2877
8759 2879 3075 2879 2878
8760 2880 3076 2880 2879
8761 2881 3077 2881 2880
8762 2882 3078 2882 2881
8763 2883 3079 2883 2882
8764 2884 3080 2884 2883
8765 2885 3081 2885 2884
8766 2886 3082 2886 2885
8767 2887 3083 2887 2886
8768 2888 3084 2888 2887
8769 2889 3085 2889 2888
8770 2890 3086 2890 2889
8771 2891 3087 2891 2890
8772 2892 3088 2892 2891
8773 2893 3089 2893 2892
8774 2894 3090 2894 2893
8775 2895 3091 2895 2894
8776 2896 3092 2896 2895
8777 2897 3093 2897 2896
8778 2898 3094 2898 2897
8779 2899 3095 2899 2898
8780 2900 3096 2900 2899
8781 2901 3097 2901 2900
8782 2902 3098 2902 2901
8783 2903 3099 2903 2902
8784 2904 3100 2904 2903
8785 2905 3101 2905 2904
8786 2906 3102 2906 2905
8787 2907 3103 2907 2906
8788 2908 3104 2908 2907
8789 2909 3105 2909 2908
8790 2910 3106 2910 2909
8791 2911 3107 2911 2910
8792 2912 3108 2912 2911
8793 2913 3109 2913 2912
8794 2914 3110 2914 2913
8795 2915 3111 2915 2914
8796 2916 3112 2916 2915
8797 2917 3113 2917 2916
8798 2918 3114 2918 2917
8799 2919 3115 2919 2918
8800 2920 3116 2920 2919
8801 2921 3117 2921 2920
8802 2922 3118 2922 2921
8803 2923 3119 2923 2922
8804 2924 3120 2924 2923
8805 2925 3121 2925 2924
8806 2926 3122 2926 2925
8807 2927 3123 2927 2926
8808 2928 3124 2928 2927
8809 2929 3125 2929 2928
8810 2930 3126 2930 2929
8811 2931 3127 2931 2930
8812 2932 3128 2932 2931
8813 2933 3129 2933 2932
8814 2934 3130 2934 2933
8815 2935 3131 2935 2934
8816 2936 3132 2936 2935
8817 2937 3133 2937 2936
8818 2938 3134 2938 2937
8819 2939 3135 2939 2938
8820 2940 3136 2940 2939
8821 2941 3137 2941 3136
8822 2942 3138 2942 2941
8823 2943 3139 2943 2942
8824 2944 3140 2944 2943
8825 2945 3141 2945 2944
8826 2946 3142 2946 2945
8827 2947 3143 2947 2946
8828 2948 3144 2948 2947
8829 2949 3145 2949 2948
8830 2950 3146 2950 2949
8831 2951 3147 2951 2950
8832 2952 3148 2952 2951
8833 2953 3149 2953 2952
8834 2954 3150 2954 2953
8835 2955 3151 2955 2954
8836 2956 3152 2956 2955
8837 2957 3153 2957 2956
8838 2958 3154 2958 2957
8839 2959 3155 2959 2958
8840 2960 3156 2960 2959
8841 2961 3157 2961 2960
8842 2962 3158 2962 2961
8843 2963 3159 2963 2962
8844 2964 3160 2964 2963
8845 2965 3161 2965 2964
8846 2966 3162 2966 2965
8847 2967 3163 2967 2966
8848 2968 3164 2968 2967
8849 2969 3165 2969 2968
8850 2970 3166 2970 2969
8851 2971 3167 2971 2970
8852 2972 3168 2972 2971
8853 2973 3169 2973 2972
8854 2974 3170 2974 2973
8855 2975 3171 2975 2974
8856 2976 3172 2976 2975
8857 2977 3173 2977 2976
8858 2978 3174 2978 2977
8859 2979 3175 2979 2978
8860 2980 3176 2980 2979
8861 2981 3177 2981 2980
8862 2982 3178 2982 2981
8863 2983 3179 2983 2982
8864 2984 3180 2984 2983
8865 2985 3181 2985 2984
8866 2986 3182 2986 2985
8867 2987 3183 2987 2986
8868 2988 3184 2988 2987
8869 2989 3185 2989 2988
8870 2990 3186 2990 2989
8871 2991 3187 2991 2990
8872 2992 3188 2992 2991
8873 2993 3189 2993 2992
8874 2994 3190 2994 2993
8875 2995 3191 2995 2994
8876 2996 3192 2996 2995
8877 2997 3193 2997 2996
8878 2998 3194 2998 2997
8879 2999 3195 2999 2998
8880 3000 3196 3000 2999
8881 3001 3197 3001 3000
8882 3002 3198 3002 3001
8883 3003 3199 3003 3002
8884 3004 3200 3004 3003
8885 3005 3201 3005 3004
8886 3006 3202 3006 3005
8887 3007 3203 3007 3006
8888 3008 3204 3008 3007
8889 3009 3205 3009 3008
8890 3010 3206 3010 3009
8891 3011 3207 3011 3010
8892 3012 3208 3012 3011
8893 3013 3209 3013 3012
8894 3014 3210 3014 3013
8895 3015 3211 3015 3014
8896 3016 3212 3016 3015
8897 3017 3213 3017 3016
8898 3018 3214 3018 3017
8899 3019 3215 3019 3018
8900 3020 3216 3020 3019
8901 3021 3217 3021 3020
8902 3022 3218 3022 3021
8903 3023 3219 3023 3022
8904 3024 3220 3024 3023
8905 3025 3221 3025 3024
8906 3026 3222 3026 3025
8907 3027 3223 3027 3026
8908 3028 3224 3028 3027
8909 3029 3225 3029 3028
8910 3030 3226 3030 3029
8911 3031 3227 3031 3030
8912 3032 3228 3032 3031
8913 3033 3229 3033 3032
8914 3034 3230 3034 3033
8915 3035 3231 3035 3034
8916 3036 3232 3036 3035
8917 3037 3233 3037 3036
8918 3038 3234 3038 3037
8919 3039 3235 3039 3038
8920 3040 3236 3040 3039
8921 3041 3237 3041 3040
8922 3042 3238 3042 3041
8923 3043 3239 3043 3042
8924 3044 3240 3044 3043
8925 3045 3241 3045 3044
8926 3046 3242 3046 3045
8927 3047 3243 3047 3046
8928 3048 3244 3048 3047
8929 3049 3245 3049 3048
8930 3050 3246 3050 3049
8931 3051 3247 3051 3050
8932 3052 3248 3052 3051
8933 3053 3249 3053 3052
8934 3054 3250 3054 3053
8935 3055 3251 3055 3054
8936 3056 3252 3056 3055
8937 3057 3253 3057 3056
8938 3058 3254 3058 3057
8939 3059 3255 3059 3058
8940 3060 3256 3060 3059
8941 3061 3257 3061 3060
8942 3062 3258 3062 3061
8943 3063 3259 3063 3062
8944 3064 3260 3064 3063
8945 3065 3261 3065 3064
8946 3066 3262 3066 3065
8947 3067 3263 3067 3066
8948 3068 3264 3068 3067
8949 3069 3265 3069 3068
8950 3070 3266 3070 3069
8951 3071 3267 3071 3070
8952 3072 3268 3072 3071
8953 3073 3269 3073 3072
8954 3074 3270 3074 3073
8955 3075 3271 3075 3074
8956 3076 3272 3076 3075
8957 3077 3273 3077 3076
8958 3078 3274 3078 3077
8959 3079 3275 3079 3078
8960 3080 3276 3080 3079
8961 3081 3277 3081 3080
8962 3082 3278 3082 3081
8963 3083 3279 3083 3082
8964 3084 3280 3084 3083
8965 3085 3281 3085 3084
8966 3086 3282 3086 3085
8967 3087 3283 3087 3086
8968 3088 3284 3088 3087
8969 3089 3285 3089 3088
8970 3090 3286 3090 3089
8971 3091 3287 3091 3090
8972 3092 3288 3092 3091
8973 3093 3289 3093 3092
8974 3094 3290 3094 3093
8975 3095 3291 3095 3094
8976 3096 3292 3096 3095
8977 3097 3293 3097 3096
8978 3098 3294 3098 3097
8979 3099 3295 3099 3098
8980 3100 3296 3100 3099
8981 3101 3297 3101 3100
8982 3102 3298 3102 3101
8983 3103 3299 3103 3102
8984 3104 3300 3104 3103
8985 3105 3301 3105 3104
8986 3106 3302 3106 3105
8987 3107 3303 3107 3106
8988 3108 3304 3108 3107
8989 3109 3305 3109 3108
8990 3110 3306 3110 3109
8991 3111 3307 3111 3110
8992 3112 3308 3112 3111
8993 3113 3309 3113 3112
8994 3114 3310 3114 3113
8995 3115 3311 3115 3114
8996 3116 3312 3116 3115
8997 3117 3313 3117 3116
8998 3118 3314 3118 3117
8999 3119 3315 3119 3118
9000 3120 3316 3120 3119
9001 3121 3317 3121 3120
9002 3122 3318 3122 3121
9003 3123 3319 3123 3122
9004 3124 3320 3124 3123
9005 3125 3321 3125 3124
9006 3126 3322 3126 3125
9007 3127 3323 3127 3126
9008 3128 3324 3128 3127
9009 3129 3325 3129 3128
9010 3130 3326 3130 3129
9011 3131 3327 3131 3130
9012 3132 3328 3132 3131
9013 3133 3329 3133 3132
9014 3134 3330 3134 3133
9015 3135 3331 3135 3134
9016 3136 3332 3136 3135
9017 3137 3333 3137 3332
9018 3138 3334 3138 3137
9019 3139 3335 3139 3138
9020 3140 3336 3140 3139
9021 3141 3337 3141 3140
9022 3142 3338 3142 3141
9023 3143 3339 3143 3142
9024 3144 3340 3144 3143
9025 3145 3341 3145 3144
9026 3146 3342 3146 3145
9027 3147 3343 3147 3146
9028 3148 3344 3148 3147
9029 3149 3345 3149 3148
9030 3150 3346 3150 3149
9031 3151 3347 3151 3150
9032 3152 3348 3152 3151
9033 3153 3349 3153 3152
9034 3154 3350 3154 3153
9035 3155 3351 3155 3154
9036 3156 3352 3156 3155
9037 3157 3353 3157 3156
9038 3158 3354 3158 3157
9039 3159 3355 3159 3158
9040 3160 3356 3160 3159
9041 3161 3357 3161 3160
9042 3162 3358 3162 3161
9043 3163 3359 3163 3162
9044 3164 3360 3164 3163
9045 3165 3361 3165 3164
9046 3166 3362 3166 3165
9047 3167 3363 3167 3166
9048 3168 3364 3168 3167
9049 3169 3365 3169 3168
9050 3170 3366 3170 3169
9051 3171 3367 3171 3170
9052 3172 3368 3172 3171
9053 3173 3369 3173 3172
9054 3174 3370 3174 3173
9055 3175 3371 3175 3174
9056 3176 3372 3176 3175
9057 3177 3373 3177 3176
9058 3178 3374 3178 3177
9059 3179 3375 3179 3178
9060 3180 3376 3180 3179
9061 3181 3377 3181 3180
9062 3182 3378 3182 3181
9063 3183 3379 3183 3182
9064 3184 3380 3184 3183
9065 3185 3381 3185 3184
9066 3186 3382 3186 3185
9067 3187 3383 3187 3186
9068 3188 3384 3188 3187
9069 3189 3385 3189 3188
9070 3190 3386 3190 3189
9071 3191 3387 3191 3190
9072 3192 3388 3192 3191
9073 3193 3389 3193 3192
9074 3194 3390 3194 3193
9075 3195 3391 3195 3194
9076 3196 3392 3196 3195
9077 3197 3393 3197 3196
9078 3198 3394 3198 3197
9079 3199 3395 3199 3198
9080 3200 3396 3200 3199
9081 3201 3397 3201 3200
9082 3202 3398 3202 3201
9083 3203 3399 3203 3202
9084 3204 3400 3204 3203
9085 3205 3401 3205 3204
9086 3206 3402 3206 3205
9087 3207 3403 3207 3206
9088 3208 3404 3208 3207
9089 3209 3405 3209 3208
9090 3210 3406 3210 3209
9091 3211 3407 3211 3210
9092 3212 3408 3212 3211
9093 3213 3409 3213 3212
9094 3214 3410 3214 3213
9095 3215 3411 3215 3214
9096 3216 3412 3216 3215
9097 3217 3413 3217 3216
9098 3218 3414 3218 3217
9099 3219 3415 3219 3218
9100 3220 3416 3220 3219
9101 3221 3417 3221 3220
9102 3222 3418 3222 3221
9103 3223 3419 3223 3222
9104 3224 3420 3224 3223
9105 3225 3421 3225 3224
9106 3226 3422 3226 3225
9107 3227 3423 3227 3226
9108 3228 3424 3228 3227
9109 3229 3425 3229 3228
9110 3230 3426 3230 3229
9111 3231 3427 3231 3230
9112 3232 3428 3232 3231
9113 3233 3429 3233 3232
9114 3234 3430 3234 3233
9115 3235 3431 3235 3234
9116 3236 3432 3236 3235
9117 3237 3433 3237 3236
9118 3238 3434 3238 3237
9119 3239 3435 3239 3238
9120 3240 3436 3240 3239
9121 3241 3437 3241 3240
9122 3242 3438 3242 3241
9123 3243 3439 3243 3242
9124 3244 3440 3244 3243
9125 3245 3441 3245 3244
9126 3246 3442 3246 3245
9127 3247 3443 3247 3246
9128 3248 3444 3248 3247
9129 3249 3445 3249 3248
9130 3250 3446 3250 3249
9131 3251 3447 3251 3250
9132 3252 3448 3252 3251
9133 3253 3449 3253 3252
9134 3254 3450 3254 3253
9135 3255 3451 3255 3254
9136 3256 3452 3256 3255
9137 3257 3453 3257 3256
9138 3258 3454 3258 3257
9139 3259 3455 3259 3258
9140 3260 3456 3260 3259
9141 3261 3457 3261 3260
9142 3262 3458 3262 3261
9143 3263 3459 3263 3262
9144 3264 3460 3264 3263
9145 3265 3461 3265 3264
9146 3266 3462 3266 3265
9147 3267 3463 3267 3266
9148 3268 3464 3268 3267
9149 3269 3465 3269 3268
9150 3270 3466 3270 3269
9151 3271 3467 3271 3270
9152 3272 3468 3272 3271
9153 3273 3469 3273 3272
9154 3274 3470 3274 3273
9155 3275 3471 3275 3274
9156 3276 3472 3276 3275
9157 3277 3473 3277 3276
9158 3278 3474 3278 3277
9159 3279 3475 3279 3278
9160 3280 3476 3280 3279
9161 3281 3477 3281 3280
9162 3282 3478 3282 3281
9163 3283 3479 3283 3282
9164 3284 3480 3284 3283
9165 3285 3481 3285 3284
9166 3286 3482 3286 3285
9167 3287 3483 3287 3286
9168 3288 3484 3288 3287
9169 3289 3485 3289 3288
9170 3290 3486 3290 3289
9171 3291 3487 3291 3290
9172 3292 3488 3292 3291
9173 3293 3489 3293 3292
9174 3294 3490 3294 3293
9175 3295 3491 3295 3294
9176 3296 3492 3296 3295
9177 3297 3493 3297 3296
9178 3298 3494 3298 3297
9179 3299 3495 3299 3298
9180 3300 3496 3300 3299
9181 3301 3497 3301 3300
9182 3302 3498 3302 3301
9183 3303 3499 3303 3302
9184 3304 3500 3304 3303
9185 3305 3501 3305 3304
9186 3306 3502 3306 3305
9187 3307 3503 3307 3306
9188 3308 3504 3308 3307
9189 3309 3505 3309 3308
9190 3310 3506 3310 3309
9191 3311 3507 3311 3310
9192 3312 3508 3312 3311
9193 3313 3509 3313 3312
9194 3314 3510 3314 3313
9195 3315 3511 3315 3314
9196 3316 3512 3316 3315
9197 3317 3513 3317 3316
9198 3318 3514 3318 3317
9199 3319 3515 3319 3318
9200 3320 3516 3320 3319
9201 3321 3517 3321 3320
9202 3322 3518 3322 3321
9203 3323 3519 3323 3322
9204 3324 3520 3324 3323
9205 3325 3521 3325 3324
9206 3326 3522 3326 3325
9207 3327 3523 3327 3326
9208 3328 3524 3328 3327
9209 3329 3525 3329 3328
9210 3330 3526 3330 3329
9211 3331 3527 3331 3330
9212 3332 3528 3332 3331
9213 3333 3529 3333 3528
9214 3334 3530 3334 3333
9215 3335 3531 3335 3334
9216 3336 3532 3336 3335
9217 3337 3533 3337 3336
9218 3338 3534 3338 3337
9219 3339 3535 3339 3338
9220 3340 3536 3340 3339
9221 3341 3537 3341 3340
9222 3342 3538 3342 3341
9223 3343 3539 3343 3342
9224 3344 3540 3344 3343
9225 3345 3541 3345 3344
9226 3346 3542 3346 3345
9227 3347 3543 3347 3346
9228 3348 3544 3348 3347
9229 3349 3545 3349 3348
9230 3350 3546 3350 3349
9231 3351 3547 3351 3350
9232 3352 3548 3352 3351
9233 3353 3549 3353 3352
9234 3354 3550 3354 3353
9235 3355 3551 3355 3354
9236 3356 3552 3356 3355
9237 3357 3553 3357 3356
9238 3358 3554 3358 3357
9239 3359 3555 3359 3358
9240 3360 3556 3360 3359
9241 3361 3557 3361 3360
9242 3362 3558 3362 3361
9243 3363 3559 3363 3362
9244 3364 3560 3364 3363
9245 3365 3561 3365 3364
9246 3366 3562 3366 3365
9247 3367 3563 3367 3366
9248 3368 3564 3368 3367
9249 3369 3565 3369 3368
9250 3370 3566 3370 3369
9251 3371 3567 3371 3370
9252 3372 3568 3372 3371
9253 3373 3569 3373 3372
9254 3374 3570 3374 3373
9255 3375 3571 3375 3374
9256 3376 3572 3376 3375
9257 3377 3573 3377 3376
9258 3378 3574 3378 3377
9259 3379 3575 3379 3378
9260 3380 3576 3380 3379
9261 3381 3577 3381 3380
9262 3382 3578 3382 3381
9263 3383 3579 3383 3382
9264 3384 3580 3384 3383
9265 3385 3581 3385 3384
9266 3386 3582 3386 3385
9267 3387 3583 3387 3386
9268 3388 3584 3388 3387
9269 3389 3585 3389 3388
9270 3390 3586 3390 3389
9271 3391 3587 3391 3390
9272 3392 3588 3392 3391
9273 3393 3589 3393 3392
9274 3394 3590 3394 3393
9275 3395 3591 3395 3394
9276 3396 3592 3396 3395
9277 3397 3593 3397 3396
9278 3398 3594 3398 3397
9279 3399 3595 3399 3398
9280 3400 3596 3400 3399
9281 3401 3597 3401 3400
9282 3402 3598 3402 3401
9283 3403 3599 3403 3402
9284 3404 3600 3404 3403
9285 3405 3601 3405 3404
9286 3406 3602 3406 3405
9287 3407 3603 3407 3406
9288 3408 3604 3408 3407
9289 3409 3605 3409 3408
9290 3410 3606 3410 3409
9291 3411 3607 3411 3410
9292 3412 3608 3412 3411
9293 3413 3609 3413 3412
9294 3414 3610 3414 3413
9295 3415 3611 3415 3414
9296 3416 3612 3416 3415
9297 3417 3613 3417 3416
9298 3418 3614 3418 3417
9299 3419 3615 3419 3418
9300 3420 3616 3420 3419
9301 3421 3617 3421 3420
9302 3422 3618 3422 3421
9303 3423 3619 3423 3422
9304 3424 3620 3424 3423
9305 3425 3621 3425 3424
9306 3426 3622 3426 3425
9307 3427 3623 3427 3426
9308 3428 3624 3428 3427
9309 3429 3625 3429 3428
9310 3430 3626 3430 3429
9311 3431 3627 3431 3430
9312 3432 3628 3432 3431
9313 3433 3629 3433 3432
9314 3434 3630 3434 3433
9315 3435 3631 3435 3434
9316 3436 3632 3436 3435
9317 3437 3633 3437 3436
9318 3438 3634 3438 3437
9319 3439 3635 3439 3438
9320 3440 3636 3440 3439
9321 3441 3637 3441 3440
9322 3442 3638 3442 3441
9323 3443 3639 3443 3442
9324 3444 3640 3444 3443
9325 3445 3641 3445 3444
9326 3446 3642 3446 3445
9327 3447 3643 3447 3446
9328 3448 3644 3448 3447
9329 3449 3645 3449 3448
9330 3450 3646 3450 3449
9331 3451 3647 3451 3450
9332 3452 3648 3452 3451
9333 3453 3649 3453 3452
9334 3454 3650 3454 3453
9335 3455 3651 3455 3454
9336 3456 3652 3456 3455
9337 3457 3653 3457 3456
9338 3458 3654 3458 3457
9339 3459 3655 3459 3458
9340 3460 3656 3460 3459
9341 3461 3657 3461 3460
9342 3462 3658 3462 3461
9343 3463 3659 3463 3462
9344 3464 3660 3464 3463
9345 3465 3661 3465 3464
9346 3466 3662 3466 3465
9347 3467 3663 3467 3466
9348 3468 3664 3468 3467
9349 3469 3665 3469 3468
9350 3470 3666 3470 3469
9351 3471 3667 3471 3470
9352 3472 3668 3472 3471
9353 3473 3669 3473 3472
9354 3474 3670 3474 3473
9355 3475 3671 3475 3474
9356 3476 3672 3476 3475
9357 3477 3673 3477 3476
9358 3478 3674 3478 3477
9359 3479 3675 3479 3478
9360 3480 3676 3480 3479
9361 3481 3677 3481 3480
9362 3482 3678 3482 3481
9363 3483 3679 3483 3482
9364 3484 3680 3484 3483
9365 3485 3681 3485 3484
9366 3486 3682 3486 3485
9367 3487 3683 3487 3486
9368 3488 3684 3488 3487
9369 3489 3685 3489 3488
9370 3490 3686 3490 3489
9371 3491 3687 3491 3490
9372 3492 3688 3492 3491
9373 3493 3689 3493 3492
9374 3494 3690 3494 3493
9375 3495 3691 3495 3494
9376 3496 3692 3496 3495
9377 3497 3693 3497 3496
9378 3498 3694 3498 3497
9379 3499 3695 3499 3498
9380 3500 3696 3500 3499
9381 3501 3697 3501 3500
9382 3502 3698 3502 3501
9383 3503 3699 3503 3502
9384 3504 3700 3504 3503
9385 3505 3701 3505 3504
9386 3506 3702 3506 3505
9387 3507 3703 3507 3506
9388 3508 3704 3508 3507
9389 3509 3705 3509 3508
9390 3510 3706 3510 3509
9391 3511 3707 3511 3510
9392 3512 3708 3512 3511
9393 3513 3709 3513 3512
9394 3514 3710 3514 3513
9395 3515 3711 3515 3514
9396 3516 3712 3516 3515
9397 3517 3713 3517 3516
9398 3518 3714 3518 3517
9399 3519 3715 3519 3518
9400 3520 3716 3520 3519
9401 3521 3717 3521 3520
9402 3522 3718 3522 3521
9403 3523 3719 3523 3522
9404 3524 3720 3524 3523
9405 3525 3721 3525 3524
9406 3526 3722 3526 3525
9407 3527 3723 3527 3526
9408 3528 3724 3528 3527
9409 3529 3725 3529 3724
9410 3530 3726 3530 3529
9411 3531 3727 3531 3530
9412 3532 3728 3532 3531
9413 3533 3729 3533 3532
9414 3534 3730 3534 3533
9415 3535 3731 3535 3534
9416 3536 3732 3536 3535
9417 3537 3733 3537 3536
9418 3538 3734 3538 3537
9419 3539 3735 3539 3538
9420 3540 3736 3540 3539
9421 3541 3737 3541 3540
9422 3542 3738 3542 3541
9423 3543 3739 3543 3542
9424 3544 3740 3544 3543
9425 3545 3741 3545 3544
9426 3546 3742 3546 3545
9427 3547 3743 3547 3546
9428 3548 3744 3548 3547
9429 3549 3745 3549 3548
9430 3550 3746 3550 3549
9431 3551 3747 3551 3550
9432 3552 3748 3552 3551
9433 3553 3749 3553 3552
9434 3554 3750 3554 3553
9435 3555 3751 3555 3554
9436 3556 3752 3556 3555
9437 3557 3753 3557 3556
9438 3558 3754 3558 3557
9439 3559 3755 3559 3558
9440 3560 3756 3560 3559
9441 3561 3757 3561 3560
9442 3562 3758 3562 3561
9443 3563 3759 3563 3562
9444 3564 3760 3564 3563
9445 3565 3761 3565 3564
9446 3566 3762 3566 3565
9447 3567 3763 3567 3566
9448 3568 3764 3568 3567
9449 3569 3765 3569 3568
9450 3570 3766 3570 3569
9451 3571 3767 3571 3570
9452 3572 3768 3572 3571
9453 3573 3769 3573 3572
9454 3574 3770 3574 3573
9455 3575 3771 3575 3574
9456 3576 3772 3576 3575
9457 3577 3773 3577 3576
9458 3578 3774 3578 3577
9459 3579 3775 3579 3578
9460 3580 3776 3580 3579
9461 3581 3777 3581 3580
9462 3582 3778 3582 3581
9463 3583 3779 3583 3582
9464 3584 3780 3584 3583
9465 3585 3781 3585 3584
9466 3586 3782 3586 3585
9467 3587 3783 3587 3586
9468 3588 3784 3588 3587
9469 3589 3785 3589 3588
9470 3590 3786 3590 3589
9471 3591 3787 3591 3590
9472 3592 3788 3592 3591
9473 3593 3789 3593 3592
9474 3594 3790 3594 3593
9475 3595 3791 3595 3594
9476 3596 3792 3596 3595
9477 3597 3793 3597 3596
9478 3598 3794 3598 3597
9479 3599 3795 3599 3598
9480 3600 3796 3600 3599
9481 3601 3797 3601 3600
9482 3602 3798 3602 3601
9483 3603 3799 3603 3602
9484 3604 3800 3604 3603
9485 3605 3801 3605 3604
9486 3606 3802 3606 3605
9487 3607 3803 3607 3606
9488 3608 3804 3608 3607
9489 3609 3805 3609 3608
9490 3610 3806 3610 3609
9491 3611 3807 3611 3610
9492 3612 3808 3612 3611
9493 3613 3809 3613 3612
9494 3614 3810 3614 3613
9495 3615 3811 3615 3614
9496 3616 3812 3616 3615
9497 3617 3813 3617 3616
9498 3618 3814 3618 3617
9499 3619 3815 3619 3618
9500 3620 3816 3620 3619
9501 3621 3817 3621 3620
9502 3622 3818 3622 3621
9503 3623 3819 3623 3622
9504 3624 3820 3624 3623
9505 3625 3821 3625 3624
9506 3626 3822 3626 3625
9507 3627 3823 3627 3626
9508 3628 3824 3628 3627
9509 3629 3825 3629 3628
9510 3630 3826 3630 3629
9511 3631 3827 3631 3630
9512 3632 3828 3632 3631
9513 3633 3829 3633 3632
9514 3634 3830 3634 3633
9515 3635 3831 3635 3634
9516 3636 3832 3636 3635
9517 3637 3833 3637 3636
9518 3638 3834 3638 3637
9519 3639 3835 3639 3638
9520 3640 3836 3640 3639
9521 3641 3837 3641 3640
9522 3642 3838 3642 3641
9523 3643 3839 3643 3642
9524 3644 3840 3644 3643
9525 3645 3841 3645 3644
9526 3646 3842 3646 3645
9527 3647 3843 3647 3646
9528 3648 3844 3648 3647
9529 3649 3845 3649 3648
9530 3650 3846 3650 3649
9531 3651 3847 3651 3650
9532 3652 3848 3652 3651
9533 3653 3849 3653 3652
9534 3654 3850 3654 3653
9535 3655 3851 3655 3654
9536 3656 3852 3656 3655
9537 3657 3853 3657 3656
9538 3658 3854 3658 3657
9539 3659 3855 3659 3658
9540 3660 3856 3660 3659
9541 3661 3857 3661 3660
9542 3662 3858 3662 3661
9543 3663 3859 3663 3662
9544 3664 3860 3664 3663
9545 3665 3861 3665 3664
9546 3666 3862 3666 3665
9547 3667 3863 3667 3666
9548 3668 3864 3668 3667
9549 3669 3865 3669 3668
9550 3670 3866 3670 3669
9551 3671 3867 3671 3670
9552 3672 3868 3672 3671
9553 3673 3869 3673 3672
9554 3674 3870 3674 3673
9555 3675 3871 3675 3674
9556 3676 3872 3676 3675
9557 3677 3873 3677 3676
9558 3678 3874 3678 3677
9559 3679 3875 3679 3678
9560 3680 3876 3680 3679
9561 3681 3877 3681 3680
9562 3682 3878 3682 3681
9563 3683 3879 3683 3682
9564 3684 3880 3684 3683
9565 3685 3881 3685 3684
9566 3686 3882 3686 3685
9567 3687 3883 3687 3686
9568 3688 3884 3688 3687
9569 3689 3885 3689 3688
9570 3690 3886 3690 3689
9571 3691 3887 3691 3690
9572 3692 3888 3692 3691
9573 3693 3889 3693 3692
9574 3694 3890 3694 3693
9575 3695 3891 3695 3694
9576 3696 3892 3696 3695
9577 3697 3893 3697 3696
9578 3698 3894 3698 3697
9579 3699 3895 3699 3698
9580 3700 3896 3700 3699
9581 3701 3897 3701 3700
9582 3702 3898 3702 3701
9583 3703 3899 3703 3702
9584 3704 3900 3704 3703
9585 3705 3901 3705 3704
9586 3706 3902 3706 3705
9587 3707 3903 3707 3706
9588 3708 3904 3708 3707
9589 3709 3905 3709 3708
9590 3710 3906 3710 3709
9591 3711 3907 3711 3710
9592 3712 3908 3712 3711
9593 3713 3909 3713 3712
9594 3714 3910 3714 3713
9595 3715 3911 3715 3714
9596 3716 3912 3716 3715
9597 3717 3913 3717 3716
9598 3718 3914 3718 3717
9599 3719 3915 3719 3718
9600 3720 3916 3720 3719
9601 3721 3917 3721 3720
9602 3722 3918 3722 3721
9603 3723 3919 3723 3722
9604 3724 3920 3724 3723
9605 3725 3921 3725 3920
9606 3726 3922 3726 3725
9607 3727 3923 3727 3726
9608 3728 3924 3728 3727
9609 3729 3925 3729 3728
9610 3730 3926 3730 3729
9611 3731 3927 3731 3730
9612 3732 3928 3732 3731
9613 3733 3929 3733 3732
9614 3734 3930 3734 3733
9615 3735 3931 3735 3734
9616 3736 3932 3736 3735
9617 3737 3933 3737 3736
9618 3738 3934 3738 3737
9619 3739 3935 3739 3738
9620 3740 3936 3740 3739
9621 3741 3937 3741 3740
9622 3742 3938 3742 3741
9623 3743 3939 3743 3742
9624 3744 3940 3744 3743
9625 3745 3941 3745 3744
9626 3746 3942 3746 3745
9627 3747 3943 3747 3746
9628 3748 3944 3748 3747
9629 3749 3945 3749 3748
9630 3750 3946 3750 3749
9631 3751 3947 3751 3750
9632 3752 3948 3752 3751
9633 3753 3949 3753 3752
9634 3754 3950 3754 3753
9635 3755 3951 3755 3754
9636 3756 3952 3756 3755
9637 3757 3953 3757 3756
9638 3758 3954 3758 3757
9639 3759 3955 3759 3758
9640 3760 3956 3760 3759
9641 3761 3957 3761 3760
9642 3762 3958 3762 3761
9643 3763 3959 3763 3762
9644 3764 3960 3764 3763
9645 3765 3961 3765 3764
9646 3766 3962 3766 3765
9647 3767 3963 3767 3766
9648 3768 3964 3768 3767
9649 3769 3965 3769 3768
9650 3770 3966 3770 3769
9651 3771 3967 3771 3770
9652 3772 3968 3772 3771
9653 3773 3969 3773 3772
9654 3774 3970 3774 3773
9655 3775 3971 3775 3774
9656 3776 3972 3776 3775
9657 3777 3973 3777 3776
9658 3778 3974 3778 3777
9659 3779 3975 3779 3778
9660 3780 3976 3780 3779
9661 3781 3977 3781 3780
9662 3782 3978 3782 3781
9663 3783 3979 3783 3782
9664 3784 3980 3784 3783
9665 3785 3981 3785 3784
9666 3786 3982 3786 3785
9667 3787 3983 3787 3786
9668 3788 3984 3788 3787
9669 3789 3985 3789 3788
9670 3790 3986 3790 3789
9671 3791 3987 3791 3790
9672 3792 3988 3792 3791
9673 3793 3989 3793 3792
9674 3794 3990 3794 3793
9675 3795 3991 3795 3794
9676 3796 3992 3796 3795
9677 3797 3993 3797 3796
9678 3798 3994 3798 3797
9679 3799 3995 3799 3798
9680 3800 3996 3800 3799
9681 3801 3997 3801 3800
9682 3802 3998 3802 3801
9683 3803 3999 3803 3802
9684 3804 4000 3804 3803
9685 3805 4001 3805 3804
9686 3806 4002 3806 3805
9687 3807 4003 3807 3806
9688 3808 4004 3808 3807
9689 3809 4005 3809 3808
9690 3810 4006 3810 3809
9691 3811 4007 3811 3810
9692 3812 4008 3812 3811
9693 3813 4009 3813 3812
9694 3814 4010 3814 3813
9695 3815 4011 3815 3814
9696 3816 4012 3816 3815
9697 3817 4013 3817 3816
9698 3818 4014 3818 3817
9699 3819 4015 3819 3818
9700 3820 4016 3820 3819
9701 3821 4017 3821 3820
9702 3822 4018 3822 3821
9703 3823 4019 3823 3822
9704 3824 4020 3824 3823
9705 3825 4021 3825 3824
9706 3826 4022 3826 3825
9707 3827 4023 3827 3826
9708 3828 4024 3828 3827
9709 3829 4025 3829 3828
9710 3830 4026 3830 3829
9711 3831 4027 3831 3830
9712 3832 4028 3832 3831
9713 3833 4029 3833 3832
9714 3834 4030 3834 3833
9715 3835 4031 3835 3834
9716 3836 4032 3836 3835
9717 3837 4033 3837 3836
9718 3838 4034 3838 3837
9719 3839 4035 3839 3838
9720 3840 4036 3840 3839
9721 3841 4037 3841 3840
9722 3842 4038 3842 3841
9723 3843 4039 3843 3842
9724 3844 4040 3844 3843
9725 3845 4041 3845 3844
9726 3846 4042 3846 3845
9727 3847 4043 3847 3846
9728 3848 4044 3848 3847
9729 3849 4045 3849 3848
9730 3850 4046 3850 3849
9731 3851 4047 3851 3850
9732 3852 4048 3852 3851
9733 3853 4049 3853 3852
9734 3854 4050 3854 3853
9735 3855 4051 3855 3854
9736 3856 4052 3856 3855
9737 3857 4053 3857 3856
9738 3858 4054 3858 3857
9739 3859 4055 3859 3858
9740 3860 4056 3860 3859
9741 3861 4057 3861 3860
9742 3862 4058 3862 3861
9743 3863 4059 3863 3862
9744 3864 4060 3864 3863
9745 3865 4061 3865 3864
9746 3866 4062 3866 3865
9747 3867 4063 3867 3866
9748 3868 4064 3868 3867
9749 3869 4065 3869 3868
9750 3870 4066 3870 3869
9751 3871 4067 3871 3870
9752 3872 4068 3872 3871
9753 3873 4069 3873 3872
9754 3874 4070 3874 3873
9755 3875 4071 3875 3874
9756 3876 4072 3876 3875
9757 3877 4073 3877 3876
9758 3878 4074 3878 3877
9759 3879 4075 3879 3878
9760 3880 4076 3880 3879
9761 3881 4077 3881 3880
9762 3882 4078 3882 3881
9763 3883 4079 3883 3882
9764 3884 4080 3884 3883
9765 3885 4081 3885 3884
9766 3886 4082 3886 3885
9767 3887 4083 3887 3886
9768 3888 4084 3888 3887
9769 3889 4085 3889 3888
9770 3890 4086 3890 3889
9771 3891 4087 3891 3890
9772 3892 4088 3892 3891
9773 3893 4089 3893 3892
9774 3894 4090 3894 3893
9775 3895 4091 3895 3894
9776 3896 4092 3896 3895
9777 3897 4093 3897 3896
9778 3898 4094 3898 3897
9779 3899 4095 3899 3898
9780 3900 4096 3900 3899
9781 3901 4097 3901 3900
9782 3902 4098 3902 3901
9783 3903 4099 3903 3902
9784 3904 4100 3904 3903
9785 3905 4101 3905 3904
9786 3906 4102 3906 3905
9787 3907 4103 3907 3906
9788 3908 4104 3908 3907
9789 3909 4105 3909 3908
9790 3910 4106 3910 3909
9791 3911 4107 3911 3910
9792 3912 4108 3912 3911
9793 3913 4109 3913 3912
9794 3914 4110 3914 3913
9795 3915 4111 3915 3914
9796 3916 4112 3916 3915
9797 3917 4113 3917 3916
9798 3918 4114 3918 3917
9799 3919 4115 3919 3918
9800 3920 4116 3920 3919
9801 3921 4117 3921 4116
9802 3922 4118 3922 3921
9803 3923 4119 3923 3922
9804 3924 4120 3924 3923
9805 3925 4121 3925 3924
9806 3926 4122 3926 3925
9807 3927 4123 3927 3926
9808 3928 4124 3928 3927
9809 3929 4125 3929 3928
9810 3930 4126 3930 3929
9811 3931 4127 3931 3930
9812 3932 4128 3932 3931
9813 3933 4129 3933 3932
9814 3934 4130 3934 3933
9815 3935 4131 3935 3934
9816 3936 4132 3936 3935
9817 3937 4133 3937 3936
9818 3938 4134 3938 3937
9819 3939 4135 3939 3938
9820 3940 4136 3940 3939
9821 3941 4137 3941 3940
9822 3942 4138 3942 3941
9823 3943 4139 3943 3942
9824 3944 4140 3944 3943
9825 3945 4141 3945 3944
9826 3946 4142 3946 3945
9827 3947 4143 3947 3946
9828 3948 4144 3948 3947
9829 3949 4145 3949 3948
9830 3950 4146 3950 3949
9831 3951 4147 3951 3950
9832 3952 4148 3952 3951
9833 3953 4149 3953 3952
9834 3954 4150 3954 3953
9835 3955 4151 3955 3954
9836 3956 4152 3956 3955
9837 3957 4153 3957 3956
9838 3958 4154 3958 3957
9839 3959 4155 3959 3958
9840 3960 4156 3960 3959
9841 3961 4157 3961 3960
9842 3962 4158 3962 3961
9843 3963 4159 3963 3962
9844 3964 4160 3964 3963
9845 3965 4161 3965 3964
9846 3966 4162 3966 3965
9847 3967 4163 3967 3966
9848 3968 4164 3968 3967
9849 3969 4165 3969 3968
9850 3970 4166 3970 3969
9851 3971 4167 3971 3970
9852 3972 4168 3972 3971
9853 3973 4169 3973 3972
9854 3974 4170 3974 3973
9855 3975 4171 3975 3974
9856 3976 4172 3976 3975
9857 3977 4173 3977 3976
9858 3978 4174 3978 3977
9859 3979 4175 3979 3978
9860 3980 4176 3980 3979
9861 3981 4177 3981 3980
9862 3982 4178 3982 3981
9863 3983 4179 3983 3982
9864 3984 4180 3984 3983
9865 3985 4181 3985 3984
9866 3986 4182 3986 3985
9867 3987 4183 3987 3986
9868 3988 4184 3988 3987
9869 3989 4185 3989 3988
9870 3990 4186 3990 3989
9871 3991 4187 3991 3990
9872 3992 4188 3992 3991
9873 3993 4189 3993 3992
9874 3994 4190 3994 3993
9875 3995 4191 3995 3994
9876 3996 4192 3996 3995
9877 3997 4193 3997 3996
9878 3998 4194 3998 3997
9879 3999 4195 3999 3998
9880 4000 4196 4000 3999
9881 4001 4197 4001 4000
9882 4002 4198 4002 4001
9883 4003 4199 4003 4002
9884 4004 4200 4004 4003
9885 4005 4201 4005 4004
9886 4006 4202 4006 4005
9887 4007 4203 4007 4006
9888 4008 4204 4008 4007
9889 4009 4205 4009 4008
9890 4010 4206 4010 4009
9891 4011 4207 4011 4010
9892 4012 4208 4012 4011
9893 4013 4209 4013 4012
9894 4014 4210 4014 4013
9895 4015 4211 4015 4014
9896 4016 4212 4016 4015
9897 4017 4213 4017 4016
9898 4018 4214 4018 4017
9899 4019 4215 4019 4018
9900 4020 4216 4020 4019
9901 4021 4217 4021 4020
9902 4022 4218 4022 4021
9903 4023 4219 4023 4022
9904 4024 4220 4024 4023
9905 4025 4221 4025 4024
9906 4026 4222 4026 4025
9907 4027 4223 4027 4026
9908 4028 4224 4028 4027
9909 4029 4225 4029 4028
9910 4030 4226 4030 4029
9911 4031 4227 4031 4030
9912 4032 4228 4032 4031
9913 4033 4229 4033 4032
9914 4034 4230 4034 4033
9915 4035 4231 4035 4034
9916 4036 4232 4036 4035
9917 4037 4233 4037 4036
9918 4038 4234 4038 4037
9919 4039 4235 4039 4038
9920 4040 4236 4040 4039
9921 4041 4237 4041 4040
9922 4042 4238 4042 4041
9923 4043 4239 4043 4042
9924 4044 4240 4044 4043
9925 4045 4241 4045 4044
9926 4046 4242 4046 4045
9927 4047 4243 4047 4046
9928 4048 4244 4048 4047
9929 4049 4245 4049 4048
9930 4050 4246 4050 4049
9931 4051 4247 4051 4050
9932 4052 4248 4052 4051
9933 4053 4249 4053 4052
9934 4054 4250 4054 4053
9935 4055 4251 4055 4054
9936 4056 4252 4056 4055
9937 4057 4253 4057 4056
9938 4058 4254 4058 4057
9939 4059 4255 4059 4058
9940 4060 4256 4060 4059
9941 4061 4257 4061 4060
9942 4062 4258 4062 4061
9943 4063 4259 4063 4062
9944 4064 4260 4064 4063
9945 4065 4261 4065 4064
9946 4066 4262 4066 4065
9947 4067 4263 4067 4066
9948 4068 4264 4068 4067
9949 4069 4265 4069 4068
9950 4070 4266 4070 4069
9951 4071 4267 4071 4070
9952 4072 4268 4072 4071
9953 4073 4269 4073 4072
9954 4074 4270 4074 4073
9955 4075 4271 4075 4074
9956 4076 4272 4076 4075
9957 4077 4273 4077 4076
9958 4078 4274 4078 4077
9959 4079 4275 4079 4078
9960 4080 4276 4080 4079
9961 4081 4277 4081 4080
9962 4082 4278 4082 4081
9963 4083 4279 4083 4082
9964 4084 4280 4084 4083
9965 4085 4281 4085 4084
9966 4086 4282 4086 4085
9967 4087 4283 4087 4086
9968 4088 4284 4088 4087
9969 4089 4285 4089 4088
9970 4090 4286 4090 4089
9971 4091 4287 4091 4090
9972 4092 4288 4092 4091
9973 4093 4289 4093 4092
9974 4094 4290 4094 4093
9975 4095 4291 4095 4094
9976 4096 4292 4096 4095
9977 4097 4293 4097 4096
9978 4098 4294 4098 4097
9979 4099 4295 4099 4098
9980 4100 4296 4100 4099
9981 4101 4297 4101 4100
9982 4102 4298 4102 4101
9983 4103 4299 4103 4102
9984 4104 4300 4104 4103
9985 4105 4301 4105 4104
9986 4106 4302 4106 4105
9987 4107 4303 4107 4106
9988 4108 4304 4108 4107
9989 4109 4305 4109 4108
9990 4110 4306 4110 4109
9991 4111 4307 4111 4110
9992 4112 4308 4112 4111
9993 4113 4309 4113 4112
9994 4114 4310 4114 4113
9995 4115 4311 4115 4114
9996 4116 4312 4116 4115
9997 4117 4313 4117 4312
9998 4118 4314 4118 4117
9999 4119 4315 4119 4118
10000 4120 4316 4120 4119
10001 4121 4317 4121 4120
10002 4122 4318 4122 4121
10003 4123 4319 4123 4122
10004 4124 4320 4124 4123
10005 4125 4321 4125 4124
10006 4126 4322 4126 4125
10007 4127 4323 4127 4126
10008 4128 4324 4128 4127
10009 4129 4325 4129 4128
10010 4130 4326 4130 4129
10011 4131 4327 4131 4130
10012 4132 4328 4132 4131
10013 4133 4329 4133 4132
10014 4134 4330 4134 4133
10015 4135 4331 4135 4134
10016 4136 4332 4136 4135
10017 4137 4333 4137 4136
10018 4138 4334 4138 4137
10019 4139 4335 4139 4138
10020 4140 4336 4140 4139
10021 4141 4337 4141 4140
10022 4142 4338 4142 4141
10023 4143 4339 4143 4142
10024 4144 4340 4144 4143
10025 4145 4341 4145 4144
10026 4146 4342 4146 4145
10027 4147 4343 4147 4146
10028 4148 4344 4148 4147
10029 4149 4345 4149 4148
10030 4150 4346 4150 4149
10031 4151 4347 4151 4150
10032 4152 4348 4152 4151
10033 4153 4349 4153 4152
10034 4154 4350 4154 4153
10035 4155 4351 4155 4154
10036 4156 4352 4156 4155
10037 4157 4353 4157 4156
10038 4158 4354 4158 4157
10039 4159 4355 4159 4158
10040 4160 4356 4160 4159
10041 4161 4357 4161 4160
10042 4162 4358 4162 4161
10043 4163 4359 4163 4162
10044 4164 4360 4164 4163
10045 4165 4361 4165 4164
10046 4166 4362 4166 4165
10047 4167 4363 4167 4166
10048 4168 4364 4168 4167
10049 4169 4365 4169 4168
10050 4170 4366 4170 4169
10051 4171 4367 4171 4170
10052 4172 4368 4172 4171
10053 4173 4369 4173 4172
10054 4174 4370 4174 4173
10055 4175 4371 4175 4174
10056 4176 4372 4176 4175
10057 4177 4373 4177 4176
10058 4178 4374 4178 4177
10059 4179 4375 4179 4178
10060 4180 4376 4180 4179
10061 4181 4377 4181 4180
10062 4182 4378 4182 4181
10063 4183 4379 4183 4182
10064 4184 4380 4184 4183
10065 4185 4381 4185 4184
10066 4186 4382 4186 4185
10067 4187 4383 4187 4186
10068 4188 4384 4188 4187
10069 4189 4385 4189 4188
10070 4190 4386 4190 4189
10071 4191 4387 4191 4190
10072 4192 4388 4192 4191
10073 4193 4389 4193 4192
10074 4194 4390 4194 4193
10075 4195 4391 4195 4194
10076 4196 4392 4196 4195
10077 4197 4393 4197 4196
10078 4198 4394 4198 4197
10079 4199 4395 4199 4198
10080 4200 4396 4200 4199
10081 4201 4397 4201 4200
10082 4202 4398 4202 4201
10083 4203 4399 4203 4202
10084 4204 4400 4204 4203
10085 4205 4401 4205 4204
10086 4206 4402 4206 4205
10087 4207 4403 4207 4206
10088 4208 4404 4208 4207
10089 4209 4405 4209 4208
10090 4210 4406 4210 4209
10091 4211 4407 4211 4210
10092 4212 4408 4212 4211
10093 4213 4409 4213 4212
10094 4214 4410 4214 4213
10095 4215 4411 4215 4214
10096 4216 4412 4216 4215
10097 4217 4413 4217 4216
10098 4218 4414 4218 4217
10099 4219 4415 4219 4218
10100 4220 4416 4220 4219
10101 4221 4417 4221 4220
10102 4222 4418 4222 4221
10103 4223 4419 4223 4222
10104 4224 4420 4224 4223
10105 4225 4421 4225 4224
10106 4226 4422 4226 4225
10107 4227 4423 4227 4226
10108 4228 4424 4228 4227
10109 4229 4425 4229 4228
10110 4230 4426 4230 4229
10111 4231 4427 4231 4230
10112 4232 4428 4232 4231
10113 4233 4429 4233 4232
10114 4234 4430 4234 4233
10115 4235 4431 4235 4234
10116 4236 4432 4236 4235
10117 4237 4433 4237 4236
10118 4238 4434 4238 4237
10119 4239 4435 4239 4238
10120 4240 4436 4240 4239
10121 4241 4437 4241 4240
10122 4242 4438 4242 4241
10123 4243 4439 4243 4242
10124 4244 4440 4244 4243
10125 4245 4441 4245 4244
10126 4246 4442 4246 4245
10127 4247 4443 4247 4246
10128 4248 4444 4248 4247
10129 4249 4445 4249 4248
10130 4250 4446 4250 4249
10131 4251 4447 4251 4250
10132 4252 4448 4252 4251
10133 4253 4449 4253 4252
10134 4254 4450 4254 4253
10135 4255 4451 4255 4254
10136 4256 4452 4256 4255
10137 4257 4453 4257 4256
10138 4258 4454 4258 4257
10139 4259 4455 4259 4258
10140 4260 4456 4260 4259
10141 4261 4457 4261 4260
10142 4262 4458 4262 4261
10143 4263 4459 4263 4262
10144 4264 4460 4264 4263
10145 4265 4461 4265 4264
10146 4266 4462 4266 4265
10147 4267 4463 4267 4266
10148 4268 4464 4268 4267
10149 4269 4465 4269 4268
10150 4270 4466 4270 4269
10151 4271 4467 4271 4270
10152 4272 4468 4272 4271
10153 4273 4469 4273 4272
10154 4274 4470 4274 4273
10155 4275 4471 4275 4274
10156 4276 4472 4276 4275
10157 4277 4473 4277 4276
10158 4278 4474 4278 4277
10159 4279 4475 4279 4278
10160 4280 4476 4280 4279
10161 4281 4477 4281 4280
10162 4282 4478 4282 4281
10163 4283 4479 4283 4282
10164 4284 4480 4284 4283
10165 4285 4481 4285 4284
10166 4286 4482 4286 4285
10167 4287 4483 4287 4286
10168 4288 4484 4288 4287
10169 4289 4485 4289 4288
10170 4290 4486 4290 4289
10171 4291 4487 4291 4290
10172 4292 4488 4292 4291
10173 4293 4489 4293 4292
10174 4294 4490 4294 4293
10175 4295 4491 4295 4294
10176 4296 4492 4296 4295
10177 4297 4493 4297 4296
10178 4298 4494 4298 4297
10179 4299 4495 4299 4298
10180 4300 4496 4300 4299
10181 4301 4497 4301 4300
10182 4302 4498 4302 4301
10183 4303 4499 4303 4302
10184 4304 4500 4304 4303
10185 4305 4501 4305 4304
10186 4306 4502 4306 4305
10187 4307 4503 4307 4306
10188 4308 4504 4308 4307
10189 4309 4505 4309 4308
10190 4310 4506 4310 4309
10191 4311 4507 4311 4310
10192 4312 4508 4312 4311
10193 4313 4509 4313 4508
10194 4314 4510 4314 4313
10195 4315 4511 4315 4314
10196 4316 4512 4316 4315
10197 4317 4513 4317 4316
10198 4318 4514 4318 4317
10199 4319 4515 4319 4318
10200 4320 4516 4320 4319
10201 4321 4517 4321 4320
10202 4322 4518 4322 4321
10203 4323 4519 4323 4322
10204 4324 4520 4324 4323
10205 4325 4521 4325 4324
10206 4326 4522 4326 4325
10207 4327 4523 4327 4326
10208 4328 4524 4328 4327
10209 4329 4525 4329 4328
10210 4330 4526 4330 4329
10211 4331 4527 4331 4330
10212 4332 4528 4332 4331
10213 4333 4529 4333 4332
10214 4334 4530 4334 4333
10215 4335 4531 4335 4334
10216 4336 4532 4336 4335
10217 4337 4533 4337 4336
10218 4338 4534 4338 4337
10219 4339 4535 4339 4338
10220 4340 4536 4340 4339
10221 4341 4537 4341 4340
10222 4342 4538 4342 4341
10223 4343 4539 4343 4342
10224 4344 4540 4344 4343
10225 4345 4541 4345 4344
10226 4346 4542 4346 4345
10227 4347 4543 4347 4346
10228 4348 4544 4348 4347
10229 4349 4545 4349 4348
10230 4350 4546 4350 4349
10231 4351 4547 4351 4350
10232 4352 4548 4352 4351
10233 4353 4549 4353 4352
10234 4354 4550 4354 4353
10235 4355 4551 4355 4354
10236 4356 4552 4356 4355
10237 4357 4553 4357 4356
10238 4358 4554 4358 4357
10239 4359 4555 4359 4358
10240 4360 4556 4360 4359
10241 4361 4557 4361 4360
10242 4362 4558 4362 4361
10243 4363 4559 4363 4362
10244 4364 4560 4364 4363
10245 4365 4561 4365 4364
10246 4366 4562 4366 4365
10247 4367 4563 4367 4366
10248 4368 4564 4368 4367
10249 4369 4565 4369 4368
10250 4370 4566 4370 4369
10251 4371 4567 4371 4370
10252 4372 4568 4372 4371
10253 4373 4569 4373 4372
10254 4374 4570 4374 4373
10255 4375 4571 4375 4374
10256 4376 4572 4376 4375
10257 4377 4573 4377 4376
10258 4378 4574 4378 4377
10259 4379 4575 4379 4378
10260 4380 4576 4380 4379
10261 4381 4577 4381 4380
10262 4382 4578 4382 4381
10263 4383 4579 4383 4382
10264 4384 4580 4384 4383
10265 4385 4581 4385 4384
10266 4386 4582 4386 4385
10267 4387 4583 4387 4386
10268 4388 4584 4388 4387
10269 4389 4585 4389 4388
10270 4390 4586 4390 4389
10271 4391 4587 4391 4390
10272 4392 4588 4392 4391
10273 4393 4589 4393 4392
10274 4394 4590 4394 4393
10275 4395 4591 4395 4394
10276 4396 4592 4396 4395
10277 4397 4593 4397 4396
10278 4398 4594 4398 4397
10279 4399 4595 4399 4398
10280 4400 4596 4400 4399
10281 4401 4597 4401 4400
10282 4402 4598 4402 4401
10283 4403 4599 4403 4402
10284 4404 4600 4404 4403
10285 4405 4601 4405 4404
10286 4406 4602 4406 4405
10287 4407 4603 4407 4406
10288 4408 4604 4408 4407
10289 4409 4605 4409 4408
10290 4410 4606 4410 4409
10291 4411 4607 4411 4410
10292 4412 4608 4412 4411
10293 4413 4609 4413 4412
10294 4414 4610 4414 4413
10295 4415 4611 4415 4414
10296 4416 4612 4416 4415
10297 4417 4613 4417 4416
10298 4418 4614 4418 4417
10299 4419 4615 4419 4418
10300 4420 4616 4420 4419
10301 4421 4617 4421 4420
10302 4422 4618 4422 4421
10303 4423 4619 4423 4422
10304 4424 4620 4424 4423
10305 4425 4621 4425 4424
10306 4426 4622 4426 4425
10307 4427 4623 4427 4426
10308 4428 4624 4428 4427
10309 4429 4625 4429 4428
10310 4430 4626 4430 4429
10311 4431 4627 4431 4430
10312 4432 4628 4432 4431
10313 4433 4629 4433 4432
10314 4434 4630 4434 4433
10315 4435 4631 4435 4434
10316 4436 4632 4436 4435
10317 4437 4633 4437 4436
10318 4438 4634 4438 4437
10319 4439 4635 4439 4438
10320 4440 4636 4440 4439
10321 4441 4637 4441 4440
10322 4442 4638 4442 4441
10323 4443 4639 4443 4442
10324 4444 4640 4444 4443
10325 4445 4641 4445 4444
10326 4446 4642 4446 4445
10327 4447 4643 4447 4446
10328 4448 4644 4448 4447
10329 4449 4645 4449 4448
10330 4450 4646 4450 4449
10331 4451 4647 4451 4450
10332 4452 4648 4452 4451
10333 4453 4649 4453 4452
10334 4454 4650 4454 4453
10335 4455 4651 4455 4454
10336 4456 4652 4456 4455
10337 4457 4653 4457 4456
10338 4458 4654 4458 4457
10339 4459 4655 4459 4458
10340 4460 4656 4460 4459
10341 4461 4657 4461 4460
10342 4462 4658 4462 4461
10343 4463 4659 4463 4462
10344 4464 4660 4464 4463
10345 4465 4661 4465 4464
10346 4466 4662 4466 4465
10347 4467 4663 4467 4466
10348 4468 4664 4468 4467
10349 4469 4665 4469 4468
10350 4470 4666 4470 4469
10351 4471 4667 4471 4470
10352 4472 4668 4472 4471
10353 4473 4669 4473 4472
10354 4474 4670 4474 4473
10355 4475 4671 4475 4474
10356 4476 4672 4476 4475
10357 4477 4673 4477 4476
10358 4478 4674 4478 4477
10359 4479 4675 4479 4478
10360 4480 4676 4480 4479
10361 4481 4677 4481 4480
10362 4482 4678 4482 4481
10363 4483 4679 4483 4482
10364 4484 4680 4484 4483
10365 4485 4681 4485 4484
10366 4486 4682 4486 4485
10367 4487 4683 4487 4486
10368 4488 4684 4488 4487
10369 4489 4685 4489 4488
10370 4490 4686 4490 4489
10371 4491 4687 4491 4490
10372 4492 4688 4492 4491
10373 4493 4689 4493 4492
10374 4494 4690 4494 4493
10375 4495 4691 4495 4494
10376 4496 4692 4496 4495
10377 4497 4693 4497 4496
10378 4498 4694 4498 4497
10379 4499 4695 4499 4498
10380 4500 4696 4500 4499
10381 4501 4697 4501 4500
10382 4502 4698 4502 4501
10383 4503 4699 4503 4502
10384 4504 4700 4504 4503
10385 4505 4701 4505 4504
10386 4506 4702 4506 4505
10387 4507 4703 4507 4506
10388 4508 4704 4508 4507
10389 4509 4705 4509 4704
10390 4510 4706 4510 4509
10391 4511 4707 4511 4510
10392 4512 4708 4512 4511
10393 4513 4709 4513 4512
10394 4514 4710 4514 4513
10395 4515 4711 4515 4514
10396 4516 4712 4516 4515
10397 4517 4713 4517 4516
10398 4518 4714 4518 4517
10399 4519 4715 4519 4518
10400 4520 4716 4520 4519
10401 4521 4717 4521 4520
10402 4522 4718 4522 4521
10403 4523 4719 4523 4522
10404 4524 4720 4524 4523
10405 4525 4721 4525 4524
10406 4526 4722 4526 4525
10407 4527 4723 4527 4526
10408 4528 4724 4528 4527
10409 4529 4725 4529 4528
10410 4530 4726 4530 4529
10411 4531 4727 4531 4530
10412 4532 4728 4532 4531
10413 4533 4729 4533 4532
10414 4534 4730 4534 4533
10415 4535 4731 4535 4534
10416 4536 4732 4536 4535
10417 4537 4733 4537 4536
10418 4538 4734 4538 4537
10419 4539 4735 4539 4538
10420 4540 4736 4540 4539
10421 4541 4737 4541 4540
10422 4542 4738 4542 4541
10423 4543 4739 4543 4542
10424 4544 4740 4544 4543
10425 4545 4741 4545 4544
10426 4546 4742 4546 4545
10427 4547 4743 4547 4546
10428 4548 4744 4548 4547
10429 4549 4745 4549 4548
10430 4550 4746 4550 4549
10431 4551 4747 4551 4550
10432 4552 4748 4552 4551
10433 4553 4749 4553 4552
10434 4554 4750 4554 4553
10435 4555 4751 4555 4554
10436 4556 4752 4556 4555
10437 4557 4753 4557 4556
10438 4558 4754 4558 4557
10439 4559 4755 4559 4558
10440 4560 4756 4560 4559
10441 4561 4757 4561 4560
10442 4562 4758 4562 4561
10443 4563 4759 4563 4562
10444 4564 4760 4564 4563
10445 4565 4761 4565 4564
10446 4566 4762 4566 4565
10447 4567 4763 4567 4566
10448 4568 4764 4568 4567
10449 4569 4765 4569 4568
10450 4570 4766 4570 4569
10451 4571 4767 4571 4570
10452 4572 4768 4572 4571
10453 4573 4769 4573 4572
10454 4574 4770 4574 4573
10455 4575 4771 4575 4574
10456 4576 4772 4576 4575
10457 4577 4773 4577 4576
10458 4578 4774 4578 4577
10459 4579 4775 4579 4578
10460 4580 4776 4580 4579
10461 4581 4777 4581 4580
10462 4582 4778 4582 4581
10463 4583 4779 4583 4582
10464 4584 4780 4584 4583
10465 4585 4781 4585 4584
10466 4586 4782 4586 4585
10467 4587 4783 4587 4586
10468 4588 4784 4588 4587
10469 4589 4785 4589 4588
10470 4590 4786 4590 4589
10471 4591 4787 4591 4590
10472 4592 4788 4592 4591
10473 4593 4789 4593 4592
10474 4594 4790 4594 4593
10475 4595 4791 4595 4594
10476 4596 4792 4596 4595
10477 4597 4793 4597 4596
10478 4598 4794 4598 4597
10479 4599 4795 4599 4598
10480 4600 4796 4600 4599
10481 4601 4797 4601 4600
10482 4602 4798 4602 4601
10483 4603 4799 4603 4602
10484 4604 4800 4604 4603
10485 4605 4801 4605 4604
10486 4606 4802 4606 4605
10487 4607 4803 4607 4606
10488 4608 4804 4608 4607
10489 4609 4805 4609 4608
10490 4610 4806 4610 4609
10491 4611 4807 4611 4610
10492 4612 4808 4612 4611
10493 4613 4809 4613 4612
10494 4614 4810 4614 4613
10495 4615 4811 4615 4614
10496 4616 4812 4616 4615
10497 4617 4813 4617 4616
10498 4618 4814 4618 4617
10499 4619 4815 4619 4618
10500 4620 4816 4620 4619
10501 4621 4817 4621 4620
10502 4622 4818 4622 4621
10503 4623 4819 4623 4622
10504 4624 4820 4624 4623
10505 4625 4821 4625 4624
10506 4626 4822 4626 4625
10507 4627 4823 4627 4626
10508 4628 4824 4628 4627
10509 4629 4825 4629 4628
10510 4630 4826 4630 4629
10511 4631 4827 4631 4630
10512 4632 4828 4632 4631
10513 4633 4829 4633 4632
10514 4634 4830 4634 4633
10515 4635 4831 4635 4634
10516 4636 4832 4636 4635
10517 4637 4833 4637 4636
10518 4638 4834 4638 4637
10519 4639 4835 4639 4638
10520 4640 4836 4640 4639
10521 4641 4837 4641 4640
10522 4642 4838 4642 4641
10523 4643 4839 4643 4642
10524 4644 4840 4644 4643
10525 4645 4841 4645 4644
10526 4646 4842 4646 4645
10527 4647 4843 4647 4646
10528 4648 4844 4648 4647
10529 4649 4845 4649 4648
10530 4650 4846 4650 4649
10531 4651 4847 4651 4650
10532 4652 4848 4652 4651
10533 4653 4849 4653 4652
10534 4654 4850 4654 4653
10535 4655 4851 4655 4654
10536 4656 4852 4656 4655
10537 4657 4853 4657 4656
10538 4658 4854 4658 4657
10539 4659 4855 4659 4658
10540 4660 4856 4660 4659
10541 4661 4857 4661 4660
10542 4662 4858 4662 4661
10543 4663 4859 4663 4662
10544 4664 4860 4664 4663
10545 4665 4861 4665 4664
10546 4666 4862 4666 4665
10547 4667 4863 4667 4666
10548 4668 4864 4668 4667
10549 4669 4865 4669 4668
10550 4670 4866 4670 4669
10551 4671 4867 4671 4670
10552 4672 4868 4672 4671
10553 4673 4869 4673 4672
10554 4674 4870 4674 4673
10555 4675 4871 4675 4674
10556 4676 4872 4676 4675
10557 4677 4873 4677 4676
10558 4678 4874 4678 4677
10559 4679 4875 4679 4678
10560 4680 4876 4680 4679
10561 4681 4877 4681 4680
10562 4682 4878 4682 4681
10563 4683 4879 4683 4682
10564 4684 4880 4684 4683
10565 4685 4881 4685 4684
10566 4686 4882 4686 4685
10567 4687 4883 4687 4686
10568 4688 4884 4688 4687
10569 4689 4885 4689 4688
10570 4690 4886 4690 4689
10571 4691 4887 4691 4690
10572 4692 4888 4692 4691
10573 4693 4889 4693 4692
10574 4694 4890 4694 4693
10575 4695 4891 4695 4694
10576 4696 4892 4696 4695
10577 4697 4893 4697 4696
10578 4698 4894 4698 4697
10579 4699 4895 4699 4698
10580 4700 4896 4700 4699
10581 4701 4897 4701 4700
10582 4702 4898 4702 4701
10583 4703 4899 4703 4702
10584 4704 4900 4704 4703
10585 4705 4901 4705 4900
10586 4706 4902 4706 4705
10587 4707 4903 4707 4706
10588 4708 4904 4708 4707
10589 4709 4905 4709 4708
10590 4710 4906 4710 4709
10591 4711 4907 4711 4710
10592 4712 4908 4712 4711
10593 4713 4909 4713 4712
10594 4714 4910 4714 4713
10595 4715 4911 4715 4714
10596 4716 4912 4716 4715
10597 4717 4913 4717 4716
10598 4718 4914 4718 4717
10599 4719 4915 4719 4718
10600 4720 4916 4720 4719
10601 4721 4917 4721 4720
10602 4722 4918 4722 4721
10603 4723 4919 4723 4722
10604 4724 4920 4724 4723
10605 4725 4921 4725 4724
10606 4726 4922 4726 4725
10607 4727 4923 4727 4726
10608 4728 4924 4728 4727
10609 4729 4925 4729 4728
10610 4730 4926 4730 4729
10611 4731 4927 4731 4730
10612 4732 4928 4732 4731
10613 4733 4929 4733 4732
10614 4734 4930 4734 4733
10615 4735 4931 4735 4734
10616 4736 4932 4736 4735
10617 4737 4933 4737 4736
10618 4738 4934 4738 4737
10619 4739 4935 4739 4738
10620 4740 4936 4740 4739
10621 4741 4937 4741 4740
10622 4742 4938 4742 4741
10623 4743 4939 4743 4742
10624 4744 4940 4744 4743
10625 4745 4941 4745 4744
10626 4746 4942 4746 4745
10627 4747 4943 4747 4746
10628 4748 4944 4748 4747
10629 4749 4945 4749 4748
10630 4750 4946 4750 4749
10631 4751 4947 4751 4750
10632 4752 4948 4752 4751
10633 4753 4949 4753 4752
10634 4754 4950 4754 4753
10635 4755 4951 4755 4754
10636 4756 4952 4756 4755
10637 4757 4953 4757 4756
10638 4758 4954 4758 4757
10639 4759 4955 4759 4758
10640 4760 4956 4760 4759
10641 4761 4957 4761 4760
10642 4762 4958 4762 4761
10643 4763 4959 4763 4762
10644 4764 4960 4764 4763
10645 4765 4961 4765 4764
10646 4766 4962 4766 4765
10647 4767 4963 4767 4766
10648 4768 4964 4768 4767
10649 4769 4965 4769 4768
10650 4770 4966 4770 4769
10651 4771 4967 4771 4770
10652 4772 4968 4772 4771
10653 4773 4969 4773 4772
10654 4774 4970 4774 4773
10655 4775 4971 4775 4774
10656 4776 4972 4776 4775
10657 4777 4973 4777 4776
10658 4778 4974 4778 4777
10659 4779 4975 4779 4778
10660 4780 4976 4780 4779
10661 4781 4977 4781 4780
10662 4782 4978 4782 4781
10663 4783 4979 4783 4782
10664 4784 4980 4784 4783
10665 4785 4981 4785 4784
10666 4786 4982 4786 4785
10667 4787 4983 4787 4786
10668 4788 4984 4788 4787
10669 4789 4985 4789 4788
10670 4790 4986 4790 4789
10671 4791 4987 4791 4790
10672 4792 4988 4792 4791
10673 4793 4989 4793 4792
10674 4794 4990 4794 4793
10675 4795 4991 4795 4794
10676 4796 4992 4796 4795
10677 4797 4993 4797 4796
10678 4798 4994 4798 4797
10679 4799 4995 4799 4798
10680 4800 4996 4800 4799
10681 4801 4997 4801 4800
10682 4802 4998 4802 4801
10683 4803 4999 4803 4802
10684 4804 5000 4804 4803
10685 4805 5001 4805 4804
10686 4806 5002 4806 4805
10687 4807 5003 4807 4806
10688 4808 5004 4808 4807
10689 4809 5005 4809 4808
10690 4810 5006 4810 4809
10691 4811 5007 4811 4810
10692 4812 5008 4812 4811
10693 4813 5009 4813 4812
10694 4814 5010 4814 4813
10695 4815 5011 4815 4814
10696 4816 5012 4816 4815
10697 4817 5013 4817 4816
10698 4818 5014 4818 4817
10699 4819 5015 4819 4818
10700 4820 5016 4820 4819
10701 4821 5017 4821 4820
10702 4822 5018 4822 4821
10703 4823 5019 4823 4822
10704 4824 5020 4824 4823
10705 4825 5021 4825 4824
10706 4826 5022 4826 4825
10707 4827 5023 4827 4826
10708 4828 5024 4828 4827
10709 4829 5025 4829 4828
10710 4830 5026 4830 4829
10711 4831 5027 4831 4830
10712 4832 5028 4832 4831
10713 4833 5029 4833 4832
10714 4834 5030 4834 4833
10715 4835 5031 4835 4834
10716 4836 5032 4836 4835
10717 4837 5033 4837 4836
10718 4838 5034 4838 4837
10719 4839 5035 4839 4838
10720 4840 5036 4840 4839
10721 4841 5037 4841 4840
10722 4842 5038 4842 4841
10723 4843 5039 4843 4842
10724 4844 5040 4844 4843
10725 4845 5041 4845 4844
10726 4846 5042 4846 4845
10727 4847 5043 4847 4846
10728 4848 5044 4848 4847
10729 4849 5045 4849 4848
10730 4850 5046 4850 4849
10731 4851 5047 4851 4850
10732 4852 5048 4852 4851
10733 4853 5049 4853 4852
10734 4854 5050 4854 4853
10735 4855 5051 4855 4854
10736 4856 5052 4856 4855
10737 4857 5053 4857 4856
10738 4858 5054 4858 4857
10739 4859 5055 4859 4858
10740 4860 5056 4860 4859
10741 4861 5057 4861 4860
10742 4862 5058 4862 4861
10743 4863 5059 4863 4862
10744 4864 5060 4864 4863
10745 4865 5061 4865 4864
10746 4866 5062 4866 4865
10747 4867 5063 4867 4866
10748 4868 5064 4868 4867
10749 4869 5065 4869 4868
10750 4870 5066 4870 4869
10751 4871 5067 4871 4870
10752 4872 5068 4872 4871
10753 4873 5069 4873 4872
10754 4874 5070 4874 4873
10755 4875 5071 4875 4874
10756 4876 5072 4876 4875
10757 4877 5073 4877 4876
10758 4878 5074 4878 4877
10759 4879 5075 4879 4878
10760 4880 5076 4880 4879
10761 4881 5077 4881 4880
10762 4882 5078 4882 4881
10763 4883 5079 4883 4882
10764 4884 5080 4884 4883
10765 4885 5081 4885 4884
10766 4886 5082 4886 4885
10767 4887 5083 4887 4886
10768 4888 5084 4888 4887
10769 4889 5085 4889 4888
10770 4890 5086 4890 4889
10771 4891 5087 4891 4890
10772 4892 5088 4892 4891
10773 4893 5089 4893 4892
10774 4894 5090 4894 4893
10775 4895 5091 4895 4894
10776 4896 5092 4896 4895
10777 4897 5093 4897 4896
10778 4898 5094 4898 4897
10779 4899 5095 4899 4898
10780 4900 5096 4900 4899
10781 4901 5097 4901 5096
10782 4902 5098 4902 4901
10783 4903 5099 4903 4902
10784 4904 5100 4904 4903
10785 4905 5101 4905 4904
10786 4906 5102 4906 4905
10787 4907 5103 4907 4906
10788 4908 5104 4908 4907
10789 4909 5105 4909 4908
10790 4910 5106 4910 4909
10791 4911 5107 4911 4910
10792 4912 5108 4912 4911
10793 4913 5109 4913 4912
10794 4914 5110 4914 4913
10795 4915 5111 4915 4914
10796 4916 5112 4916 4915
10797 4917 5113 4917 4916
10798 4918 5114 4918 4917
10799 4919 5115 4919 4918
10800 4920 5116 4920 4919
10801 4921 5117 4921 4920
10802 4922 5118 4922 4921
10803 4923 5119 4923 4922
10804 4924 5120 4924 4923
10805 4925 5121 4925 4924
10806 4926 5122 4926 4925
10807 4927 5123 4927 4926
10808 4928 5124 4928 4927
10809 4929 5125 4929 4928
10810 4930 5126 4930 4929
10811 4931 5127 4931 4930
10812 4932 5128 4932 4931
10813 4933 5129 4933 4932
10814 4934 5130 4934 4933
10815 4935 5131 4935 4934
10816 4936 5132 4936 4935
10817 4937 5133 4937 4936
10818 4938 5134 4938 4937
10819 4939 5135 4939 4938
10820 4940 5136 4940 4939
10821 4941 5137 4941 4940
10822 4942 5138 4942 4941
10823 4943 5139 4943 4942
10824 4944 5140 4944 4943
10825 4945 5141 4945 4944
10826 4946 5142 4946 4945
10827 4947 5143 4947 4946
10828 4948 5144 4948 4947
10829 4949 5145 4949 4948
10830 4950 5146 4950 4949
10831 4951 5147 4951 4950
10832 4952 5148 4952 4951
10833 4953 5149 4953 4952
10834 4954 5150 4954 4953
10835 4955 5151 4955 4954
10836 4956 5152 4956 4955
10837 4957 5153 4957 4956
10838 4958 5154 4958 4957
10839 4959 5155 4959 4958
10840 4960 5156 4960 4959
10841 4961 5157 4961 4960
10842 4962 5158 4962 4961
10843 4963 5159 4963 4962
10844 4964 5160 4964 4963
10845 4965 5161 4965 4964
10846 4966 5162 4966 4965
10847 4967 5163 4967 4966
10848 4968 5164 4968 4967
10849 4969 5165 4969 4968
10850 4970 5166 4970 4969
10851 4971 5167 4971 4970
10852 4972 5168 4972 4971
10853 4973 5169 4973 4972
10854 4974 5170 4974 4973
10855 4975 5171 4975 4974
10856 4976 5172 4976 4975
10857 4977 5173 4977 4976
10858 4978 5174 4978 4977
10859 4979 5175 4979 4978
10860 4980 5176 4980 4979
10861 4981 5177 4981 4980
10862 4982 5178 4982 4981
10863 4983 5179 4983 4982
10864 4984 5180 4984 4983
10865 4985 5181 4985 4984
10866 4986 5182 4986 4985
10867 4987 5183 4987 4986
10868 4988 5184 4988 4987
10869 4989 5185 4989 4988
10870 4990 5186 4990 4989
10871 4991 5187 4991 4990
10872 4992 5188 4992 4991
10873 4993 5189 4993 4992
10874 4994 5190 4994 4993
10875 4995 5191 4995 4994
10876 4996 5192 4996 4995
10877 4997 5193 4997 4996
10878 4998 5194 4998 4997
10879 4999 5195 4999 4998
10880 5000 5196 5000 4999
10881 5001 5197 5001 5000
10882 5002 5198 5002 5001
10883 5003 5199 5003 5002
10884 5004 5200 5004 5003
10885 5005 5201 5005 5004
10886 5006 5202 5006 5005
10887 5007 5203 5007 5006
10888 5008 5204 5008 5007
10889 5009 5205 5009 5008
10890 5010 5206 5010 5009
10891 5011 5207 5011 5010
10892 5012 5208 5012 5011
10893 5013 5209 5013 5012
10894 5014 5210 5014 5013
10895 5015 5211 5015 5014
10896 5016 5212 5016 5015
10897 5017 5213 5017 5016
10898 5018 5214 5018 5017
10899 5019 5215 5019 5018
10900 5020 5216 5020 5019
10901 5021 5217 5021 5020
10902 5022 5218 5022 5021
10903 5023 5219 5023 5022
10904 5024 5220 5024 5023
10905 5025 5221 5025 5024
10906 5026 5222 5026 5025
10907 5027 5223 5027 5026
10908 5028 5224 5028 5027
10909 5029 5225 5029 5028
10910 5030 5226 5030 5029
10911 5031 5227 5031 5030
10912 5032 5228 5032 5031
10913 5033 5229 5033 5032
10914 5034 5230 5034 5033
10915 5035 5231 5035 5034
10916 5036 5232 5036 5035
10917 5037 5233 5037 5036
10918 5038 5234 5038 5037
10919 5039 5235 5039 5038
10920 5040 5236 5040 5039
10921 5041 5237 5041 5040
10922 5042 5238 5042 5041
10923 5043 5239 5043 5042
10924 5044 5240 5044 5043
10925 5045 5241 5045 5044
10926 5046 5242 5046 5045
10927 5047 5243 5047 5046
10928 5048 5244 5048 5047
10929 5049 5245 5049 5048
10930 5050 5246 5050 5049
10931 5051 5247 5051 5050
10932 5052 5248 5052 5051
10933 5053 5249 5053 5052
10934 5054 5250 5054 5053
10935 5055 5251 5055 5054
10936 5056 5252 5056 5055
10937 5057 5253 5057 5056
10938 5058 5254 5058 5057
10939 5059 5255 5059 5058
10940 5060 5256 5060 5059
10941 5061 5257 5061 5060
10942 5062 5258 5062 5061
10943 5063 5259 5063 5062
10944 5064 5260 5064 5063
10945 5065 5261 5065 5064
10946 5066 5262 5066 5065
10947 5067 5263 5067 5066
10948 5068 5264 5068 5067
10949 5069 5265 5069 5068
10950 5070 5266 5070 5069
10951 5071 5267 5071 5070
10952 5072 5268 5072 5071
10953 5073 5269 5073 5072
10954 5074 5270 5074 5073
10955 5075 5271 5075 5074
10956 5076 5272 5076 5075
10957 5077 5273 5077 5076
10958 5078 5274 5078 5077
10959 5079 5275 5079 5078
10960 5080 5276 5080 5079
10961 5081 5277 5081 5080
10962 5082 5278 5082 5081
10963 5083 5279 5083 5082
10964 5084 5280 5084 5083
10965 5085 5281 5085 5084
10966 5086 5282 5086 5085
10967 5087 5283 5087 5086
10968 5088 5284 5088 5087
10969 5089 5285 5089 5088
10970 5090 5286 5090 5089
10971 5091 5287 5091 5090
10972 5092 5288 5092 5091
10973 5093 5289 5093 5092
10974 5094 5290 5094 5093
10975 5095 5291 5095 5094
10976 5096 5292 5096 5095
10977 5097 5293 5097 5292
10978 5098 5294 5098 5097
10979 5099 5295 5099 5098
10980 5100 5296 5100 5099
10981 5101 5297 5101 5100
10982 5102 5298 5102 5101
10983 5103 5299 5103 5102
10984 5104 5300 5104 5103
10985 5105 5301 5105 5104
10986 5106 5302 5106 5105
10987 5107 5303 5107 5106
10988 5108 5304 5108 5107
10989 5109 5305 5109 5108
10990 5110 5306 5110 5109
10991 5111 5307 5111 5110
10992 5112 5308 5112 5111
10993 5113 5309 5113 5112
10994 5114 5310 5114 5113
10995 5115 5311 5115 5114
10996 5116 5312 5116 5115
10997 5117 5313 5117 5116
10998 5118 5314 5118 5117
10999 5119 5315 5119 5118
11000 5120 5316 5120 5119
11001 5121 5317 5121 5120
11002 5122 5318 5122 5121
11003 5123 5319 5123 5122
11004 5124 5320 5124 5123
11005 5125 5321 5125 5124
11006 5126 5322 5126 5125
11007 5127 5323 5127 5126
11008 5128 5324 5128 5127
11009 5129 5325 5129 5128
11010 5130 5326 5130 5129
11011 5131 5327 5131 5130
11012 5132 5328 5132 5131
11013 5133 5329 5133 5132
11014 5134 5330 5134 5133
11015 5135 5331 5135 5134
11016 5136 5332 5136 5135
11017 5137 5333 5137 5136
11018 5138 5334 5138 5137
11019 5139 5335 5139 5138
11020 5140 5336 5140 5139
11021 5141 5337 5141 5140
11022 5142 5338 5142 5141
11023 5143 5339 5143 5142
11024 5144 5340 5144 5143
11025 5145 5341 5145 5144
11026 5146 5342 5146 5145
11027 5147 5343 5147 5146
11028 5148 5344 5148 5147
11029 5149 5345 5149 5148
11030 5150 5346 5150 5149
11031 5151 5347 5151 5150
11032 5152 5348 5152 5151
11033 5153 5349 5153 5152
11034 5154 5350 5154 5153
11035 5155 5351 5155 5154
11036 5156 5352 5156 5155
11037 5157 5353 5157 5156
11038 5158 5354 5158 5157
11039 5159 5355 5159 5158
11040 5160 5356 5160 5159
11041 5161 5357 5161 5160
11042 5162 5358 5162 5161
11043 5163 5359 5163 5162
11044 5164 5360 5164 5163
11045 5165 5361 5165 5164
11046 5166 5362 5166 5165
11047 5167 5363 5167 5166
11048 5168 5364 5168 5167
11049 5169 5365 5169 5168
11050 5170 5366 5170 5169
11051 5171 5367 5171 5170
11052 5172 5368 5172 5171
11053 5173 5369 5173 5172
11054 5174 5370 5174 5173
11055 5175 5371 5175 5174
11056 5176 5372 5176 5175
11057 5177 5373 5177 5176
11058 5178 5374 5178 5177
11059 5179 5375 5179 5178
11060 5180 5376 5180 5179
11061 5181 5377 5181 5180
11062 5182 5378 5182 5181
11063 5183 5379 5183 5182
11064 5184 5380 5184 5183
11065 5185 5381 5185 5184
11066 5186 5382 5186 5185
11067 5187 5383 5187 5186
11068 5188 5384 5188 5187
11069 5189 5385 5189 5188
11070 5190 5386 5190 5189
11071 5191 5387 5191 5190
11072 5192 5388 5192 5191
11073 5193 5389 5193 5192
11074 5194 5390 5194 5193
11075 5195 5391 5195 5194
11076 5196 5392 5196 5195
11077 5197 5393 5197 5196
11078 5198 5394 5198 5197
11079 5199 5395 5199 5198
11080 5200 5396 5200 5199
11081 5201 5397 5201 5200
11082 5202 5398 5202 5201
11083 5203 5399 5203 5202
11084 5204 5400 5204 5203
11085 5205 5401 5205 5204
11086 5206 5402 5206 5205
11087 5207 5403 5207 5206
11088 5208 5404 5208 5207
11089 5209 5405 5209 5208
11090 5210 5406 5210 5209
11091 5211 5407 5211 5210
11092 5212 5408 5212 5211
11093 5213 5409 5213 5212
11094 5214 5410 5214 5213
11095 5215 5411 5215 5214
11096 5216 5412 5216 5215
11097 5217 5413 5217 5216
11098 5218 5414 5218 5217
11099 5219 5415 5219 5218
11100 5220 5416 5220 5219
11101 5221 5417 5221 5220
11102 5222 5418 5222 5221
11103 5223 5419 5223 5222
11104 5224 5420 5224 5223
11105 5225 5421 5225 5224
11106 5226 5422 5226 5225
11107 5227 5423 5227 5226
11108 5228 5424 5228 5227
11109 5229 5425 5229 5228
11110 5230 5426 5230 5229
11111 5231 5427 5231 5230
11112 5232 5428 5232 5231
11113 5233 5429 5233 5232
11114 5234 5430 5234 5233
11115 5235 5431 5235 5234
11116 5236 5432 5236 5235
11117 5237 5433 5237 5236
11118 5238 5434 5238 5237
11119 5239 5435 5239 5238
11120 5240 5436 5240 5239
11121 5241 5437 5241 5240
11122 5242 5438 5242 5241
11123 5243 5439 5243 5242
11124 5244 5440 5244 5243
11125 5245 5441 5245 5244
11126 5246 5442 5246 5245
11127 5247 5443 5247 5246
11128 5248 5444 5248 5247
11129 5249 5445 5249 5248
11130 5250 5446 5250 5249
11131 5251 5447 5251 5250
11132 5252 5448 5252 5251
11133 5253 5449 5253 5252
11134 5254 5450 5254 5253
11135 5255 5451 5255 5254
11136 5256 5452 5256 5255
11137 5257 5453 5257 5256
11138 5258 5454 5258 5257
11139 5259 5455 5259 5258
11140 5260 5456 5260 5259
11141 5261 5457 5261 5260
11142 5262 5458 5262 5261
11143 5263 5459 5263 5262
11144 5264 5460 5264 5263
11145 5265 5461 5265 5264
11146 5266 5462 5266 5265
11147 5267 5463 5267 5266
11148 5268 5464 5268 5267
11149 5269 5465 5269 5268
11150 5270 5466 5270 5269
11151 5271 5467 5271 5270
11152 5272 5468 5272 5271
11153 5273 5469 5273 5272
11154 5274 5470 5274 5273
11155 5275 5471 5275 5274
11156 5276 5472 5276 5275
11157 5277 5473 5277 5276
11158 5278 5474 5278 5277
11159 5279 5475 5279 5278
11160 5280 5476 5280 5279
11161 5281 5477 5281 5280
11162 5282 5478 5282 5281
11163 5283 5479 5283 5282
11164 5284 5480 5284 5283
11165 5285 5481 5285 5284
11166 5286 5482 5286 5285
11167 5287 5483 5287 5286
11168 5288 5484 5288 5287
11169 5289 5485 5289 5288
11170 5290 5486 5290 5289
11171 5291 5487 5291 5290
11172 5292 5488 5292 5291
11173 5293 5489 5293 5488
11174 5294 5490 5294 5293
11175 5295 5491 5295 5294
11176 5296 5492 5296 5295
11177 5297 5493 5297 5296
11178 5298 5494 5298 5297
11179 5299 5495 5299 5298
11180 5300 5496 5300 5299
11181 5301 5497 5301 5300
11182 5302 5498 5302 5301
11183 5303 5499 5303 5302
11184 5304 5500 5304 5303
11185 5305 5501 5305 5304
11186 5306 5502 5306 5305
11187 5307 5503 5307 5306
11188 5308 5504 5308 5307
11189 5309 5505 5309 5308
11190 5310 5506 5310 5309
11191 5311 5507 5311 5310
11192 5312 5508 5312 5311
11193 5313 5509 5313 5312
11194 5314 5510 5314 5313
11195 5315 5511 5315 5314
11196 5316 5512 5316 5315
11197 5317 5513 5317 5316
11198 5318 5514 5318 5317
11199 5319 5515 5319 5318
11200 5320 5516 5320 5319
11201 5321 5517 5321 5320
11202 5322 5518 5322 5321
11203 5323 5519 5323 5322
11204 5324 5520 5324 5323
11205 5325 5521 5325 5324
11206 5326 5522 5326 5325
11207 5327 5523 5327 5326
11208 5328 5524 5328 5327
11209 5329 5525 5329 5328
11210 5330 5526 5330 5329
11211 5331 5527 5331 5330
11212 5332 5528 5332 5331
11213 5333 5529 5333 5332
11214 5334 5530 5334 5333
11215 5335 5531 5335 5334
11216 5336 5532 5336 5335
11217 5337 5533 5337 5336
11218 5338 5534 5338 5337
11219 5339 5535 5339 5338
11220 5340 5536 5340 5339
11221 5341 5537 5341 5340
11222 5342 5538 5342 5341
11223 5343 5539 5343 5342
11224 5344 5540 5344 5343
11225 5345 5541 5345 5344
11226 5346 5542 5346 5345
11227 5347 5543 5347 5346
11228 5348 5544 5348 5347
11229 5349 5545 5349 5348
11230 5350 5546 5350 5349
11231 5351 5547 5351 5350
11232 5352 5548 5352 5351
11233 5353 5549 5353 5352
11234 5354 5550 5354 5353
11235 5355 5551 5355 5354
11236 5356 5552 5356 5355
11237 5357 5553 5357 5356
11238 5358 5554 5358 5357
11239 5359 5555 5359 5358
11240 5360 5556 5360 5359
11241 5361 5557 5361 5360
11242 5362 5558 5362 5361
11243 5363 5559 5363 5362
11244 5364 5560 5364 5363
11245 5365 5561 5365 5364
11246 5366 5562 5366 5365
11247 5367 5563 5367 5366
11248 5368 5564 5368 5367
11249 5369 5565 5369 5368
11250 5370 5566 5370 5369
11251 5371 5567 5371 5370
11252 5372 5568 5372 5371
11253 5373 5569 5373 5372
11254 5374 5570 5374 5373
11255 5375 5571 5375 5374
11256 5376 5572 5376 5375
11257 5377 5573 5377 5376
11258 5378 5574 5378 5377
11259 5379 5575 5379 5378
11260 5380 5576 5380 5379
11261 5381 5577 5381 5380
11262 5382 5578 5382 5381
11263 5383 5579 5383 5382
11264 5384 5580 5384 5383
11265 5385 5581 5385 5384
11266 5386 5582 5386 5385
11267 5387 5583 5387 5386
11268 5388 5584 5388 5387
11269 5389 5585 5389 5388
11270 5390 5586 5390 5389
11271 5391 5587 5391 5390
11272 5392 5588 5392 5391
11273 5393 5589 5393 5392
11274 5394 5590 5394 5393
11275 5395 5591 5395 5394
11276 5396 5592 5396 5395
11277 5397 5593 5397 5396
11278 5398 5594 5398 5397
11279 5399 5595 5399 5398
11280 5400 5596 5400 5399
11281 5401 5597 5401 5400
11282 5402 5598 5402 5401
11283 5403 5599 5403 5402
11284 5404 5600 5404 5403
11285 5405 5601 5405 5404
11286 5406 5602 5406 5405
11287 5407 5603 5407 5406
11288 5408 5604 5408 5407
11289 5409 5605 5409 5408
11290 5410 5606 5410 5409
11291 5411 5607 5411 5410
11292 5412 5608 5412 5411
11293 5413 5609 5413 5412
11294 5414 5610 5414 5413
11295 5415 5611 5415 5414
11296 5416 5612 5416 5415
11297 5417 5613 5417 5416
11298 5418 5614 5418 5417
11299 5419 5615 5419 5418
11300 5420 5616 5420 5419
11301 5421 5617 5421 5420
11302 5422 5618 5422 5421
11303 5423 5619 5423 5422
11304 5424 5620 5424 5423
11305 5425 5621 5425 5424
11306 5426 5622 5426 5425
11307 5427 5623 5427 5426
11308 5428 5624 5428 5427
11309 5429 5625 5429 5428
11310 5430 5626 5430 5429
11311 5431 5627 5431 5430
11312 5432 5628 5432 5431
11313 5433 5629 5433 5432
11314 5434 5630 5434 5433
11315 5435 5631 5435 5434
11316 5436 5632 5436 5435
11317 5437 5633 5437 5436
11318 5438 5634 5438 5437
11319 5439 5635 5439 5438
11320 5440 5636 5440 5439
11321 5441 5637 5441 5440
11322 5442 5638 5442 5441
11323 5443 5639 5443 5442
11324 5444 5640 5444 5443
11325 5445 5641 5445 5444
11326 5446 5642 5446 5445
11327 5447 5643 5447 5446
11328 5448 5644 5448 5447
11329 5449 5645 5449 5448
11330 5450 5646 5450 5449
11331 5451 5647 5451 5450
11332 5452 5648 5452 5451
11333 5453 5649 5453 5452
11334 5454 5650 5454 5453
11335 5455 5651 5455 5454
11336 5456 5652 5456 5455
11337 5457 5653 5457 5456
11338 5458 5654 5458 5457
11339 5459 5655 5459 5458
11340 5460 5656 5460 5459
11341 5461 5657 5461 5460
11342 5462 5658 5462 5461
11343 5463 5659 5463 5462
11344 5464 5660 5464 5463
11345 5465 5661 5465 5464
11346 5466 5662 5466 5465
11347 5467 5663 5467 5466
11348 5468 5664 5468 5467
11349 5469 5665 5469 5468
11350 5470 5666 5470 5469
11351 5471 5667 5471 5470
11352 5472 5668 5472 5471
11353 5473 5669 5473 5472
11354 5474 5670 5474 5473
11355 5475 5671 5475 5474
11356 5476 5672 5476 5475
11357 5477 5673 5477 5476
11358 5478 5674 5478 5477
11359 5479 5675 5479 5478
11360 5480 5676 5480 5479
11361 5481 5677 5481 5480
11362 5482 5678 5482 5481
11363 5483 5679 5483 5482
11364 5484 5680 5484 5483
11365 5485 5681 5485 5484
11366 5486 5682 5486 5485
11367 5487 5683 5487 5486
11368 5488 5684 5488 5487
11369 5489 5685 5489 5684
11370 5490 5686 5490 5489
11371 5491 5687 5491 5490
11372 5492 5688 5492 5491
11373 5493 5689 5493 5492
11374 5494 5690 5494 5493
11375 5495 5691 5495 5494
11376 5496 5692 5496 5495
11377 5497 5693 5497 5496
11378 5498 5694 5498 5497
11379 5499 5695 5499 5498
11380 5500 5696 5500 5499
11381 5501 5697 5501 5500
11382 5502 5698 5502 5501
11383 5503 5699 5503 5502
11384 5504 5700 5504 5503
11385 5505 5701 5505 5504
11386 5506 5702 5506 5505
11387 5507 5703 5507 5506
11388 5508 5704 5508 5507
11389 5509 5705 5509 5508
11390 5510 5706 5510 5509
11391 5511 5707 5511 5510
11392 5512 5708 5512 5511
11393 5513 5709 5513 5512
11394 5514 5710 5514 5513
11395 5515 5711 5515 5514
11396 5516 5712 5516 5515
11397 5517 5713 5517 5516
11398 5518 5714 5518 5517
11399 5519 5715 5519 5518
11400 5520 5716 5520 5519
11401 5521 5717 5521 5520
11402 5522 5718 5522 5521
11403 5523 5719 5523 5522
11404 5524 5720 5524 5523
11405 5525 5721 5525 5524
11406 5526 5722 5526 5525
11407 5527 5723 5527 5526
11408 5528 5724 5528 5527
11409 5529 5725 5529 5528
11410 5530 5726 5530 5529
11411 5531 5727 5531 5530
11412 5532 5728 5532 5531
11413 5533 5729 5533 5532
11414 5534 5730 5534 5533
11415 5535 5731 5535 5534
11416 5536 5732 5536 5535
11417 5537 5733 5537 5536
11418 5538 5734 5538 5537
11419 5539 5735 5539 5538
11420 5540 5736 5540 5539
11421 5541 5737 5541 5540
11422 5542 5738 5542 5541
11423 5543 5739 5543 5542
11424 5544 5740 5544 5543
11425 5545 5741 5545 5544
11426 5546 5742 5546 5545
11427 5547 5743 5547 5546
11428 5548 5744 5548 5547
11429 5549 5745 5549 5548
11430 5550 5746 5550 5549
11431 5551 5747 5551 5550
11432 5552 5748 5552 5551
11433 5553 5749 5553 5552
11434 5554 5750 5554 5553
11435 5555 5751 5555 5554
11436 5556 5752 5556 5555
11437 5557 5753 5557 5556
11438 5558 5754 5558 5557
11439 5559 5755 5559 5558
11440 5560 5756 5560 5559
11441 5561 5757 5561 5560
11442 5562 5758 5562 5561
11443 5563 5759 5563 5562
11444 5564 5760 5564 5563
11445 5565 5761 5565 5564
11446 5566 5762 5566 5565
11447 5567 5763 5567 5566
11448 5568 5764 5568 5567
11449 5569 5765 5569 5568
11450 5570 5766 5570 5569
11451 5571 5767 5571 5570
11452 5572 5768 5572 5571
11453 5573 5769 5573 5572
11454 5574 5770 5574 5573
11455 5575 5771 5575 5574
11456 5576 5772 5576 5575
11457 5577 5773 5577 5576
11458 5578 5774 5578 5577
11459 5579 5775 5579 5578
11460 5580 5776 5580 5579
11461 5581 5777 5581 5580
11462 5582 5778 5582 5581
11463 5583 5779 5583 5582
11464 5584 5780 5584 5583
11465 5585 5781 5585 5584
11466 5586 5782 5586 5585
11467 5587 5783 5587 5586
11468 5588 5784 5588 5587
11469 5589 5785 5589 5588
11470 5590 5786 5590 5589
11471 5591 5787 5591 5590
11472 5592 5788 5592 5591
11473 5593 5789 5593 5592
11474 5594 5790 5594 5593
11475 5595 5791 5595 5594
11476 5596 5792 5596 5595
11477 5597 5793 5597 5596
11478 5598 5794 5598 5597
11479 5599 5795 5599 5598
11480 5600 5796 5600 5599
11481 5601 5797 5601 5600
11482 5602 5798 5602 5601
11483 5603 5799 5603 5602
11484 5604 5800 5604 5603
11485 5605 5801 5605 5604
11486 5606 5802 5606 5605
11487 5607 5803 5607 5606
11488 5608 5804 5608 5607
11489 5609 5805 5609 5608
11490 5610 5806 5610 5609
11491 5611 5807 5611 5610
11492 5612 5808 5612 5611
11493 5613 5809 5613 5612
11494 5614 5810 5614 5613
11495 5615 5811 5615 5614
11496 5616 5812 5616 5615
11497 5617 5813 5617 5616
11498 5618 5814 5618 5617
11499 5619 5815 5619 5618
11500 5620 5816 5620 5619
11501 5621 5817 5621 5620
11502 5622 5818 5622 5621
11503 5623 5819 5623 5622
11504 5624 5820 5624 5623
11505 5625 5821 5625 5624
11506 5626 5822 5626 5625
11507 5627 5823 5627 5626
11508 5628 5824 5628 5627
11509 5629 5825 5629 5628
11510 5630 5826 5630 5629
11511 5631 5827 5631 5630
11512 5632 5828 5632 5631
11513 5633 5829 5633 5632
11514 5634 5830 5634 5633
11515 5635 5831 5635 5634
11516 5636 5832 5636 5635
11517 5637 5833 5637 5636
11518 5638 5834 5638 5637
11519 5639 5835 5639 5638
11520 5640 5836 5640 5639
11521 5641 5837 5641 5640
11522 5642 5838 5642 5641
11523 5643 5839 5643 5642
11524 5644 5840 5644 5643
11525 5645 5841 5645 5644
11526 5646 5842 5646 5645
11527 5647 5843 5647 5646
11528 5648 5844 5648 5647
11529 5649 5845 5649 5648
11530 5650 5846 5650 5649
11531 5651 5847 5651 5650
11532 5652 5848 5652 5651
11533 5653 5849 5653 5652
11534 5654 5850 5654 5653
11535 5655 5851 5655 5654
11536 5656 5852 5656 5655
11537 5657 5853 5657 5656
11538 5658 5854 5658 5657
11539 5659 5855 5659 5658
11540 5660 5856 5660 5659
11541 5661 5857 5661 5660
11542 5662 5858 5662 5661
11543 5663 5859 5663 5662
11544 5664 5860 5664 5663
11545 5665 5861 5665 5664
11546 5666 5862 5666 5665
11547 5667 5863 5667 5666
11548 5668 5864 5668 5667
11549 5669 5865 5669 5668
11550 5670 5866 5670 5669
11551 5671 5867 5671 5670
11552 5672 5868 5672 5671
11553 5673 5869 5673 5672
11554 5674 5870 5674 5673
11555 5675 5871 5675 5674
11556 5676 5872 5676 5675
11557 5677 5873 5677 5676
11558 5678 5874 5678 5677
11559 5679 5875 5679 5678
11560 5680 5876 5680 5679
11561 5681 5877 5681 5680
11562 5682 5878 5682 5681
11563 5683 5879 5683 5682
11564 5684 5880 5684 5683
(end)
cylinder
1 1 2 1 0
2 2 3 2 0
3 3 4 3 0
4 4 5 4 0
5 5 6 5 0
6 6 7 6 0
7 7 8 7 0
8 8 9 8 0
9 9 10 9 0
10 10 11 10 0
11 11 12 11 0
12 12 13 12 0
13 13 14 13 0
14 14 15 14 0
15 15 16 15 0
16 16 17 16 0
17 17 18 17 0
18 18 19 18 0
19 19 20 19 0
20 20 21 20 0
21 21 22 21 0
22 22 23 22 0
23 23 24 23 0
24 24 25 24 0
25 25 26 25 0
26 26 27 26 0
27 27 28 27 0
28 28 29 28 0
29 29 30 29 0
30 30 31 30 0
31 31 32 31 0
32 32 33 32 0
33 33 34 33 0
34 34 35 34 0
35 35 36 35 0
36 36 37 36 0
37 37 38 37 0
38 38 39 38 0
39 39 40 39 0
40 40 41 40 0
41 41 42 41 0
42 42 43 42 0
43 43 44 43 0
44 44 45 44 0
45 45 46 45 0
46 46 47 46 0
47 47 48 47 0
48 48 49 48 0
49 49 50 49 0
50 50 51 50 0
51 51 52 51 0
52 52 53 52 0
53 53 54 53 0
54 54 55 54 0
55 55 56 55 0
56 56 57 56 0
57 57 58 57 0
58 58 59 58 0
59 59 60 59 0
60 60 61 60 0
61 61 62 61 0
62 62 63 62 0
63 63 64 63 0
64 64 65 64 0
65 65 66 65 0
66 66 67 66 0
67 67 68 67 0
68 68 69 68 0
69 69 70 69 0
70 70 71 70 0
71 71 72 71 0
72 72 73 72 0
73 73 74 73 0
74 74 75 74 0
75 75 76 75 0
76 76 77 76 0
77 77 78 77 0
78 78 79 78 0
79 79 80 79 0
80 80 81 80 0
81 81 82 81 0
82 82 83 82 0
83 83 84 83 0
84 84 85 84 0
85 85 86 85 0
86 86 87 86 0
87 87 88 87 0
88 88 89 88 0
89 89 90 89 0
90 90 91 90 0
91 91 92 91 0
92 92 93 92 0
93 93 94 93 0
94 94 95 94 0
95 95 96 95 0
96 96 97 96 0
97 97 98 97 0
98 98 99 98 0
99 99 100 99 0
100 100 101 100 0
101 101 102 101 0
102 102 103 102 0
103 103 104 103 0
104 104 105 104 0
105 105 106 105 0
106 106 107 106 0
107 107 108 107 0
108 108 109 108 0
109 109 110 109 0
110 110 111 110 0
111 111 112 111 0
112 112 113 112 0
113 113 114 113 0
114 114 115 114 0
115 115 116 115 0
116 116 117 116 0
117 117 118 117 0
118 118 119 118 0
119 119 120 119 0
120 120 121 120 0
121 121 122 121 0
122 122 123 122 0
123 123 124 123 0
124 124 125 124 0
125 125 126 125 0
126 126 127 126 0
127 127 128 127 0
128 128 129 128 0
129 129 130 129 0
130 130 131 130 0
131 131 132 131 0
132 132 133 132 0
133 133 134 133 0
134 134 135 134 0
135 135 136 135 0
136 136 137 136 0
137 137 138 137 0
138 138 139 138 0
139 139 140 139 0
140 140 141 140 0
141 141 142 141 0
142 142 143 142 0
143 143 144 143 0
144 144 145 144 0
145 145 146 145 0
146 146 147 146 0
147 147 148 147 0
148 148 149 148 0
149 149 150 149 0
150 150 151 150 0
151 151 152 151 0
152 152 153 152 0
153 153 154 153 0
154 154 155 154 0
155 155 156 155 0
156 156 157 156 0
157 157 158 157 0
158 158 159 158 0
159 159 160 159 0
160 160 161 160 0
161 161 162 161 0
162 162 163 162 0
163 163 164 163 0
164 164 165 164 0
165 165 166 165 0
166 166 167 166 0
167 167 168 167 0
168 168 169 168 0
169 169 170 169 0
170 170 171 170 0
171 171 172 171 0
172 172 173 172 0
173 173 174 173 0
174 174 175 174 0
175 175 176 175 0
176 176 177 176 0
177 177 178 177 0
178 178 179 178 0
179 179 180 179 0
180 180 181 180 0
181 181 182 181 0
182 182 183 182 0
183 183 184 183 0
184 184 185 184 0
185 185 186 185 0
186 186 187 186 0
187 187 188 187 0
188 188 189 188 0
189 189 190 189 0
190 190 191 190 0
191 191 192 191 0
192 192 193 192 0
193 193 194 193 0
194 194 195 194 0
195 195 196 195 0
196 196 1 196 0
(end)
farfield
5685 5685 5686 5489 0
5686 5686 5687 5490 0
5687 5687 5688 5491 0
5688 5688 5689 5492 0
5689 5689 5690 5493 0
5690 5690 5691 5494 0
5691 5691 5692 5495 0
5692 5692 5693 5496 0
5693 5693 5694 5497 0
5694 5694 5695 5498 0
5695 5695 5696 5499 0
5696 5696 5697 5500 0
5697 5697 5698 5501 0
5698 5698 5699 5502 0
5699 5699 5700 5503 0
5700 5700 5701 5504 0
5701 5701 5702 5505 0
5702 5702 5703 5506 0
5703 5703 5704 5507 0
5704 5704 5705 5508 0
5705 5705 5706 5509 0
5706 5706 5707 5510 0
5707 5707 5708 5511 0
5708 5708 5709 5512 0
5709 5709 5710 5513 0
5710 5710 5711 5514 0
5711 5711 5712 5515 0
5712 5712 5713 5516 0
5713 5713 5714 5517 0
5714 5714 5715 5518 0
5715 5715 5716 5519 0
5716 5716 5717 5520 0
5717 5717 5718 5521 0
5718 5718 5719 5522 0
5719 5719 5720 5523 0
5720 5720 5721 5524 0
5721 5721 5722 5525 0
5722 5722 5723 5526 0
5723 5723 5724 5527 0
5724 5724 5725 5528 0
5725 5725 5726 5529 0
5726 5726 5727 5530 0
5727 5727 5728 5531 0
5728 5728 5729 5532 0
5729 5729 5730 5533 0
5730 5730 5731 5534 0
5731 5731 5732 5535 0
5732 5732 5733 5536 0
5733 5733 5734 5537 0
5734 5734 5735 5538 0
5735 5735 5736 5539 0
5736 5736 5737 5540 0
5737 5737 5738 5541 0
5738 5738 5739 5542 0
5739 5739 5740 5543 0
5740 5740 5741 5544 0
5741 5741 5742 5545 0
5742 5742 5743 5546 0
5743 5743 5744 5547 0
5744 5744 5745 5548 0
5745 5745 5746 5549 0
5746 5746 5747 5550 0
5747 5747 5748 5551 0
5748 5748 5749 5552 0
5749 5749 5750 5553 0
5750 5750 5751 5554 0
5751 5751 5752 5555 0
5752 5752 5753 5556 0
5753 5753 5754 5557 0
5754 5754 5755 5558 0
5755 5755 5756 5559 0
5756 5756 5757 5560 0
5757 5757 5758 5561 0
5758 5758 5759 5562 0
5759 5759 5760 5563 0
5760 5760 5761 5564 0
5761 5761 5762 5565 0
5762 5762 5763 5566 0
5763 5763 5764 5567 0
5764 5764 5765 5568 0
5765 5765 5766 5569 0
5766 5766 5767 5570 0
5767 5767 5768 5571 0
5768 5768 5769 5572 0
5769 5769 5770 5573 0
5770 5770 5771 5574 0
5771 5771 5772 5575 0
5772 5772 5773 5576 0
5773 5773 5774 5577 0
5774 5774 5775 5578 0
5775 5775 5776 5579 0
5776 5776 5777 5580 0
5777 5777 5778 5581 0
5778 5778 5779 5582 0
5779 5779 5780 5583 0
5780 5780 5781 5584 0
5781 5781 5782 5585 0
5782 5782 5783 5586 0
5783 5783 5784 5587 0
5784 5784 5785 5588 0
5785 5785 5786 5589 0
5786 5786 5787 5590 0
5787 5787 5788 5591 0
5788 5788 5789 5592 0
5789 5789 5790 5593 0
5790 5790 5791 5594 0
5791 5791 5792 5595 0
5792 5792 5793 5596 0
5793 5793 5794 5597 0
5794 5794 5795 5598 0
5795 5795 5796 5599 0
5796 5796 5797 5600 0
5797 5797 5798 5601 0
5798 5798 5799 5602 0
5799 5799 5800 5603 0
5800 5800 5801 5604 0
5801 5801 5802 5605 0
5802 5802 5803 5606 0
5803 5803 5804 5607 0
5804 5804 5805 5608 0
5805 5805 5806 5609 0
5806 5806 5807 5610 0
5807 5807 5808 5611 0
5808 5808 5809 5612 0
5809 5809 5810 5613 0
5810 5810 5811 5614 0
5811 5811 5812 5615 0
5812 5812 5813 5616 0
5813 5813 5814 5617 0
5814 5814 5815 5618 0
5815 5815 5816 5619 0
5816 5816 5817 5620 0
5817 5817 5818 5621 0
5818 5818 5819 5622 0
5819 5819 5820 5623 0
5820 5820 5821 5624 0
5821 5821 5822 5625 0
5822 5822 5823 5626 0
5823 5823 5824 5627 0
5824 5824 5825 5628 0
5825 5825 5826 5629 0
5826 5826 5827 5630 0
5827 5827 5828 5631 0
5828 5828 5829 5632 0
5829 5829 5830 5633 0
5830 5830 5831 5634 0
5831 5831 5832 5635 0
5832 5832 5833 5636 0
5833 5833 5834 5637 0
5834 5834 5835 5638 0
5835 5835 5836 5639 0
5836 5836 5837 5640 0
5837 5837 5838 5641 0
5838 5838 5839 5642 0
5839 5839 5840 5643 0
5840 5840 5841 5644 0
5841 5841 5842 5645 0
5842 5842 5843 5646 0
5843 5843 5844 5647 0
5844 5844 5845 5648 0
5845 5845 5846 5649 0
5846 5846 5847 5650 0
5847 5847 5848 5651 0
5848 5848 5849 5652 0
5849 5849 5850 5653 0
5850 5850 5851 5654 0
5851 5851 5852 5655 0
5852 5852 5853 5656 0
5853 5853 5854 5657 0
5854 5854 5855 5658 0
5855 5855 5856 5659 0
5856 5856 5857 5660 0
5857 5857 5858 5661 0
5858 5858 5859 5662 0
5859 5859 5860 5663 0
5860 5860 5861 5664 0
5861 5861 5862 5665 0
5862 5862 5863 5666 0
5863 5863 5864 5667 0
5864 5864 5865 5668 0
5865 5865 5866 5669 0
5866 5866 5867 5670 0
5867 5867 5868 5671 0
5868 5868 5869 5672 0
5869 5869 5870 5673 0
5870 5870 5871 5674 0
5871 5871 5872 5675 0
5872 5872 5873 5676 0
5873 5873 5874 5677 0
5874 5874 5875 5678 0
5875 5875 5876 5679 0
5876 5876 5877 5680 0
5877 5877 5878 5681 0
5878 5878 5879 5682 0
5879 5879 5880 5683 0
5880 5880 5685 5684 0
(end)
(end)
(cell)
1 1 197 5881 5882
2 2 198 5882 5883
3 3 199 5883 5884
4 4 200 5884 5885
5 5 201 5885 5886
6 6 202 5886 5887
7 7 203 5887 5888
8 8 204 5888 5889
9 9 205 5889 5890
10 10 206 5890 5891
11 11 207 5891 5892
12 12 208 5892 5893
13 13 209 5893 5894
14 14 210 5894 5895
15 15 211 5895 5896
16 16 212 5896 5897
17 17 213 5897 5898
18 18 214 5898 5899
19 19 215 5899 5900
20 20 216 5900 5901
21 21 217 5901 5902
22 22 218 5902 5903
23 23 219 5903 5904
24 24 220 5904 5905
25 25 221 5905 5906
26 26 222 5906 5907
27 27 223 5907 5908
28 28 224 5908 5909
29 29 225 5909 5910
30 30 226 5910 5911
31 31 227 5911 5912
32 32 228 5912 5913
33 33 229 5913 5914
34 34 230 5914 5915
35 35 231 5915 5916
36 36 232 5916 5917
37 37 233 5917 5918
38 38 234 5918 5919
39 39 235 5919 5920
40 40 236 5920 5921
41 41 237 5921 5922
42 42 238 5922 5923
43 43 239 5923 5924
44 44 240 5924 5925
45 45 241 5925 5926
46 46 242 5926 5927
47 47 243 5927 5928
48 48 244 5928 5929
49 49 245 5929 5930
50 50 246 5930 5931
51 51 247 5931 5932
52 52 248 5932 5933
53 53 249 5933 5934
54 54 250 5934 5935
55 55 251 5935 5936
56 56 252 5936 5937
57 57 253 5937 5938
58 58 254 5938 5939
59 59 255 5939 5940
60 60 256 5940 5941
61 61 257 5941 5942
62 62 258 5942 5943
63 63 259 5943 5944
64 64 260 5944 5945
65 65 261 5945 5946
66 66 262 5946 5947
67 67 263 5947 5948
68 68 264 5948 5949
69 69 265 5949 5950
70 70 266 5950 5951
71 71 267 5951 5952
72 72 268 5952 5953
73 73 269 5953 5954
74 74 270 5954 5955
75 75 271 5955 5956
76 76 272 5956 5957
77 77 273 5957 5958
78 78 274 5958 5959
79 79 275 5959 5960
80 80 276 5960 5961
81 81 277 5961 5962
82 82 278 5962 5963
83 83 279 5963 5964
84 84 280 5964 5965
85 85 281 5965 5966
86 86 282 5966 5967
87 87 283 5967 5968
88 88 284 5968 5969
89 89 285 5969 5970
90 90 286 5970 5971
91 91 287 5971 5972
92 92 288 5972 5973
93 93 289 5973 5974
94 94 290 5974 5975
95 95 291 5975 5976
96 96 292 5976 5977
97 97 293 5977 5978
98 98 294 5978 5979
99 99 295 5979 5980
100 100 296 5980 5981
101 101 297 5981 5982
102 102 298 5982 5983
103 103 299 5983 5984
104 104 300 5984 5985
105 105 301 5985 5986
106 106 302 5986 5987
107 107 303 5987 5988
108 108 304 5988 5989
109 109 305 5989 5990
110 110 306 5990 5991
111 111 307 5991 5992
112 112 308 5992 5993
113 113 309 5993 5994
114 114 310 5994 5995
115 115 311 5995 5996
116 116 312 5996 5997
117 117 313 5997 5998
118 118 314 5998 5999
119 119 315 5999 6000
120 120 316 6000 6001
121 121 317 6001 6002
122 122 318 6002 6003
123 123 319 6003 6004
124 124 320 6004 6005
125 125 321 6005 6006
126 126 322 6006 6007
127 127 323 6007 6008
128 128 324 6008 6009
129 129 325 6009 6010
130 130 326 6010 6011
131 131 327 6011 6012
132 132 328 6012 6013
133 133 329 6013 6014
134 134 330 6014 6015
135 135 331 6015 6016
136 136 332 6016 6017
137 137 333 6017 6018
138 138 334 6018 6019
139 139 335 6019 6020
140 140 336 6020 6021
141 141 337 6021 6022
142 142 338 6022 6023
143 143 339 6023 6024
144 144 340 6024 6025
145 145 341 6025 6026
146 146 342 6026 6027
147 147 343 6027 6028
148 148 344 6028 6029
149 149 345 6029 6030
150 150 346 6030 6031
151 151 347 6031 6032
152 152 348 6032 6033
153 153 349 6033 6034
154 154 350 6034 6035
155 155 351 6035 6036
156 156 352 6036 6037
157 157 353 6037 6038
158 158 354 6038 6039
159 159 355 6039 6040
160 160 356 6040 6041
161 161 357 6041 6042
162 162 358 6042 6043
163 163 359 6043 6044
164 164 360 6044 6045
165 165 361 6045 6046
166 166 362 6046 6047
167 167 363 6047 6048
168 168 364 6048 6049
169 169 365 6049 6050
170 170 366 6050 6051
171 171 367 6051 6052
172 172 368 6052 6053
173 173 369 6053 6054
174 174 370 6054 6055
175 175 371 6055 6056
176 176 372 6056 6057
177 177 373 6057 6058
178 178 374 6058 6059
179 179 375 6059 6060
180 180 376 6060 6061
181 181 377 6061 6062
182 182 378 6062 6063
183 183 379 6063 6064
184 184 380 6064 6065
185 185 381 6065 6066
186 186 382 6066 6067
187 187 383 6067 6068
188 188 384 6068 6069
189 189 385 6069 6070
190 190 386 6070 6071
191 191 387 6071 6072
192 192 388 6072 6073
193 193 389 6073 6074
194 194 390 6074 6075
195 195 391 6075 6076
196 196 392 6076 5881
197 197 393 6077 6078
198 198 394 6078 6079
199 199 395 6079 6080
200 200 396 6080 6081
201 201 397 6081 6082
202 202 398 6082 6083
203 203 399 6083 6084
204 204 400 6084 6085
205 205 401 6085 6086
206 206 402 6086 6087
207 207 403 6087 6088
208 208 404 6088 6089
209 209 405 6089 6090
210 210 406 6090 6091
211 211 407 6091 6092
212 212 408 6092 6093
213 213 409 6093 6094
214 214 410 6094 6095
215 215 411 6095 6096
216 216 412 6096 6097
217 217 413 6097 6098
218 218 414 6098 6099
219 219 415 6099 6100
220 220 416 6100 6101
221 221 417 6101 6102
222 222 418 6102 6103
223 223 419 6103 6104
224 224 420 6104 6105
225 225 421 6105 6106
226 226 422 6106 6107
227 227 423 6107 6108
228 228 424 6108 6109
229 229 425 6109 6110
230 230 426 6110 6111
231 231 427 6111 6112
232 232 428 6112 6113
233 233 429 6113 6114
234 234 430 6114 6115
235 235 431 6115 6116
236 236 432 6116 6117
237 237 433 6117 6118
238 238 434 6118 6119
239 239 435 6119 6120
240 240 436 6120 6121
241 241 437 6121 6122
242 242 438 6122 6123
243 243 439 6123 6124
244 244 440 6124 6125
245 245 441 6125 6126
246 246 442 6126 6127
247 247 443 6127 6128
248 248 444 6128 6129
249 249 445 6129 6130
250 250 446 6130 6131
251 251 447 6131 6132
252 252 448 6132 6133
253 253 449 6133 6134
254 254 450 6134 6135
255 255 451 6135 6136
256 256 452 6136 6137
257 257 453 6137 6138
258 258 454 6138 6139
259 259 455 6139 6140
260 260 456 6140 6141
261 261 457 6141 6142
262 262 458 6142 6143
263 263 459 6143 6144
264 264 460 6144 6145
265 265 461 6145 6146
266 266 462 6146 6147
267 267 463 6147 6148
268 268 464 6148 6149
269 269 465 6149 6150
270 270 466 6150 6151
271 271 467 6151 6152
272 272 468 6152 6153
273 273 469 6153 6154
274 274 470 6154 6155
275 275 471 6155 6156
276 276 472 6156 6157
277 277 473 6157 6158
278 278 474 6158 6159
279 279 475 6159 6160
280 280 476 6160 6161
281 281 477 6161 6162
282 282 478 6162 6163
283 283 479 6163 6164
284 284 480 6164 6165
285 285 481 6165 6166
286 286 482 6166 6167
287 287 483 6167 6168
288 288 484 6168 6169
289 289 485 6169 6170
290 290 486 6170 6171
291 291 487 6171 6172
292 292 488 6172 6173
293 293 489 6173 6174
294 294 490 6174 6175
295 295 491 6175 6176
296 296 492 6176 6177
297 297 493 6177 6178
298 298 494 6178 6179
299 299 495 6179 6180
300 300 496 6180 6181
301 301 497 6181 6182
302 302 498 6182 6183
303 303 499 6183 6184
304 304 500 6184 6185
305 305 501 6185 6186
306 306 502 6186 6187
307 307 503 6187 6188
308 308 504 6188 6189
309 309 505 6189 6190
310 310 506 6190 6191
311 311 507 6191 6192
312 312 508 6192 6193
313 313 509 6193 6194
314 314 510 6194 6195
315 315 511 6195 6196
316 316 512 6196 6197
317 317 513 6197 6198
318 318 514 6198 6199
319 319 515 6199 6200
320 320 516 6200 6201
321 321 517 6201 6202
322 322 518 6202 6203
323 323 519 6203 6204
324 324 520 6204 6205
325 325 521 6205 6206
326 326 522 6206 6207
327 327 523 6207 6208
328 328 524 6208 6209
329 329 525 6209 6210
330 330 526 6210 6211
331 331 527 6211 6212
332 332 528 6212 6213
333 333 529 6213 6214
334 334 530 6214 6215
335 335 531 6215 6216
336 336 532 6216 6217
337 337 533 6217 6218
338 338 534 6218 6219
339 339 535 6219 6220
340 340 536 6220 6221
341 341 537 6221 6222
342 342 538 6222 6223
343 343 539 6223 6224
344 344 540 6224 6225
345 345 541 6225 6226
346 346 542 6226 6227
347 347 543 6227 6228
348 348 544 6228 6229
349 349 545 6229 6230
350 350 546 6230 6231
351 351 547 6231 6232
352 352 548 6232 6233
353 353 549 6233 6234
354 354 550 6234 6235
355 355 551 6235 6236
356 356 552 6236 6237
357 357 553 6237 6238
358 358 554 6238 6239
359 359 555 6239 6240
360 360 556 6240 6241
361 361 557 6241 6242
362 362 558 6242 6243
363 363 559 6243 6244
364 364 560 6244 6245
365 365 561 6245 6246
366 366 562 6246 6247
367 367 563 6247 6248
368 368 564 6248 6249
369 369 565 6249 6250
370 370 566 6250 6251
371 371 567 6251 6252
372 372 568 6252 6253
373 373 569 6253 6254
374 374 570 6254 6255
375 375 571 6255 6256
376 376 572 6256 6257
377 377 573 6257 6258
378 378 574 6258 6259
379 379 575 6259 6260
380 380 576 6260 6261
381 381 577 6261 6262
382 382 578 6262 6263
383 383 579 6263 6264
384 384 580 6264 6265
385 385 581 6265 6266
386 386 582 6266 6267
387 387 583 6267 6268
388 388 584 6268 6269
389 389 585 6269 6270
390 390 586 6270 6271
391 391 587 6271 6272
392 392 588 6272 6077
393 393 589 6273 6274
394 394 590 6274 6275
395 395 591 6275 6276
396 396 592 6276 6277
397 397 593 6277 6278
398 398 594 6278 6279
399 399 595 6279 6280
400 400 596 6280 6281
401 401 597 6281 6282
402 402 598 6282 6283
403 403 599 6283 6284
404 404 600 6284 6285
405 405 601 6285 6286
406 406 602 6286 6287
407 407 603 6287 6288
408 408 604 6288 6289
409 409 605 6289 6290
410 410 606 6290 6291
411 411 607 6291 6292
412 412 608 6292 6293
413 413 609 6293 6294
414 414 610 6294 6295
415 415 611 6295 6296
416 416 612 6296 6297
417 417 613 6297 6298
418 418 614 6298 6299
419 419 615 6299 6300
420 420 616 6300 6301
421 421 617 6301 6302
422 422 618 6302 6303
423 423 619 6303 6304
424 424 620 6304 6305
425 425 621 6305 6306
426 426 622 6306 6307
427 427 623 6307 6308
428 428 624 6308 6309
429 429 625 6309 6310
430 430 626 6310 6311
431 431 627 6311 6312
432 432 628 6312 6313
433 433 629 6313 6314
434 434 630 6314 6315
435 435 631 6315 6316
436 436 632 6316 6317
437 437 633 6317 6318
438 438 634 6318 6319
439 439 635 6319 6320
440 440 636 6320 6321
441 441 637 6321 6322
442 442 638 6322 6323
443 443 639 6323 6324
444 444 640 6324 6325
445 445 641 6325 6326
446 446 642 6326 6327
447 447 643 6327 6328
448 448 644 6328 6329
449 449 645 6329 6330
450 450 646 6330 6331
451 451 647 6331 6332
452 452 648 6332 6333
453 453 649 6333 6334
454 454 650 6334 6335
455 455 651 6335 6336
456 456 652 6336 6337
457 457 653 6337 6338
458 458 654 6338 6339
459 459 655 6339 6340
460 460 656 6340 6341
461 461 657 6341 6342
462 462 658 6342 6343
463 463 659 6343 6344
464 464 660 6344 6345
465 465 661 6345 6346
466 466 662 6346 6347
467 467 663 6347 6348
468 468 664 6348 6349
469 469 665 6349 6350
470 470 666 6350 6351
471 471 667 6351 6352
472 472 668 6352 6353
473 473 669 6353 6354
474 474 670 6354 6355
475 475 671 6355 6356
476 476 672 6356 6357
477 477 673 6357 6358
478 478 674 6358 6359
479 479 675 6359 6360
480 480 676 6360 6361
481 481 677 6361 6362
482 482 678 6362 6363
483 483 679 6363 6364
484 484 680 6364 6365
485 485 681 6365 6366
486 486 682 6366 6367
487 487 683 6367 6368
488 488 684 6368 6369
489 489 685 6369 6370
490 490 686 6370 6371
491 491 687 6371 6372
492 492 688 6372 6373
493 493 689 6373 6374
494 494 690 6374 6375
495 495 691 6375 6376
496 496 692 6376 6377
497 497 693 6377 6378
498 498 694 6378 6379
499 499 695 6379 6380
500 500 696 6380 6381
501 501 697 6381 6382
502 502 698 6382 6383
503 503 699 6383 6384
504 504 700 6384 6385
505 505 701 6385 6386
506 506 702 6386 6387
507 507 703 6387 6388
508 508 704 6388 6389
509 509 705 6389 6390
510 510 706 6390 6391
511 511 707 6391 6392
512 512 708 6392 6393
513 513 709 6393 6394
514 514 710 6394 6395
515 515 711 6395 6396
516 516 712 6396 6397
517 517 713 6397 6398
518 518 714 6398 6399
519 519 715 6399 6400
520 520 716 6400 6401
521 521 717 6401 6402
522 522 718 6402 6403
523 523 719 6403 6404
524 524 720 6404 6405
525 525 721 6405 6406
526 526 722 6406 6407
527 527 723 6407 6408
528 528 724 6408 6409
529 529 725 6409 6410
530 530 726 6410 6411
531 531 727 6411 6412
532 532 728 6412 6413
533 533 729 6413 6414
534 534 730 6414 6415
535 535 731 6415 6416
536 536 732 6416 6417
537 537 733 6417 6418
538 538 734 6418 6419
539 539 735 6419 6420
540 540 736 6420 6421
541 541 737 6421 6422
542 542 738 6422 6423
543 543 739 6423 6424
544 544 740 6424 6425
545 545 741 6425 6426
546 546 742 6426 6427
547 547 743 6427 6428
548 548 744 6428 6429
549 549 745 6429 6430
550 550 746 6430 6431
551 551 747 6431 6432
552 552 748 6432 6433
553 553 749 6433 6434
554 554 750 6434 6435
555 555 751 6435 6436
556 556 752 6436 6437
557 557 753 6437 6438
558 558 754 6438 6439
559 559 755 6439 6440
560 560 756 6440 6441
561 561 757 6441 6442
562 562 758 6442 6443
563 563 759 6443 6444
564 564 760 6444 6445
565 565 761 6445 6446
566 566 762 6446 6447
567 567 763 6447 6448
568 568 764 6448 6449
569 569 765 6449 6450
570 570 766 6450 6451
571 571 767 6451 6452
572 572 768 6452 6453
573 573 769 6453 6454
574 574 770 6454 6455
575 575 771 6455 6456
576 576 772 6456 6457
577 577 773 6457 6458
578 578 774 6458 6459
579 579 775 6459 6460
580 580 776 6460 6461
581 581 777 6461 6462
582 582 778 6462 6463
583 583 779 6463 6464
584 584 780 6464 6465
585 585 781 6465 6466
586 586 782 6466 6467
587 587 783 6467 6468
588 588 784 6468 6273
589 589 785 6469 6470
590 590 786 6470 6471
591 591 787 6471 6472
592 592 788 6472 6473
593 593 789 6473 6474
594 594 790 6474 6475
595 595 791 6475 6476
596 596 792 6476 6477
597 597 793 6477 6478
598 598 794 6478 6479
599 599 795 6479 6480
600 600 796 6480 6481
601 601 797 6481 6482
602 602 798 6482 6483
603 603 799 6483 6484
604 604 800 6484 6485
605 605 801 6485 6486
606 606 802 6486 6487
607 607 803 6487 6488
608 608 804 6488 6489
609 609 805 6489 6490
610 610 806 6490 6491
611 611 807 6491 6492
612 612 808 6492 6493
613 613 809 6493 6494
614 614 810 6494 6495
615 615 811 6495 6496
616 616 812 6496 6497
617 617 813 6497 6498
618 618 814 6498 6499
619 619 815 6499 6500
620 620 816 6500 6501
621 621 817 6501 6502
622 622 818 6502 6503
623 623 819 6503 6504
624 624 820 6504 6505
625 625 821 6505 6506
626 626 822 6506 6507
627 627 823 6507 6508
628 628 824 6508 6509
629 629 825 6509 6510
630 630 826 6510 6511
631 631 827 6511 6512
632 632 828 6512 6513
633 633 829 6513 6514
634 634 830 6514 6515
635 635 831 6515 6516
636 636 832 6516 6517
637 637 833 6517 6518
638 638 834 6518 6519
639 639 835 6519 6520
640 640 836 6520 6521
641 641 837 6521 6522
642 642 838 6522 6523
643 643 839 6523 6524
644 644 840 6524 6525
645 645 841 6525 6526
646 646 842 6526 6527
647 647 843 6527 6528
648 648 844 6528 6529
649 649 845 6529 6530
650 650 846 6530 6531
651 651 847 6531 6532
652 652 848 6532 6533
653 653 849 6533 6534
654 654 850 6534 6535
655 655 851 6535 6536
656 656 852 6536 6537
657 657 853 6537 6538
658 658 854 6538 6539
659 659 855 6539 6540
660 660 856 6540 6541
661 661 857 6541 6542
662 662 858 6542 6543
663 663 859 6543 6544
664 664 860 6544 6545
665 665 861 6545 6546
666 666 862 6546 6547
667 667 863 6547 6548
668 668 864 6548 6549
669 669 865 6549 6550
670 670 866 6550 6551
671 671 867 6551 6552
672 672 868 6552 6553
673 673 869 6553 6554
674 674 870 6554 6555
675 675 871 6555 6556
676 676 872 6556 6557
677 677 873 6557 6558
678 678 874 6558 6559
679 679 875 6559 6560
680 680 876 6560 6561
681 681 877 6561 6562
682 682 878 6562 6563
683 683 879 6563 6564
684 684 880 6564 6565
685 685 881 6565 6566
686 686 882 6566 6567
687 687 883 6567 6568
688 688 884 6568 6569
689 689 885 6569 6570
690 690 886 6570 6571
691 691 887 6571 6572
692 692 888 6572 6573
693 693 889 6573 6574
694 694 890 6574 6575
695 695 891 6575 6576
696 696 892 6576 6577
697 697 893 6577 6578
698 698 894 6578 6579
699 699 895 6579 6580
700 700 896 6580 6581
701 701 897 6581 6582
702 702 898 6582 6583
703 703 899 6583 6584
704 704 900 6584 6585
705 705 901 6585 6586
706 706 902 6586 6587
707 707 903 6587 6588
708 708 904 6588 6589
709 709 905 6589 6590
710 710 906 6590 6591
711 711 907 6591 6592
712 712 908 6592 6593
713 713 909 6593 6594
714 714 910 6594 6595
715 715 911 6595 6596
716 716 912 6596 6597
717 717 913 6597 6598
718 718 914 6598 6599
719 719 915 6599 6600
720 720 916 6600 6601
721 721 917 6601 6602
722 722 918 6602 6603
723 723 919 6603 6604
724 724 920 6604 6605
725 725 921 6605 6606
726 726 922 6606 6607
727 727 923 6607 6608
728 728 924 6608 6609
729 729 925 6609 6610
730 730 926 6610 6611
731 731 927 6611 6612
732 732 928 6612 6613
733 733 929 6613 6614
734 734 930 6614 6615
735 735 931 6615 6616
736 736 932 6616 6617
737 737 933 6617 6618
738 738 934 6618 6619
739 739 935 6619 6620
740 740 936 6620 6621
741 741 937 6621 6622
742 742 938 6622 6623
743 743 939 6623 6624
744 744 940 6624 6625
745 745 941 6625 6626
746 746 942 6626 6627
747 747 943 6627 6628
748 748 944 6628 6629
749 749 945 6629 6630
750 750 946 6630 6631
751 751 947 6631 6632
752 752 948 6632 6633
753 753 949 6633 6634
754 754 950 6634 6635
755 755 951 6635 6636
756 756 952 6636 6637
757 757 953 6637 6638
758 758 954 6638 6639
759 759 955 6639 6640
760 760 956 6640 6641
761 761 957 6641 6642
762 762 958 6642 6643
763 763 959 6643 6644
764 764 960 6644 6645
765 765 961 6645 6646
766 766 962 6646 6647
767 767 963 6647 6648
768 768 964 6648 6649
769 769 965 6649 6650
770 770 966 6650 6651
771 771 967 6651 6652
772 772 968 6652 6653
773 773 969 6653 6654
774 774 970 6654 6655
775 775 971 6655 6656
776 776 972 6656 6657
777 777 973 6657 6658
778 778 974 6658 6659
779 779 975 6659 6660
780 780 976 6660 6661
781 781 977 6661 6662
782 782 978 6662 6663
783 783 979 6663 6664
784 784 980 6664 6469
785 785 981 6665 6666
786 786 982 6666 6667
787 787 983 6667 6668
788 788 984 6668 6669
789 789 985 6669 6670
790 790 986 6670 6671
791 791 987 6671 6672
792 792 988 6672 6673
793 793 989 6673 6674
794 794 990 6674 6675
795 795 991 6675 6676
796 796 992 6676 6677
797 797 993 6677 6678
798 798 994 6678 6679
799 799 995 6679 6680
800 800 996 6680 6681
801 801 997 6681 6682
802 802 998 6682 6683
803 803 999 6683 6684
804 804 1000 6684 6685
805 805 1001 6685 6686
806 806 1002 6686 6687
807 807 1003 6687 6688
808 808 1004 6688 6689
809 809 1005 6689 6690
810 810 1006 6690 6691
811 811 1007 6691 6692
812 812 1008 6692 6693
813 813 1009 6693 6694
814 814 1010 6694 6695
815 815 1011 6695 6696
816 816 1012 6696 6697
817 817 1013 6697 6698
818 818 1014 6698 6699
819 819 1015 6699 6700
820 820 1016 6700 6701
821 821 1017 6701 6702
822 822 1018 6702 6703
823 823 1019 6703 6704
824 824 1020 6704 6705
825 825 1021 6705 6706
826 826 1022 6706 6707
827 827 1023 6707 6708
828 828 1024 6708 6709
829 829 1025 6709 6710
830 830 1026 6710 6711
831 831 1027 6711 6712
832 832 1028 6712 6713
833 833 1029 6713 6714
834 834 1030 6714 6715
835 835 1031 6715 6716
836 836 1032 6716 6717
837 837 1033 6717 6718
838 838 1034 6718 6719
839 839 1035 6719 6720
840 840 1036 6720 6721
841 841 1037 6721 6722
842 842 1038 6722 6723
843 843 1039 6723 6724
844 844 1040 6724 6725
845 845 1041 6725 6726
846 846 1042 6726 6727
847 847 1043 6727 6728
848 848 1044 6728 6729
849 849 1045 6729 6730
850 850 1046 6730 6731
851 851 1047 6731 6732
852 852 1048 6732 6733
853 853 1049 6733 6734
854 854 1050 6734 6735
855 855 1051 6735 6736
856 856 1052 6736 6737
857 857 1053 6737 6738
858 858 1054 6738 6739
859 859 1055 6739 6740
860 860 1056 6740 6741
861 861 1057 6741 6742
862 862 1058 6742 6743
863 863 1059 6743 6744
864 864 1060 6744 6745
865 865 1061 6745 6746
866 866 1062 6746 6747
867 867 1063 6747 6748
868 868 1064 6748 6749
869 869 1065 6749 6750
870 870 1066 6750 6751
871 871 1067 6751 6752
872 872 1068 6752 6753
873 873 1069 6753 6754
874 874 1070 6754 6755
875 875 1071 6755 6756
876 876 1072 6756 6757
877 877 1073 6757 6758
878 878 1074 6758 6759
879 879 1075 6759 6760
880 880 1076 6760 6761
881 881 1077 6761 6762
882 882 1078 6762 6763
883 883 1079 6763 6764
884 884 1080 6764 6765
885 885 1081 6765 6766
886 886 1082 6766 6767
887 887 1083 6767 6768
888 888 1084 6768 6769
889 889 1085 6769 6770
890 890 1086 6770 6771
891 891 1087 6771 6772
892 892 1088 6772 6773
893 893 1089 6773 6774
894 894 1090 6774 6775
895 895 1091 6775 6776
896 896 1092 6776 6777
897 897 1093 6777 6778
898 898 1094 6778 6779
899 899 1095 6779 6780
900 900 1096 6780 6781
901 901 1097 6781 6782
902 902 1098 6782 6783
903 903 1099 6783 6784
904 904 1100 6784 6785
905 905 1101 6785 6786
906 906 1102 6786 6787
907 907 1103 6787 6788
908 908 1104 6788 6789
909 909 1105 6789 6790
910 910 1106 6790 6791
911 911 1107 6791 6792
912 912 1108 6792 6793
913 913 1109 6793 6794
914 914 1110 6794 6795
915 915 1111 6795 6796
916 916 1112 6796 6797
917 917 1113 6797 6798
918 918 1114 6798 6799
919 919 1115 6799 6800
920 920 1116 6800 6801
921 921 1117 6801 6802
922 922 1118 6802 6803
923 923 1119 6803 6804
924 924 1120 6804 6805
925 925 1121 6805 6806
926 926 1122 6806 6807
927 927 1123 6807 6808
928 928 1124 6808 6809
929 929 1125 6809 6810
930 930 1126 6810 6811
931 931 1127 6811 6812
932 932 1128 6812 6813
933 933 1129 6813 6814
934 934 1130 6814 6815
935 935 1131 6815 6816
936 936 1132 6816 6817
937 937 1133 6817 6818
938 938 1134 6818 6819
939 939 1135 6819 6820
940 940 1136 6820 6821
941 941 1137 6821 6822
942 942 1138 6822 6823
943 943 1139 6823 6824
944 944 1140 6824 6825
945 945 1141 6825 6826
946 946 1142 6826 6827
947 947 1143 6827 6828
948 948 1144 6828 6829
949 949 1145 6829 6830
950 950 1146 6830 6831
951 951 1147 6831 6832
952 952 1148 6832 6833
953 953 1149 6833 6834
954 954 1150 6834 6835
955 955 1151 6835 6836
956 956 1152 6836 6837
957 957 1153 6837 6838
958 958 1154 6838 6839
959 959 1155 6839 6840
960 960 1156 6840 6841
961 961 1157 6841 6842
962 962 1158 6842 6843
963 963 1159 6843 6844
964 964 1160 6844 6845
965 965 1161 6845 6846
966 966 1162 6846 6847
967 967 1163 6847 6848
968 968 1164 6848 6849
969 969 1165 6849 6850
970 970 1166 6850 6851
971 971 1167 6851 6852
972 972 1168 6852 6853
973 973 1169 6853 6854
974 974 1170 6854 6855
975 975 1171 6855 6856
976 976 1172 6856 6857
977 977 1173 6857 6858
978 978 1174 6858 6859
979 979 1175 6859 6860
980 980 1176 6860 6665
981 981 1177 6861 6862
982 982 1178 6862 6863
983 983 1179 6863 6864
984 984 1180 6864 6865
985 985 1181 6865 6866
986 986 1182 6866 6867
987 987 1183 6867 6868
988 988 1184 6868 6869
989 989 1185 6869 6870
990 990 1186 6870 6871
991 991 1187 6871 6872
992 992 1188 6872 6873
993 993 1189 6873 6874
994 994 1190 6874 6875
995 995 1191 6875 6876
996 996 1192 6876 6877
997 997 1193 6877 6878
998 998 1194 6878 6879
999 999 1195 6879 6880
1000 1000 1196 6880 6881
1001 1001 1197 6881 6882
1002 1002 1198 6882 6883
1003 1003 1199 6883 6884
1004 1004 1200 6884 6885
1005 1005 1201 6885 6886
1006 1006 1202 6886 6887
1007 1007 1203 6887 6888
1008 1008 1204 6888 6889
1009 1009 1205 6889 6890
1010 1010 1206 6890 6891
1011 1011 1207 6891 6892
1012 1012 1208 6892 6893
1013 1013 1209 6893 6894
1014 1014 1210 6894 6895
1015 1015 1211 6895 6896
1016 1016 1212 6896 6897
1017 1017 1213 6897 6898
1018 1018 1214 6898 6899
1019 1019 1215 6899 6900
1020 1020 1216 6900 6901
1021 1021 1217 6901 6902
1022 1022 1218 6902 6903
1023 1023 1219 6903 6904
1024 1024 1220 6904 6905
1025 1025 1221 6905 6906
1026 1026 1222 6906 6907
1027 1027 1223 6907 6908
1028 1028 1224 6908 6909
1029 1029 1225 6909 6910
1030 1030 1226 6910 6911
1031 1031 1227 6911 6912
1032 1032 1228 6912 6913
1033 1033 1229 6913 6914
1034 1034 1230 6914 6915
1035 1035 1231 6915 6916
1036 1036 1232 6916 6917
1037 1037 1233 6917 6918
1038 1038 1234 6918 6919
1039 1039 1235 6919 6920
1040 1040 1236 6920 6921
1041 1041 1237 6921 6922
1042 1042 1238 6922 6923
1043 1043 1239 6923 6924
1044 1044 1240 6924 6925
1045 1045 1241 6925 6926
1046 1046 1242 6926 6927
1047 1047 1243 6927 6928
1048 1048 1244 6928 6929
1049 1049 1245 6929 6930
1050 1050 1246 6930 6931
1051 1051 1247 6931 6932
1052 1052 1248 6932 6933
1053 1053 1249 6933 6934
1054 1054 1250 6934 6935
1055 1055 1251 6935 6936
1056 1056 1252 6936 6937
1057 1057 1253 6937 6938
1058 1058 1254 6938 6939
1059 1059 1255 6939 6940
1060 1060 1256 6940 6941
1061 1061 1257 6941 6942
1062 1062 1258 6942 6943
1063 1063 1259 6943 6944
1064 1064 1260 6944 6945
1065 1065 1261 6945 6946
1066 1066 1262 6946 6947
1067 1067 1263 6947 6948
1068 1068 1264 6948 6949
1069 1069 1265 6949 6950
1070 1070 1266 6950 6951
1071 1071 1267 6951 6952
1072 1072 1268 6952 6953
1073 1073 1269 6953 6954
1074 1074 1270 6954 6955
1075 1075 1271 6955 6956
1076 1076 1272 6956 6957
1077 1077 1273 6957 6958
1078 1078 1274 6958 6959
1079 1079 1275 6959 6960
1080 1080 1276 6960 6961
1081 1081 1277 6961 6962
1082 1082 1278 6962 6963
1083 1083 1279 6963 6964
1084 1084 1280 6964 6965
1085 1085 1281 6965 6966
1086 1086 1282 6966 6967
1087 1087 1283 6967 6968
1088 1088 1284 6968 6969
1089 1089 1285 6969 6970
1090 1090 1286 6970 6971
1091 1091 1287 6971 6972
1092 1092 1288 6972 6973
1093 1093 1289 6973 6974
1094 1094 1290 6974 6975
1095 1095 1291 6975 6976
1096 1096 1292 6976 6977
1097 1097 1293 6977 6978
1098 1098 1294 6978 6979
1099 1099 1295 6979 6980
1100 1100 1296 6980 6981
1101 1101 1297 6981 6982
1102 1102 1298 6982 6983
1103 1103 1299 6983 6984
1104 1104 1300 6984 6985
1105 1105 1301 6985 6986
1106 1106 1302 6986 6987
1107 1107 1303 6987 6988
1108 1108 1304 6988 6989
1109 1109 1305 6989 6990
1110 1110 1306 6990 6991
1111 1111 1307 6991 6992
1112 1112 1308 6992 6993
1113 1113 1309 6993 6994
1114 1114 1310 6994 6995
1115 1115 1311 6995 6996
1116 1116 1312 6996 6997
1117 1117 1313 6997 6998
1118 1118 1314 6998 6999
1119 1119 1315 6999 7000
1120 1120 1316 7000 7001
1121 1121 1317 7001 7002
1122 1122 1318 7002 7003
1123 1123 1319 7003 7004
1124 1124 1320 7004 7005
1125 1125 1321 7005 7006
1126 1126 1322 7006 7007
1127 1127 1323 7007 7008
1128 1128 1324 7008 7009
1129 1129 1325 7009 7010
1130 1130 1326 7010 7011
1131 1131 1327 7011 7012
1132 1132 1328 7012 7013
1133 1133 1329 7013 7014
1134 1134 1330 7014 7015
1135 1135 1331 7015 7016
1136 1136 1332 7016 7017
1137 1137 1333 7017 7018
1138 1138 1334 7018 7019
1139 1139 1335 7019 7020
1140 1140 1336 7020 7021
1141 1141 1337 7021 7022
1142 1142 1338 7022 7023
1143 1143 1339 7023 7024
1144 1144 1340 7024 7025
1145 1145 1341 7025 7026
1146 1146 1342 7026 7027
1147 1147 1343 7027 7028
1148 1148 1344 7028 7029
1149 1149 1345 7029 7030
1150 1150 1346 7030 7031
1151 1151 1347 7031 7032
1152 1152 1348 7032 7033
1153 1153 1349 7033 7034
1154 1154 1350 7034 7035
1155 1155 1351 7035 7036
1156 1156 1352 7036 7037
1157 1157 1353 7037 7038
1158 1158 1354 7038 7039
1159 1159 1355 7039 7040
1160 1160 1356 7040 7041
1161 1161 1357 7041 7042
1162 1162 1358 7042 7043
1163 1163 1359 7043 7044
1164 1164 1360 7044 7045
1165 1165 1361 7045 7046
1166 1166 1362 7046 7047
1167 1167 1363 7047 7048
1168 1168 1364 7048 7049
1169 1169 1365 7049 7050
1170 1170 1366 7050 7051
1171 1171 1367 7051 7052
1172 1172 1368 7052 7053
1173 1173 1369 7053 7054
1174 1174 1370 7054 7055
1175 1175 1371 7055 7056
1176 1176 1372 7056 6861
1177 1177 1373 7057 7058
1178 1178 1374 7058 7059
1179 1179 1375 7059 7060
1180 1180 1376 7060 7061
1181 1181 1377 7061 7062
1182 1182 1378 7062 7063
1183 1183 1379 7063 7064
1184 1184 1380 7064 7065
1185 1185 1381 7065 7066
1186 1186 1382 7066 7067
1187 1187 1383 7067 7068
1188 1188 1384 7068 7069
1189 1189 1385 7069 7070
1190 1190 1386 7070 7071
1191 1191 1387 7071 7072
1192 1192 1388 7072 7073
1193 1193 1389 7073 7074
1194 1194 1390 7074 7075
1195 1195 1391 7075 7076
1196 1196 1392 7076 7077
1197 1197 1393 7077 7078
1198 1198 1394 7078 7079
1199 1199 1395 7079 7080
1200 1200 1396 7080 7081
1201 1201 1397 7081 7082
1202 1202 1398 7082 7083
1203 1203 1399 7083 7084
1204 1204 1400 7084 7085
1205 1205 1401 7085 7086
1206 1206 1402 7086 7087
1207 1207 1403 7087 7088
1208 1208 1404 7088 7089
1209 1209 1405 7089 7090
1210 1210 1406 7090 7091
1211 1211 1407 7091 7092
1212 1212 1408 7092 7093
1213 1213 1409 7093 7094
1214 1214 1410 7094 7095
1215 1215 1411 7095 7096
1216 1216 1412 7096 7097
1217 1217 1413 7097 7098
1218 1218 1414 7098 7099
1219 1219 1415 7099 7100
1220 1220 1416 7100 7101
1221 1221 1417 7101 7102
1222 1222 1418 7102 7103
1223 1223 1419 7103 7104
1224 1224 1420 7104 7105
1225 1225 1421 7105 7106
1226 1226 1422 7106 7107
1227 1227 1423 7107 7108
1228 1228 1424 7108 7109
1229 1229 1425 7109 7110
1230 1230 1426 7110 7111
1231 1231 1427 7111 7112
1232 1232 1428 7112 7113
1233 1233 1429 7113 7114
1234 1234 1430 7114 7115
1235 1235 1431 7115 7116
1236 1236 1432 7116 7117
1237 1237 1433 7117 7118
1238 1238 1434 7118 7119
1239 1239 1435 7119 7120
1240 1240 1436 7120 7121
1241 1241 1437 7121 7122
1242 1242 1438 7122 7123
1243 1243 1439 7123 7124
1244 1244 1440 7124 7125
1245 1245 1441 7125 7126
1246 1246 1442 7126 7127
1247 1247 1443 7127 7128
1248 1248 1444 7128 7129
1249 1249 1445 7129 7130
1250 1250 1446 7130 7131
1251 1251 1447 7131 7132
1252 1252 1448 7132 7133
1253 1253 1449 7133 7134
1254 1254 1450 7134 7135
1255 1255 1451 7135 7136
1256 1256 1452 7136 7137
1257 1257 1453 7137 7138
1258 1258 1454 7138 7139
1259 1259 1455 7139 7140
1260 1260 1456 7140 7141
1261 1261 1457 7141 7142
1262 1262 1458 7142 7143
1263 1263 1459 7143 7144
1264 1264 1460 7144 7145
1265 1265 1461 7145 7146
1266 1266 1462 7146 7147
1267 1267 1463 7147 7148
1268 1268 1464 7148 7149
1269 1269 1465 7149 7150
1270 1270 1466 7150 7151
1271 1271 1467 7151 7152
1272 1272 1468 7152 7153
1273 1273 1469 7153 7154
1274 1274 1470 7154 7155
1275 1275 1471 7155 7156
1276 1276 1472 7156 7157
1277 1277 1473 7157 7158
1278 1278 1474 7158 7159
1279 1279 1475 7159 7160
1280 1280 1476 7160 7161
1281 1281 1477 7161 7162
1282 1282 1478 7162 7163
1283 1283 1479 7163 7164
1284 1284 1480 7164 7165
1285 1285 1481 7165 7166
1286 1286 1482 7166 7167
1287 1287 1483 7167 7168
1288 1288 1484 7168 7169
1289 1289 1485 7169 7170
1290 1290 1486 7170 7171
1291 1291 1487 7171 7172
1292 1292 1488 7172 7173
1293 1293 1489 7173 7174
1294 1294 1490 7174 7175
1295 1295 1491 7175 7176
1296 1296 1492 7176 7177
1297 1297 1493 7177 7178
1298 1298 1494 7178 7179
1299 1299 1495 7179 7180
1300 1300 1496 7180 7181
1301 1301 1497 7181 7182
1302 1302 1498 7182 7183
1303 1303 1499 7183 7184
1304 1304 1500 7184 7185
1305 1305 1501 7185 7186
1306 1306 1502 7186 7187
1307 1307 1503 7187 7188
1308 1308 1504 7188 7189
1309 1309 1505 7189 7190
1310 1310 1506 7190 7191
1311 1311 1507 7191 7192
1312 1312 1508 7192 7193
1313 1313 1509 7193 7194
1314 1314 1510 7194 7195
1315 1315 1511 7195 7196
1316 1316 1512 7196 7197
1317 1317 1513 7197 7198
1318 1318 1514 7198 7199
1319 1319 1515 7199 7200
1320 1320 1516 7200 7201
1321 1321 1517 7201 7202
1322 1322 1518 7202 7203
1323 1323 1519 7203 7204
1324 1324 1520 7204 7205
1325 1325 1521 7205 7206
1326 1326 1522 7206 7207
1327 1327 1523 7207 7208
1328 1328 1524 7208 7209
1329 1329 1525 7209 7210
1330 1330 1526 7210 7211
1331 1331 1527 7211 7212
1332 1332 1528 7212 7213
1333 1333 1529 7213 7214
1334 1334 1530 7214 7215
1335 1335 1531 7215 7216
1336 1336 1532 7216 7217
1337 1337 1533 7217 7218
1338 1338 1534 7218 7219
1339 1339 1535 7219 7220
1340 1340 1536 7220 7221
1341 1341 1537 7221 7222
1342 1342 1538 7222 7223
1343 1343 1539 7223 7224
1344 1344 1540 7224 7225
1345 1345 1541 7225 7226
1346 1346 1542 7226 7227
1347 1347 1543 7227 7228
1348 1348 1544 7228 7229
1349 1349 1545 7229 7230
1350 1350 1546 7230 7231
1351 1351 1547 7231 7232
1352 1352 1548 7232 7233
1353 1353 1549 7233 7234
1354 1354 1550 7234 7235
1355 1355 1551 7235 7236
1356 1356 1552 7236 7237
1357 1357 1553 7237 7238
1358 1358 1554 7238 7239
1359 1359 1555 7239 7240
1360 1360 1556 7240 7241
1361 1361 1557 7241 7242
1362 1362 1558 7242 7243
1363 1363 1559 7243 7244
1364 1364 1560 7244 7245
1365 1365 1561 7245 7246
1366 1366 1562 7246 7247
1367 1367 1563 7247 7248
1368 1368 1564 7248 7249
1369 1369 1565 7249 7250
1370 1370 1566 7250 7251
1371 1371 1567 7251 7252
1372 1372 1568 7252 7057
1373 1373 1569 7253 7254
1374 1374 1570 7254 7255
1375 1375 1571 7255 7256
1376 1376 1572 7256 7257
1377 1377 1573 7257 7258
1378 1378 1574 7258 7259
1379 1379 1575 7259 7260
1380 1380 1576 7260 7261
1381 1381 1577 7261 7262
1382 1382 1578 7262 7263
1383 1383 1579 7263 7264
1384 1384 1580 7264 7265
1385 1385 1581 7265 7266
1386 1386 1582 7266 7267
1387 1387 1583 7267 7268
1388 1388 1584 7268 7269
1389 1389 1585 7269 7270
1390 1390 1586 7270 7271
1391 1391 1587 7271 7272
1392 1392 1588 7272 7273
1393 1393 1589 7273 7274
1394 1394 1590 7274 7275
1395 1395 1591 7275 7276
1396 1396 1592 7276 7277
1397 1397 1593 7277 7278
1398 1398 1594 7278 7279
1399 1399 1595 7279 7280
1400 1400 1596 7280 7281
1401 1401 1597 7281 7282
1402 1402 1598 7282 7283
1403 1403 1599 7283 7284
1404 1404 1600 7284 7285
1405 1405 1601 7285 7286
1406 1406 1602 7286 7287
1407 1407 1603 7287 7288
1408 1408 1604 7288 7289
1409 1409 1605 7289 7290
1410 1410 1606 7290 7291
1411 1411 1607 7291 7292
1412 1412 1608 7292 7293
1413 1413 1609 7293 7294
1414 1414 1610 7294 7295
1415 1415 1611 7295 7296
1416 1416 1612 7296 7297
1417 1417 1613 7297 7298
1418 1418 1614 7298 7299
1419 1419 1615 7299 7300
1420 1420 1616 7300 7301
1421 1421 1617 7301 7302
1422 1422 1618 7302 7303
1423 1423 1619 7303 7304
1424 1424 1620 7304 7305
1425 1425 1621 7305 7306
1426 1426 1622 7306 7307
1427 1427 1623 7307 7308
1428 1428 1624 7308 7309
1429 1429 1625 7309 7310
1430 1430 1626 7310 7311
1431 1431 1627 7311 7312
1432 1432 1628 7312 7313
1433 1433 1629 7313 7314
1434 1434 1630 7314 7315
1435 1435 1631 7315 7316
1436 1436 1632 7316 7317
1437 1437 1633 7317 7318
1438 1438 1634 7318 7319
1439 1439 1635 7319 7320
1440 1440 1636 7320 7321
1441 1441 1637 7321 7322
1442 1442 1638 7322 7323
1443 1443 1639 7323 7324
1444 1444 1640 7324 7325
1445 1445 1641 7325 7326
1446 1446 1642 7326 7327
1447 1447 1643 7327 7328
1448 1448 1644 7328 7329
1449 1449 1645 7329 7330
1450 1450 1646 7330 7331
1451 1451 1647 7331 7332
1452 1452 1648 7332 7333
1453 1453 1649 7333 7334
1454 1454 1650 7334 7335
1455 1455 1651 7335 7336
1456 1456 1652 7336 7337
1457 1457 1653 7337 7338
1458 1458 1654 7338 7339
1459 1459 1655 7339 7340
1460 1460 1656 7340 7341
1461 1461 1657 7341 7342
1462 1462 1658 7342 7343
1463 1463 1659 7343 7344
1464 1464 1660 7344 7345
1465 1465 1661 7345 7346
1466 1466 1662 7346 7347
1467 1467 1663 7347 7348
1468 1468 1664 7348 7349
1469 1469 1665 7349 7350
1470 1470 1666 7350 7351
1471 1471 1667 7351 7352
1472 1472 1668 7352 7353
1473 1473 1669 7353 7354
1474 1474 1670 7354 7355
1475 1475 1671 7355 7356
1476 1476 1672 7356 7357
1477 1477 1673 7357 7358
1478 1478 1674 7358 7359
1479 1479 1675 7359 7360
1480 1480 1676 7360 7361
1481 1481 1677 7361 7362
1482 1482 1678 7362 7363
1483 1483 1679 7363 7364
1484 1484 1680 7364 7365
1485 1485 1681 7365 7366
1486 1486 1682 7366 7367
1487 1487 1683 7367 7368
1488 1488 1684 7368 7369
1489 1489 1685 7369 7370
1490 1490 1686 7370 7371
1491 1491 1687 7371 7372
1492 1492 1688 7372 7373
1493 1493 1689 7373 7374
1494 1494 1690 7374 7375
1495 1495 1691 7375 7376
1496 1496 1692 7376 7377
1497 1497 1693 7377 7378
1498 1498 1694 7378 7379
1499 1499 1695 7379 7380
1500 1500 1696 7380 7381
1501 1501 1697 7381 7382
1502 1502 1698 7382 7383
1503 1503 1699 7383 7384
1504 1504 1700 7384 7385
1505 1505 1701 7385 7386
1506 1506 1702 7386 7387
1507 1507 1703 7387 7388
1508 1508 1704 7388 7389
1509 1509 1705 7389 7390
1510 1510 1706 7390 7391
1511 1511 1707 7391 7392
1512 1512 1708 7392 7393
1513 1513 1709 7393 7394
1514 1514 1710 7394 7395
1515 1515 1711 7395 7396
1516 1516 1712 7396 7397
1517 1517 1713 7397 7398
1518 1518 1714 7398 7399
1519 1519 1715 7399 7400
1520 1520 1716 7400 7401
1521 1521 1717 7401 7402
1522 1522 1718 7402 7403
1523 1523 1719 7403 7404
1524 1524 1720 7404 7405
1525 1525 1721 7405 7406
1526 1526 1722 7406 7407
1527 1527 1723 7407 7408
1528 1528 1724 7408 7409
1529 1529 1725 7409 7410
1530 1530 1726 7410 7411
1531 1531 1727 7411 7412
1532 1532 1728 7412 7413
1533 1533 1729 7413 7414
1534 1534 1730 7414 7415
1535 1535 1731 7415 7416
1536 1536 1732 7416 7417
1537 1537 1733 7417 7418
1538 1538 1734 7418 7419
1539 1539 1735 7419 7420
1540 1540 1736 7420 7421
1541 1541 1737 7421 7422
1542 1542 1738 7422 7423
1543 1543 1739 7423 7424
1544 1544 1740 7424 7425
1545 1545 1741 7425 7426
1546 1546 1742 7426 7427
1547 1547 1743 7427 7428
1548 1548 1744 7428 7429
1549 1549 1745 7429 7430
1550 1550 1746 7430 7431
1551 1551 1747 7431 7432
1552 1552 1748 7432 7433
1553 1553 1749 7433 7434
1554 1554 1750 7434 7435
1555 1555 1751 7435 7436
1556 1556 1752 7436 7437
1557 1557 1753 7437 7438
1558 1558 1754 7438 7439
1559 1559 1755 7439 7440
1560 1560 1756 7440 7441
1561 1561 1757 7441 7442
1562 1562 1758 7442 7443
1563 1563 1759 7443 7444
1564 1564 1760 7444 7445
1565 1565 1761 7445 7446
1566 1566 1762 7446 7447
1567 1567 1763 7447 7448
1568 1568 1764 7448 7253
1569 1569 1765 7449 7450
1570 1570 1766 7450 7451
1571 1571 1767 7451 7452
1572 1572 1768 7452 7453
1573 1573 1769 7453 7454
1574 1574 1770 7454 7455
1575 1575 1771 7455 7456
1576 1576 1772 7456 7457
1577 1577 1773 7457 7458
1578 1578 1774 7458 7459
1579 1579 1775 7459 7460
1580 1580 1776 7460 7461
1581 1581 1777 7461 7462
1582 1582 1778 7462 7463
1583 1583 1779 7463 7464
1584 1584 1780 7464 7465
1585 1585 1781 7465 7466
1586 1586 1782 7466 7467
1587 1587 1783 7467 7468
1588 1588 1784 7468 7469
1589 1589 1785 7469 7470
1590 1590 1786 7470 7471
1591 1591 1787 7471 7472
1592 1592 1788 7472 7473
1593 1593 1789 7473 7474
1594 1594 1790 7474 7475
1595 1595 1791 7475 7476
1596 1596 1792 7476 7477
1597 1597 1793 7477 7478
1598 1598 1794 7478 7479
1599 1599 1795 7479 7480
1600 1600 1796 7480 7481
1601 1601 1797 7481 7482
1602 1602 1798 7482 7483
1603 1603 1799 7483 7484
1604 1604 1800 7484 7485
1605 1605 1801 7485 7486
1606 1606 1802 7486 7487
1607 1607 1803 7487 7488
1608 1608 1804 7488 7489
1609 1609 1805 7489 7490
1610 1610 1806 7490 7491
1611 1611 1807 7491 7492
1612 1612 1808 7492 7493
1613 1613 1809 7493 7494
1614 1614 1810 7494 7495
1615 1615 1811 7495 7496
1616 1616 1812 7496 7497
1617 1617 1813 7497 7498
1618 1618 1814 7498 7499
1619 1619 1815 7499 7500
1620 1620 1816 7500 7501
1621 1621 1817 7501 7502
1622 1622 1818 7502 7503
1623 1623 1819 7503 7504
1624 1624 1820 7504 7505
1625 1625 1821 7505 7506
1626 1626 1822 7506 7507
1627 1627 1823 7507 7508
1628 1628 1824 7508 7509
1629 1629 1825 7509 7510
1630 1630 1826 7510 7511
1631 1631 1827 7511 7512
1632 1632 1828 7512 7513
1633 1633 1829 7513 7514
1634 1634 1830 7514 7515
1635 1635 1831 7515 7516
1636 1636 1832 7516 7517
1637 1637 1833 7517 7518
1638 1638 1834 7518 7519
1639 1639 1835 7519 7520
1640 1640 1836 7520 7521
1641 1641 1837 7521 7522
1642 1642 1838 7522 7523
1643 1643 1839 7523 7524
1644 1644 1840 7524 7525
1645 1645 1841 7525 7526
1646 1646 1842 7526 7527
1647 1647 1843 7527 7528
1648 1648 1844 7528 7529
1649 1649 1845 7529 7530
1650 1650 1846 7530 7531
1651 1651 1847 7531 7532
1652 1652 1848 7532 7533
1653 1653 1849 7533 7534
1654 1654 1850 7534 7535
1655 1655 1851 7535 7536
1656 1656 1852 7536 7537
1657 1657 1853 7537 7538
1658 1658 1854 7538 7539
1659 1659 1855 7539 7540
1660 1660 1856 7540 7541
1661 1661 1857 7541 7542
1662 1662 1858 7542 7543
1663 1663 1859 7543 7544
1664 1664 1860 7544 7545
1665 1665 1861 7545 7546
1666 1666 1862 7546 7547
1667 1667 1863 7547 7548
1668 1668 1864 7548 7549
1669 1669 1865 7549 7550
1670 1670 1866 7550 7551
1671 1671 1867 7551 7552
1672 1672 1868 7552 7553
1673 1673 1869 7553 7554
1674 1674 1870 7554 7555
1675 1675 1871 7555 7556
1676 1676 1872 7556 7557
1677 1677 1873 7557 7558
1678 1678 1874 7558 7559
1679 1679 1875 7559 7560
1680 1680 1876 7560 7561
1681 1681 1877 7561 7562
1682 1682 1878 7562 7563
1683 1683 1879 7563 7564
1684 1684 1880 7564 7565
1685 1685 1881 7565 7566
1686 1686 1882 7566 7567
1687 1687 1883 7567 7568
1688 1688 1884 7568 7569
1689 1689 1885 7569 7570
1690 1690 1886 7570 7571
1691 1691 1887 7571 7572
1692 1692 1888 7572 7573
1693 1693 1889 7573 7574
1694 1694 1890 7574 7575
1695 1695 1891 7575 7576
1696 1696 1892 7576 7577
1697 1697 1893 7577 7578
1698 1698 1894 7578 7579
1699 1699 1895 7579 7580
1700 1700 1896 7580 7581
1701 1701 1897 7581 7582
1702 1702 1898 7582 7583
1703 1703 1899 7583 7584
1704 1704 1900 7584 7585
1705 1705 1901 7585 7586
1706 1706 1902 7586 7587
1707 1707 1903 7587 7588
1708 1708 1904 7588 7589
1709 1709 1905 7589 7590
1710 1710 1906 7590 7591
1711 1711 1907 7591 7592
1712 1712 1908 7592 7593
1713 1713 1909 7593 7594
1714 1714 1910 7594 7595
1715 1715 1911 7595 7596
1716 1716 1912 7596 7597
1717 1717 1913 7597 7598
1718 1718 1914 7598 7599
1719 1719 1915 7599 7600
1720 1720 1916 7600 7601
1721 1721 1917 7601 7602
1722 1722 1918 7602 7603
1723 1723 1919 7603 7604
1724 1724 1920 7604 7605
1725 1725 1921 7605 7606
1726 1726 1922 7606 7607
1727 1727 1923 7607 7608
1728 1728 1924 7608 7609
1729 1729 1925 7609 7610
1730 1730 1926 7610 7611
1731 1731 1927 7611 7612
1732 1732 1928 7612 7613
1733 1733 1929 7613 7614
1734 1734 1930 7614 7615
1735 1735 1931 7615 7616
1736 1736 1932 7616 7617
1737 1737 1933 7617 7618
1738 1738 1934 7618 7619
1739 1739 1935 7619 7620
1740 1740 1936 7620 7621
1741 1741 1937 7621 7622
1742 1742 1938 7622 7623
1743 1743 1939 7623 7624
1744 1744 1940 7624 7625
1745 1745 1941 7625 7626
1746 1746 1942 7626 7627
1747 1747 1943 7627 7628
1748 1748 1944 7628 7629
1749 1749 1945 7629 7630
1750 1750 1946 7630 7631
1751 1751 1947 7631 7632
1752 1752 1948 7632 7633
1753 1753 1949 7633 7634
1754 1754 1950 7634 7635
1755 1755 1951 7635 7636
1756 1756 1952 7636 7637
1757 1757 1953 7637 7638
1758 1758 1954 7638 7639
1759 1759 1955 7639 7640
1760 1760 1956 7640 7641
1761 1761 1957 7641 7642
1762 1762 1958 7642 7643
1763 1763 1959 7643 7644
1764 1764 1960 7644 7449
1765 1765 1961 7645 7646
1766 1766 1962 7646 7647
1767 1767 1963 7647 7648
1768 1768 1964 7648 7649
1769 1769 1965 7649 7650
1770 1770 1966 7650 7651
1771 1771 1967 7651 7652
1772 1772 1968 7652 7653
1773 1773 1969 7653 7654
1774 1774 1970 7654 7655
1775 1775 1971 7655 7656
1776 1776 1972 7656 7657
1777 1777 1973 7657 7658
1778 1778 1974 7658 7659
1779 1779 1975 7659 7660
1780 1780 1976 7660 7661
1781 1781 1977 7661 7662
1782 1782 1978 7662 7663
1783 1783 1979 7663 7664
1784 1784 1980 7664 7665
1785 1785 1981 7665 7666
1786 1786 1982 7666 7667
1787 1787 1983 7667 7668
1788 1788 1984 7668 7669
1789 1789 1985 7669 7670
1790 1790 1986 7670 7671
1791 1791 1987 7671 7672
1792 1792 1988 7672 7673
1793 1793 1989 7673 7674
1794 1794 1990 7674 7675
1795 1795 1991 7675 7676
1796 1796 1992 7676 7677
1797 1797 1993 7677 7678
1798 1798 1994 7678 7679
1799 1799 1995 7679 7680
1800 1800 1996 7680 7681
1801 1801 1997 7681 7682
1802 1802 1998 7682 7683
1803 1803 1999 7683 7684
1804 1804 2000 7684 7685
1805 1805 2001 7685 7686
1806 1806 2002 7686 7687
1807 1807 2003 7687 7688
1808 1808 2004 7688 7689
1809 1809 2005 7689 7690
1810 1810 2006 7690 7691
1811 1811 2007 7691 7692
1812 1812 2008 7692 7693
1813 1813 2009 7693 7694
1814 1814 2010 7694 7695
1815 1815 2011 7695 7696
1816 1816 2012 7696 7697
1817 1817 2013 7697 7698
1818 1818 2014 7698 7699
1819 1819 2015 7699 7700
1820 1820 2016 7700 7701
1821 1821 2017 7701 7702
1822 1822 2018 7702 7703
1823 1823 2019 7703 7704
1824 1824 2020 7704 7705
1825 1825 2021 7705 7706
1826 1826 2022 7706 7707
1827 1827 2023 7707 7708
1828 1828 2024 7708 7709
1829 1829 2025 7709 7710
1830 1830 2026 7710 7711
1831 1831 2027 7711 7712
1832 1832 2028 7712 7713
1833 1833 2029 7713 7714
1834 1834 2030 7714 7715
1835 1835 2031 7715 7716
1836 1836 2032 7716 7717
1837 1837 2033 7717 7718
1838 1838 2034 7718 7719
1839 1839 2035 7719 7720
1840 1840 2036 7720 7721
1841 1841 2037 7721 7722
1842 1842 2038 7722 7723
1843 1843 2039 7723 7724
1844 1844 2040 7724 7725
1845 1845 2041 7725 7726
1846 1846 2042 7726 7727
1847 1847 2043 7727 7728
1848 1848 2044 7728 7729
1849 1849 2045 7729 7730
1850 1850 2046 7730 7731
1851 1851 2047 7731 7732
1852 1852 2048 7732 7733
1853 1853 2049 7733 7734
1854 1854 2050 7734 7735
1855 1855 2051 7735 7736
1856 1856 2052 7736 7737
1857 1857 2053 7737 7738
1858 1858 2054 7738 7739
1859 1859 2055 7739 7740
1860 1860 2056 7740 7741
1861 1861 2057 7741 7742
1862 1862 2058 7742 7743
1863 1863 2059 7743 7744
1864 1864 2060 7744 7745
1865 1865 2061 7745 7746
1866 1866 2062 7746 7747
1867 1867 2063 7747 7748
1868 1868 2064 7748 7749
1869 1869 2065 7749 7750
1870 1870 2066 7750 7751
1871 1871 2067 7751 7752
1872 1872 2068 7752 7753
1873 1873 2069 7753 7754
1874 1874 2070 7754 7755
1875 1875 2071 7755 7756
1876 1876 2072 7756 7757
1877 1877 2073 7757 7758
1878 1878 2074 7758 7759
1879 1879 2075 7759 7760
1880 1880 2076 7760 7761
1881 1881 2077 7761 7762
1882 1882 2078 7762 7763
1883 1883 2079 7763 7764
1884 1884 2080 7764 7765
1885 1885 2081 7765 7766
1886 1886 2082 7766 7767
1887 1887 2083 7767 7768
1888 1888 2084 7768 7769
1889 1889 2085 7769 7770
1890 1890 2086 7770 7771
1891 1891 2087 7771 7772
1892 1892 2088 7772 7773
1893 1893 2089 7773 7774
1894 1894 2090 7774 7775
1895 1895 2091 7775 7776
1896 1896 2092 7776 7777
1897 1897 2093 7777 7778
1898 1898 2094 7778 7779
1899 1899 2095 7779 7780
1900 1900 2096 7780 7781
1901 1901 2097 7781 7782
1902 1902 2098 7782 7783
1903 1903 2099 7783 7784
1904 1904 2100 7784 7785
1905 1905 2101 7785 7786
1906 1906 2102 7786 7787
1907 1907 2103 7787 7788
1908 1908 2104 7788 7789
1909 1909 2105 7789 7790
1910 1910 2106 7790 7791
1911 1911 2107 7791 7792
1912 1912 2108 7792 7793
1913 1913 2109 7793 7794
1914 1914 2110 7794 7795
1915 1915 2111 7795 7796
1916 1916 2112 7796 7797
1917 1917 2113 7797 7798
1918 1918 2114 7798 7799
1919 1919 2115 7799 7800
1920 1920 2116 7800 7801
1921 1921 2117 7801 7802
1922 1922 2118 7802 7803
1923 1923 2119 7803 7804
1924 1924 2120 7804 7805
1925 1925 2121 7805 7806
1926 1926 2122 7806 7807
1927 1927 2123 7807 7808
1928 1928 2124 7808 7809
1929 1929 2125 7809 7810
1930 1930 2126 7810 7811
1931 1931 2127 7811 7812
1932 1932 2128 7812 7813
1933 1933 2129 7813 7814
1934 1934 2130 7814 7815
1935 1935 2131 7815 7816
1936 1936 2132 7816 7817
1937 1937 2133 7817 7818
1938 1938 2134 7818 7819
1939 1939 2135 7819 7820
1940 1940 2136 7820 7821
1941 1941 2137 7821 7822
1942 1942 2138 7822 7823
1943 1943 2139 7823 7824
1944 1944 2140 7824 7825
1945 1945 2141 7825 7826
1946 1946 2142 7826 7827
1947 1947 2143 7827 7828
1948 1948 2144 7828 7829
1949 1949 2145 7829 7830
1950 1950 2146 7830 7831
1951 1951 2147 7831 7832
1952 1952 2148 7832 7833
1953 1953 2149 7833 7834
1954 1954 2150 7834 7835
1955 1955 2151 7835 7836
1956 1956 2152 7836 7837
1957 1957 2153 7837 7838
1958 1958 2154 7838 7839
1959 1959 2155 7839 7840
1960 1960 2156 7840 7645
1961 1961 2157 7841 7842
1962 1962 2158 7842 7843
1963 1963 2159 7843 7844
1964 1964 2160 7844 7845
1965 1965 2161 7845 7846
1966 1966 2162 7846 7847
1967 1967 2163 7847 7848
1968 1968 2164 7848 7849
1969 1969 2165 7849 7850
1970 1970 2166 7850 7851
1971 1971 2167 7851 7852
1972 1972 2168 7852 7853
1973 1973 2169 7853 7854
1974 1974 2170 7854 7855
1975 1975 2171 7855 7856
1976 1976 2172 7856 7857
1977 1977 2173 7857 7858
1978 1978 2174 7858 7859
1979 1979 2175 7859 7860
1980 1980 2176 7860 7861
1981 1981 2177 7861 7862
1982 1982 2178 7862 7863
1983 1983 2179 7863 7864
1984 1984 2180 7864 7865
1985 1985 2181 7865 7866
1986 1986 2182 7866 7867
1987 1987 2183 7867 7868
1988 1988 2184 7868 7869
1989 1989 2185 7869 7870
1990 1990 2186 7870 7871
1991 1991 2187 7871 7872
1992 1992 2188 7872 7873
1993 1993 2189 7873 7874
1994 1994 2190 7874 7875
1995 1995 2191 7875 7876
1996 1996 2192 7876 7877
1997 1997 2193 7877 7878
1998 1998 2194 7878 7879
1999 1999 2195 7879 7880
2000 2000 2196 7880 7881
2001 2001 2197 7881 7882
2002 2002 2198 7882 7883
2003 2003 2199 7883 7884
2004 2004 2200 7884 7885
2005 2005 2201 7885 7886
2006 2006 2202 7886 7887
2007 2007 2203 7887 7888
2008 2008 2204 7888 7889
2009 2009 2205 7889 7890
2010 2010 2206 7890 7891
2011 2011 2207 7891 7892
2012 2012 2208 7892 7893
2013 2013 2209 7893 7894
2014 2014 2210 7894 7895
2015 2015 2211 7895 7896
2016 2016 2212 7896 7897
2017 2017 2213 7897 7898
2018 2018 2214 7898 7899
2019 2019 2215 7899 7900
2020 2020 2216 7900 7901
2021 2021 2217 7901 7902
2022 2022 2218 7902 7903
2023 2023 2219 7903 7904
2024 2024 2220 7904 7905
2025 2025 2221 7905 7906
2026 2026 2222 7906 7907
2027 2027 2223 7907 7908
2028 2028 2224 7908 7909
2029 2029 2225 7909 7910
2030 2030 2226 7910 7911
2031 2031 2227 7911 7912
2032 2032 2228 7912 7913
2033 2033 2229 7913 7914
2034 2034 2230 7914 7915
2035 2035 2231 7915 7916
2036 2036 2232 7916 7917
2037 2037 2233 7917 7918
2038 2038 2234 7918 7919
2039 2039 2235 7919 7920
2040 2040 2236 7920 7921
2041 2041 2237 7921 7922
2042 2042 2238 7922 7923
2043 2043 2239 7923 7924
2044 2044 2240 7924 7925
2045 2045 2241 7925 7926
2046 2046 2242 7926 7927
2047 2047 2243 7927 7928
2048 2048 2244 7928 7929
2049 2049 2245 7929 7930
2050 2050 2246 7930 7931
2051 2051 2247 7931 7932
2052 2052 2248 7932 7933
2053 2053 2249 7933 7934
2054 2054 2250 7934 7935
2055 2055 2251 7935 7936
2056 2056 2252 7936 7937
2057 2057 2253 7937 7938
2058 2058 2254 7938 7939
2059 2059 2255 7939 7940
2060 2060 2256 7940 7941
2061 2061 2257 7941 7942
2062 2062 2258 7942 7943
2063 2063 2259 7943 7944
2064 2064 2260 7944 7945
2065 2065 2261 7945 7946
2066 2066 2262 7946 7947
2067 2067 2263 7947 7948
2068 2068 2264 7948 7949
2069 2069 2265 7949 7950
2070 2070 2266 7950 7951
2071 2071 2267 7951 7952
2072 2072 2268 7952 7953
2073 2073 2269 7953 7954
2074 2074 2270 7954 7955
2075 2075 2271 7955 7956
2076 2076 2272 7956 7957
2077 2077 2273 7957 7958
2078 2078 2274 7958 7959
2079 2079 2275 7959 7960
2080 2080 2276 7960 7961
2081 2081 2277 7961 7962
2082 2082 2278 7962 7963
2083 2083 2279 7963 7964
2084 2084 2280 7964 7965
2085 2085 2281 7965 7966
2086 2086 2282 7966 7967
2087 2087 2283 7967 7968
2088 2088 2284 7968 7969
2089 2089 2285 7969 7970
2090 2090 2286 7970 7971
2091 2091 2287 7971 7972
2092 2092 2288 7972 7973
2093 2093 2289 7973 7974
2094 2094 2290 7974 7975
2095 2095 2291 7975 7976
2096 2096 2292 7976 7977
2097 2097 2293 7977 7978
2098 2098 2294 7978 7979
2099 2099 2295 7979 7980
2100 2100 2296 7980 7981
2101 2101 2297 7981 7982
2102 2102 2298 7982 7983
2103 2103 2299 7983 7984
2104 2104 2300 7984 7985
2105 2105 2301 7985 7986
2106 2106 2302 7986 7987
2107 2107 2303 7987 7988
2108 2108 2304 7988 7989
2109 2109 2305 7989 7990
2110 2110 2306 7990 7991
2111 2111 2307 7991 7992
2112 2112 2308 7992 7993
2113 2113 2309 7993 7994
2114 2114 2310 7994 7995
2115 2115 2311 7995 7996
2116 2116 2312 7996 7997
2117 2117 2313 7997 7998
2118 2118 2314 7998 7999
2119 2119 2315 7999 8000
2120 2120 2316 8000 8001
2121 2121 2317 8001 8002
2122 2122 2318 8002 8003
2123 2123 2319 8003 8004
2124 2124 2320 8004 8005
2125 2125 2321 8005 8006
2126 2126 2322 8006 8007
2127 2127 2323 8007 8008
2128 2128 2324 8008 8009
2129 2129 2325 8009 8010
2130 2130 2326 8010 8011
2131 2131 2327 8011 8012
2132 2132 2328 8012 8013
2133 2133 2329 8013 8014
2134 2134 2330 8014 8015
2135 2135 2331 8015 8016
2136 2136 2332 8016 8017
2137 2137 2333 8017 8018
2138 2138 2334 8018 8019
2139 2139 2335 8019 8020
2140 2140 2336 8020 8021
2141 2141 2337 8021 8022
2142 2142 2338 8022 8023
2143 2143 2339 8023 8024
2144 2144 2340 8024 8025
2145 2145 2341 8025 8026
2146 2146 2342 8026 8027
2147 2147 2343 8027 8028
2148 2148 2344 8028 8029
2149 2149 2345 8029 8030
2150 2150 2346 8030 8031
2151 2151 2347 8031 8032
2152 2152 2348 8032 8033
2153 2153 2349 8033 8034
2154 2154 2350 8034 8035
2155 2155 2351 8035 8036
2156 2156 2352 8036 7841
2157 2157 2353 8037 8038
2158 2158 2354 8038 8039
2159 2159 2355 8039 8040
2160 2160 2356 8040 8041
2161 2161 2357 8041 8042
2162 2162 2358 8042 8043
2163 2163 2359 8043 8044
2164 2164 2360 8044 8045
2165 2165 2361 8045 8046
2166 2166 2362 8046 8047
2167 2167 2363 8047 8048
2168 2168 2364 8048 8049
2169 2169 2365 8049 8050
2170 2170 2366 8050 8051
2171 2171 2367 8051 8052
2172 2172 2368 8052 8053
2173 2173 2369 8053 8054
2174 2174 2370 8054 8055
2175 2175 2371 8055 8056
2176 2176 2372 8056 8057
2177 2177 2373 8057 8058
2178 2178 2374 8058 8059
2179 2179 2375 8059 8060
2180 2180 2376 8060 8061
2181 2181 2377 8061 8062
2182 2182 2378 8062 8063
2183 2183 2379 8063 8064
2184 2184 2380 8064 8065
2185 2185 2381 8065 8066
2186 2186 2382 8066 8067
2187 2187 2383 8067 8068
2188 2188 2384 8068 8069
2189 2189 2385 8069 8070
2190 2190 2386 8070 8071
2191 2191 2387 8071 8072
2192 2192 2388 8072 8073
2193 2193 2389 8073 8074
2194 2194 2390 8074 8075
2195 2195 2391 8075 8076
2196 2196 2392 8076 8077
2197 2197 2393 8077 8078
2198 2198 2394 8078 8079
2199 2199 2395 8079 8080
2200 2200 2396 8080 8081
2201 2201 2397 8081 8082
2202 2202 2398 8082 8083
2203 2203 2399 8083 8084
2204 2204 2400 8084 8085
2205 2205 2401 8085 8086
2206 2206 2402 8086 8087
2207 2207 2403 8087 8088
2208 2208 2404 8088 8089
2209 2209 2405 8089 8090
2210 2210 2406 8090 8091
2211 2211 2407 8091 8092
2212 2212 2408 8092 8093
2213 2213 2409 8093 8094
2214 2214 2410 8094 8095
2215 2215 2411 8095 8096
2216 2216 2412 8096 8097
2217 2217 2413 8097 8098
2218 2218 2414 8098 8099
2219 2219 2415 8099 8100
2220 2220 2416 8100 8101
2221 2221 2417 8101 8102
2222 2222 2418 8102 8103
2223 2223 2419 8103 8104
2224 2224 2420 8104 8105
2225 2225 2421 8105 8106
2226 2226 2422 8106 8107
2227 2227 2423 8107 8108
2228 2228 2424 8108 8109
2229 2229 2425 8109 8110
2230 2230 2426 8110 8111
2231 2231 2427 8111 8112
2232 2232 2428 8112 8113
2233 2233 2429 8113 8114
2234 2234 2430 8114 8115
2235 2235 2431 8115 8116
2236 2236 2432 8116 8117
2237 2237 2433 8117 8118
2238 2238 2434 8118 8119
2239 2239 2435 8119 8120
2240 2240 2436 8120 8121
2241 2241 2437 8121 8122
2242 2242 2438 8122 8123
2243 2243 2439 8123 8124
2244 2244 2440 8124 8125
2245 2245 2441 8125 8126
2246 2246 2442 8126 8127
2247 2247 2443 8127 8128
2248 2248 2444 8128 8129
2249 2249 2445 8129 8130
2250 2250 2446 8130 8131
2251 2251 2447 8131 8132
2252 2252 2448 8132 8133
2253 2253 2449 8133 8134
2254 2254 2450 8134 8135
2255 2255 2451 8135 8136
2256 2256 2452 8136 8137
2257 2257 2453 8137 8138
2258 2258 2454 8138 8139
2259 2259 2455 8139 8140
2260 2260 2456 8140 8141
2261 2261 2457 8141 8142
2262 2262 2458 8142 8143
2263 2263 2459 8143 8144
2264 2264 2460 8144 8145
2265 2265 2461 8145 8146
2266 2266 2462 8146 8147
2267 2267 2463 8147 8148
2268 2268 2464 8148 8149
2269 2269 2465 8149 8150
2270 2270 2466 8150 8151
2271 2271 2467 8151 8152
2272 2272 2468 8152 8153
2273 2273 2469 8153 8154
2274 2274 2470 8154 8155
2275 2275 2471 8155 8156
2276 2276 2472 8156 8157
2277 2277 2473 8157 8158
2278 2278 2474 8158 8159
2279 2279 2475 8159 8160
2280 2280 2476 8160 8161
2281 2281 2477 8161 8162
2282 2282 2478 8162 8163
2283 2283 2479 8163 8164
2284 2284 2480 8164 8165
2285 2285 2481 8165 8166
2286 2286 2482 8166 8167
2287 2287 2483 8167 8168
2288 2288 2484 8168 8169
2289 2289 2485 8169 8170
2290 2290 2486 8170 8171
2291 2291 2487 8171 8172
2292 2292 2488 8172 8173
2293 2293 2489 8173 8174
2294 2294 2490 8174 8175
2295 2295 2491 8175 8176
2296 2296 2492 8176 8177
2297 2297 2493 8177 8178
2298 2298 2494 8178 8179
2299 2299 2495 8179 8180
2300 2300 2496 8180 8181
2301 2301 2497 8181 8182
2302 2302 2498 8182 8183
2303 2303 2499 8183 8184
2304 2304 2500 8184 8185
2305 2305 2501 8185 8186
2306 2306 2502 8186 8187
2307 2307 2503 8187 8188
2308 2308 2504 8188 8189
2309 2309 2505 8189 8190
2310 2310 2506 8190 8191
2311 2311 2507 8191 8192
2312 2312 2508 8192 8193
2313 2313 2509 8193 8194
2314 2314 2510 8194 8195
2315 2315 2511 8195 8196
2316 2316 2512 8196 8197
2317 2317 2513 8197 8198
2318 2318 2514 8198 8199
2319 2319 2515 8199 8200
2320 2320 2516 8200 8201
2321 2321 2517 8201 8202
2322 2322 2518 8202 8203
2323 2323 2519 8203 8204
2324 2324 2520 8204 8205
2325 2325 2521 8205 8206
2326 2326 2522 8206 8207
2327 2327 2523 8207 8208
2328 2328 2524 8208 8209
2329 2329 2525 8209 8210
2330 2330 2526 8210 8211
2331 2331 2527 8211 8212
2332 2332 2528 8212 8213
2333 2333 2529 8213 8214
2334 2334 2530 8214 8215
2335 2335 2531 8215 8216
2336 2336 2532 8216 8217
2337 2337 2533 8217 8218
2338 2338 2534 8218 8219
2339 2339 2535 8219 8220
2340 2340 2536 8220 8221
2341 2341 2537 8221 8222
2342 2342 2538 8222 8223
2343 2343 2539 8223 8224
2344 2344 2540 8224 8225
2345 2345 2541 8225 8226
2346 2346 2542 8226 8227
2347 2347 2543 8227 8228
2348 2348 2544 8228 8229
2349 2349 2545 8229 8230
2350 2350 2546 8230 8231
2351 2351 2547 8231 8232
2352 2352 2548 8232 8037
2353 2353 2549 8233 8234
2354 2354 2550 8234 8235
2355 2355 2551 8235 8236
2356 2356 2552 8236 8237
2357 2357 2553 8237 8238
2358 2358 2554 8238 8239
2359 2359 2555 8239 8240
2360 2360 2556 8240 8241
2361 2361 2557 8241 8242
2362 2362 2558 8242 8243
2363 2363 2559 8243 8244
2364 2364 2560 8244 8245
2365 2365 2561 8245 8246
2366 2366 2562 8246 8247
2367 2367 2563 8247 8248
2368 2368 2564 8248 8249
2369 2369 2565 8249 8250
2370 2370 2566 8250 8251
2371 2371 2567 8251 8252
2372 2372 2568 8252 8253
2373 2373 2569 8253 8254
2374 2374 2570 8254 8255
2375 2375 2571 8255 8256
2376 2376 2572 8256 8257
2377 2377 2573 8257 8258
2378 2378 2574 8258 8259
2379 2379 2575 8259 8260
2380 2380 2576 8260 8261
2381 2381 2577 8261 8262
2382 2382 2578 8262 8263
2383 2383 2579 8263 8264
2384 2384 2580 8264 8265
2385 2385 2581 8265 8266
2386 2386 2582 8266 8267
2387 2387 2583 8267 8268
2388 2388 2584 8268 8269
2389 2389 2585 8269 8270
2390 2390 2586 8270 8271
2391 2391 2587 8271 8272
2392 2392 2588 8272 8273
2393 2393 2589 8273 8274
2394 2394 2590 8274 8275
2395 2395 2591 8275 8276
2396 2396 2592 8276 8277
2397 2397 2593 8277 8278
2398 2398 2594 8278 8279
2399 2399 2595 8279 8280
2400 2400 2596 8280 8281
2401 2401 2597 8281 8282
2402 2402 2598 8282 8283
2403 2403 2599 8283 8284
2404 2404 2600 8284 8285
2405 2405 2601 8285 8286
2406 2406 2602 8286 8287
2407 2407 2603 8287 8288
2408 2408 2604 8288 8289
2409 2409 2605 8289 8290
2410 2410 2606 8290 8291
2411 2411 2607 8291 8292
2412 2412 2608 8292 8293
2413 2413 2609 8293 8294
2414 2414 2610 8294 8295
2415 2415 2611 8295 8296
2416 2416 2612 8296 8297
2417 2417 2613 8297 8298
2418 2418 2614 8298 8299
2419 2419 2615 8299 8300
2420 2420 2616 8300 8301
2421 2421 2617 8301 8302
2422 2422 2618 8302 8303
2423 2423 2619 8303 8304
2424 2424 2620 8304 8305
2425 2425 2621 8305 8306
2426 2426 2622 8306 8307
2427 2427 2623 8307 8308
2428 2428 2624 8308 8309
2429 2429 2625 8309 8310
2430 2430 2626 8310 8311
2431 2431 2627 8311 8312
2432 2432 2628 8312 8313
2433 2433 2629 8313 8314
2434 2434 2630 8314 8315
2435 2435 2631 8315 8316
2436 2436 2632 8316 8317
2437 2437 2633 8317 8318
2438 2438 2634 8318 8319
2439 2439 2635 8319 8320
2440 2440 2636 8320 8321
2441 2441 2637 8321 8322
2442 2442 2638 8322 8323
2443 2443 2639 8323 8324
2444 2444 2640 8324 8325
2445 2445 2641 8325 8326
2446 2446 2642 8326 8327
2447 2447 2643 8327 8328
2448 2448 2644 8328 8329
2449 2449 2645 8329 8330
2450 2450 2646 8330 8331
2451 2451 2647 8331 8332
2452 2452 2648 8332 8333
2453 2453 2649 8333 8334
2454 2454 2650 8334 8335
2455 2455 2651 8335 8336
2456 2456 2652 8336 8337
2457 2457 2653 8337 8338
2458 2458 2654 8338 8339
2459 2459 2655 8339 8340
2460 2460 2656 8340 8341
2461 2461 2657 8341 8342
2462 2462 2658 8342 8343
2463 2463 2659 8343 8344
2464 2464 2660 8344 8345
2465 2465 2661 8345 8346
2466 2466 2662 8346 8347
2467 2467 2663 8347 8348
2468 2468 2664 8348 8349
2469 2469 2665 8349 8350
2470 2470 2666 8350 8351
2471 2471 2667 8351 8352
2472 2472 2668 8352 8353
2473 2473 2669 8353 8354
2474 2474 2670 8354 8355
2475 2475 2671 8355 8356
2476 2476 2672 8356 8357
2477 2477 2673 8357 8358
2478 2478 2674 8358 8359
2479 2479 2675 8359 8360
2480 2480 2676 8360 8361
2481 2481 2677 8361 8362
2482 2482 2678 8362 8363
2483 2483 2679 8363 8364
2484 2484 2680 8364 8365
2485 2485 2681 8365 8366
2486 2486 2682 8366 8367
2487 2487 2683 8367 8368
2488 2488 2684 8368 8369
2489 2489 2685 8369 8370
2490 2490 2686 8370 8371
2491 2491 2687 8371 8372
2492 2492 2688 8372 8373
2493 2493 2689 8373 8374
2494 2494 2690 8374 8375
2495 2495 2691 8375 8376
2496 2496 2692 8376 8377
2497 2497 2693 8377 8378
2498 2498 2694 8378 8379
2499 2499 2695 8379 8380
2500 2500 2696 8380 8381
2501 2501 2697 8381 8382
2502 2502 2698 8382 8383
2503 2503 2699 8383 8384
2504 2504 2700 8384 8385
2505 2505 2701 8385 8386
2506 2506 2702 8386 8387
2507 2507 2703 8387 8388
2508 2508 2704 8388 8389
2509 2509 2705 8389 8390
2510 2510 2706 8390 8391
2511 2511 2707 8391 8392
2512 2512 2708 8392 8393
2513 2513 2709 8393 8394
2514 2514 2710 8394 8395
2515 2515 2711 8395 8396
2516 2516 2712 8396 8397
2517 2517 2713 8397 8398
2518 2518 2714 8398 8399
2519 2519 2715 8399 8400
2520 2520 2716 8400 8401
2521 2521 2717 8401 8402
2522 2522 2718 8402 8403
2523 2523 2719 8403 8404
2524 2524 2720 8404 8405
2525 2525 2721 8405 8406
2526 2526 2722 8406 8407
2527 2527 2723 8407 8408
2528 2528 2724 8408 8409
2529 2529 2725 8409 8410
2530 2530 2726 8410 8411
2531 2531 2727 8411 8412
2532 2532 2728 8412 8413
2533 2533 2729 8413 8414
2534 2534 2730 8414 8415
2535 2535 2731 8415 8416
2536 2536 2732 8416 8417
2537 2537 2733 8417 8418
2538 2538 2734 8418 8419
2539 2539 2735 8419 8420
2540 2540 2736 8420 8421
2541 2541 2737 8421 8422
2542 2542 2738 8422 8423
2543 2543 2739 8423 8424
2544 2544 2740 8424 8425
2545 2545 2741 8425 8426
2546 2546 2742 8426 8427
2547 2547 2743 8427 8428
2548 2548 2744 8428 8233
2549 2549 2745 8429 8430
2550 2550 2746 8430 8431
2551 2551 2747 8431 8432
2552 2552 2748 8432 8433
2553 2553 2749 8433 8434
2554 2554 2750 8434 8435
2555 2555 2751 8435 8436
2556 2556 2752 8436 8437
2557 2557 2753 8437 8438
2558 2558 2754 8438 8439
2559 2559 2755 8439 8440
2560 2560 2756 8440 8441
2561 2561 2757 8441 8442
2562 2562 2758 8442 8443
2563 2563 2759 8443 8444
2564 2564 2760 8444 8445
2565 2565 2761 8445 8446
2566 2566 2762 8446 8447
2567 2567 2763 8447 8448
2568 2568 2764 8448 8449
2569 2569 2765 8449 8450
2570 2570 2766 8450 8451
2571 2571 2767 8451 8452
2572 2572 2768 8452 8453
2573 2573 2769 8453 8454
2574 2574 2770 8454 8455
2575 2575 2771 8455 8456
2576 2576 2772 8456 8457
2577 2577 2773 8457 8458
2578 2578 2774 8458 8459
2579 2579 2775 8459 8460
2580 2580 2776 8460 8461
2581 2581 2777 8461 8462
2582 2582 2778 8462 8463
2583 2583 2779 8463 8464
2584 2584 2780 8464 8465
2585 2585 2781 8465 8466
2586 2586 2782 8466 8467
2587 2587 2783 8467 8468
2588 2588 2784 8468 8469
2589 2589 2785 8469 8470
2590 2590 2786 8470 8471
2591 2591 2787 8471 8472
2592 2592 2788 8472 8473
2593 2593 2789 8473 8474
2594 2594 2790 8474 8475
2595 2595 2791 8475 8476
2596 2596 2792 8476 8477
2597 2597 2793 8477 8478
2598 2598 2794 8478 8479
2599 2599 2795 8479 8480
2600 2600 2796 8480 8481
2601 2601 2797 8481 8482
2602 2602 2798 8482 8483
2603 2603 2799 8483 8484
2604 2604 2800 8484 8485
2605 2605 2801 8485 8486
2606 2606 2802 8486 8487
2607 2607 2803 8487 8488
2608 2608 2804 8488 8489
2609 2609 2805 8489 8490
2610 2610 2806 8490 8491
2611 2611 2807 8491 8492
2612 2612 2808 8492 8493
2613 2613 2809 8493 8494
2614 2614 2810 8494 8495
2615 2615 2811 8495 8496
2616 2616 2812 8496 8497
2617 2617 2813 8497 8498
2618 2618 2814 8498 8499
2619 2619 2815 8499 8500
2620 2620 2816 8500 8501
2621 2621 2817 8501 8502
2622 2622 2818 8502 8503
2623 2623 2819 8503 8504
2624 2624 2820 8504 8505
2625 2625 2821 8505 8506
2626 2626 2822 8506 8507
2627 2627 2823 8507 8508
2628 2628 2824 8508 8509
2629 2629 2825 8509 8510
2630 2630 2826 8510 8511
2631 2631 2827 8511 8512
2632 2632 2828 8512 8513
2633 2633 2829 8513 8514
2634 2634 2830 8514 8515
2635 2635 2831 8515 8516
2636 2636 2832 8516 8517
2637 2637 2833 8517 8518
2638 2638 2834 8518 8519
2639 2639 2835 8519 8520
2640 2640 2836 8520 8521
2641 2641 2837 8521 8522
2642 2642 2838 8522 8523
2643 2643 2839 8523 8524
2644 2644 2840 8524 8525
2645 2645 2841 8525 8526
2646 2646 2842 8526 8527
2647 2647 2843 8527 8528
2648 2648 2844 8528 8529
2649 2649 2845 8529 8530
2650 2650 2846 8530 8531
2651 2651 2847 8531 8532
2652 2652 2848 8532 8533
2653 2653 2849 8533 8534
2654 2654 2850 8534 8535
2655 2655 2851 8535 8536
2656 2656 2852 8536 8537
2657 2657 2853 8537 8538
2658 2658 2854 8538 8539
2659 2659 2855 8539 8540
2660 2660 2856 8540 8541
2661 2661 2857 8541 8542
2662 2662 2858 8542 8543
2663 2663 2859 8543 8544
2664 2664 2860 8544 8545
2665 2665 2861 8545 8546
2666 2666 2862 8546 8547
2667 2667 2863 8547 8548
2668 2668 2864 8548 8549
2669 2669 2865 8549 8550
2670 2670 2866 8550 8551
2671 2671 2867 8551 8552
2672 2672 2868 8552 8553
2673 2673 2869 8553 8554
2674 2674 2870 8554 8555
2675 2675 2871 8555 8556
2676 2676 2872 8556 8557
2677 2677 2873 8557 8558
2678 2678 2874 8558 8559
2679 2679 2875 8559 8560
2680 2680 2876 8560 8561
2681 2681 2877 8561 8562
2682 2682 2878 8562 8563
2683 2683 2879 8563 8564
2684 2684 2880 8564 8565
2685 2685 2881 8565 8566
2686 2686 2882 8566 8567
2687 2687 2883 8567 8568
2688 2688 2884 8568 8569
2689 2689 2885 8569 8570
2690 2690 2886 8570 8571
2691 2691 2887 8571 8572
2692 2692 2888 8572 8573
2693 2693 2889 8573 8574
2694 2694 2890 8574 8575
2695 2695 2891 8575 8576
2696 2696 2892 8576 8577
2697 2697 2893 8577 8578
2698 2698 2894 8578 8579
2699 2699 2895 8579 8580
2700 2700 2896 8580 8581
2701 2701 2897 8581 8582
2702 2702 2898 8582 8583
2703 2703 2899 8583 8584
2704 2704 2900 8584 8585
2705 2705 2901 8585 8586
2706 2706 2902 8586 8587
2707 2707 2903 8587 8588
2708 2708 2904 8588 8589
2709 2709 2905 8589 8590
2710 2710 2906 8590 8591
2711 2711 2907 8591 8592
2712 2712 2908 8592 8593
2713 2713 2909 8593 8594
2714 2714 2910 8594 8595
2715 2715 2911 8595 8596
2716 2716 2912 8596 8597
2717 2717 2913 8597 8598
2718 2718 2914 8598 8599
2719 2719 2915 8599 8600
2720 2720 2916 8600 8601
2721 2721 2917 8601 8602
2722 2722 2918 8602 8603
2723 2723 2919 8603 8604
2724 2724 2920 8604 8605
2725 2725 2921 8605 8606
2726 2726 2922 8606 8607
2727 2727 2923 8607 8608
2728 2728 2924 8608 8609
2729 2729 2925 8609 8610
2730 2730 2926 8610 8611
2731 2731 2927 8611 8612
2732 2732 2928 8612 8613
2733 2733 2929 8613 8614
2734 2734 2930 8614 8615
2735 2735 2931 8615 8616
2736 2736 2932 8616 8617
2737 2737 2933 8617 8618
2738 2738 2934 8618 8619
2739 2739 2935 8619 8620
2740 2740 2936 8620 8621
2741 2741 2937 8621 8622
2742 2742 2938 8622 8623
2743 2743 2939 8623 8624
2744 2744 2940 8624 8429
2745 2745 2941 8625 8626
2746 2746 2942 8626 8627
2747 2747 2943 8627 8628
2748 2748 2944 8628 8629
2749 2749 2945 8629 8630
2750 2750 2946 8630 8631
2751 2751 2947 8631 8632
2752 2752 2948 8632 8633
2753 2753 2949 8633 8634
2754 2754 2950 8634 8635
2755 2755 2951 8635 8636
2756 2756 2952 8636 8637
2757 2757 2953 8637 8638
2758 2758 2954 8638 8639
2759 2759 2955 8639 8640
2760 2760 2956 8640 8641
2761 2761 2957 8641 8642
2762 2762 2958 8642 8643
2763 2763 2959 8643 8644
2764 2764 2960 8644 8645
2765 2765 2961 8645 8646
2766 2766 2962 8646 8647
2767 2767 2963 8647 8648
2768 2768 2964 8648 8649
2769 2769 2965 8649 8650
2770 2770 2966 8650 8651
2771 2771 2967 8651 8652
2772 2772 2968 8652 8653
2773 2773 2969 8653 8654
2774 2774 2970 8654 8655
2775 2775 2971 8655 8656
2776 2776 2972 8656 8657
2777 2777 2973 8657 8658
2778 2778 2974 8658 8659
2779 2779 2975 8659 8660
2780 2780 2976 8660 8661
2781 2781 2977 8661 8662
2782 2782 2978 8662 8663
2783 2783 2979 8663 8664
2784 2784 2980 8664 8665
2785 2785 2981 8665 8666
2786 2786 2982 8666 8667
2787 2787 2983 8667 8668
2788 2788 2984 8668 8669
2789 2789 2985 8669 8670
2790 2790 2986 8670 8671
2791 2791 2987 8671 8672
2792 2792 2988 8672 8673
2793 2793 2989 8673 8674
2794 2794 2990 8674 8675
2795 2795 2991 8675 8676
2796 2796 2992 8676 8677
2797 2797 2993 8677 8678
2798 2798 2994 8678 8679
2799 2799 2995 8679 8680
2800 2800 2996 8680 8681
2801 2801 2997 8681 8682
2802 2802 2998 8682 8683
2803 2803 2999 8683 8684
2804 2804 3000 8684 8685
2805 2805 3001 8685 8686
2806 2806 3002 8686 8687
2807 2807 3003 8687 8688
2808 2808 3004 8688 8689
2809 2809 3005 8689 8690
2810 2810 3006 8690 8691
2811 2811 3007 8691 8692
2812 2812 3008 8692 8693
2813 2813 3009 8693 8694
2814 2814 3010 8694 8695
2815 2815 3011 8695 8696
2816 2816 3012 8696 8697
2817 2817 3013 8697 8698
2818 2818 3014 8698 8699
2819 2819 3015 8699 8700
2820 2820 3016 8700 8701
2821 2821 3017 8701 8702
2822 2822 3018 8702 8703
2823 2823 3019 8703 8704
2824 2824 3020 8704 8705
2825 2825 3021 8705 8706
2826 2826 3022 8706 8707
2827 2827 3023 8707 8708
2828 2828 3024 8708 8709
2829 2829 3025 8709 8710
2830 2830 3026 8710 8711
2831 2831 3027 8711 8712
2832 2832 3028 8712 8713
2833 2833 3029 8713 8714
2834 2834 3030 8714 8715
2835 2835 3031 8715 8716
2836 2836 3032 8716 8717
2837 2837 3033 8717 8718
2838 2838 3034 8718 8719
2839 2839 3035 8719 8720
2840 2840 3036 8720 8721
2841 2841 3037 8721 8722
2842 2842 3038 8722 8723
2843 2843 3039 8723 8724
2844 2844 3040 8724 8725
2845 2845 3041 8725 8726
2846 2846 3042 8726 8727
2847 2847 3043 8727 8728
2848 2848 3044 8728 8729
2849 2849 3045 8729 8730
2850 2850 3046 8730 8731
2851 2851 3047 8731 8732
2852 2852 3048 8732 8733
2853 2853 3049 8733 8734
2854 2854 3050 8734 8735
2855 2855 3051 8735 8736
2856 2856 3052 8736 8737
2857 2857 3053 8737 8738
2858 2858 3054 8738 8739
2859 2859 3055 8739 8740
2860 2860 3056 8740 8741
2861 2861 3057 8741 8742
2862 2862 3058 8742 8743
2863 2863 3059 8743 8744
2864 2864 3060 8744 8745
2865 2865 3061 8745 8746
2866 2866 3062 8746 8747
2867 2867 3063 8747 8748
2868 2868 3064 8748 8749
2869 2869 3065 8749 8750
2870 2870 3066 8750 8751
2871 2871 3067 8751 8752
2872 2872 3068 8752 8753
2873 2873 3069 8753 8754
2874 2874 3070 8754 8755
2875 2875 3071 8755 8756
2876 2876 3072 8756 8757
2877 2877 3073 8757 8758
2878 2878 3074 8758 8759
2879 2879 3075 8759 8760
2880 2880 3076 8760 8761
2881 2881 3077 8761 8762
2882 2882 3078 8762 8763
2883 2883 3079 8763 8764
2884 2884 3080 8764 8765
2885 2885 3081 8765 8766
2886 2886 3082 8766 8767
2887 2887 3083 8767 8768
2888 2888 3084 8768 8769
2889 2889 3085 8769 8770
2890 2890 3086 8770 8771
2891 2891 3087 8771 8772
2892 2892 3088 8772 8773
2893 2893 3089 8773 8774
2894 2894 3090 8774 8775
2895 2895 3091 8775 8776
2896 2896 3092 8776 8777
2897 2897 3093 8777 8778
2898 2898 3094 8778 8779
2899 2899 3095 8779 8780
2900 2900 3096 8780 8781
2901 2901 3097 8781 8782
2902 2902 3098 8782 8783
2903 2903 3099 8783 8784
2904 2904 3100 8784 8785
2905 2905 3101 8785 8786
2906 2906 3102 8786 8787
2907 2907 3103 8787 8788
2908 2908 3104 8788 8789
2909 2909 3105 8789 8790
2910 2910 3106 8790 8791
2911 2911 3107 8791 8792
2912 2912 3108 8792 8793
2913 2913 3109 8793 8794
2914 2914 3110 8794 8795
2915 2915 3111 8795 8796
2916 2916 3112 8796 8797
2917 2917 3113 8797 8798
2918 2918 3114 8798 8799
2919 2919 3115 8799 8800
2920 2920 3116 8800 8801
2921 2921 3117 8801 8802
2922 2922 3118 8802 8803
2923 2923 3119 8803 8804
2924 2924 3120 8804 8805
2925 2925 3121 8805 8806
2926 2926 3122 8806 8807
2927 2927 3123 8807 8808
2928 2928 3124 8808 8809
2929 2929 3125 8809 8810
2930 2930 3126 8810 8811
2931 2931 3127 8811 8812
2932 2932 3128 8812 8813
2933 2933 3129 8813 8814
2934 2934 3130 8814 8815
2935 2935 3131 8815 8816
2936 2936 3132 8816 8817
2937 2937 3133 8817 8818
2938 2938 3134 8818 8819
2939 2939 3135 8819 8820
2940 2940 3136 8820 8625
2941 2941 3137 8821 8822
2942 2942 3138 8822 8823
2943 2943 3139 8823 8824
2944 2944 3140 8824 8825
2945 2945 3141 8825 8826
2946 2946 3142 8826 8827
2947 2947 3143 8827 8828
2948 2948 3144 8828 8829
2949 2949 3145 8829 8830
2950 2950 3146 8830 8831
2951 2951 3147 8831 8832
2952 2952 3148 8832 8833
2953 2953 3149 8833 8834
2954 2954 3150 8834 8835
2955 2955 3151 8835 8836
2956 2956 3152 8836 8837
2957 2957 3153 8837 8838
2958 2958 3154 8838 8839
2959 2959 3155 8839 8840
2960 2960 3156 8840 8841
2961 2961 3157 8841 8842
2962 2962 3158 8842 8843
2963 2963 3159 8843 8844
2964 2964 3160 8844 8845
2965 2965 3161 8845 8846
2966 2966 3162 8846 8847
2967 2967 3163 8847 8848
2968 2968 3164 8848 8849
2969 2969 3165 8849 8850
2970 2970 3166 8850 8851
2971 2971 3167 8851 8852
2972 2972 3168 8852 8853
2973 2973 3169 8853 8854
2974 2974 3170 8854 8855
2975 2975 3171 8855 8856
2976 2976 3172 8856 8857
2977 2977 3173 8857 8858
2978 2978 3174 8858 8859
2979 2979 3175 8859 8860
2980 2980 3176 8860 8861
2981 2981 3177 8861 8862
2982 2982 3178 8862 8863
2983 2983 3179 8863 8864
2984 2984 3180 8864 8865
2985 2985 3181 8865 8866
2986 2986 3182 8866 8867
2987 2987 3183 8867 8868
2988 2988 3184 8868 8869
2989 2989 3185 8869 8870
2990 2990 3186 8870 8871
2991 2991 3187 8871 8872
2992 2992 3188 8872 8873
2993 2993 3189 8873 8874
2994 2994 3190 8874 8875
2995 2995 3191 8875 8876
2996 2996 3192 8876 8877
2997 2997 3193 8877 8878
2998 2998 3194 8878 8879
2999 2999 3195 8879 8880
3000 3000 3196 8880 8881
3001 3001 3197 8881 8882
3002 3002 3198 8882 8883
3003 3003 3199 8883 8884
3004 3004 3200 8884 8885
3005 3005 3201 8885 8886
3006 3006 3202 8886 8887
3007 3007 3203 8887 8888
3008 3008 3204 8888 8889
3009 3009 3205 8889 8890
3010 3010 3206 8890 8891
3011 3011 3207 8891 8892
3012 3012 3208 8892 8893
3013 3013 3209 8893 8894
3014 3014 3210 8894 8895
3015 3015 3211 8895 8896
3016 3016 3212 8896 8897
3017 3017 3213 8897 8898
3018 3018 3214 8898 8899
3019 3019 3215 8899 8900
3020 3020 3216 8900 8901
3021 3021 3217 8901 8902
3022 3022 3218 8902 8903
3023 3023 3219 8903 8904
3024 3024 3220 8904 8905
3025 3025 3221 8905 8906
3026 3026 3222 8906 8907
3027 3027 3223 8907 8908
3028 3028 3224 8908 8909
3029 3029 3225 8909 8910
3030 3030 3226 8910 8911
3031 3031 3227 8911 8912
3032 3032 3228 8912 8913
3033 3033 3229 8913 8914
3034 3034 3230 8914 8915
3035 3035 3231 8915 8916
3036 3036 3232 8916 8917
3037 3037 3233 8917 8918
3038 3038 3234 8918 8919
3039 3039 3235 8919 8920
3040 3040 3236 8920 8921
3041 3041 3237 8921 8922
3042 3042 3238 8922 8923
3043 3043 3239 8923 8924
3044 3044 3240 8924 8925
3045 3045 3241 8925 8926
3046 3046 3242 8926 8927
3047 3047 3243 8927 8928
3048 3048 3244 8928 8929
3049 3049 3245 8929 8930
3050 3050 3246 8930 8931
3051 3051 3247 8931 8932
3052 3052 3248 8932 8933
3053 3053 3249 8933 8934
3054 3054 3250 8934 8935
3055 3055 3251 8935 8936
3056 3056 3252 8936 8937
3057 3057 3253 8937 8938
3058 3058 3254 8938 8939
3059 3059 3255 8939 8940
3060 3060 3256 8940 8941
3061 3061 3257 8941 8942
3062 3062 3258 8942 8943
3063 3063 3259 8943 8944
3064 3064 3260 8944 8945
3065 3065 3261 8945 8946
3066 3066 3262 8946 8947
3067 3067 3263 8947 8948
3068 3068 3264 8948 8949
3069 3069 3265 8949 8950
3070 3070 3266 8950 8951
3071 3071 3267 8951 8952
3072 3072 3268 8952 8953
3073 3073 3269 8953 8954
3074 3074 3270 8954 8955
3075 3075 3271 8955 8956
3076 3076 3272 8956 8957
3077 3077 3273 8957 8958
3078 3078 3274 8958 8959
3079 3079 3275 8959 8960
3080 3080 3276 8960 8961
3081 3081 3277 8961 8962
3082 3082 3278 8962 8963
3083 3083 3279 8963 8964
3084 3084 3280 8964 8965
3085 3085 3281 8965 8966
3086 3086 3282 8966 8967
3087 3087 3283 8967 8968
3088 3088 3284 8968 8969
3089 3089 3285 8969 8970
3090 3090 3286 8970 8971
3091 3091 3287 8971 8972
3092 3092 3288 8972 8973
3093 3093 3289 8973 8974
3094 3094 3290 8974 8975
3095 3095 3291 8975 8976
3096 3096 3292 8976 8977
3097 3097 3293 8977 8978
3098 3098 3294 8978 8979
3099 3099 3295 8979 8980
3100 3100 3296 8980 8981
3101 3101 3297 8981 8982
3102 3102 3298 8982 8983
3103 3103 3299 8983 8984
3104 3104 3300 8984 8985
3105 3105 3301 8985 8986
3106 3106 3302 8986 8987
3107 3107 3303 8987 8988
3108 3108 3304 8988 8989
3109 3109 3305 8989 8990
3110 3110 3306 8990 8991
3111 3111 3307 8991 8992
3112 3112 3308 8992 8993
3113 3113 3309 8993 8994
3114 3114 3310 8994 8995
3115 3115 3311 8995 8996
3116 3116 3312 8996 8997
3117 3117 3313 8997 8998
3118 3118 3314 8998 8999
3119 3119 3315 8999 9000
3120 3120 3316 9000 9001
3121 3121 3317 9001 9002
3122 3122 3318 9002 9003
3123 3123 3319 9003 9004
3124 3124 3320 9004 9005
3125 3125 3321 9005 9006
3126 3126 3322 9006 9007
3127 3127 3323 9007 9008
3128 3128 3324 9008 9009
3129 3129 3325 9009 9010
3130 3130 3326 9010 9011
3131 3131 3327 9011 9012
3132 3132 3328 9012 9013
3133 3133 3329 9013 9014
3134 3134 3330 9014 9015
3135 3135 3331 9015 9016
3136 3136 3332 9016 8821
3137 3137 3333 9017 9018
3138 3138 3334 9018 9019
3139 3139 3335 9019 9020
3140 3140 3336 9020 9021
3141 3141 3337 9021 9022
3142 3142 3338 9022 9023
3143 3143 3339 9023 9024
3144 3144 3340 9024 9025
3145 3145 3341 9025 9026
3146 3146 3342 9026 9027
3147 3147 3343 9027 9028
3148 3148 3344 9028 9029
3149 3149 3345 9029 9030
3150 3150 3346 9030 9031
3151 3151 3347 9031 9032
3152 3152 3348 9032 9033
3153 3153 3349 9033 9034
3154 3154 3350 9034 9035
3155 3155 3351 9035 9036
3156 3156 3352 9036 9037
3157 3157 3353 9037 9038
3158 3158 3354 9038 9039
3159 3159 3355 9039 9040
3160 3160 3356 9040 9041
3161 3161 3357 9041 9042
3162 3162 3358 9042 9043
3163 3163 3359 9043 9044
3164 3164 3360 9044 9045
3165 3165 3361 9045 9046
3166 3166 3362 9046 9047
3167 3167 3363 9047 9048
3168 3168 3364 9048 9049
3169 3169 3365 9049 9050
3170 3170 3366 9050 9051
3171 3171 3367 9051 9052
3172 3172 3368 9052 9053
3173 3173 3369 9053 9054
3174 3174 3370 9054 9055
3175 3175 3371 9055 9056
3176 3176 3372 9056 9057
3177 3177 3373 9057 9058
3178 3178 3374 9058 9059
3179 3179 3375 9059 9060
3180 3180 3376 9060 9061
3181 3181 3377 9061 9062
3182 3182 3378 9062 9063
3183 3183 3379 9063 9064
3184 3184 3380 9064 9065
3185 3185 3381 9065 9066
3186 3186 3382 9066 9067
3187 3187 3383 9067 9068
3188 3188 3384 9068 9069
3189 3189 3385 9069 9070
3190 3190 3386 9070 9071
3191 3191 3387 9071 9072
3192 3192 3388 9072 9073
3193 3193 3389 9073 9074
3194 3194 3390 9074 9075
3195 3195 3391 9075 9076
3196 3196 3392 9076 9077
3197 3197 3393 9077 9078
3198 3198 3394 9078 9079
3199 3199 3395 9079 9080
3200 3200 3396 9080 9081
3201 3201 3397 9081 9082
3202 3202 3398 9082 9083
3203 3203 3399 9083 9084
3204 3204 3400 9084 9085
3205 3205 3401 9085 9086
3206 3206 3402 9086 9087
3207 3207 3403 9087 9088
3208 3208 3404 9088 9089
3209 3209 3405 9089 9090
3210 3210 3406 9090 9091
3211 3211 3407 9091 9092
3212 3212 3408 9092 9093
3213 3213 3409 9093 9094
3214 3214 3410 9094 9095
3215 3215 3411 9095 9096
3216 3216 3412 9096 9097
3217 3217 3413 9097 9098
3218 3218 3414 9098 9099
3219 3219 3415 9099 9100
3220 3220 3416 9100 9101
3221 3221 3417 9101 9102
3222 3222 3418 9102 9103
3223 3223 3419 9103 9104
3224 3224 3420 9104 9105
3225 3225 3421 9105 9106
3226 3226 3422 9106 9107
3227 3227 3423 9107 9108
3228 3228 3424 9108 9109
3229 3229 3425 9109 9110
3230 3230 3426 9110 9111
3231 3231 3427 9111 9112
3232 3232 3428 9112 9113
3233 3233 3429 9113 9114
3234 3234 3430 9114 9115
3235 3235 3431 9115 9116
3236 3236 3432 9116 9117
3237 3237 3433 9117 9118
3238 3238 3434 9118 9119
3239 3239 3435 9119 9120
3240 3240 3436 9120 9121
3241 3241 3437 9121 9122
3242 3242 3438 9122 9123
3243 3243 3439 9123 9124
3244 3244 3440 9124 9125
3245 3245 3441 9125 9126
3246 3246 3442 9126 9127
3247 3247 3443 9127 9128
3248 3248 3444 9128 9129
3249 3249 3445 9129 9130
3250 3250 3446 9130 9131
3251 3251 3447 9131 9132
3252 3252 3448 9132 9133
3253 3253 3449 9133 9134
3254 3254 3450 9134 9135
3255 3255 3451 9135 9136
3256 3256 3452 9136 9137
3257 3257 3453 9137 9138
3258 3258 3454 9138 9139
3259 3259 3455 9139 9140
3260 3260 3456 9140 9141
3261 3261 3457 9141 9142
3262 3262 3458 9142 9143
3263 3263 3459 9143 9144
3264 3264 3460 9144 9145
3265 3265 3461 9145 9146
3266 3266 3462 9146 9147
3267 3267 3463 9147 9148
3268 3268 3464 9148 9149
3269 3269 3465 9149 9150
3270 3270 3466 9150 9151
3271 3271 3467 9151 9152
3272 3272 3468 9152 9153
3273 3273 3469 9153 9154
3274 3274 3470 9154 9155
3275 3275 3471 9155 9156
3276 3276 3472 9156 9157
3277 3277 3473 9157 9158
3278 3278 3474 9158 9159
3279 3279 3475 9159 9160
3280 3280 3476 9160 9161
3281 3281 3477 9161 9162
3282 3282 3478 9162 9163
3283 3283 3479 9163 9164
3284 3284 3480 9164 9165
3285 3285 3481 9165 9166
3286 3286 3482 9166 9167
3287 3287 3483 9167 9168
3288 3288 3484 9168 9169
3289 3289 3485 9169 9170
3290 3290 3486 9170 9171
3291 3291 3487 9171 9172
3292 3292 3488 9172 9173
3293 3293 3489 9173 9174
3294 3294 3490 9174 9175
3295 3295 3491 9175 9176
3296 3296 3492 9176 9177
3297 3297 3493 9177 9178
3298 3298 3494 9178 9179
3299 3299 3495 9179 9180
3300 3300 3496 9180 9181
3301 3301 3497 9181 9182
3302 3302 3498 9182 9183
3303 3303 3499 9183 9184
3304 3304 3500 9184 9185
3305 3305 3501 9185 9186
3306 3306 3502 9186 9187
3307 3307 3503 9187 9188
3308 3308 3504 9188 9189
3309 3309 3505 9189 9190
3310 3310 3506 9190 9191
3311 3311 3507 9191 9192
3312 3312 3508 9192 9193
3313 3313 3509 9193 9194
3314 3314 3510 9194 9195
3315 3315 3511 9195 9196
3316 3316 3512 9196 9197
3317 3317 3513 9197 9198
3318 3318 3514 9198 9199
3319 3319 3515 9199 9200
3320 3320 3516 9200 9201
3321 3321 3517 9201 9202
3322 3322 3518 9202 9203
3323 3323 3519 9203 9204
3324 3324 3520 9204 9205
3325 3325 3521 9205 9206
3326 3326 3522 9206 9207
3327 3327 3523 9207 9208
3328 3328 3524 9208 9209
3329 3329 3525 9209 9210
3330 3330 3526 9210 9211
3331 3331 3527 9211 9212
3332 3332 3528 9212 9017
3333 3333 3529 9213 9214
3334 3334 3530 9214 9215
3335 3335 3531 9215 9216
3336 3336 3532 9216 9217
3337 3337 3533 9217 9218
3338 3338 3534 9218 9219
3339 3339 3535 9219 9220
3340 3340 3536 9220 9221
3341 3341 3537 9221 9222
3342 3342 3538 9222 9223
3343 3343 3539 9223 9224
3344 3344 3540 9224 9225
3345 3345 3541 9225 9226
3346 3346 3542 9226 9227
3347 3347 3543 9227 9228
3348 3348 3544 9228 9229
3349 3349 3545 9229 9230
3350 3350 3546 9230 9231
3351 3351 3547 9231 9232
3352 3352 3548 9232 9233
3353 3353 3549 9233 9234
3354 3354 3550 9234 9235
3355 3355 3551 9235 9236
3356 3356 3552 9236 9237
3357 3357 3553 9237 9238
3358 3358 3554 9238 9239
3359 3359 3555 9239 9240
3360 3360 3556 9240 9241
3361 3361 3557 9241 9242
3362 3362 3558 9242 9243
3363 3363 3559 9243 9244
3364 3364 3560 9244 9245
3365 3365 3561 9245 9246
3366 3366 3562 9246 9247
3367 3367 3563 9247 9248
3368 3368 3564 9248 9249
3369 3369 3565 9249 9250
3370 3370 3566 9250 9251
3371 3371 3567 9251 9252
3372 3372 3568 9252 9253
3373 3373 3569 9253 9254
3374 3374 3570 9254 9255
3375 3375 3571 9255 9256
3376 3376 3572 9256 9257
3377 3377 3573 9257 9258
3378 3378 3574 9258 9259
3379 3379 3575 9259 9260
3380 3380 3576 9260 9261
3381 3381 3577 9261 9262
3382 3382 3578 9262 9263
3383 3383 3579 9263 9264
3384 3384 3580 9264 9265
3385 3385 3581 9265 9266
3386 3386 3582 9266 9267
3387 3387 3583 9267 9268
3388 3388 3584 9268 9269
3389 3389 3585 9269 9270
3390 3390 3586 9270 9271
3391 3391 3587 9271 9272
3392 3392 3588 9272 9273
3393 3393 3589 9273 9274
3394 3394 3590 9274 9275
3395 3395 3591 9275 9276
3396 3396 3592 9276 9277
3397 3397 3593 9277 9278
3398 3398 3594 9278 9279
3399 3399 3595 9279 9280
3400 3400 3596 9280 9281
3401 3401 3597 9281 9282
3402 3402 3598 9282 9283
3403 3403 3599 9283 9284
3404 3404 3600 9284 9285
3405 3405 3601 9285 9286
3406 3406 3602 9286 9287
3407 3407 3603 9287 9288
3408 3408 3604 9288 9289
3409 3409 3605 9289 9290
3410 3410 3606 9290 9291
3411 3411 3607 9291 9292
3412 3412 3608 9292 9293
3413 3413 3609 9293 9294
3414 3414 3610 9294 9295
3415 3415 3611 9295 9296
3416 3416 3612 9296 9297
3417 3417 3613 9297 9298
3418 3418 3614 9298 9299
3419 3419 3615 9299 9300
3420 3420 3616 9300 9301
3421 3421 3617 9301 9302
3422 3422 3618 9302 9303
3423 3423 3619 9303 9304
3424 3424 3620 9304 9305
3425 3425 3621 9305 9306
3426 3426 3622 9306 9307
3427 3427 3623 9307 9308
3428 3428 3624 9308 9309
3429 3429 3625 9309 9310
3430 3430 3626 9310 9311
3431 3431 3627 9311 9312
3432 3432 3628 9312 9313
3433 3433 3629 9313 9314
3434 3434 3630 9314 9315
3435 3435 3631 9315 9316
3436 3436 3632 9316 9317
3437 3437 3633 9317 9318
3438 3438 3634 9318 9319
3439 3439 3635 9319 9320
3440 3440 3636 9320 9321
3441 3441 3637 9321 9322
3442 3442 3638 9322 9323
3443 3443 3639 9323 9324
3444 3444 3640 9324 9325
3445 3445 3641 9325 9326
3446 3446 3642 9326 9327
3447 3447 3643 9327 9328
3448 3448 3644 9328 9329
3449 3449 3645 9329 9330
3450 3450 3646 9330 9331
3451 3451 3647 9331 9332
3452 3452 3648 9332 9333
3453 3453 3649 9333 9334
3454 3454 3650 9334 9335
3455 3455 3651 9335 9336
3456 3456 3652 9336 9337
3457 3457 3653 9337 9338
3458 3458 3654 9338 9339
3459 3459 3655 9339 9340
3460 3460 3656 9340 9341
3461 3461 3657 9341 9342
3462 3462 3658 9342 9343
3463 3463 3659 9343 9344
3464 3464 3660 9344 9345
3465 3465 3661 9345 9346
3466 3466 3662 9346 9347
3467 3467 3663 9347 9348
3468 3468 3664 9348 9349
3469 3469 3665 9349 9350
3470 3470 3666 9350 9351
3471 3471 3667 9351 9352
3472 3472 3668 9352 9353
3473 3473 3669 9353 9354
3474 3474 3670 9354 9355
3475 3475 3671 9355 9356
3476 3476 3672 9356 9357
3477 3477 3673 9357 9358
3478 3478 3674 9358 9359
3479 3479 3675 9359 9360
3480 3480 3676 9360 9361
3481 3481 3677 9361 9362
3482 3482 3678 9362 9363
3483 3483 3679 9363 9364
3484 3484 3680 9364 9365
3485 3485 3681 9365 9366
3486 3486 3682 9366 9367
3487 3487 3683 9367 9368
3488 3488 3684 9368 9369
3489 3489 3685 9369 9370
3490 3490 3686 9370 9371
3491 3491 3687 9371 9372
3492 3492 3688 9372 9373
3493 3493 3689 9373 9374
3494 3494 3690 9374 9375
3495 3495 3691 9375 9376
3496 3496 3692 9376 9377
3497 3497 3693 9377 9378
3498 3498 3694 9378 9379
3499 3499 3695 9379 9380
3500 3500 3696 9380 9381
3501 3501 3697 9381 9382
3502 3502 3698 9382 9383
3503 3503 3699 9383 9384
3504 3504 3700 9384 9385
3505 3505 3701 9385 9386
3506 3506 3702 9386 9387
3507 3507 3703 9387 9388
3508 3508 3704 9388 9389
3509 3509 3705 9389 9390
3510 3510 3706 9390 9391
3511 3511 3707 9391 9392
3512 3512 3708 9392 9393
3513 3513 3709 9393 9394
3514 3514 3710 9394 9395
3515 3515 3711 9395 9396
3516 3516 3712 9396 9397
3517 3517 3713 9397 9398
3518 3518 3714 9398 9399
3519 3519 3715 9399 9400
3520 3520 3716 9400 9401
3521 3521 3717 9401 9402
3522 3522 3718 9402 9403
3523 3523 3719 9403 9404
3524 3524 3720 9404 9405
3525 3525 3721 9405 9406
3526 3526 3722 9406 9407
3527 3527 3723 9407 9408
3528 3528 3724 9408 9213
3529 3529 3725 9409 9410
3530 3530 3726 9410 9411
3531 3531 3727 9411 9412
3532 3532 3728 9412 9413
3533 3533 3729 9413 9414
3534 3534 3730 9414 9415
3535 3535 3731 9415 9416
3536 3536 3732 9416 9417
3537 3537 3733 9417 9418
3538 3538 3734 9418 9419
3539 3539 3735 9419 9420
3540 3540 3736 9420 9421
3541 3541 3737 9421 9422
3542 3542 3738 9422 9423
3543 3543 3739 9423 9424
3544 3544 3740 9424 9425
3545 3545 3741 9425 9426
3546 3546 3742 9426 9427
3547 3547 3743 9427 9428
3548 3548 3744 9428 9429
3549 3549 3745 9429 9430
3550 3550 3746 9430 9431
3551 3551 3747 9431 9432
3552 3552 3748 9432 9433
3553 3553 3749 9433 9434
3554 3554 3750 9434 9435
3555 3555 3751 9435 9436
3556 3556 3752 9436 9437
3557 3557 3753 9437 9438
3558 3558 3754 9438 9439
3559 3559 3755 9439 9440
3560 3560 3756 9440 9441
3561 3561 3757 9441 9442
3562 3562 3758 9442 9443
3563 3563 3759 9443 9444
3564 3564 3760 9444 9445
3565 3565 3761 9445 9446
3566 3566 3762 9446 9447
3567 3567 3763 9447 9448
3568 3568 3764 9448 9449
3569 3569 3765 9449 9450
3570 3570 3766 9450 9451
3571 3571 3767 9451 9452
3572 3572 3768 9452 9453
3573 3573 3769 9453 9454
3574 3574 3770 9454 9455
3575 3575 3771 9455 9456
3576 3576 3772 9456 9457
3577 3577 3773 9457 9458
3578 3578 3774 9458 9459
3579 3579 3775 9459 9460
3580 3580 3776 9460 9461
3581 3581 3777 9461 9462
3582 3582 3778 9462 9463
3583 3583 3779 9463 9464
3584 3584 3780 9464 9465
3585 3585 3781 9465 9466
3586 3586 3782 9466 9467
3587 3587 3783 9467 9468
3588 3588 3784 9468 9469
3589 3589 3785 9469 9470
3590 3590 3786 9470 9471
3591 3591 3787 9471 9472
3592 3592 3788 9472 9473
3593 3593 3789 9473 9474
3594 3594 3790 9474 9475
3595 3595 3791 9475 9476
3596 3596 3792 9476 9477
3597 3597 3793 9477 9478
3598 3598 3794 9478 9479
3599 3599 3795 9479 9480
3600 3600 3796 9480 9481
3601 3601 3797 9481 9482
3602 3602 3798 9482 9483
3603 3603 3799 9483 9484
3604 3604 3800 9484 9485
3605 3605 3801 9485 9486
3606 3606 3802 9486 9487
3607 3607 3803 9487 9488
3608 3608 3804 9488 9489
3609 3609 3805 9489 9490
3610 3610 3806 9490 9491
3611 3611 3807 9491 9492
3612 3612 3808 9492 9493
3613 3613 3809 9493 9494
3614 3614 3810 9494 9495
3615 3615 3811 9495 9496
3616 3616 3812 9496 9497
3617 3617 3813 9497 9498
3618 3618 3814 9498 9499
3619 3619 3815 9499 9500
3620 3620 3816 9500 9501
3621 3621 3817 9501 9502
3622 3622 3818 9502 9503
3623 3623 3819 9503 9504
3624 3624 3820 9504 9505
3625 3625 3821 9505 9506
3626 3626 3822 9506 9507
3627 3627 3823 9507 9508
3628 3628 3824 9508 9509
3629 3629 3825 9509 9510
3630 3630 3826 9510 9511
3631 3631 3827 9511 9512
3632 3632 3828 9512 9513
3633 3633 3829 9513 9514
3634 3634 3830 9514 9515
3635 3635 3831 9515 9516
3636 3636 3832 9516 9517
3637 3637 3833 9517 9518
3638 3638 3834 9518 9519
3639 3639 3835 9519 9520
3640 3640 3836 9520 9521
3641 3641 3837 9521 9522
3642 3642 3838 9522 9523
3643 3643 3839 9523 9524
3644 3644 3840 9524 9525
3645 3645 3841 9525 9526
3646 3646 3842 9526 9527
3647 3647 3843 9527 9528
3648 3648 3844 9528 9529
3649 3649 3845 9529 9530
3650 3650 3846 9530 9531
3651 3651 3847 9531 9532
3652 3652 3848 9532 9533
3653 3653 3849 9533 9534
3654 3654 3850 9534 9535
3655 3655 3851 9535 9536
3656 3656 3852 9536 9537
3657 3657 3853 9537 9538
3658 3658 3854 9538 9539
3659 3659 3855 9539 9540
3660 3660 3856 9540 9541
3661 3661 3857 9541 9542
3662 3662 3858 9542 9543
3663 3663 3859 9543 9544
3664 3664 3860 9544 9545
3665 3665 3861 9545 9546
3666 3666 3862 9546 9547
3667 3667 3863 9547 9548
3668 3668 3864 9548 9549
3669 3669 3865 9549 9550
3670 3670 3866 9550 9551
3671 3671 3867 9551 9552
3672 3672 3868 9552 9553
3673 3673 3869 9553 9554
3674 3674 3870 9554 9555
3675 3675 3871 9555 9556
3676 3676 3872 9556 9557
3677 3677 3873 9557 9558
3678 3678 3874 9558 9559
3679 3679 3875 9559 9560
3680 3680 3876 9560 9561
3681 3681 3877 9561 9562
3682 3682 3878 9562 9563
3683 3683 3879 9563 9564
3684 3684 3880 9564 9565
3685 3685 3881 9565 9566
3686 3686 3882 9566 9567
3687 3687 3883 9567 9568
3688 3688 3884 9568 9569
3689 3689 3885 9569 9570
3690 3690 3886 9570 9571
3691 3691 3887 9571 9572
3692 3692 3888 9572 9573
3693 3693 3889 9573 9574
3694 3694 3890 9574 9575
3695 3695 3891 9575 9576
3696 3696 3892 9576 9577
3697 3697 3893 9577 9578
3698 3698 3894 9578 9579
3699 3699 3895 9579 9580
3700 3700 3896 9580 9581
3701 3701 3897 9581 9582
3702 3702 3898 9582 9583
3703 3703 3899 9583 9584
3704 3704 3900 9584 9585
3705 3705 3901 9585 9586
3706 3706 3902 9586 9587
3707 3707 3903 9587 9588
3708 3708 3904 9588 9589
3709 3709 3905 9589 9590
3710 3710 3906 9590 9591
3711 3711 3907 9591 9592
3712 3712 3908 9592 9593
3713 3713 3909 9593 9594
3714 3714 3910 9594 9595
3715 3715 3911 9595 9596
3716 3716 3912 9596 9597
3717 3717 3913 9597 9598
3718 3718 3914 9598 9599
3719 3719 3915 9599 9600
3720 3720 3916 9600 9601
3721 3721 3917 9601 9602
3722 3722 3918 9602 9603
3723 3723 3919 9603 9604
3724 3724 3920 9604 9409
3725 3725 3921 9605 9606
3726 3726 3922 9606 9607
3727 3727 3923 9607 9608
3728 3728 3924 9608 9609
3729 3729 3925 9609 9610
3730 3730 3926 9610 9611
3731 3731 3927 9611 9612
3732 3732 3928 9612 9613
3733 3733 3929 9613 9614
3734 3734 3930 9614 9615
3735 3735 3931 9615 9616
3736 3736 3932 9616 9617
3737 3737 3933 9617 9618
3738 3738 3934 9618 9619
3739 3739 3935 9619 9620
3740 3740 3936 9620 9621
3741 3741 3937 9621 9622
3742 3742 3938 9622 9623
3743 3743 3939 9623 9624
3744 3744 3940 9624 9625
3745 3745 3941 9625 9626
3746 3746 3942 9626 9627
3747 3747 3943 9627 9628
3748 3748 3944 9628 9629
3749 3749 3945 9629 9630
3750 3750 3946 9630 9631
3751 3751 3947 9631 9632
3752 3752 3948 9632 9633
3753 3753 3949 9633 9634
3754 3754 3950 9634 9635
3755 3755 3951 9635 9636
3756 3756 3952 9636 9637
3757 3757 3953 9637 9638
3758 3758 3954 9638 9639
3759 3759 3955 9639 9640
3760 3760 3956 9640 9641
3761 3761 3957 9641 9642
3762 3762 3958 9642 9643
3763 3763 3959 9643 9644
3764 3764 3960 9644 9645
3765 3765 3961 9645 9646
3766 3766 3962 9646 9647
3767 3767 3963 9647 9648
3768 3768 3964 9648 9649
3769 3769 3965 9649 9650
3770 3770 3966 9650 9651
3771 3771 3967 9651 9652
3772 3772 3968 9652 9653
3773 3773 3969 9653 9654
3774 3774 3970 9654 9655
3775 3775 3971 9655 9656
3776 3776 3972 9656 9657
3777 3777 3973 9657 9658
3778 3778 3974 9658 9659
3779 3779 3975 9659 9660
3780 3780 3976 9660 9661
3781 3781 3977 9661 9662
3782 3782 3978 9662 9663
3783 3783 3979 9663 9664
3784 3784 3980 9664 9665
3785 3785 3981 9665 9666
3786 3786 3982 9666 9667
3787 3787 3983 9667 9668
3788 3788 3984 9668 9669
3789 3789 3985 9669 9670
3790 3790 3986 9670 9671
3791 3791 3987 9671 9672
3792 3792 3988 9672 9673
3793 3793 3989 9673 9674
3794 3794 3990 9674 9675
3795 3795 3991 9675 9676
3796 3796 3992 9676 9677
3797 3797 3993 9677 9678
3798 3798 3994 9678 9679
3799 3799 3995 9679 9680
3800 3800 3996 9680 9681
3801 3801 3997 9681 9682
3802 3802 3998 9682 9683
3803 3803 3999 9683 9684
3804 3804 4000 9684 9685
3805 3805 4001 9685 9686
3806 3806 4002 9686 9687
3807 3807 4003 9687 9688
3808 3808 4004 9688 9689
3809 3809 4005 9689 9690
3810 3810 4006 9690 9691
3811 3811 4007 9691 9692
3812 3812 4008 9692 9693
3813 3813 4009 9693 9694
3814 3814 4010 9694 9695
3815 3815 4011 9695 9696
3816 3816 4012 9696 9697
3817 3817 4013 9697 9698
3818 3818 4014 9698 9699
3819 3819 4015 9699 9700
3820 3820 4016 9700 9701
3821 3821 4017 9701 9702
3822 3822 4018 9702 9703
3823 3823 4019 9703 9704
3824 3824 4020 9704 9705
3825 3825 4021 9705 9706
3826 3826 4022 9706 9707
3827 3827 4023 9707 9708
3828 3828 4024 9708 9709
3829 3829 4025 9709 9710
3830 3830 4026 9710 9711
3831 3831 4027 9711 9712
3832 3832 4028 9712 9713
3833 3833 4029 9713 9714
3834 3834 4030 9714 9715
3835 3835 4031 9715 9716
3836 3836 4032 9716 9717
3837 3837 4033 9717 9718
3838 3838 4034 9718 9719
3839 3839 4035 9719 9720
3840 3840 4036 9720 9721
3841 3841 4037 9721 9722
3842 3842 4038 9722 9723
3843 3843 4039 9723 9724
3844 3844 4040 9724 9725
3845 3845 4041 9725 9726
3846 3846 4042 9726 9727
3847 3847 4043 9727 9728
3848 3848 4044 9728 9729
3849 3849 4045 9729 9730
3850 3850 4046 9730 9731
3851 3851 4047 9731 9732
3852 3852 4048 9732 9733
3853 3853 4049 9733 9734
3854 3854 4050 9734 9735
3855 3855 4051 9735 9736
3856 3856 4052 9736 9737
3857 3857 4053 9737 9738
3858 3858 4054 9738 9739
3859 3859 4055 9739 9740
3860 3860 4056 9740 9741
3861 3861 4057 9741 9742
3862 3862 4058 9742 9743
3863 3863 4059 9743 9744
3864 3864 4060 9744 9745
3865 3865 4061 9745 9746
3866 3866 4062 9746 9747
3867 3867 4063 9747 9748
3868 3868 4064 9748 9749
3869 3869 4065 9749 9750
3870 3870 4066 9750 9751
3871 3871 4067 9751 9752
3872 3872 4068 9752 9753
3873 3873 4069 9753 9754
3874 3874 4070 9754 9755
3875 3875 4071 9755 9756
3876 3876 4072 9756 9757
3877 3877 4073 9757 9758
3878 3878 4074 9758 9759
3879 3879 4075 9759 9760
3880 3880 4076 9760 9761
3881 3881 4077 9761 9762
3882 3882 4078 9762 9763
3883 3883 4079 9763 9764
3884 3884 4080 9764 9765
3885 3885 4081 9765 9766
3886 3886 4082 9766 9767
3887 3887 4083 9767 9768
3888 3888 4084 9768 9769
3889 3889 4085 9769 9770
3890 3890 4086 9770 9771
3891 3891 4087 9771 9772
3892 3892 4088 9772 9773
3893 3893 4089 9773 9774
3894 3894 4090 9774 9775
3895 3895 4091 9775 9776
3896 3896 4092 9776 9777
3897 3897 4093 9777 9778
3898 3898 4094 9778 9779
3899 3899 4095 9779 9780
3900 3900 4096 9780 9781
3901 3901 4097 9781 9782
3902 3902 4098 9782 9783
3903 3903 4099 9783 9784
3904 3904 4100 9784 9785
3905 3905 4101 9785 9786
3906 3906 4102 9786 9787
3907 3907 4103 9787 9788
3908 3908 4104 9788 9789
3909 3909 4105 9789 9790
3910 3910 4106 9790 9791
3911 3911 4107 9791 9792
3912 3912 4108 9792 9793
3913 3913 4109 9793 9794
3914 3914 4110 9794 9795
3915 3915 4111 9795 9796
3916 3916 4112 9796 9797
3917 3917 4113 9797 9798
3918 3918 4114 9798 9799
3919 3919 4115 9799 9800
3920 3920 4116 9800 9605
3921 3921 4117 9801 9802
3922 3922 4118 9802 9803
3923 3923 4119 9803 9804
3924 3924 4120 9804 9805
3925 3925 4121 9805 9806
3926 3926 4122 9806 9807
3927 3927 4123 9807 9808
3928 3928 4124 9808 9809
3929 3929 4125 9809 9810
3930 3930 4126 9810 9811
3931 3931 4127 9811 9812
3932 3932 4128 9812 9813
3933 3933 4129 9813 9814
3934 3934 4130 9814 9815
3935 3935 4131 9815 9816
3936 3936 4132 9816 9817
3937 3937 4133 9817 9818
3938 3938 4134 9818 9819
3939 3939 4135 9819 9820
3940 3940 4136 9820 9821
3941 3941 4137 9821 9822
3942 3942 4138 9822 9823
3943 3943 4139 9823 9824
3944 3944 4140 9824 9825
3945 3945 4141 9825 9826
3946 3946 4142 9826 9827
3947 3947 4143 9827 9828
3948 3948 4144 9828 9829
3949 3949 4145 9829 9830
3950 3950 4146 9830 9831
3951 3951 4147 9831 9832
3952 3952 4148 9832 9833
3953 3953 4149 9833 9834
3954 3954 4150 9834 9835
3955 3955 4151 9835 9836
3956 3956 4152 9836 9837
3957 3957 4153 9837 9838
3958 3958 4154 9838 9839
3959 3959 4155 9839 9840
3960 3960 4156 9840 9841
3961 3961 4157 9841 9842
3962 3962 4158 9842 9843
3963 3963 4159 9843 9844
3964 3964 4160 9844 9845
3965 3965 4161 9845 9846
3966 3966 4162 9846 9847
3967 3967 4163 9847 9848
3968 3968 4164 9848 9849
3969 3969 4165 9849 9850
3970 3970 4166 9850 9851
3971 3971 4167 9851 9852
3972 3972 4168 9852 9853
3973 3973 4169 9853 9854
3974 3974 4170 9854 9855
3975 3975 4171 9855 9856
3976 3976 4172 9856 9857
3977 3977 4173 9857 9858
3978 3978 4174 9858 9859
3979 3979 4175 9859 9860
3980 3980 4176 9860 9861
3981 3981 4177 9861 9862
3982 3982 4178 9862 9863
3983 3983 4179 9863 9864
3984 3984 4180 9864 9865
3985 3985 4181 9865 9866
3986 3986 4182 9866 9867
3987 3987 4183 9867 9868
3988 3988 4184 9868 9869
3989 3989 4185 9869 9870
3990 3990 4186 9870 9871
3991 3991 4187 9871 9872
3992 3992 4188 9872 9873
3993 3993 4189 9873 9874
3994 3994 4190 9874 9875
3995 3995 4191 9875 9876
3996 3996 4192 9876 9877
3997 3997 4193 9877 9878
3998 3998 4194 9878 9879
3999 3999 4195 9879 9880
4000 4000 4196 9880 9881
4001 4001 4197 9881 9882
4002 4002 4198 9882 9883
4003 4003 4199 9883 9884
4004 4004 4200 9884 9885
4005 4005 4201 9885 9886
4006 4006 4202 9886 9887
4007 4007 4203 9887 9888
4008 4008 4204 9888 9889
4009 4009 4205 9889 9890
4010 4010 4206 9890 9891
4011 4011 4207 9891 9892
4012 4012 4208 9892 9893
4013 4013 4209 9893 9894
4014 4014 4210 9894 9895
4015 4015 4211 9895 9896
4016 4016 4212 9896 9897
4017 4017 4213 9897 9898
4018 4018 4214 9898 9899
4019 4019 4215 9899 9900
4020 4020 4216 9900 9901
4021 4021 4217 9901 9902
4022 4022 4218 9902 9903
4023 4023 4219 9903 9904
4024 4024 4220 9904 9905
4025 4025 4221 9905 9906
4026 4026 4222 9906 9907
4027 4027 4223 9907 9908
4028 4028 4224 9908 9909
4029 4029 4225 9909 9910
4030 4030 4226 9910 9911
4031 4031 4227 9911 9912
4032 4032 4228 9912 9913
4033 4033 4229 9913 9914
4034 4034 4230 9914 9915
4035 4035 4231 9915 9916
4036 4036 4232 9916 9917
4037 4037 4233 9917 9918
4038 4038 4234 9918 9919
4039 4039 4235 9919 9920
4040 4040 4236 9920 9921
4041 4041 4237 9921 9922
4042 4042 4238 9922 9923
4043 4043 4239 9923 9924
4044 4044 4240 9924 9925
4045 4045 4241 9925 9926
4046 4046 4242 9926 9927
4047 4047 4243 9927 9928
4048 4048 4244 9928 9929
4049 4049 4245 9929 9930
4050 4050 4246 9930 9931
4051 4051 4247 9931 9932
4052 4052 4248 9932 9933
4053 4053 4249 9933 9934
4054 4054 4250 9934 9935
4055 4055 4251 9935 9936
4056 4056 4252 9936 9937
4057 4057 4253 9937 9938
4058 4058 4254 9938 9939
4059 4059 4255 9939 9940
4060 4060 4256 9940 9941
4061 4061 4257 9941 9942
4062 4062 4258 9942 9943
4063 4063 4259 9943 9944
4064 4064 4260 9944 9945
4065 4065 4261 9945 9946
4066 4066 4262 9946 9947
4067 4067 4263 9947 9948
4068 4068 4264 9948 9949
4069 4069 4265 9949 9950
4070 4070 4266 9950 9951
4071 4071 4267 9951 9952
4072 4072 4268 9952 9953
4073 4073 4269 9953 9954
4074 4074 4270 9954 9955
4075 4075 4271 9955 9956
4076 4076 4272 9956 9957
4077 4077 4273 9957 9958
4078 4078 4274 9958 9959
4079 4079 4275 9959 9960
4080 4080 4276 9960 9961
4081 4081 4277 9961 9962
4082 4082 4278 9962 9963
4083 4083 4279 9963 9964
4084 4084 4280 9964 9965
4085 4085 4281 9965 9966
4086 4086 4282 9966 9967
4087 4087 4283 9967 9968
4088 4088 4284 9968 9969
4089 4089 4285 9969 9970
4090 4090 4286 9970 9971
4091 4091 4287 9971 9972
4092 4092 4288 9972 9973
4093 4093 4289 9973 9974
4094 4094 4290 9974 9975
4095 4095 4291 9975 9976
4096 4096 4292 9976 9977
4097 4097 4293 9977 9978
4098 4098 4294 9978 9979
4099 4099 4295 9979 9980
4100 4100 4296 9980 9981
4101 4101 4297 9981 9982
4102 4102 4298 9982 9983
4103 4103 4299 9983 9984
4104 4104 4300 9984 9985
4105 4105 4301 9985 9986
4106 4106 4302 9986 9987
4107 4107 4303 9987 9988
4108 4108 4304 9988 9989
4109 4109 4305 9989 9990
4110 4110 4306 9990 9991
4111 4111 4307 9991 9992
4112 4112 4308 9992 9993
4113 4113 4309 9993 9994
4114 4114 4310 9994 9995
4115 4115 4311 9995 9996
4116 4116 4312 9996 9801
4117 4117 4313 9997 9998
4118 4118 4314 9998 9999
4119 4119 4315 9999 10000
4120 4120 4316 10000 10001
4121 4121 4317 10001 10002
4122 4122 4318 10002 10003
4123 4123 4319 10003 10004
4124 4124 4320 10004 10005
4125 4125 4321 10005 10006
4126 4126 4322 10006 10007
4127 4127 4323 10007 10008
4128 4128 4324 10008 10009
4129 4129 4325 10009 10010
4130 4130 4326 10010 10011
4131 4131 4327 10011 10012
4132 4132 4328 10012 10013
4133 4133 4329 10013 10014
4134 4134 4330 10014 10015
4135 4135 4331 10015 10016
4136 4136 4332 10016 10017
4137 4137 4333 10017 10018
4138 4138 4334 10018 10019
4139 4139 4335 10019 10020
4140 4140 4336 10020 10021
4141 4141 4337 10021 10022
4142 4142 4338 10022 10023
4143 4143 4339 10023 10024
4144 4144 4340 10024 10025
4145 4145 4341 10025 10026
4146 4146 4342 10026 10027
4147 4147 4343 10027 10028
4148 4148 4344 10028 10029
4149 4149 4345 10029 10030
4150 4150 4346 10030 10031
4151 4151 4347 10031 10032
4152 4152 4348 10032 10033
4153 4153 4349 10033 10034
4154 4154 4350 10034 10035
4155 4155 4351 10035 10036
4156 4156 4352 10036 10037
4157 4157 4353 10037 10038
4158 4158 4354 10038 10039
4159 4159 4355 10039 10040
4160 4160 4356 10040 10041
4161 4161 4357 10041 10042
4162 4162 4358 10042 10043
4163 4163 4359 10043 10044
4164 4164 4360 10044 10045
4165 4165 4361 10045 10046
4166 4166 4362 10046 10047
4167 4167 4363 10047 10048
4168 4168 4364 10048 10049
4169 4169 4365 10049 10050
4170 4170 4366 10050 10051
4171 4171 4367 10051 10052
4172 4172 4368 10052 10053
4173 4173 4369 10053 10054
4174 4174 4370 10054 10055
4175 4175 4371 10055 10056
4176 4176 4372 10056 10057
4177 4177 4373 10057 10058
4178 4178 4374 10058 10059
4179 4179 4375 10059 10060
4180 4180 4376 10060 10061
4181 4181 4377 10061 10062
4182 4182 4378 10062 10063
4183 4183 4379 10063 10064
4184 4184 4380 10064 10065
4185 4185 4381 10065 10066
4186 4186 4382 10066 10067
4187 4187 4383 10067 10068
4188 4188 4384 10068 10069
4189 4189 4385 10069 10070
4190 4190 4386 10070 10071
4191 4191 4387 10071 10072
4192 4192 4388 10072 10073
4193 4193 4389 10073 10074
4194 4194 4390 10074 10075
4195 4195 4391 10075 10076
4196 4196 4392 10076 10077
4197 4197 4393 10077 10078
4198 4198 4394 10078 10079
4199 4199 4395 10079 10080
4200 4200 4396 10080 10081
4201 4201 4397 10081 10082
4202 4202 4398 10082 10083
4203 4203 4399 10083 10084
4204 4204 4400 10084 10085
4205 4205 4401 10085 10086
4206 4206 4402 10086 10087
4207 4207 4403 10087 10088
4208 4208 4404 10088 10089
4209 4209 4405 10089 10090
4210 4210 4406 10090 10091
4211 4211 4407 10091 10092
4212 4212 4408 10092 10093
4213 4213 4409 10093 10094
4214 4214 4410 10094 10095
4215 4215 4411 10095 10096
4216 4216 4412 10096 10097
4217 4217 4413 10097 10098
4218 4218 4414 10098 10099
4219 4219 4415 10099 10100
4220 4220 4416 10100 10101
4221 4221 4417 10101 10102
4222 4222 4418 10102 10103
4223 4223 4419 10103 10104
4224 4224 4420 10104 10105
4225 4225 4421 10105 10106
4226 4226 4422 10106 10107
4227 4227 4423 10107 10108
4228 4228 4424 10108 10109
4229 4229 4425 10109 10110
4230 4230 4426 10110 10111
4231 4231 4427 10111 10112
4232 4232 4428 10112 10113
4233 4233 4429 10113 10114
4234 4234 4430 10114 10115
4235 4235 4431 10115 10116
4236 4236 4432 10116 10117
4237 4237 4433 10117 10118
4238 4238 4434 10118 10119
4239 4239 4435 10119 10120
4240 4240 4436 10120 10121
4241 4241 4437 10121 10122
4242 4242 4438 10122 10123
4243 4243 4439 10123 10124
4244 4244 4440 10124 10125
4245 4245 4441 10125 10126
4246 4246 4442 10126 10127
4247 4247 4443 10127 10128
4248 4248 4444 10128 10129
4249 4249 4445 10129 10130
4250 4250 4446 10130 10131
4251 4251 4447 10131 10132
4252 4252 4448 10132 10133
4253 4253 4449 10133 10134
4254 4254 4450 10134 10135
4255 4255 4451 10135 10136
4256 4256 4452 10136 10137
4257 4257 4453 10137 10138
4258 4258 4454 10138 10139
4259 4259 4455 10139 10140
4260 4260 4456 10140 10141
4261 4261 4457 10141 10142
4262 4262 4458 10142 10143
4263 4263 4459 10143 10144
4264 4264 4460 10144 10145
4265 4265 4461 10145 10146
4266 4266 4462 10146 10147
4267 4267 4463 10147 10148
4268 4268 4464 10148 10149
4269 4269 4465 10149 10150
4270 4270 4466 10150 10151
4271 4271 4467 10151 10152
4272 4272 4468 10152 10153
4273 4273 4469 10153 10154
4274 4274 4470 10154 10155
4275 4275 4471 10155 10156
4276 4276 4472 10156 10157
4277 4277 4473 10157 10158
4278 4278 4474 10158 10159
4279 4279 4475 10159 10160
4280 4280 4476 10160 10161
4281 4281 4477 10161 10162
4282 4282 4478 10162 10163
4283 4283 4479 10163 10164
4284 4284 4480 10164 10165
4285 4285 4481 10165 10166
4286 4286 4482 10166 10167
4287 4287 4483 10167 10168
4288 4288 4484 10168 10169
4289 4289 4485 10169 10170
4290 4290 4486 10170 10171
4291 4291 4487 10171 10172
4292 4292 4488 10172 10173
4293 4293 4489 10173 10174
4294 4294 4490 10174 10175
4295 4295 4491 10175 10176
4296 4296 4492 10176 10177
4297 4297 4493 10177 10178
4298 4298 4494 10178 10179
4299 4299 4495 10179 10180
4300 4300 4496 10180 10181
4301 4301 4497 10181 10182
4302 4302 4498 10182 10183
4303 4303 4499 10183 10184
4304 4304 4500 10184 10185
4305 4305 4501 10185 10186
4306 4306 4502 10186 10187
4307 4307 4503 10187 10188
4308 4308 4504 10188 10189
4309 4309 4505 10189 10190
4310 4310 4506 10190 10191
4311 4311 4507 10191 10192
4312 4312 4508 10192 9997
4313 4313 4509 10193 10194
4314 4314 4510 10194 10195
4315 4315 4511 10195 10196
4316 4316 4512 10196 10197
4317 4317 4513 10197 10198
4318 4318 4514 10198 10199
4319 4319 4515 10199 10200
4320 4320 4516 10200 10201
4321 4321 4517 10201 10202
4322 4322 4518 10202 10203
4323 4323 4519 10203 10204
4324 4324 4520 10204 10205
4325 4325 4521 10205 10206
4326 4326 4522 10206 10207
4327 4327 4523 10207 10208
4328 4328 4524 10208 10209
4329 4329 4525 10209 10210
4330 4330 4526 10210 10211
4331 4331 4527 10211 10212
4332 4332 4528 10212 10213
4333 4333 4529 10213 10214
4334 4334 4530 10214 10215
4335 4335 4531 10215 10216
4336 4336 4532 10216 10217
4337 4337 4533 10217 10218
4338 4338 4534 10218 10219
4339 4339 4535 10219 10220
4340 4340 4536 10220 10221
4341 4341 4537 10221 10222
4342 4342 4538 10222 10223
4343 4343 4539 10223 10224
4344 4344 4540 10224 10225
4345 4345 4541 10225 10226
4346 4346 4542 10226 10227
4347 4347 4543 10227 10228
4348 4348 4544 10228 10229
4349 4349 4545 10229 10230
4350 4350 4546 10230 10231
4351 4351 4547 10231 10232
4352 4352 4548 10232 10233
4353 4353 4549 10233 10234
4354 4354 4550 10234 10235
4355 4355 4551 10235 10236
4356 4356 4552 10236 10237
4357 4357 4553 10237 10238
4358 4358 4554 10238 10239
4359 4359 4555 10239 10240
4360 4360 4556 10240 10241
4361 4361 4557 10241 10242
4362 4362 4558 10242 10243
4363 4363 4559 10243 10244
4364 4364 4560 10244 10245
4365 4365 4561 10245 10246
4366 4366 4562 10246 10247
4367 4367 4563 10247 10248
4368 4368 4564 10248 10249
4369 4369 4565 10249 10250
4370 4370 4566 10250 10251
4371 4371 4567 10251 10252
4372 4372 4568 10252 10253
4373 4373 4569 10253 10254
4374 4374 4570 10254 10255
4375 4375 4571 10255 10256
4376 4376 4572 10256 10257
4377 4377 4573 10257 10258
4378 4378 4574 10258 10259
4379 4379 4575 10259 10260
4380 4380 4576 10260 10261
4381 4381 4577 10261 10262
4382 4382 4578 10262 10263
4383 4383 4579 10263 10264
4384 4384 4580 10264 10265
4385 4385 4581 10265 10266
4386 4386 4582 10266 10267
4387 4387 4583 10267 10268
4388 4388 4584 10268 10269
4389 4389 4585 10269 10270
4390 4390 4586 10270 10271
4391 4391 4587 10271 10272
4392 4392 4588 10272 10273
4393 4393 4589 10273 10274
4394 4394 4590 10274 10275
4395 4395 4591 10275 10276
4396 4396 4592 10276 10277
4397 4397 4593 10277 10278
4398 4398 4594 10278 10279
4399 4399 4595 10279 10280
4400 4400 4596 10280 10281
4401 4401 4597 10281 10282
4402 4402 4598 10282 10283
4403 4403 4599 10283 10284
4404 4404 4600 10284 10285
4405 4405 4601 10285 10286
4406 4406 4602 10286 10287
4407 4407 4603 10287 10288
4408 4408 4604 10288 10289
4409 4409 4605 10289 10290
4410 4410 4606 10290 10291
4411 4411 4607 10291 10292
4412 4412 4608 10292 10293
4413 4413 4609 10293 10294
4414 4414 4610 10294 10295
4415 4415 4611 10295 10296
4416 4416 4612 10296 10297
4417 4417 4613 10297 10298
4418 4418 4614 10298 10299
4419 4419 4615 10299 10300
4420 4420 4616 10300 10301
4421 4421 4617 10301 10302
4422 4422 4618 10302 10303
4423 4423 4619 10303 10304
4424 4424 4620 10304 10305
4425 4425 4621 10305 10306
4426 4426 4622 10306 10307
4427 4427 4623 10307 10308
4428 4428 4624 10308 10309
4429 4429 4625 10309 10310
4430 4430 4626 10310 10311
4431 4431 4627 10311 10312
4432 4432 4628 10312 10313
4433 4433 4629 10313 10314
4434 4434 4630 10314 10315
4435 4435 4631 10315 10316
4436 4436 4632 10316 10317
4437 4437 4633 10317 10318
4438 4438 4634 10318 10319
4439 4439 4635 10319 10320
4440 4440 4636 10320 10321
4441 4441 4637 10321 10322
4442 4442 4638 10322 10323
4443 4443 4639 10323 10324
4444 4444 4640 10324 10325
4445 4445 4641 10325 10326
4446 4446 4642 10326 10327
4447 4447 4643 10327 10328
4448 4448 4644 10328 10329
4449 4449 4645 10329 10330
4450 4450 4646 10330 10331
4451 4451 4647 10331 10332
4452 4452 4648 10332 10333
4453 4453 4649 10333 10334
4454 4454 4650 10334 10335
4455 4455 4651 10335 10336
4456 4456 4652 10336 10337
4457 4457 4653 10337 10338
4458 4458 4654 10338 10339
4459 4459 4655 10339 10340
4460 4460 4656 10340 10341
4461 4461 4657 10341 10342
4462 4462 4658 10342 10343
4463 4463 4659 10343 10344
4464 4464 4660 10344 10345
4465 4465 4661 10345 10346
4466 4466 4662 10346 10347
4467 4467 4663 10347 10348
4468 4468 4664 10348 10349
4469 4469 4665 10349 10350
4470 4470 4666 10350 10351
4471 4471 4667 10351 10352
4472 4472 4668 10352 10353
4473 4473 4669 10353 10354
4474 4474 4670 10354 10355
4475 4475 4671 10355 10356
4476 4476 4672 10356 10357
4477 4477 4673 10357 10358
4478 4478 4674 10358 10359
4479 4479 4675 10359 10360
4480 4480 4676 10360 10361
4481 4481 4677 10361 10362
4482 4482 4678 10362 10363
4483 4483 4679 10363 10364
4484 4484 4680 10364 10365
4485 4485 4681 10365 10366
4486 4486 4682 10366 10367
4487 4487 4683 10367 10368
4488 4488 4684 10368 10369
4489 4489 4685 10369 10370
4490 4490 4686 10370 10371
4491 4491 4687 10371 10372
4492 4492 4688 10372 10373
4493 4493 4689 10373 10374
4494 4494 4690 10374 10375
4495 4495 4691 10375 10376
4496 4496 4692 10376 10377
4497 4497 4693 10377 10378
4498 4498 4694 10378 10379
4499 4499 4695 10379 10380
4500 4500 4696 10380 10381
4501 4501 4697 10381 10382
4502 4502 4698 10382 10383
4503 4503 4699 10383 10384
4504 4504 4700 10384 10385
4505 4505 4701 10385 10386
4506 4506 4702 10386 10387
4507 4507 4703 10387 10388
4508 4508 4704 10388 10193
4509 4509 4705 10389 10390
4510 4510 4706 10390 10391
4511 4511 4707 10391 10392
4512 4512 4708 10392 10393
4513 4513 4709 10393 10394
4514 4514 4710 10394 10395
4515 4515 4711 10395 10396
4516 4516 4712 10396 10397
4517 4517 4713 10397 10398
4518 4518 4714 10398 10399
4519 4519 4715 10399 10400
4520 4520 4716 10400 10401
4521 4521 4717 10401 10402
4522 4522 4718 10402 10403
4523 4523 4719 10403 10404
4524 4524 4720 10404 10405
4525 4525 4721 10405 10406
4526 4526 4722 10406 10407
4527 4527 4723 10407 10408
4528 4528 4724 10408 10409
4529 4529 4725 10409 10410
4530 4530 4726 10410 10411
4531 4531 4727 10411 10412
4532 4532 4728 10412 10413
4533 4533 4729 10413 10414
4534 4534 4730 10414 10415
4535 4535 4731 10415 10416
4536 4536 4732 10416 10417
4537 4537 4733 10417 10418
4538 4538 4734 10418 10419
4539 4539 4735 10419 10420
4540 4540 4736 10420 10421
4541 4541 4737 10421 10422
4542 4542 4738 10422 10423
4543 4543 4739 10423 10424
4544 4544 4740 10424 10425
4545 4545 4741 10425 10426
4546 4546 4742 10426 10427
4547 4547 4743 10427 10428
4548 4548 4744 10428 10429
4549 4549 4745 10429 10430
4550 4550 4746 10430 10431
4551 4551 4747 10431 10432
4552 4552 4748 10432 10433
4553 4553 4749 10433 10434
4554 4554 4750 10434 10435
4555 4555 4751 10435 10436
4556 4556 4752 10436 10437
4557 4557 4753 10437 10438
4558 4558 4754 10438 10439
4559 4559 4755 10439 10440
4560 4560 4756 10440 10441
4561 4561 4757 10441 10442
4562 4562 4758 10442 10443
4563 4563 4759 10443 10444
4564 4564 4760 10444 10445
4565 4565 4761 10445 10446
4566 4566 4762 10446 10447
4567 4567 4763 10447 10448
4568 4568 4764 10448 10449
4569 4569 4765 10449 10450
4570 4570 4766 10450 10451
4571 4571 4767 10451 10452
4572 4572 4768 10452 10453
4573 4573 4769 10453 10454
4574 4574 4770 10454 10455
4575 4575 4771 10455 10456
4576 4576 4772 10456 10457
4577 4577 4773 10457 10458
4578 4578 4774 10458 10459
4579 4579 4775 10459 10460
4580 4580 4776 10460 10461
4581 4581 4777 10461 10462
4582 4582 4778 10462 10463
4583 4583 4779 10463 10464
4584 4584 4780 10464 10465
4585 4585 4781 10465 10466
4586 4586 4782 10466 10467
4587 4587 4783 10467 10468
4588 4588 4784 10468 10469
4589 4589 4785 10469 10470
4590 4590 4786 10470 10471
4591 4591 4787 10471 10472
4592 4592 4788 10472 10473
4593 4593 4789 10473 10474
4594 4594 4790 10474 10475
4595 4595 4791 10475 10476
4596 4596 4792 10476 10477
4597 4597 4793 10477 10478
4598 4598 4794 10478 10479
4599 4599 4795 10479 10480
4600 4600 4796 10480 10481
4601 4601 4797 10481 10482
4602 4602 4798 10482 10483
4603 4603 4799 10483 10484
4604 4604 4800 10484 10485
4605 4605 4801 10485 10486
4606 4606 4802 10486 10487
4607 4607 4803 10487 10488
4608 4608 4804 10488 10489
4609 4609 4805 10489 10490
4610 4610 4806 10490 10491
4611 4611 4807 10491 10492
4612 4612 4808 10492 10493
4613 4613 4809 10493 10494
4614 4614 4810 10494 10495
4615 4615 4811 10495 10496
4616 4616 4812 10496 10497
4617 4617 4813 10497 10498
4618 4618 4814 10498 10499
4619 4619 4815 10499 10500
4620 4620 4816 10500 10501
4621 4621 4817 10501 10502
4622 4622 4818 10502 10503
4623 4623 4819 10503 10504
4624 4624 4820 10504 10505
4625 4625 4821 10505 10506
4626 4626 4822 10506 10507
4627 4627 4823 10507 10508
4628 4628 4824 10508 10509
4629 4629 4825 10509 10510
4630 4630 4826 10510 10511
4631 4631 4827 10511 10512
4632 4632 4828 10512 10513
4633 4633 4829 10513 10514
4634 4634 4830 10514 10515
4635 4635 4831 10515 10516
4636 4636 4832 10516 10517
4637 4637 4833 10517 10518
4638 4638 4834 10518 10519
4639 4639 4835 10519 10520
4640 4640 4836 10520 10521
4641 4641 4837 10521 10522
4642 4642 4838 10522 10523
4643 4643 4839 10523 10524
4644 4644 4840 10524 10525
4645 4645 4841 10525 10526
4646 4646 4842 10526 10527
4647 4647 4843 10527 10528
4648 4648 4844 10528 10529
4649 4649 4845 10529 10530
4650 4650 4846 10530 10531
4651 4651 4847 10531 10532
4652 4652 4848 10532 10533
4653 4653 4849 10533 10534
4654 4654 4850 10534 10535
4655 4655 4851 10535 10536
4656 4656 4852 10536 10537
4657 4657 4853 10537 10538
4658 4658 4854 10538 10539
4659 4659 4855 10539 10540
4660 4660 4856 10540 10541
4661 4661 4857 10541 10542
4662 4662 4858 10542 10543
4663 4663 4859 10543 10544
4664 4664 4860 10544 10545
4665 4665 4861 10545 10546
4666 4666 4862 10546 10547
4667 4667 4863 10547 10548
4668 4668 4864 10548 10549
4669 4669 4865 10549 10550
4670 4670 4866 10550 10551
4671 4671 4867 10551 10552
4672 4672 4868 10552 10553
4673 4673 4869 10553 10554
4674 4674 4870 10554 10555
4675 4675 4871 10555 10556
4676 4676 4872 10556 10557
4677 4677 4873 10557 10558
4678 4678 4874 10558 10559
4679 4679 4875 10559 10560
4680 4680 4876 10560 10561
4681 4681 4877 10561 10562
4682 4682 4878 10562 10563
4683 4683 4879 10563 10564
4684 4684 4880 10564 10565
4685 4685 4881 10565 10566
4686 4686 4882 10566 10567
4687 4687 4883 10567 10568
4688 4688 4884 10568 10569
4689 4689 4885 10569 10570
4690 4690 4886 10570 10571
4691 4691 4887 10571 10572
4692 4692 4888 10572 10573
4693 4693 4889 10573 10574
4694 4694 4890 10574 10575
4695 4695 4891 10575 10576
4696 4696 4892 10576 10577
4697 4697 4893 10577 10578
4698 4698 4894 10578 10579
4699 4699 4895 10579 10580
4700 4700 4896 10580 10581
4701 4701 4897 10581 10582
4702 4702 4898 10582 10583
4703 4703 4899 10583 10584
4704 4704 4900 10584 10389
4705 4705 4901 10585 10586
4706 4706 4902 10586 10587
4707 4707 4903 10587 10588
4708 4708 4904 10588 10589
4709 4709 4905 10589 10590
4710 4710 4906 10590 10591
4711 4711 4907 10591 10592
4712 4712 4908 10592 10593
4713 4713 4909 10593 10594
4714 4714 4910 10594 10595
4715 4715 4911 10595 10596
4716 4716 4912 10596 10597
4717 4717 4913 10597 10598
4718 4718 4914 10598 10599
4719 4719 4915 10599 10600
4720 4720 4916 10600 10601
4721 4721 4917 10601 10602
4722 4722 4918 10602 10603
4723 4723 4919 10603 10604
4724 4724 4920 10604 10605
4725 4725 4921 10605 10606
4726 4726 4922 10606 10607
4727 4727 4923 10607 10608
4728 4728 4924 10608 10609
4729 4729 4925 10609 10610
4730 4730 4926 10610 10611
4731 4731 4927 10611 10612
4732 4732 4928 10612 10613
4733 4733 4929 10613 10614
4734 4734 4930 10614 10615
4735 4735 4931 10615 10616
4736 4736 4932 10616 10617
4737 4737 4933 10617 10618
4738 4738 4934 10618 10619
4739 4739 4935 10619 10620
4740 4740 4936 10620 10621
4741 4741 4937 10621 10622
4742 4742 4938 10622 10623
4743 4743 4939 10623 10624
4744 4744 4940 10624 10625
4745 4745 4941 10625 10626
4746 4746 4942 10626 10627
4747 4747 4943 10627 10628
4748 4748 4944 10628 10629
4749 4749 4945 10629 10630
4750 4750 4946 10630 10631
4751 4751 4947 10631 10632
4752 4752 4948 10632 10633
4753 4753 4949 10633 10634
4754 4754 4950 10634 10635
4755 4755 4951 10635 10636
4756 4756 4952 10636 10637
4757 4757 4953 10637 10638
4758 4758 4954 10638 10639
4759 4759 4955 10639 10640
4760 4760 4956 10640 10641
4761 4761 4957 10641 10642
4762 4762 4958 10642 10643
4763 4763 4959 10643 10644
4764 4764 4960 10644 10645
4765 4765 4961 10645 10646
4766 4766 4962 10646 10647
4767 4767 4963 10647 10648
4768 4768 4964 10648 10649
4769 4769 4965 10649 10650
4770 4770 4966 10650 10651
4771 4771 4967 10651 10652
4772 4772 4968 10652 10653
4773 4773 4969 10653 10654
4774 4774 4970 10654 10655
4775 4775 4971 10655 10656
4776 4776 4972 10656 10657
4777 4777 4973 10657 10658
4778 4778 4974 10658 10659
4779 4779 4975 10659 10660
4780 4780 4976 10660 10661
4781 4781 4977 10661 10662
4782 4782 4978 10662 10663
4783 4783 4979 10663 10664
4784 4784 4980 10664 10665
4785 4785 4981 10665 10666
4786 4786 4982 10666 10667
4787 4787 4983 10667 10668
4788 4788 4984 10668 10669
4789 4789 4985 10669 10670
4790 4790 4986 10670 10671
4791 4791 4987 10671 10672
4792 4792 4988 10672 10673
4793 4793 4989 10673 10674
4794 4794 4990 10674 10675
4795 4795 4991 10675 10676
4796 4796 4992 10676 10677
4797 4797 4993 10677 10678
4798 4798 4994 10678 10679
4799 4799 4995 10679 10680
4800 4800 4996 10680 10681
4801 4801 4997 10681 10682
4802 4802 4998 10682 10683
4803 4803 4999 10683 10684
4804 4804 5000 10684 10685
4805 4805 5001 10685 10686
4806 4806 5002 10686 10687
4807 4807 5003 10687 10688
4808 4808 5004 10688 10689
4809 4809 5005 10689 10690
4810 4810 5006 10690 10691
4811 4811 5007 10691 10692
4812 4812 5008 10692 10693
4813 4813 5009 10693 10694
4814 4814 5010 10694 10695
4815 4815 5011 10695 10696
4816 4816 5012 10696 10697
4817 4817 5013 10697 10698
4818 4818 5014 10698 10699
4819 4819 5015 10699 10700
4820 4820 5016 10700 10701
4821 4821 5017 10701 10702
4822 4822 5018 10702 10703
4823 4823 5019 10703 10704
4824 4824 5020 10704 10705
4825 4825 5021 10705 10706
4826 4826 5022 10706 10707
4827 4827 5023 10707 10708
4828 4828 5024 10708 10709
4829 4829 5025 10709 10710
4830 4830 5026 10710 10711
4831 4831 5027 10711 10712
4832 4832 5028 10712 10713
4833 4833 5029 10713 10714
4834 4834 5030 10714 10715
4835 4835 5031 10715 10716
4836 4836 5032 10716 10717
4837 4837 5033 10717 10718
4838 4838 5034 10718 10719
4839 4839 5035 10719 10720
4840 4840 5036 10720 10721
4841 4841 5037 10721 10722
4842 4842 5038 10722 10723
4843 4843 5039 10723 10724
4844 4844 5040 10724 10725
4845 4845 5041 10725 10726
4846 4846 5042 10726 10727
4847 4847 5043 10727 10728
4848 4848 5044 10728 10729
4849 4849 5045 10729 10730
4850 4850 5046 10730 10731
4851 4851 5047 10731 10732
4852 4852 5048 10732 10733
4853 4853 5049 10733 10734
4854 4854 5050 10734 10735
4855 4855 5051 10735 10736
4856 4856 5052 10736 10737
4857 4857 5053 10737 10738
4858 4858 5054 10738 10739
4859 4859 5055 10739 10740
4860 4860 5056 10740 10741
4861 4861 5057 10741 10742
4862 4862 5058 10742 10743
4863 4863 5059 10743 10744
4864 4864 5060 10744 10745
4865 4865 5061 10745 10746
4866 4866 5062 10746 10747
4867 4867 5063 10747 10748
4868 4868 5064 10748 10749
4869 4869 5065 10749 10750
4870 4870 5066 10750 10751
4871 4871 5067 10751 10752
4872 4872 5068 10752 10753
4873 4873 5069 10753 10754
4874 4874 5070 10754 10755
4875 4875 5071 10755 10756
4876 4876 5072 10756 10757
4877 4877 5073 10757 10758
4878 4878 5074 10758 10759
4879 4879 5075 10759 10760
4880 4880 5076 10760 10761
4881 4881 5077 10761 10762
4882 4882 5078 10762 10763
4883 4883 5079 10763 10764
4884 4884 5080 10764 10765
4885 4885 5081 10765 10766
4886 4886 5082 10766 10767
4887 4887 5083 10767 10768
4888 4888 5084 10768 10769
4889 4889 5085 10769 10770
4890 4890 5086 10770 10771
4891 4891 5087 10771 10772
4892 4892 5088 10772 10773
4893 4893 5089 10773 10774
4894 4894 5090 10774 10775
4895 4895 5091 10775 10776
4896 4896 5092 10776 10777
4897 4897 5093 10777 10778
4898 4898 5094 10778 10779
4899 4899 5095 10779 10780
4900 4900 5096 10780 10585
4901 4901 5097 10781 10782
4902 4902 5098 10782 10783
4903 4903 5099 10783 10784
4904 4904 5100 10784 10785
4905 4905 5101 10785 10786
4906 4906 5102 10786 10787
4907 4907 5103 10787 10788
4908 4908 5104 10788 10789
4909 4909 5105 10789 10790
4910 4910 5106 10790 10791
4911 4911 5107 10791 10792
4912 4912 5108 10792 10793
4913 4913 5109 10793 10794
4914 4914 5110 10794 10795
4915 4915 5111 10795 10796
4916 4916 5112 10796 10797
4917 4917 5113 10797 10798
4918 4918 5114 10798 10799
4919 4919 5115 10799 10800
4920 4920 5116 10800 10801
4921 4921 5117 10801 10802
4922 4922 5118 10802 10803
4923 4923 5119 10803 10804
4924 4924 5120 10804 10805
4925 4925 5121 10805 10806
4926 4926 5122 10806 10807
4927 4927 5123 10807 10808
4928 4928 5124 10808 10809
4929 4929 5125 10809 10810
4930 4930 5126 10810 10811
4931 4931 5127 10811 10812
4932 4932 5128 10812 10813
4933 4933 5129 10813 10814
4934 4934 5130 10814 10815
4935 4935 5131 10815 10816
4936 4936 5132 10816 10817
4937 4937 5133 10817 10818
4938 4938 5134 10818 10819
4939 4939 5135 10819 10820
4940 4940 5136 10820 10821
4941 4941 5137 10821 10822
4942 4942 5138 10822 10823
4943 4943 5139 10823 10824
4944 4944 5140 10824 10825
4945 4945 5141 10825 10826
4946 4946 5142 10826 10827
4947 4947 5143 10827 10828
4948 4948 5144 10828 10829
4949 4949 5145 10829 10830
4950 4950 5146 10830 10831
4951 4951 5147 10831 10832
4952 4952 5148 10832 10833
4953 4953 5149 10833 10834
4954 4954 5150 10834 10835
4955 4955 5151 10835 10836
4956 4956 5152 10836 10837
4957 4957 5153 10837 10838
4958 4958 5154 10838 10839
4959 4959 5155 10839 10840
4960 4960 5156 10840 10841
4961 4961 5157 10841 10842
4962 4962 5158 10842 10843
4963 4963 5159 10843 10844
4964 4964 5160 10844 10845
4965 4965 5161 10845 10846
4966 4966 5162 10846 10847
4967 4967 5163 10847 10848
4968 4968 5164 10848 10849
4969 4969 5165 10849 10850
4970 4970 5166 10850 10851
4971 4971 5167 10851 10852
4972 4972 5168 10852 10853
4973 4973 5169 10853 10854
4974 4974 5170 10854 10855
4975 4975 5171 10855 10856
4976 4976 5172 10856 10857
4977 4977 5173 10857 10858
4978 4978 5174 10858 10859
4979 4979 5175 10859 10860
4980 4980 5176 10860 10861
4981 4981 5177 10861 10862
4982 4982 5178 10862 10863
4983 4983 5179 10863 10864
4984 4984 5180 10864 10865
4985 4985 5181 10865 10866
4986 4986 5182 10866 10867
4987 4987 5183 10867 10868
4988 4988 5184 10868 10869
4989 4989 5185 10869 10870
4990 4990 5186 10870 10871
4991 4991 5187 10871 10872
4992 4992 5188 10872 10873
4993 4993 5189 10873 10874
4994 4994 5190 10874 10875
4995 4995 5191 10875 10876
4996 4996 5192 10876 10877
4997 4997 5193 10877 10878
4998 4998 5194 10878 10879
4999 4999 5195 10879 10880
5000 5000 5196 10880 10881
5001 5001 5197 10881 10882
5002 5002 5198 10882 10883
5003 5003 5199 10883 10884
5004 5004 5200 10884 10885
5005 5005 5201 10885 10886
5006 5006 5202 10886 10887
5007 5007 5203 10887 10888
5008 5008 5204 10888 10889
5009 5009 5205 10889 10890
5010 5010 5206 10890 10891
5011 5011 5207 10891 10892
5012 5012 5208 10892 10893
5013 5013 5209 10893 10894
5014 5014 5210 10894 10895
5015 5015 5211 10895 10896
5016 5016 5212 10896 10897
5017 5017 5213 10897 10898
5018 5018 5214 10898 10899
5019 5019 5215 10899 10900
5020 5020 5216 10900 10901
5021 5021 5217 10901 10902
5022 5022 5218 10902 10903
5023 5023 5219 10903 10904
5024 5024 5220 10904 10905
5025 5025 5221 10905 10906
5026 5026 5222 10906 10907
5027 5027 5223 10907 10908
5028 5028 5224 10908 10909
5029 5029 5225 10909 10910
5030 5030 5226 10910 10911
5031 5031 5227 10911 10912
5032 5032 5228 10912 10913
5033 5033 5229 10913 10914
5034 5034 5230 10914 10915
5035 5035 5231 10915 10916
5036 5036 5232 10916 10917
5037 5037 5233 10917 10918
5038 5038 5234 10918 10919
5039 5039 5235 10919 10920
5040 5040 5236 10920 10921
5041 5041 5237 10921 10922
5042 5042 5238 10922 10923
5043 5043 5239 10923 10924
5044 5044 5240 10924 10925
5045 5045 5241 10925 10926
5046 5046 5242 10926 10927
5047 5047 5243 10927 10928
5048 5048 5244 10928 10929
5049 5049 5245 10929 10930
5050 5050 5246 10930 10931
5051 5051 5247 10931 10932
5052 5052 5248 10932 10933
5053 5053 5249 10933 10934
5054 5054 5250 10934 10935
5055 5055 5251 10935 10936
5056 5056 5252 10936 10937
5057 5057 5253 10937 10938
5058 5058 5254 10938 10939
5059 5059 5255 10939 10940
5060 5060 5256 10940 10941
5061 5061 5257 10941 10942
5062 5062 5258 10942 10943
5063 5063 5259 10943 10944
5064 5064 5260 10944 10945
5065 5065 5261 10945 10946
5066 5066 5262 10946 10947
5067 5067 5263 10947 10948
5068 5068 5264 10948 10949
5069 5069 5265 10949 10950
5070 5070 5266 10950 10951
5071 5071 5267 10951 10952
5072 5072 5268 10952 10953
5073 5073 5269 10953 10954
5074 5074 5270 10954 10955
5075 5075 5271 10955 10956
5076 5076 5272 10956 10957
5077 5077 5273 10957 10958
5078 5078 5274 10958 10959
5079 5079 5275 10959 10960
5080 5080 5276 10960 10961
5081 5081 5277 10961 10962
5082 5082 5278 10962 10963
5083 5083 5279 10963 10964
5084 5084 5280 10964 10965
5085 5085 5281 10965 10966
5086 5086 5282 10966 10967
5087 5087 5283 10967 10968
5088 5088 5284 10968 10969
5089 5089 5285 10969 10970
5090 5090 5286 10970 10971
5091 5091 5287 10971 10972
5092 5092 5288 10972 10973
5093 5093 5289 10973 10974
5094 5094 5290 10974 10975
5095 5095 5291 10975 10976
5096 5096 5292 10976 10781
5097 5097 5293 10977 10978
5098 5098 5294 10978 10979
5099 5099 5295 10979 10980
5100 5100 5296 10980 10981
5101 5101 5297 10981 10982
5102 5102 5298 10982 10983
5103 5103 5299 10983 10984
5104 5104 5300 10984 10985
5105 5105 5301 10985 10986
5106 5106 5302 10986 10987
5107 5107 5303 10987 10988
5108 5108 5304 10988 10989
5109 5109 5305 10989 10990
5110 5110 5306 10990 10991
5111 5111 5307 10991 10992
5112 5112 5308 10992 10993
5113 5113 5309 10993 10994
5114 5114 5310 10994 10995
5115 5115 5311 10995 10996
5116 5116 5312 10996 10997
5117 5117 5313 10997 10998
5118 5118 5314 10998 10999
5119 5119 5315 10999 11000
5120 5120 5316 11000 11001
5121 5121 5317 11001 11002
5122 5122 5318 11002 11003
5123 5123 5319 11003 11004
5124 5124 5320 11004 11005
5125 5125 5321 11005 11006
5126 5126 5322 11006 11007
5127 5127 5323 11007 11008
5128 5128 5324 11008 11009
5129 5129 5325 11009 11010
5130 5130 5326 11010 11011
5131 5131 5327 11011 11012
5132 5132 5328 11012 11013
5133 5133 5329 11013 11014
5134 5134 5330 11014 11015
5135 5135 5331 11015 11016
5136 5136 5332 11016 11017
5137 5137 5333 11017 11018
5138 5138 5334 11018 11019
5139 5139 5335 11019 11020
5140 5140 5336 11020 11021
5141 5141 5337 11021 11022
5142 5142 5338 11022 11023
5143 5143 5339 11023 11024
5144 5144 5340 11024 11025
5145 5145 5341 11025 11026
5146 5146 5342 11026 11027
5147 5147 5343 11027 11028
5148 5148 5344 11028 11029
5149 5149 5345 11029 11030
5150 5150 5346 11030 11031
5151 5151 5347 11031 11032
5152 5152 5348 11032 11033
5153 5153 5349 11033 11034
5154 5154 5350 11034 11035
5155 5155 5351 11035 11036
5156 5156 5352 11036 11037
5157 5157 5353 11037 11038
5158 5158 5354 11038 11039
5159 5159 5355 11039 11040
5160 5160 5356 11040 11041
5161 5161 5357 11041 11042
5162 5162 5358 11042 11043
5163 5163 5359 11043 11044
5164 5164 5360 11044 11045
5165 5165 5361 11045 11046
5166 5166 5362 11046 11047
5167 5167 5363 11047 11048
5168 5168 5364 11048 11049
5169 5169 5365 11049 11050
5170 5170 5366 11050 11051
5171 5171 5367 11051 11052
5172 5172 5368 11052 11053
5173 5173 5369 11053 11054
5174 5174 5370 11054 11055
5175 5175 5371 11055 11056
5176 5176 5372 11056 11057
5177 5177 5373 11057 11058
5178 5178 5374 11058 11059
5179 5179 5375 11059 11060
5180 5180 5376 11060 11061
5181 5181 5377 11061 11062
5182 5182 5378 11062 11063
5183 5183 5379 11063 11064
5184 5184 5380 11064 11065
5185 5185 5381 11065 11066
5186 5186 5382 11066 11067
5187 5187 5383 11067 11068
5188 5188 5384 11068 11069
5189 5189 5385 11069 11070
5190 5190 5386 11070 11071
5191 5191 5387 11071 11072
5192 5192 5388 11072 11073
5193 5193 5389 11073 11074
5194 5194 5390 11074 11075
5195 5195 5391 11075 11076
5196 5196 5392 11076 11077
5197 5197 5393 11077 11078
5198 5198 5394 11078 11079
5199 5199 5395 11079 11080
5200 5200 5396 11080 11081
5201 5201 5397 11081 11082
5202 5202 5398 11082 11083
5203 5203 5399 11083 11084
5204 5204 5400 11084 11085
5205 5205 5401 11085 11086
5206 5206 5402 11086 11087
5207 5207 5403 11087 11088
5208 5208 5404 11088 11089
5209 5209 5405 11089 11090
5210 5210 5406 11090 11091
5211 5211 5407 11091 11092
5212 5212 5408 11092 11093
5213 5213 5409 11093 11094
5214 5214 5410 11094 11095
5215 5215 5411 11095 11096
5216 5216 5412 11096 11097
5217 5217 5413 11097 11098
5218 5218 5414 11098 11099
5219 5219 5415 11099 11100
5220 5220 5416 11100 11101
5221 5221 5417 11101 11102
5222 5222 5418 11102 11103
5223 5223 5419 11103 11104
5224 5224 5420 11104 11105
5225 5225 5421 11105 11106
5226 5226 5422 11106 11107
5227 5227 5423 11107 11108
5228 5228 5424 11108 11109
5229 5229 5425 11109 11110
5230 5230 5426 11110 11111
5231 5231 5427 11111 11112
5232 5232 5428 11112 11113
5233 5233 5429 11113 11114
5234 5234 5430 11114 11115
5235 5235 5431 11115 11116
5236 5236 5432 11116 11117
5237 5237 5433 11117 11118
5238 5238 5434 11118 11119
5239 5239 5435 11119 11120
5240 5240 5436 11120 11121
5241 5241 5437 11121 11122
5242 5242 5438 11122 11123
5243 5243 5439 11123 11124
5244 5244 5440 11124 11125
5245 5245 5441 11125 11126
5246 5246 5442 11126 11127
5247 5247 5443 11127 11128
5248 5248 5444 11128 11129
5249 5249 5445 11129 11130
5250 5250 5446 11130 11131
5251 5251 5447 11131 11132
5252 5252 5448 11132 11133
5253 5253 5449 11133 11134
5254 5254 5450 11134 11135
5255 5255 5451 11135 11136
5256 5256 5452 11136 11137
5257 5257 5453 11137 11138
5258 5258 5454 11138 11139
5259 5259 5455 11139 11140
5260 5260 5456 11140 11141
5261 5261 5457 11141 11142
5262 5262 5458 11142 11143
5263 5263 5459 11143 11144
5264 5264 5460 11144 11145
5265 5265 5461 11145 11146
5266 5266 5462 11146 11147
5267 5267 5463 11147 11148
5268 5268 5464 11148 11149
5269 5269 5465 11149 11150
5270 5270 5466 11150 11151
5271 5271 5467 11151 11152
5272 5272 5468 11152 11153
5273 5273 5469 11153 11154
5274 5274 5470 11154 11155
5275 5275 5471 11155 11156
5276 5276 5472 11156 11157
5277 5277 5473 11157 11158
5278 5278 5474 11158 11159
5279 5279 5475 11159 11160
5280 5280 5476 11160 11161
5281 5281 5477 11161 11162
5282 5282 5478 11162 11163
5283 5283 5479 11163 11164
5284 5284 5480 11164 11165
5285 5285 5481 11165 11166
5286 5286 5482 11166 11167
5287 5287 5483 11167 11168
5288 5288 5484 11168 11169
5289 5289 5485 11169 11170
5290 5290 5486 11170 11171
5291 5291 5487 11171 11172
5292 5292 5488 11172 10977
5293 5293 5489 11173 11174
5294 5294 5490 11174 11175
5295 5295 5491 11175 11176
5296 5296 5492 11176 11177
5297 5297 5493 11177 11178
5298 5298 5494 11178 11179
5299 5299 5495 11179 11180
5300 5300 5496 11180 11181
5301 5301 5497 11181 11182
5302 5302 5498 11182 11183
5303 5303 5499 11183 11184
5304 5304 5500 11184 11185
5305 5305 5501 11185 11186
5306 5306 5502 11186 11187
5307 5307 5503 11187 11188
5308 5308 5504 11188 11189
5309 5309 5505 11189 11190
5310 5310 5506 11190 11191
5311 5311 5507 11191 11192
5312 5312 5508 11192 11193
5313 5313 5509 11193 11194
5314 5314 5510 11194 11195
5315 5315 5511 11195 11196
5316 5316 5512 11196 11197
5317 5317 5513 11197 11198
5318 5318 5514 11198 11199
5319 5319 5515 11199 11200
5320 5320 5516 11200 11201
5321 5321 5517 11201 11202
5322 5322 5518 11202 11203
5323 5323 5519 11203 11204
5324 5324 5520 11204 11205
5325 5325 5521 11205 11206
5326 5326 5522 11206 11207
5327 5327 5523 11207 11208
5328 5328 5524 11208 11209
5329 5329 5525 11209 11210
5330 5330 5526 11210 11211
5331 5331 5527 11211 11212
5332 5332 5528 11212 11213
5333 5333 5529 11213 11214
5334 5334 5530 11214 11215
5335 5335 5531 11215 11216
5336 5336 5532 11216 11217
5337 5337 5533 11217 11218
5338 5338 5534 11218 11219
5339 5339 5535 11219 11220
5340 5340 5536 11220 11221
5341 5341 5537 11221 11222
5342 5342 5538 11222 11223
5343 5343 5539 11223 11224
5344 5344 5540 11224 11225
5345 5345 5541 11225 11226
5346 5346 5542 11226 11227
5347 5347 5543 11227 11228
5348 5348 5544 11228 11229
5349 5349 5545 11229 11230
5350 5350 5546 11230 11231
5351 5351 5547 11231 11232
5352 5352 5548 11232 11233
5353 5353 5549 11233 11234
5354 5354 5550 11234 11235
5355 5355 5551 11235 11236
5356 5356 5552 11236 11237
5357 5357 5553 11237 11238
5358 5358 5554 11238 11239
5359 5359 5555 11239 11240
5360 5360 5556 11240 11241
5361 5361 5557 11241 11242
5362 5362 5558 11242 11243
5363 5363 5559 11243 11244
5364 5364 5560 11244 11245
5365 5365 5561 11245 11246
5366 5366 5562 11246 11247
5367 5367 5563 11247 11248
5368 5368 5564 11248 11249
5369 5369 5565 11249 11250
5370 5370 5566 11250 11251
5371 5371 5567 11251 11252
5372 5372 5568 11252 11253
5373 5373 5569 11253 11254
5374 5374 5570 11254 11255
5375 5375 5571 11255 11256
5376 5376 5572 11256 11257
5377 5377 5573 11257 11258
5378 5378 5574 11258 11259
5379 5379 5575 11259 11260
5380 5380 5576 11260 11261
5381 5381 5577 11261 11262
5382 5382 5578 11262 11263
5383 5383 5579 11263 11264
5384 5384 5580 11264 11265
5385 5385 5581 11265 11266
5386 5386 5582 11266 11267
5387 5387 5583 11267 11268
5388 5388 5584 11268 11269
5389 5389 5585 11269 11270
5390 5390 5586 11270 11271
5391 5391 5587 11271 11272
5392 5392 5588 11272 11273
5393 5393 5589 11273 11274
5394 5394 5590 11274 11275
5395 5395 5591 11275 11276
5396 5396 5592 11276 11277
5397 5397 5593 11277 11278
5398 5398 5594 11278 11279
5399 5399 5595 11279 11280
5400 5400 5596 11280 11281
5401 5401 5597 11281 11282
5402 5402 5598 11282 11283
5403 5403 5599 11283 11284
5404 5404 5600 11284 11285
5405 5405 5601 11285 11286
5406 5406 5602 11286 11287
5407 5407 5603 11287 11288
5408 5408 5604 11288 11289
5409 5409 5605 11289 11290
5410 5410 5606 11290 11291
5411 5411 5607 11291 11292
5412 5412 5608 11292 11293
5413 5413 5609 11293 11294
5414 5414 5610 11294 11295
5415 5415 5611 11295 11296
5416 5416 5612 11296 11297
5417 5417 5613 11297 11298
5418 5418 5614 11298 11299
5419 5419 5615 11299 11300
5420 5420 5616 11300 11301
5421 5421 5617 11301 11302
5422 5422 5618 11302 11303
5423 5423 5619 11303 11304
5424 5424 5620 11304 11305
5425 5425 5621 11305 11306
5426 5426 5622 11306 11307
5427 5427 5623 11307 11308
5428 5428 5624 11308 11309
5429 5429 5625 11309 11310
5430 5430 5626 11310 11311
5431 5431 5627 11311 11312
5432 5432 5628 11312 11313
5433 5433 5629 11313 11314
5434 5434 5630 11314 11315
5435 5435 5631 11315 11316
5436 5436 5632 11316 11317
5437 5437 5633 11317 11318
5438 5438 5634 11318 11319
5439 5439 5635 11319 11320
5440 5440 5636 11320 11321
5441 5441 5637 11321 11322
5442 5442 5638 11322 11323
5443 5443 5639 11323 11324
5444 5444 5640 11324 11325
5445 5445 5641 11325 11326
5446 5446 5642 11326 11327
5447 5447 5643 11327 11328
5448 5448 5644 11328 11329
5449 5449 5645 11329 11330
5450 5450 5646 11330 11331
5451 5451 5647 11331 11332
5452 5452 5648 11332 11333
5453 5453 5649 11333 11334
5454 5454 5650 11334 11335
5455 5455 5651 11335 11336
5456 5456 5652 11336 11337
5457 5457 5653 11337 11338
5458 5458 5654 11338 11339
5459 5459 5655 11339 11340
5460 5460 5656 11340 11341
5461 5461 5657 11341 11342
5462 5462 5658 11342 11343
5463 5463 5659 11343 11344
5464 5464 5660 11344 11345
5465 5465 5661 11345 11346
5466 5466 5662 11346 11347
5467 5467 5663 11347 11348
5468 5468 5664 11348 11349
5469 5469 5665 11349 11350
5470 5470 5666 11350 11351
5471 5471 5667 11351 11352
5472 5472 5668 11352 11353
5473 5473 5669 11353 11354
5474 5474 5670 11354 11355
5475 5475 5671 11355 11356
5476 5476 5672 11356 11357
5477 5477 5673 11357 11358
5478 5478 5674 11358 11359
5479 5479 5675 11359 11360
5480 5480 5676 11360 11361
5481 5481 5677 11361 11362
5482 5482 5678 11362 11363
5483 5483 5679 11363 11364
5484 5484 5680 11364 11365
5485 5485 5681 11365 11366
5486 5486 5682 11366 11367
5487 5487 5683 11367 11368
5488 5488 5684 11368 11173
5489 5489 5685 11369 11370
5490 5490 5686 11370 11371
5491 5491 5687 11371 11372
5492 5492 5688 11372 11373
5493 5493 5689 11373 11374
5494 5494 5690 11374 11375
5495 5495 5691 11375 11376
5496 5496 5692 11376 11377
5497 5497 5693 11377 11378
5498 5498 5694 11378 11379
5499 5499 5695 11379 11380
5500 5500 5696 11380 11381
5501 5501 5697 11381 11382
5502 5502 5698 11382 11383
5503 5503 5699 11383 11384
5504 5504 5700 11384 11385
5505 5505 5701 11385 11386
5506 5506 5702 11386 11387
5507 5507 5703 11387 11388
5508 5508 5704 11388 11389
5509 5509 5705 11389 11390
5510 5510 5706 11390 11391
5511 5511 5707 11391 11392
5512 5512 5708 11392 11393
5513 5513 5709 11393 11394
5514 5514 5710 11394 11395
5515 5515 5711 11395 11396
5516 5516 5712 11396 11397
5517 5517 5713 11397 11398
5518 5518 5714 11398 11399
5519 5519 5715 11399 11400
5520 5520 5716 11400 11401
5521 5521 5717 11401 11402
5522 5522 5718 11402 11403
5523 5523 5719 11403 11404
5524 5524 5720 11404 11405
5525 5525 5721 11405 11406
5526 5526 5722 11406 11407
5527 5527 5723 11407 11408
5528 5528 5724 11408 11409
5529 5529 5725 11409 11410
5530 5530 5726 11410 11411
5531 5531 5727 11411 11412
5532 5532 5728 11412 11413
5533 5533 5729 11413 11414
5534 5534 5730 11414 11415
5535 5535 5731 11415 11416
5536 5536 5732 11416 11417
5537 5537 5733 11417 11418
5538 5538 5734 11418 11419
5539 5539 5735 11419 11420
5540 5540 5736 11420 11421
5541 5541 5737 11421 11422
5542 5542 5738 11422 11423
5543 5543 5739 11423 11424
5544 5544 5740 11424 11425
5545 5545 5741 11425 11426
5546 5546 5742 11426 11427
5547 5547 5743 11427 11428
5548 5548 5744 11428 11429
5549 5549 5745 11429 11430
5550 5550 5746 11430 11431
5551 5551 5747 11431 11432
5552 5552 5748 11432 11433
5553 5553 5749 11433 11434
5554 5554 5750 11434 11435
5555 5555 5751 11435 11436
5556 5556 5752 11436 11437
5557 5557 5753 11437 11438
5558 5558 5754 11438 11439
5559 5559 5755 11439 11440
5560 5560 5756 11440 11441
5561 5561 5757 11441 11442
5562 5562 5758 11442 11443
5563 5563 5759 11443 11444
5564 5564 5760 11444 11445
5565 5565 5761 11445 11446
5566 5566 5762 11446 11447
5567 5567 5763 11447 11448
5568 5568 5764 11448 11449
5569 5569 5765 11449 11450
5570 5570 5766 11450 11451
5571 5571 5767 11451 11452
5572 5572 5768 11452 11453
5573 5573 5769 11453 11454
5574 5574 5770 11454 11455
5575 5575 5771 11455 11456
5576 5576 5772 11456 11457
5577 5577 5773 11457 11458
5578 5578 5774 11458 11459
5579 5579 5775 11459 11460
5580 5580 5776 11460 11461
5581 5581 5777 11461 11462
5582 5582 5778 11462 11463
5583 5583 5779 11463 11464
5584 5584 5780 11464 11465
5585 5585 5781 11465 11466
5586 5586 5782 11466 11467
5587 5587 5783 11467 11468
5588 5588 5784 11468 11469
5589 5589 5785 11469 11470
5590 5590 5786 11470 11471
5591 5591 5787 11471 11472
5592 5592 5788 11472 11473
5593 5593 5789 11473 11474
5594 5594 5790 11474 11475
5595 5595 5791 11475 11476
5596 5596 5792 11476 11477
5597 5597 5793 11477 11478
5598 5598 5794 11478 11479
5599 5599 5795 11479 11480
5600 5600 5796 11480 11481
5601 5601 5797 11481 11482
5602 5602 5798 11482 11483
5603 5603 5799 11483 11484
5604 5604 5800 11484 11485
5605 5605 5801 11485 11486
5606 5606 5802 11486 11487
5607 5607 5803 11487 11488
5608 5608 5804 11488 11489
5609 5609 5805 11489 11490
5610 5610 5806 11490 11491
5611 5611 5807 11491 11492
5612 5612 5808 11492 11493
5613 5613 5809 11493 11494
5614 5614 5810 11494 11495
5615 5615 5811 11495 11496
5616 5616 5812 11496 11497
5617 5617 5813 11497 11498
5618 5618 5814 11498 11499
5619 5619 5815 11499 11500
5620 5620 5816 11500 11501
5621 5621 5817 11501 11502
5622 5622 5818 11502 11503
5623 5623 5819 11503 11504
5624 5624 5820 11504 11505
5625 5625 5821 11505 11506
5626 5626 5822 11506 11507
5627 5627 5823 11507 11508
5628 5628 5824 11508 11509
5629 5629 5825 11509 11510
5630 5630 5826 11510 11511
5631 5631 5827 11511 11512
5632 5632 5828 11512 11513
5633 5633 5829 11513 11514
5634 5634 5830 11514 11515
5635 5635 5831 11515 11516
5636 5636 5832 11516 11517
5637 5637 5833 11517 11518
5638 5638 5834 11518 11519
5639 5639 5835 11519 11520
5640 5640 5836 11520 11521
5641 5641 5837 11521 11522
5642 5642 5838 11522 11523
5643 5643 5839 11523 11524
5644 5644 5840 11524 11525
5645 5645 5841 11525 11526
5646 5646 5842 11526 11527
5647 5647 5843 11527 11528
5648 5648 5844 11528 11529
5649 5649 5845 11529 11530
5650 5650 5846 11530 11531
5651 5651 5847 11531 11532
5652 5652 5848 11532 11533
5653 5653 5849 11533 11534
5654 5654 5850 11534 11535
5655 5655 5851 11535 11536
5656 5656 5852 11536 11537
5657 5657 5853 11537 11538
5658 5658 5854 11538 11539
5659 5659 5855 11539 11540
5660 5660 5856 11540 11541
5661 5661 5857 11541 11542
5662 5662 5858 11542 11543
5663 5663 5859 11543 11544
5664 5664 5860 11544 11545
5665 5665 5861 11545 11546
5666 5666 5862 11546 11547
5667 5667 5863 11547 11548
5668 5668 5864 11548 11549
5669 5669 5865 11549 11550
5670 5670 5866 11550 11551
5671 5671 5867 11551 11552
5672 5672 5868 11552 11553
5673 5673 5869 11553 11554
5674 5674 5870 11554 11555
5675 5675 5871 11555 11556
5676 5676 5872 11556 11557
5677 5677 5873 11557 11558
5678 5678 5874 11558 11559
5679 5679 5875 11559 11560
5680 5680 5876 11560 11561
5681 5681 5877 11561 11562
5682 5682 5878 11562 11563
5683 5683 5879 11563 11564
5684 5684 5880 11564 11369
