376 96
1,1,1
2,1,2
3,1,3
4,1,4
5,1,5
6,1,6
7,1,7
8,1,8
9,1,9
10,1,10
11,1,11
12,1,12
13,1,13
14,1,14
15,1,15
16,1,16
17,1,17
18,1,18
19,1,19
20,1,20
21,1,21
22,1,22
23,1,23
24,1,24
25,1,25
26,1,26
27,1,27
28,1,28
29,1,29
30,1,30
31,1,31
32,1,32
33,1,33
34,1,34
35,1,35
36,1,36
37,1,37
38,1,38
39,1,39
40,1,40
41,1,41
42,1,42
43,1,43
44,1,44
45,1,45
46,1,46
47,1,47
48,1,48
49,1,49
50,1,50
51,1,51
52,1,52
53,1,53
54,1,54
55,1,55
56,1,56
57,1,57
58,1,58
59,1,59
60,1,60
61,1,61
62,1,62
63,1,63
64,1,64
65,1,65
66,1,66
67,1,67
68,1,68
69,1,69
70,1,70
71,1,71
72,1,72
73,1,73
74,1,74
75,1,75
76,1,76
77,1,77
78,1,78
79,1,79
80,1,80
81,1,81
82,1,82
83,1,83
84,1,84
85,1,85
86,1,86
87,1,87
88,1,88
89,1,89
90,1,90
91,1,91
92,1,92
93,1,93
94,1,94
95,1,95
96,1,96
97,1,97
98,1,98
99,1,99
100,1,100
101,1,101
102,1,102
103,1,103
104,1,104
105,1,105
106,1,106
107,1,107
108,1,108
109,1,109
110,1,110
111,1,111
112,1,112
113,1,113
114,1,114
115,1,115
116,1,116
117,1,117
118,1,118
119,1,119
120,1,120
121,1,121
122,1,122
123,1,123
124,1,124
125,1,125
126,1,126
127,1,127
128,1,128
129,1,129
130,1,130
131,1,131
132,1,132
133,1,133
134,1,134
135,1,135
136,1,136
137,1,137
138,1,138
139,1,139
140,1,140
141,1,141
142,1,142
143,1,143
144,1,144
145,1,145
146,1,146
147,1,147
148,1,148
149,1,149
150,1,150
151,1,151
152,1,152
153,1,153
154,1,154
155,1,155
156,1,156
157,1,157
158,1,158
159,1,159
160,1,160
161,1,161
162,1,162
163,1,163
164,1,164
165,1,165
166,1,166
167,1,167
168,1,168
169,1,169
170,1,170
171,1,171
172,1,172
173,1,173
174,1,174
175,1,175
176,1,176
177,1,177
178,1,178
179,1,179
180,1,180
181,1,181
182,1,182
183,1,183
184,1,184
185,1,185
186,1,186
187,1,187
188,1,188
189,1,189
190,1,190
191,1,191
192,1,192
193,1,193
194,1,194
195,1,195
196,1,196
197,1,197
198,1,198
199,1,199
200,1,200
201,1,201
202,1,202
203,1,203
204,1,204
205,1,205
206,1,206
207,1,207
208,1,208
209,1,209
210,1,210
211,1,211
212,1,212
213,1,213
214,1,214
215,1,215
216,1,216
217,1,217
218,1,218
219,1,219
220,1,220
221,1,221
222,1,222
223,1,223
224,1,224
225,1,225
226,1,226
227,1,227
228,1,228
229,1,229
230,1,230
231,1,231
232,1,232
233,1,233
234,1,234
235,1,235
236,1,236
237,1,237
238,1,238
239,1,239
240,1,240
241,1,241
242,1,242
243,1,243
244,1,244
245,1,245
246,1,246
247,1,247
248,1,248
249,1,249
250,1,250
251,1,251
252,1,252
253,1,253
254,1,254
255,1,255
256,1,256
257,1,257
258,1,258
259,1,259
260,1,260
261,1,261
262,1,262
263,1,263
264,1,264
265,1,265
266,1,266
267,1,267
268,1,268
269,1,269
270,1,270
271,1,271
272,1,272
273,1,273
274,1,274
275,1,275
276,1,276
277,1,277
278,1,278
279,1,279
280,1,280
281,1,281
282,1,282
283,1,283
284,1,284
285,1,285
286,1,286
287,1,287
288,1,288
289,1,289
290,1,290
291,1,291
292,1,292
293,1,293
294,1,294
295,1,295
296,1,296
297,1,297
298,1,298
299,1,299
300,1,300
301,1,301
302,1,302
303,1,303
304,1,304
305,1,305
306,1,306
307,1,307
308,1,308
309,1,309
310,1,310
311,1,311
312,1,312
313,1,313
314,1,314
315,1,315
316,1,316
317,1,317
318,1,318
319,1,319
320,1,320
321,1,321
322,1,322
323,1,323
324,1,324
325,1,325
326,1,326
327,1,327
328,1,328
329,1,329
330,1,330
331,1,331
332,1,332
333,1,333
334,1,334
335,1,335
336,1,336
337,1,337
338,1,338
339,1,339
340,1,340
341,1,341
342,1,342
343,1,343
344,1,344
345,1,345
346,1,346
347,1,347
348,1,348
349,1,349
350,1,350
351,1,351
352,1,352
353,1,353
354,1,354
355,1,355
356,1,356
357,1,357
358,1,358
359,1,359
360,1,360
361,1,361
362,1,362
363,1,363
364,1,364
365,1,365
366,1,366
367,1,367
368,1,368
369,1,369
370,1,370
371,1,371
372,1,372
373,1,373
374,1,374
375,1,375
376,1,376
1,2,377
2,2,378
3,2,379
4,2,380
5,2,381
6,2,382
7,2,383
8,2,384
9,2,385
10,2,386
11,2,387
12,2,388
13,2,389
14,2,390
15,2,391
16,2,392
17,2,393
18,2,394
19,2,395
20,2,396
21,2,397
22,2,398
23,2,399
24,2,400
25,2,401
26,2,402
27,2,403
28,2,404
29,2,405
30,2,406
31,2,407
32,2,408
33,2,409
34,2,410
35,2,411
36,2,412
37,2,413
38,2,414
39,2,415
40,2,416
41,2,417
42,2,418
43,2,419
44,2,420
45,2,421
46,2,422
47,2,423
48,2,424
49,2,425
50,2,426
51,2,427
52,2,428
53,2,429
54,2,430
55,2,431
56,2,432
57,2,433
58,2,434
59,2,435
60,2,436
61,2,437
62,2,438
63,2,439
64,2,440
65,2,441
66,2,442
67,2,443
68,2,444
69,2,445
70,2,446
71,2,447
72,2,448
73,2,449
74,2,450
75,2,451
76,2,452
77,2,453
78,2,454
79,2,455
80,2,456
81,2,457
82,2,458
83,2,459
84,2,460
85,2,461
86,2,462
87,2,463
88,2,464
89,2,465
90,2,466
91,2,467
92,2,468
93,2,469
94,2,470
95,2,471
96,2,472
97,2,473
98,2,474
99,2,475
100,2,476
101,2,477
102,2,478
103,2,479
104,2,480
105,2,481
106,2,482
107,2,483
108,2,484
109,2,485
110,2,486
111,2,487
112,2,488
113,2,489
114,2,490
115,2,491
116,2,492
117,2,493
118,2,494
119,2,495
120,2,496
121,2,497
122,2,498
123,2,499
124,2,500
125,2,501
126,2,502
127,2,503
128,2,504
129,2,505
130,2,506
131,2,507
132,2,508
133,2,509
134,2,510
135,2,511
136,2,512
137,2,513
138,2,514
139,2,515
140,2,516
141,2,517
142,2,518
143,2,519
144,2,520
145,2,521
146,2,522
147,2,523
148,2,524
149,2,525
150,2,526
151,2,527
152,2,528
153,2,529
154,2,530
155,2,531
156,2,532
157,2,533
158,2,534
159,2,535
160,2,536
161,2,537
162,2,538
163,2,539
164,2,540
165,2,541
166,2,542
167,2,543
168,2,544
169,2,545
170,2,546
171,2,547
172,2,548
173,2,549
174,2,550
175,2,551
176,2,552
177,2,553
178,2,554
179,2,555
180,2,556
181,2,557
182,2,558
183,2,559
184,2,560
185,2,561
186,2,562
187,2,563
188,2,564
189,2,565
190,2,566
191,2,567
192,2,568
193,2,569
194,2,570
195,2,571
196,2,572
197,2,573
198,2,574
199,2,575
200,2,576
201,2,577
202,2,578
203,2,579
204,2,580
205,2,581
206,2,582
207,2,583
208,2,584
209,2,585
210,2,586
211,2,587
212,2,588
213,2,589
214,2,590
215,2,591
216,2,592
217,2,593
218,2,594
219,2,595
220,2,596
221,2,597
222,2,598
223,2,599
224,2,600
225,2,601
226,2,602
227,2,603
228,2,604
229,2,605
230,2,606
231,2,607
232,2,608
233,2,609
234,2,610
235,2,611
236,2,612
237,2,613
238,2,614
239,2,615
240,2,616
241,2,617
242,2,618
243,2,619
244,2,620
245,2,621
246,2,622
247,2,623
248,2,624
249,2,625
250,2,626
251,2,627
252,2,628
253,2,629
254,2,630
255,2,631
256,2,632
257,2,633
258,2,634
259,2,635
260,2,636
261,2,637
262,2,638
263,2,639
264,2,640
265,2,641
266,2,642
267,2,643
268,2,644
269,2,645
270,2,646
271,2,647
272,2,648
273,2,649
274,2,650
275,2,651
276,2,652
277,2,653
278,2,654
279,2,655
280,2,656
281,2,657
282,2,658
283,2,659
284,2,660
285,2,661
286,2,662
287,2,663
288,2,664
289,2,665
290,2,666
291,2,667
292,2,668
293,2,669
294,2,670
295,2,671
296,2,672
297,2,673
298,2,674
299,2,675
300,2,676
301,2,677
302,2,678
303,2,679
304,2,680
305,2,681
306,2,682
307,2,683
308,2,684
309,2,685
310,2,686
311,2,687
312,2,688
313,2,689
314,2,690
315,2,691
316,2,692
317,2,693
318,2,694
319,2,695
320,2,696
321,2,697
322,2,698
323,2,699
324,2,700
325,2,701
326,2,702
327,2,703
328,2,704
329,2,705
330,2,706
331,2,707
332,2,708
333,2,709
334,2,710
335,2,711
336,2,712
337,2,713
338,2,714
339,2,715
340,2,716
341,2,717
342,2,718
343,2,719
344,2,720
345,2,721
346,2,722
347,2,723
348,2,724
349,2,725
350,2,726
351,2,727
352,2,728
353,2,729
354,2,730
355,2,731
356,2,732
357,2,733
358,2,734
359,2,735
360,2,736
361,2,737
362,2,738
363,2,739
364,2,740
365,2,741
366,2,742
367,2,743
368,2,744
369,2,745
370,2,746
371,2,747
372,2,748
373,2,749
374,2,750
375,2,751
376,2,752
1,3,753
2,3,754
3,3,755
4,3,756
5,3,757
6,3,758
7,3,759
8,3,760
9,3,761
10,3,762
11,3,763
12,3,764
13,3,765
14,3,766
15,3,767
16,3,768
17,3,769
18,3,770
19,3,771
20,3,772
21,3,773
22,3,774
23,3,775
24,3,776
25,3,777
26,3,778
27,3,779
28,3,780
29,3,781
30,3,782
31,3,783
32,3,784
33,3,785
34,3,786
35,3,787
36,3,788
37,3,789
38,3,790
39,3,791
40,3,792
41,3,793
42,3,794
43,3,795
44,3,796
45,3,797
46,3,798
47,3,799
48,3,800
49,3,801
50,3,802
51,3,803
52,3,804
53,3,805
54,3,806
55,3,807
56,3,808
57,3,809
58,3,810
59,3,811
60,3,812
61,3,813
62,3,814
63,3,815
64,3,816
65,3,817
66,3,818
67,3,819
68,3,820
69,3,821
70,3,822
71,3,823
72,3,824
73,3,825
74,3,826
75,3,827
76,3,828
77,3,829
78,3,830
79,3,831
80,3,832
81,3,833
82,3,834
83,3,835
84,3,836
85,3,837
86,3,838
87,3,839
88,3,840
89,3,841
90,3,842
91,3,843
92,3,844
93,3,845
94,3,846
95,3,847
96,3,848
97,3,849
98,3,850
99,3,851
100,3,852
101,3,853
102,3,854
103,3,855
104,3,856
105,3,857
106,3,858
107,3,859
108,3,860
109,3,861
110,3,862
111,3,863
112,3,864
113,3,865
114,3,866
115,3,867
116,3,868
117,3,869
118,3,870
119,3,871
120,3,872
121,3,873
122,3,874
123,3,875
124,3,876
125,3,877
126,3,878
127,3,879
128,3,880
129,3,881
130,3,882
131,3,883
132,3,884
133,3,885
134,3,886
135,3,887
136,3,888
137,3,889
138,3,890
139,3,891
140,3,892
141,3,893
142,3,894
143,3,895
144,3,896
145,3,897
146,3,898
147,3,899
148,3,900
149,3,901
150,3,902
151,3,903
152,3,904
153,3,905
154,3,906
155,3,907
156,3,908
157,3,909
158,3,910
159,3,911
160,3,912
161,3,913
162,3,914
163,3,915
164,3,916
165,3,917
166,3,918
167,3,919
168,3,920
169,3,921
170,3,922
171,3,923
172,3,924
173,3,925
174,3,926
175,3,927
176,3,928
177,3,929
178,3,930
179,3,931
180,3,932
181,3,933
182,3,934
183,3,935
184,3,936
185,3,937
186,3,938
187,3,939
188,3,940
189,3,941
190,3,942
191,3,943
192,3,944
193,3,945
194,3,946
195,3,947
196,3,948
197,3,949
198,3,950
199,3,951
200,3,952
201,3,953
202,3,954
203,3,955
204,3,956
205,3,957
206,3,958
207,3,959
208,3,960
209,3,961
210,3,962
211,3,963
212,3,964
213,3,965
214,3,966
215,3,967
216,3,968
217,3,969
218,3,970
219,3,971
220,3,972
221,3,973
222,3,974
223,3,975
224,3,976
225,3,977
226,3,978
227,3,979
228,3,980
229,3,981
230,3,982
231,3,983
232,3,984
233,3,985
234,3,986
235,3,987
236,3,988
237,3,989
238,3,990
239,3,991
240,3,992
241,3,993
242,3,994
243,3,995
244,3,996
245,3,997
246,3,998
247,3,999
248,3,1000
249,3,1001
250,3,1002
251,3,1003
252,3,1004
253,3,1005
254,3,1006
255,3,1007
256,3,1008
257,3,1009
258,3,1010
259,3,1011
260,3,1012
261,3,1013
262,3,1014
263,3,1015
264,3,1016
265,3,1017
266,3,1018
267,3,1019
268,3,1020
269,3,1021
270,3,1022
271,3,1023
272,3,1024
273,3,1025
274,3,1026
275,3,1027
276,3,1028
277,3,1029
278,3,1030
279,3,1031
280,3,1032
281,3,1033
282,3,1034
283,3,1035
284,3,1036
285,3,1037
286,3,1038
287,3,1039
288,3,1040
289,3,1041
290,3,1042
291,3,1043
292,3,1044
293,3,1045
294,3,1046
295,3,1047
296,3,1048
297,3,1049
298,3,1050
299,3,1051
300,3,1052
301,3,1053
302,3,1054
303,3,1055
304,3,1056
305,3,1057
306,3,1058
307,3,1059
308,3,1060
309,3,1061
310,3,1062
311,3,1063
312,3,1064
313,3,1065
314,3,1066
315,3,1067
316,3,1068
317,3,1069
318,3,1070
319,3,1071
320,3,1072
321,3,1073
322,3,1074
323,3,1075
324,3,1076
325,3,1077
326,3,1078
327,3,1079
328,3,1080
329,3,1081
330,3,1082
331,3,1083
332,3,1084
333,3,1085
334,3,1086
335,3,1087
336,3,1088
337,3,1089
338,3,1090
339,3,1091
340,3,1092
341,3,1093
342,3,1094
343,3,1095
344,3,1096
345,3,1097
346,3,1098
347,3,1099
348,3,1100
349,3,1101
350,3,1102
351,3,1103
352,3,1104
353,3,1105
354,3,1106
355,3,1107
356,3,1108
357,3,1109
358,3,1110
359,3,1111
360,3,1112
361,3,1113
362,3,1114
363,3,1115
364,3,1116
365,3,1117
366,3,1118
367,3,1119
368,3,1120
369,3,1121
370,3,1122
371,3,1123
372,3,1124
373,3,1125
374,3,1126
375,3,1127
376,3,1128
1,4,1129
2,4,1130
3,4,1131
4,4,1132
5,4,1133
6,4,1134
7,4,1135
8,4,1136
9,4,1137
10,4,1138
11,4,1139
12,4,1140
13,4,1141
14,4,1142
15,4,1143
16,4,1144
17,4,1145
18,4,1146
19,4,1147
20,4,1148
21,4,1149
22,4,1150
23,4,1151
24,4,1152
25,4,1153
26,4,1154
27,4,1155
28,4,1156
29,4,1157
30,4,1158
31,4,1159
32,4,1160
33,4,1161
34,4,1162
35,4,1163
36,4,1164
37,4,1165
38,4,1166
39,4,1167
40,4,1168
41,4,1169
42,4,1170
43,4,1171
44,4,1172
45,4,1173
46,4,1174
47,4,1175
48,4,1176
49,4,1177
50,4,1178
51,4,1179
52,4,1180
53,4,1181
54,4,1182
55,4,1183
56,4,1184
57,4,1185
58,4,1186
59,4,1187
60,4,1188
61,4,1189
62,4,1190
63,4,1191
64,4,1192
65,4,1193
66,4,1194
67,4,1195
68,4,1196
69,4,1197
70,4,1198
71,4,1199
72,4,1200
73,4,1201
74,4,1202
75,4,1203
76,4,1204
77,4,1205
78,4,1206
79,4,1207
80,4,1208
81,4,1209
82,4,1210
83,4,1211
84,4,1212
85,4,1213
86,4,1214
87,4,1215
88,4,1216
89,4,1217
90,4,1218
91,4,1219
92,4,1220
93,4,1221
94,4,1222
95,4,1223
96,4,1224
97,4,1225
98,4,1226
99,4,1227
100,4,1228
101,4,1229
102,4,1230
103,4,1231
104,4,1232
105,4,1233
106,4,1234
107,4,1235
108,4,1236
109,4,1237
110,4,1238
111,4,1239
112,4,1240
113,4,1241
114,4,1242
115,4,1243
116,4,1244
117,4,1245
118,4,1246
119,4,1247
120,4,1248
121,4,1249
122,4,1250
123,4,1251
124,4,1252
125,4,1253
126,4,1254
127,4,1255
128,4,1256
129,4,1257
130,4,1258
131,4,1259
132,4,1260
133,4,1261
134,4,1262
135,4,1263
136,4,1264
137,4,1265
138,4,1266
139,4,1267
140,4,1268
141,4,1269
142,4,1270
143,4,1271
144,4,1272
145,4,1273
146,4,1274
147,4,1275
148,4,1276
149,4,1277
150,4,1278
151,4,1279
152,4,1280
153,4,1281
154,4,1282
155,4,1283
156,4,1284
157,4,1285
158,4,1286
159,4,1287
160,4,1288
161,4,1289
162,4,1290
163,4,1291
164,4,1292
165,4,1293
166,4,1294
167,4,1295
168,4,1296
169,4,1297
170,4,1298
171,4,1299
172,4,1300
173,4,1301
174,4,1302
175,4,1303
176,4,1304
177,4,1305
178,4,1306
179,4,1307
180,4,1308
181,4,1309
182,4,1310
183,4,1311
184,4,1312
185,4,1313
186,4,1314
187,4,1315
188,4,1316
189,4,1317
190,4,1318
191,4,1319
192,4,1320
193,4,1321
194,4,1322
195,4,1323
196,4,1324
197,4,1325
198,4,1326
199,4,1327
200,4,1328
201,4,1329
202,4,1330
203,4,1331
204,4,1332
205,4,1333
206,4,1334
207,4,1335
208,4,1336
209,4,1337
210,4,1338
211,4,1339
212,4,1340
213,4,1341
214,4,1342
215,4,1343
216,4,1344
217,4,1345
218,4,1346
219,4,1347
220,4,1348
221,4,1349
222,4,1350
223,4,1351
224,4,1352
225,4,1353
226,4,1354
227,4,1355
228,4,1356
229,4,1357
230,4,1358
231,4,1359
232,4,1360
233,4,1361
234,4,1362
235,4,1363
236,4,1364
237,4,1365
238,4,1366
239,4,1367
240,4,1368
241,4,1369
242,4,1370
243,4,1371
244,4,1372
245,4,1373
246,4,1374
247,4,1375
248,4,1376
249,4,1377
250,4,1378
251,4,1379
252,4,1380
253,4,1381
254,4,1382
255,4,1383
256,4,1384
257,4,1385
258,4,1386
259,4,1387
260,4,1388
261,4,1389
262,4,1390
263,4,1391
264,4,1392
265,4,1393
266,4,1394
267,4,1395
268,4,1396
269,4,1397
270,4,1398
271,4,1399
272,4,1400
273,4,1401
274,4,1402
275,4,1403
276,4,1404
277,4,1405
278,4,1406
279,4,1407
280,4,1408
281,4,1409
282,4,1410
283,4,1411
284,4,1412
285,4,1413
286,4,1414
287,4,1415
288,4,1416
289,4,1417
290,4,1418
291,4,1419
292,4,1420
293,4,1421
294,4,1422
295,4,1423
296,4,1424
297,4,1425
298,4,1426
299,4,1427
300,4,1428
301,4,1429
302,4,1430
303,4,1431
304,4,1432
305,4,1433
306,4,1434
307,4,1435
308,4,1436
309,4,1437
310,4,1438
311,4,1439
312,4,1440
313,4,1441
314,4,1442
315,4,1443
316,4,1444
317,4,1445
318,4,1446
319,4,1447
320,4,1448
321,4,1449
322,4,1450
323,4,1451
324,4,1452
325,4,1453
326,4,1454
327,4,1455
328,4,1456
329,4,1457
330,4,1458
331,4,1459
332,4,1460
333,4,1461
334,4,1462
335,4,1463
336,4,1464
337,4,1465
338,4,1466
339,4,1467
340,4,1468
341,4,1469
342,4,1470
343,4,1471
344,4,1472
345,4,1473
346,4,1474
347,4,1475
348,4,1476
349,4,1477
350,4,1478
351,4,1479
352,4,1480
353,4,1481
354,4,1482
355,4,1483
356,4,1484
357,4,1485
358,4,1486
359,4,1487
360,4,1488
361,4,1489
362,4,1490
363,4,1491
364,4,1492
365,4,1493
366,4,1494
367,4,1495
368,4,1496
369,4,1497
370,4,1498
371,4,1499
372,4,1500
373,4,1501
374,4,1502
375,4,1503
376,4,1504
1,5,1505
2,5,1506
3,5,1507
4,5,1508
5,5,1509
6,5,1510
7,5,1511
8,5,1512
9,5,1513
10,5,1514
11,5,1515
12,5,1516
13,5,1517
14,5,1518
15,5,1519
16,5,1520
17,5,1521
18,5,1522
19,5,1523
20,5,1524
21,5,1525
22,5,1526
23,5,1527
24,5,1528
25,5,1529
26,5,1530
27,5,1531
28,5,1532
29,5,1533
30,5,1534
31,5,1535
32,5,1536
33,5,1537
34,5,1538
35,5,1539
36,5,1540
37,5,1541
38,5,1542
39,5,1543
40,5,1544
41,5,1545
42,5,1546
43,5,1547
44,5,1548
45,5,1549
46,5,1550
47,5,1551
48,5,1552
49,5,1553
50,5,1554
51,5,1555
52,5,1556
53,5,1557
54,5,1558
55,5,1559
56,5,1560
57,5,1561
58,5,1562
59,5,1563
60,5,1564
61,5,1565
62,5,1566
63,5,1567
64,5,1568
65,5,1569
66,5,1570
67,5,1571
68,5,1572
69,5,1573
70,5,1574
71,5,1575
72,5,1576
73,5,1577
74,5,1578
75,5,1579
76,5,1580
77,5,1581
78,5,1582
79,5,1583
80,5,1584
81,5,1585
82,5,1586
83,5,1587
84,5,1588
85,5,1589
86,5,1590
87,5,1591
88,5,1592
89,5,1593
90,5,1594
91,5,1595
92,5,1596
93,5,1597
94,5,1598
95,5,1599
96,5,1600
97,5,1601
98,5,1602
99,5,1603
100,5,1604
101,5,1605
102,5,1606
103,5,1607
104,5,1608
105,5,1609
106,5,1610
107,5,1611
108,5,1612
109,5,1613
110,5,1614
111,5,1615
112,5,1616
113,5,1617
114,5,1618
115,5,1619
116,5,1620
117,5,1621
118,5,1622
119,5,1623
120,5,1624
121,5,1625
122,5,1626
123,5,1627
124,5,1628
125,5,1629
126,5,1630
127,5,1631
128,5,1632
129,5,1633
130,5,1634
131,5,1635
132,5,1636
133,5,1637
134,5,1638
135,5,1639
136,5,1640
137,5,1641
138,5,1642
139,5,1643
140,5,1644
141,5,1645
142,5,1646
143,5,1647
144,5,1648
145,5,1649
146,5,1650
147,5,1651
148,5,1652
149,5,1653
150,5,1654
151,5,1655
152,5,1656
153,5,1657
154,5,1658
155,5,1659
156,5,1660
157,5,1661
158,5,1662
159,5,1663
160,5,1664
161,5,1665
162,5,1666
163,5,1667
164,5,1668
165,5,1669
166,5,1670
167,5,1671
168,5,1672
169,5,1673
170,5,1674
171,5,1675
172,5,1676
173,5,1677
174,5,1678
175,5,1679
176,5,1680
177,5,1681
178,5,1682
179,5,1683
180,5,1684
181,5,1685
182,5,1686
183,5,1687
184,5,1688
185,5,1689
186,5,1690
187,5,1691
188,5,1692
189,5,1693
190,5,1694
191,5,1695
192,5,1696
193,5,1697
194,5,1698
195,5,1699
196,5,1700
197,5,1701
198,5,1702
199,5,1703
200,5,1704
201,5,1705
202,5,1706
203,5,1707
204,5,1708
205,5,1709
206,5,1710
207,5,1711
208,5,1712
209,5,1713
210,5,1714
211,5,1715
212,5,1716
213,5,1717
214,5,1718
215,5,1719
216,5,1720
217,5,1721
218,5,1722
219,5,1723
220,5,1724
221,5,1725
222,5,1726
223,5,1727
224,5,1728
225,5,1729
226,5,1730
227,5,1731
228,5,1732
229,5,1733
230,5,1734
231,5,1735
232,5,1736
233,5,1737
234,5,1738
235,5,1739
236,5,1740
237,5,1741
238,5,1742
239,5,1743
240,5,1744
241,5,1745
242,5,1746
243,5,1747
244,5,1748
245,5,1749
246,5,1750
247,5,1751
248,5,1752
249,5,1753
250,5,1754
251,5,1755
252,5,1756
253,5,1757
254,5,1758
255,5,1759
256,5,1760
257,5,1761
258,5,1762
259,5,1763
260,5,1764
261,5,1765
262,5,1766
263,5,1767
264,5,1768
265,5,1769
266,5,1770
267,5,1771
268,5,1772
269,5,1773
270,5,1774
271,5,1775
272,5,1776
273,5,1777
274,5,1778
275,5,1779
276,5,1780
277,5,1781
278,5,1782
279,5,1783
280,5,1784
281,5,1785
282,5,1786
283,5,1787
284,5,1788
285,5,1789
286,5,1790
287,5,1791
288,5,1792
289,5,1793
290,5,1794
291,5,1795
292,5,1796
293,5,1797
294,5,1798
295,5,1799
296,5,1800
297,5,1801
298,5,1802
299,5,1803
300,5,1804
301,5,1805
302,5,1806
303,5,1807
304,5,1808
305,5,1809
306,5,1810
307,5,1811
308,5,1812
309,5,1813
310,5,1814
311,5,1815
312,5,1816
313,5,1817
314,5,1818
315,5,1819
316,5,1820
317,5,1821
318,5,1822
319,5,1823
320,5,1824
321,5,1825
322,5,1826
323,5,1827
324,5,1828
325,5,1829
326,5,1830
327,5,1831
328,5,1832
329,5,1833
330,5,1834
331,5,1835
332,5,1836
333,5,1837
334,5,1838
335,5,1839
336,5,1840
337,5,1841
338,5,1842
339,5,1843
340,5,1844
341,5,1845
342,5,1846
343,5,1847
344,5,1848
345,5,1849
346,5,1850
347,5,1851
348,5,1852
349,5,1853
350,5,1854
351,5,1855
352,5,1856
353,5,1857
354,5,1858
355,5,1859
356,5,1860
357,5,1861
358,5,1862
359,5,1863
360,5,1864
361,5,1865
362,5,1866
363,5,1867
364,5,1868
365,5,1869
366,5,1870
367,5,1871
368,5,1872
369,5,1873
370,5,1874
371,5,1875
372,5,1876
373,5,1877
374,5,1878
375,5,1879
376,5,1880
1,6,1881
2,6,1882
3,6,1883
4,6,1884
5,6,1885
6,6,1886
7,6,1887
8,6,1888
9,6,1889
10,6,1890
11,6,1891
12,6,1892
13,6,1893
14,6,1894
15,6,1895
16,6,1896
17,6,1897
18,6,1898
19,6,1899
20,6,1900
21,6,1901
22,6,1902
23,6,1903
24,6,1904
25,6,1905
26,6,1906
27,6,1907
28,6,1908
29,6,1909
30,6,1910
31,6,1911
32,6,1912
33,6,1913
34,6,1914
35,6,1915
36,6,1916
37,6,1917
38,6,1918
39,6,1919
40,6,1920
41,6,1921
42,6,1922
43,6,1923
44,6,1924
45,6,1925
46,6,1926
47,6,1927
48,6,1928
49,6,1929
50,6,1930
51,6,1931
52,6,1932
53,6,1933
54,6,1934
55,6,1935
56,6,1936
57,6,1937
58,6,1938
59,6,1939
60,6,1940
61,6,1941
62,6,1942
63,6,1943
64,6,1944
65,6,1945
66,6,1946
67,6,1947
68,6,1948
69,6,1949
70,6,1950
71,6,1951
72,6,1952
73,6,1953
74,6,1954
75,6,1955
76,6,1956
77,6,1957
78,6,1958
79,6,1959
80,6,1960
81,6,1961
82,6,1962
83,6,1963
84,6,1964
85,6,1965
86,6,1966
87,6,1967
88,6,1968
89,6,1969
90,6,1970
91,6,1971
92,6,1972
93,6,1973
94,6,1974
95,6,1975
96,6,1976
97,6,1977
98,6,1978
99,6,1979
100,6,1980
101,6,1981
102,6,1982
103,6,1983
104,6,1984
105,6,1985
106,6,1986
107,6,1987
108,6,1988
109,6,1989
110,6,1990
111,6,1991
112,6,1992
113,6,1993
114,6,1994
115,6,1995
116,6,1996
117,6,1997
118,6,1998
119,6,1999
120,6,2000
121,6,2001
122,6,2002
123,6,2003
124,6,2004
125,6,2005
126,6,2006
127,6,2007
128,6,2008
129,6,2009
130,6,2010
131,6,2011
132,6,2012
133,6,2013
134,6,2014
135,6,2015
136,6,2016
137,6,2017
138,6,2018
139,6,2019
140,6,2020
141,6,2021
142,6,2022
143,6,2023
144,6,2024
145,6,2025
146,6,2026
147,6,2027
148,6,2028
149,6,2029
150,6,2030
151,6,2031
152,6,2032
153,6,2033
154,6,2034
155,6,2035
156,6,2036
157,6,2037
158,6,2038
159,6,2039
160,6,2040
161,6,2041
162,6,2042
163,6,2043
164,6,2044
165,6,2045
166,6,2046
167,6,2047
168,6,2048
169,6,2049
170,6,2050
171,6,2051
172,6,2052
173,6,2053
174,6,2054
175,6,2055
176,6,2056
177,6,2057
178,6,2058
179,6,2059
180,6,2060
181,6,2061
182,6,2062
183,6,2063
184,6,2064
185,6,2065
186,6,2066
187,6,2067
188,6,2068
189,6,2069
190,6,2070
191,6,2071
192,6,2072
193,6,2073
194,6,2074
195,6,2075
196,6,2076
197,6,2077
198,6,2078
199,6,2079
200,6,2080
201,6,2081
202,6,2082
203,6,2083
204,6,2084
205,6,2085
206,6,2086
207,6,2087
208,6,2088
209,6,2089
210,6,2090
211,6,2091
212,6,2092
213,6,2093
214,6,2094
215,6,2095
216,6,2096
217,6,2097
218,6,2098
219,6,2099
220,6,2100
221,6,2101
222,6,2102
223,6,2103
224,6,2104
225,6,2105
226,6,2106
227,6,2107
228,6,2108
229,6,2109
230,6,2110
231,6,2111
232,6,2112
233,6,2113
234,6,2114
235,6,2115
236,6,2116
237,6,2117
238,6,2118
239,6,2119
240,6,2120
241,6,2121
242,6,2122
243,6,2123
244,6,2124
245,6,2125
246,6,2126
247,6,2127
248,6,2128
249,6,2129
250,6,2130
251,6,2131
252,6,2132
253,6,2133
254,6,2134
255,6,2135
256,6,2136
257,6,2137
258,6,2138
259,6,2139
260,6,2140
261,6,2141
262,6,2142
263,6,2143
264,6,2144
265,6,2145
266,6,2146
267,6,2147
268,6,2148
269,6,2149
270,6,2150
271,6,2151
272,6,2152
273,6,2153
274,6,2154
275,6,2155
276,6,2156
277,6,2157
278,6,2158
279,6,2159
280,6,2160
281,6,2161
282,6,2162
283,6,2163
284,6,2164
285,6,2165
286,6,2166
287,6,2167
288,6,2168
289,6,2169
290,6,2170
291,6,2171
292,6,2172
293,6,2173
294,6,2174
295,6,2175
296,6,2176
297,6,2177
298,6,2178
299,6,2179
300,6,2180
301,6,2181
302,6,2182
303,6,2183
304,6,2184
305,6,2185
306,6,2186
307,6,2187
308,6,2188
309,6,2189
310,6,2190
311,6,2191
312,6,2192
313,6,2193
314,6,2194
315,6,2195
316,6,2196
317,6,2197
318,6,2198
319,6,2199
320,6,2200
321,6,2201
322,6,2202
323,6,2203
324,6,2204
325,6,2205
326,6,2206
327,6,2207
328,6,2208
329,6,2209
330,6,2210
331,6,2211
332,6,2212
333,6,2213
334,6,2214
335,6,2215
336,6,2216
337,6,2217
338,6,2218
339,6,2219
340,6,2220
341,6,2221
342,6,2222
343,6,2223
344,6,2224
345,6,2225
346,6,2226
347,6,2227
348,6,2228
349,6,2229
350,6,2230
351,6,2231
352,6,2232
353,6,2233
354,6,2234
355,6,2235
356,6,2236
357,6,2237
358,6,2238
359,6,2239
360,6,2240
361,6,2241
362,6,2242
363,6,2243
364,6,2244
365,6,2245
366,6,2246
367,6,2247
368,6,2248
369,6,2249
370,6,2250
371,6,2251
372,6,2252
373,6,2253
374,6,2254
375,6,2255
376,6,2256
1,7,2257
2,7,2258
3,7,2259
4,7,2260
5,7,2261
6,7,2262
7,7,2263
8,7,2264
9,7,2265
10,7,2266
11,7,2267
12,7,2268
13,7,2269
14,7,2270
15,7,2271
16,7,2272
17,7,2273
18,7,2274
19,7,2275
20,7,2276
21,7,2277
22,7,2278
23,7,2279
24,7,2280
25,7,2281
26,7,2282
27,7,2283
28,7,2284
29,7,2285
30,7,2286
31,7,2287
32,7,2288
33,7,2289
34,7,2290
35,7,2291
36,7,2292
37,7,2293
38,7,2294
39,7,2295
40,7,2296
41,7,2297
42,7,2298
43,7,2299
44,7,2300
45,7,2301
46,7,2302
47,7,2303
48,7,2304
49,7,2305
50,7,2306
51,7,2307
52,7,2308
53,7,2309
54,7,2310
55,7,2311
56,7,2312
57,7,2313
58,7,2314
59,7,2315
60,7,2316
61,7,2317
62,7,2318
63,7,2319
64,7,2320
65,7,2321
66,7,2322
67,7,2323
68,7,2324
69,7,2325
70,7,2326
71,7,2327
72,7,2328
73,7,2329
74,7,2330
75,7,2331
76,7,2332
77,7,2333
78,7,2334
79,7,2335
80,7,2336
81,7,2337
82,7,2338
83,7,2339
84,7,2340
85,7,2341
86,7,2342
87,7,2343
88,7,2344
89,7,2345
90,7,2346
91,7,2347
92,7,2348
93,7,2349
94,7,2350
95,7,2351
96,7,2352
97,7,2353
98,7,2354
99,7,2355
100,7,2356
101,7,2357
102,7,2358
103,7,2359
104,7,2360
105,7,2361
106,7,2362
107,7,2363
108,7,2364
109,7,2365
110,7,2366
111,7,2367
112,7,2368
113,7,2369
114,7,2370
115,7,2371
116,7,2372
117,7,2373
118,7,2374
119,7,2375
120,7,2376
121,7,2377
122,7,2378
123,7,2379
124,7,2380
125,7,2381
126,7,2382
127,7,2383
128,7,2384
129,7,2385
130,7,2386
131,7,2387
132,7,2388
133,7,2389
134,7,2390
135,7,2391
136,7,2392
137,7,2393
138,7,2394
139,7,2395
140,7,2396
141,7,2397
142,7,2398
143,7,2399
144,7,2400
145,7,2401
146,7,2402
147,7,2403
148,7,2404
149,7,2405
150,7,2406
151,7,2407
152,7,2408
153,7,2409
154,7,2410
155,7,2411
156,7,2412
157,7,2413
158,7,2414
159,7,2415
160,7,2416
161,7,2417
162,7,2418
163,7,2419
164,7,2420
165,7,2421
166,7,2422
167,7,2423
168,7,2424
169,7,2425
170,7,2426
171,7,2427
172,7,2428
173,7,2429
174,7,2430
175,7,2431
176,7,2432
177,7,2433
178,7,2434
179,7,2435
180,7,2436
181,7,2437
182,7,2438
183,7,2439
184,7,2440
185,7,2441
186,7,2442
187,7,2443
188,7,2444
189,7,2445
190,7,2446
191,7,2447
192,7,2448
193,7,2449
194,7,2450
195,7,2451
196,7,2452
197,7,2453
198,7,2454
199,7,2455
200,7,2456
201,7,2457
202,7,2458
203,7,2459
204,7,2460
205,7,2461
206,7,2462
207,7,2463
208,7,2464
209,7,2465
210,7,2466
211,7,2467
212,7,2468
213,7,2469
214,7,2470
215,7,2471
216,7,2472
217,7,2473
218,7,2474
219,7,2475
220,7,2476
221,7,2477
222,7,2478
223,7,2479
224,7,2480
225,7,2481
226,7,2482
227,7,2483
228,7,2484
229,7,2485
230,7,2486
231,7,2487
232,7,2488
233,7,2489
234,7,2490
235,7,2491
236,7,2492
237,7,2493
238,7,2494
239,7,2495
240,7,2496
241,7,2497
242,7,2498
243,7,2499
244,7,2500
245,7,2501
246,7,2502
247,7,2503
248,7,2504
249,7,2505
250,7,2506
251,7,2507
252,7,2508
253,7,2509
254,7,2510
255,7,2511
256,7,2512
257,7,2513
258,7,2514
259,7,2515
260,7,2516
261,7,2517
262,7,2518
263,7,2519
264,7,2520
265,7,2521
266,7,2522
267,7,2523
268,7,2524
269,7,2525
270,7,2526
271,7,2527
272,7,2528
273,7,2529
274,7,2530
275,7,2531
276,7,2532
277,7,2533
278,7,2534
279,7,2535
280,7,2536
281,7,2537
282,7,2538
283,7,2539
284,7,2540
285,7,2541
286,7,2542
287,7,2543
288,7,2544
289,7,2545
290,7,2546
291,7,2547
292,7,2548
293,7,2549
294,7,2550
295,7,2551
296,7,2552
297,7,2553
298,7,2554
299,7,2555
300,7,2556
301,7,2557
302,7,2558
303,7,2559
304,7,2560
305,7,2561
306,7,2562
307,7,2563
308,7,2564
309,7,2565
310,7,2566
311,7,2567
312,7,2568
313,7,2569
314,7,2570
315,7,2571
316,7,2572
317,7,2573
318,7,2574
319,7,2575
320,7,2576
321,7,2577
322,7,2578
323,7,2579
324,7,2580
325,7,2581
326,7,2582
327,7,2583
328,7,2584
329,7,2585
330,7,2586
331,7,2587
332,7,2588
333,7,2589
334,7,2590
335,7,2591
336,7,2592
337,7,2593
338,7,2594
339,7,2595
340,7,2596
341,7,2597
342,7,2598
343,7,2599
344,7,2600
345,7,2601
346,7,2602
347,7,2603
348,7,2604
349,7,2605
350,7,2606
351,7,2607
352,7,2608
353,7,2609
354,7,2610
355,7,2611
356,7,2612
357,7,2613
358,7,2614
359,7,2615
360,7,2616
361,7,2617
362,7,2618
363,7,2619
364,7,2620
365,7,2621
366,7,2622
367,7,2623
368,7,2624
369,7,2625
370,7,2626
371,7,2627
372,7,2628
373,7,2629
374,7,2630
375,7,2631
376,7,2632
1,8,2633
2,8,2634
3,8,2635
4,8,2636
5,8,2637
6,8,2638
7,8,2639
8,8,2640
9,8,2641
10,8,2642
11,8,2643
12,8,2644
13,8,2645
14,8,2646
15,8,2647
16,8,2648
17,8,2649
18,8,2650
19,8,2651
20,8,2652
21,8,2653
22,8,2654
23,8,2655
24,8,2656
25,8,2657
26,8,2658
27,8,2659
28,8,2660
29,8,2661
30,8,2662
31,8,2663
32,8,2664
33,8,2665
34,8,2666
35,8,2667
36,8,2668
37,8,2669
38,8,2670
39,8,2671
40,8,2672
41,8,2673
42,8,2674
43,8,2675
44,8,2676
45,8,2677
46,8,2678
47,8,2679
48,8,2680
49,8,2681
50,8,2682
51,8,2683
52,8,2684
53,8,2685
54,8,2686
55,8,2687
56,8,2688
57,8,2689
58,8,2690
59,8,2691
60,8,2692
61,8,2693
62,8,2694
63,8,2695
64,8,2696
65,8,2697
66,8,2698
67,8,2699
68,8,2700
69,8,2701
70,8,2702
71,8,2703
72,8,2704
73,8,2705
74,8,2706
75,8,2707
76,8,2708
77,8,2709
78,8,2710
79,8,2711
80,8,2712
81,8,2713
82,8,2714
83,8,2715
84,8,2716
85,8,2717
86,8,2718
87,8,2719
88,8,2720
89,8,2721
90,8,2722
91,8,2723
92,8,2724
93,8,2725
94,8,2726
95,8,2727
96,8,2728
97,8,2729
98,8,2730
99,8,2731
100,8,2732
101,8,2733
102,8,2734
103,8,2735
104,8,2736
105,8,2737
106,8,2738
107,8,2739
108,8,2740
109,8,2741
110,8,2742
111,8,2743
112,8,2744
113,8,2745
114,8,2746
115,8,2747
116,8,2748
117,8,2749
118,8,2750
119,8,2751
120,8,2752
121,8,2753
122,8,2754
123,8,2755
124,8,2756
125,8,2757
126,8,2758
127,8,2759
128,8,2760
129,8,2761
130,8,2762
131,8,2763
132,8,2764
133,8,2765
134,8,2766
135,8,2767
136,8,2768
137,8,2769
138,8,2770
139,8,2771
140,8,2772
141,8,2773
142,8,2774
143,8,2775
144,8,2776
145,8,2777
146,8,2778
147,8,2779
148,8,2780
149,8,2781
150,8,2782
151,8,2783
152,8,2784
153,8,2785
154,8,2786
155,8,2787
156,8,2788
157,8,2789
158,8,2790
159,8,2791
160,8,2792
161,8,2793
162,8,2794
163,8,2795
164,8,2796
165,8,2797
166,8,2798
167,8,2799
168,8,2800
169,8,2801
170,8,2802
171,8,2803
172,8,2804
173,8,2805
174,8,2806
175,8,2807
176,8,2808
177,8,2809
178,8,2810
179,8,2811
180,8,2812
181,8,2813
182,8,2814
183,8,2815
184,8,2816
185,8,2817
186,8,2818
187,8,2819
188,8,2820
189,8,2821
190,8,2822
191,8,2823
192,8,2824
193,8,2825
194,8,2826
195,8,2827
196,8,2828
197,8,2829
198,8,2830
199,8,2831
200,8,2832
201,8,2833
202,8,2834
203,8,2835
204,8,2836
205,8,2837
206,8,2838
207,8,2839
208,8,2840
209,8,2841
210,8,2842
211,8,2843
212,8,2844
213,8,2845
214,8,2846
215,8,2847
216,8,2848
217,8,2849
218,8,2850
219,8,2851
220,8,2852
221,8,2853
222,8,2854
223,8,2855
224,8,2856
225,8,2857
226,8,2858
227,8,2859
228,8,2860
229,8,2861
230,8,2862
231,8,2863
232,8,2864
233,8,2865
234,8,2866
235,8,2867
236,8,2868
237,8,2869
238,8,2870
239,8,2871
240,8,2872
241,8,2873
242,8,2874
243,8,2875
244,8,2876
245,8,2877
246,8,2878
247,8,2879
248,8,2880
249,8,2881
250,8,2882
251,8,2883
252,8,2884
253,8,2885
254,8,2886
255,8,2887
256,8,2888
257,8,2889
258,8,2890
259,8,2891
260,8,2892
261,8,2893
262,8,2894
263,8,2895
264,8,2896
265,8,2897
266,8,2898
267,8,2899
268,8,2900
269,8,2901
270,8,2902
271,8,2903
272,8,2904
273,8,2905
274,8,2906
275,8,2907
276,8,2908
277,8,2909
278,8,2910
279,8,2911
280,8,2912
281,8,2913
282,8,2914
283,8,2915
284,8,2916
285,8,2917
286,8,2918
287,8,2919
288,8,2920
289,8,2921
290,8,2922
291,8,2923
292,8,2924
293,8,2925
294,8,2926
295,8,2927
296,8,2928
297,8,2929
298,8,2930
299,8,2931
300,8,2932
301,8,2933
302,8,2934
303,8,2935
304,8,2936
305,8,2937
306,8,2938
307,8,2939
308,8,2940
309,8,2941
310,8,2942
311,8,2943
312,8,2944
313,8,2945
314,8,2946
315,8,2947
316,8,2948
317,8,2949
318,8,2950
319,8,2951
320,8,2952
321,8,2953
322,8,2954
323,8,2955
324,8,2956
325,8,2957
326,8,2958
327,8,2959
328,8,2960
329,8,2961
330,8,2962
331,8,2963
332,8,2964
333,8,2965
334,8,2966
335,8,2967
336,8,2968
337,8,2969
338,8,2970
339,8,2971
340,8,2972
341,8,2973
342,8,2974
343,8,2975
344,8,2976
345,8,2977
346,8,2978
347,8,2979
348,8,2980
349,8,2981
350,8,2982
351,8,2983
352,8,2984
353,8,2985
354,8,2986
355,8,2987
356,8,2988
357,8,2989
358,8,2990
359,8,2991
360,8,2992
361,8,2993
362,8,2994
363,8,2995
364,8,2996
365,8,2997
366,8,2998
367,8,2999
368,8,3000
369,8,3001
370,8,3002
371,8,3003
372,8,3004
373,8,3005
374,8,3006
375,8,3007
376,8,3008
1,9,3009
2,9,3010
3,9,3011
4,9,3012
5,9,3013
6,9,3014
7,9,3015
8,9,3016
9,9,3017
10,9,3018
11,9,3019
12,9,3020
13,9,3021
14,9,3022
15,9,3023
16,9,3024
17,9,3025
18,9,3026
19,9,3027
20,9,3028
21,9,3029
22,9,3030
23,9,3031
24,9,3032
25,9,3033
26,9,3034
27,9,3035
28,9,3036
29,9,3037
30,9,3038
31,9,3039
32,9,3040
33,9,3041
34,9,3042
35,9,3043
36,9,3044
37,9,3045
38,9,3046
39,9,3047
40,9,3048
41,9,3049
42,9,3050
43,9,3051
44,9,3052
45,9,3053
46,9,3054
47,9,3055
48,9,3056
49,9,3057
50,9,3058
51,9,3059
52,9,3060
53,9,3061
54,9,3062
55,9,3063
56,9,3064
57,9,3065
58,9,3066
59,9,3067
60,9,3068
61,9,3069
62,9,3070
63,9,3071
64,9,3072
65,9,3073
66,9,3074
67,9,3075
68,9,3076
69,9,3077
70,9,3078
71,9,3079
72,9,3080
73,9,3081
74,9,3082
75,9,3083
76,9,3084
77,9,3085
78,9,3086
79,9,3087
80,9,3088
81,9,3089
82,9,3090
83,9,3091
84,9,3092
85,9,3093
86,9,3094
87,9,3095
88,9,3096
89,9,3097
90,9,3098
91,9,3099
92,9,3100
93,9,3101
94,9,3102
95,9,3103
96,9,3104
97,9,3105
98,9,3106
99,9,3107
100,9,3108
101,9,3109
102,9,3110
103,9,3111
104,9,3112
105,9,3113
106,9,3114
107,9,3115
108,9,3116
109,9,3117
110,9,3118
111,9,3119
112,9,3120
113,9,3121
114,9,3122
115,9,3123
116,9,3124
117,9,3125
118,9,3126
119,9,3127
120,9,3128
121,9,3129
122,9,3130
123,9,3131
124,9,3132
125,9,3133
126,9,3134
127,9,3135
128,9,3136
129,9,3137
130,9,3138
131,9,3139
132,9,3140
133,9,3141
134,9,3142
135,9,3143
136,9,3144
137,9,3145
138,9,3146
139,9,3147
140,9,3148
141,9,3149
142,9,3150
143,9,3151
144,9,3152
145,9,3153
146,9,3154
147,9,3155
148,9,3156
149,9,3157
150,9,3158
151,9,3159
152,9,3160
153,9,3161
154,9,3162
155,9,3163
156,9,3164
157,9,3165
158,9,3166
159,9,3167
160,9,3168
161,9,3169
162,9,3170
163,9,3171
164,9,3172
165,9,3173
166,9,3174
167,9,3175
168,9,3176
169,9,3177
170,9,3178
171,9,3179
172,9,3180
173,9,3181
174,9,3182
175,9,3183
176,9,3184
177,9,3185
178,9,3186
179,9,3187
180,9,3188
181,9,3189
182,9,3190
183,9,3191
184,9,3192
185,9,3193
186,9,3194
187,9,3195
188,9,3196
189,9,3197
190,9,3198
191,9,3199
192,9,3200
193,9,3201
194,9,3202
195,9,3203
196,9,3204
197,9,3205
198,9,3206
199,9,3207
200,9,3208
201,9,3209
202,9,3210
203,9,3211
204,9,3212
205,9,3213
206,9,3214
207,9,3215
208,9,3216
209,9,3217
210,9,3218
211,9,3219
212,9,3220
213,9,3221
214,9,3222
215,9,3223
216,9,3224
217,9,3225
218,9,3226
219,9,3227
220,9,3228
221,9,3229
222,9,3230
223,9,3231
224,9,3232
225,9,3233
226,9,3234
227,9,3235
228,9,3236
229,9,3237
230,9,3238
231,9,3239
232,9,3240
233,9,3241
234,9,3242
235,9,3243
236,9,3244
237,9,3245
238,9,3246
239,9,3247
240,9,3248
241,9,3249
242,9,3250
243,9,3251
244,9,3252
245,9,3253
246,9,3254
247,9,3255
248,9,3256
249,9,3257
250,9,3258
251,9,3259
252,9,3260
253,9,3261
254,9,3262
255,9,3263
256,9,3264
257,9,3265
258,9,3266
259,9,3267
260,9,3268
261,9,3269
262,9,3270
263,9,3271
264,9,3272
265,9,3273
266,9,3274
267,9,3275
268,9,3276
269,9,3277
270,9,3278
271,9,3279
272,9,3280
273,9,3281
274,9,3282
275,9,3283
276,9,3284
277,9,3285
278,9,3286
279,9,3287
280,9,3288
281,9,3289
282,9,3290
283,9,3291
284,9,3292
285,9,3293
286,9,3294
287,9,3295
288,9,3296
289,9,3297
290,9,3298
291,9,3299
292,9,3300
293,9,3301
294,9,3302
295,9,3303
296,9,3304
297,9,3305
298,9,3306
299,9,3307
300,9,3308
301,9,3309
302,9,3310
303,9,3311
304,9,3312
305,9,3313
306,9,3314
307,9,3315
308,9,3316
309,9,3317
310,9,3318
311,9,3319
312,9,3320
313,9,3321
314,9,3322
315,9,3323
316,9,3324
317,9,3325
318,9,3326
319,9,3327
320,9,3328
321,9,3329
322,9,3330
323,9,3331
324,9,3332
325,9,3333
326,9,3334
327,9,3335
328,9,3336
329,9,3337
330,9,3338
331,9,3339
332,9,3340
333,9,3341
334,9,3342
335,9,3343
336,9,3344
337,9,3345
338,9,3346
339,9,3347
340,9,3348
341,9,3349
342,9,3350
343,9,3351
344,9,3352
345,9,3353
346,9,3354
347,9,3355
348,9,3356
349,9,3357
350,9,3358
351,9,3359
352,9,3360
353,9,3361
354,9,3362
355,9,3363
356,9,3364
357,9,3365
358,9,3366
359,9,3367
360,9,3368
361,9,3369
362,9,3370
363,9,3371
364,9,3372
365,9,3373
366,9,3374
367,9,3375
368,9,3376
369,9,3377
370,9,3378
371,9,3379
372,9,3380
373,9,3381
374,9,3382
375,9,3383
376,9,3384
1,10,3385
2,10,3386
3,10,3387
4,10,3388
5,10,3389
6,10,3390
7,10,3391
8,10,3392
9,10,3393
10,10,3394
11,10,3395
12,10,3396
13,10,3397
14,10,3398
15,10,3399
16,10,3400
17,10,3401
18,10,3402
19,10,3403
20,10,3404
21,10,3405
22,10,3406
23,10,3407
24,10,3408
25,10,3409
26,10,3410
27,10,3411
28,10,3412
29,10,3413
30,10,3414
31,10,3415
32,10,3416
33,10,3417
34,10,3418
35,10,3419
36,10,3420
37,10,3421
38,10,3422
39,10,3423
40,10,3424
41,10,3425
42,10,3426
43,10,3427
44,10,3428
45,10,3429
46,10,3430
47,10,3431
48,10,3432
49,10,3433
50,10,3434
51,10,3435
52,10,3436
53,10,3437
54,10,3438
55,10,3439
56,10,3440
57,10,3441
58,10,3442
59,10,3443
60,10,3444
61,10,3445
62,10,3446
63,10,3447
64,10,3448
65,10,3449
66,10,3450
67,10,3451
68,10,3452
69,10,3453
70,10,3454
71,10,3455
72,10,3456
73,10,3457
74,10,3458
75,10,3459
76,10,3460
77,10,3461
78,10,3462
79,10,3463
80,10,3464
81,10,3465
82,10,3466
83,10,3467
84,10,3468
85,10,3469
86,10,3470
87,10,3471
88,10,3472
89,10,3473
90,10,3474
91,10,3475
92,10,3476
93,10,3477
94,10,3478
95,10,3479
96,10,3480
97,10,3481
98,10,3482
99,10,3483
100,10,3484
101,10,3485
102,10,3486
103,10,3487
104,10,3488
105,10,3489
106,10,3490
107,10,3491
108,10,3492
109,10,3493
110,10,3494
111,10,3495
112,10,3496
113,10,3497
114,10,3498
115,10,3499
116,10,3500
117,10,3501
118,10,3502
119,10,3503
120,10,3504
121,10,3505
122,10,3506
123,10,3507
124,10,3508
125,10,3509
126,10,3510
127,10,3511
128,10,3512
129,10,3513
130,10,3514
131,10,3515
132,10,3516
133,10,3517
134,10,3518
135,10,3519
136,10,3520
137,10,3521
138,10,3522
139,10,3523
140,10,3524
141,10,3525
142,10,3526
143,10,3527
144,10,3528
145,10,3529
146,10,3530
147,10,3531
148,10,3532
149,10,3533
150,10,3534
151,10,3535
152,10,3536
153,10,3537
154,10,3538
155,10,3539
156,10,3540
157,10,3541
158,10,3542
159,10,3543
160,10,3544
161,10,3545
162,10,3546
163,10,3547
164,10,3548
165,10,3549
166,10,3550
167,10,3551
168,10,3552
169,10,3553
170,10,3554
171,10,3555
172,10,3556
173,10,3557
174,10,3558
175,10,3559
176,10,3560
177,10,3561
178,10,3562
179,10,3563
180,10,3564
181,10,3565
182,10,3566
183,10,3567
184,10,3568
185,10,3569
186,10,3570
187,10,3571
188,10,3572
189,10,3573
190,10,3574
191,10,3575
192,10,3576
193,10,3577
194,10,3578
195,10,3579
196,10,3580
197,10,3581
198,10,3582
199,10,3583
200,10,3584
201,10,3585
202,10,3586
203,10,3587
204,10,3588
205,10,3589
206,10,3590
207,10,3591
208,10,3592
209,10,3593
210,10,3594
211,10,3595
212,10,3596
213,10,3597
214,10,3598
215,10,3599
216,10,3600
217,10,3601
218,10,3602
219,10,3603
220,10,3604
221,10,3605
222,10,3606
223,10,3607
224,10,3608
225,10,3609
226,10,3610
227,10,3611
228,10,3612
229,10,3613
230,10,3614
231,10,3615
232,10,3616
233,10,3617
234,10,3618
235,10,3619
236,10,3620
237,10,3621
238,10,3622
239,10,3623
240,10,3624
241,10,3625
242,10,3626
243,10,3627
244,10,3628
245,10,3629
246,10,3630
247,10,3631
248,10,3632
249,10,3633
250,10,3634
251,10,3635
252,10,3636
253,10,3637
254,10,3638
255,10,3639
256,10,3640
257,10,3641
258,10,3642
259,10,3643
260,10,3644
261,10,3645
262,10,3646
263,10,3647
264,10,3648
265,10,3649
266,10,3650
267,10,3651
268,10,3652
269,10,3653
270,10,3654
271,10,3655
272,10,3656
273,10,3657
274,10,3658
275,10,3659
276,10,3660
277,10,3661
278,10,3662
279,10,3663
280,10,3664
281,10,3665
282,10,3666
283,10,3667
284,10,3668
285,10,3669
286,10,3670
287,10,3671
288,10,3672
289,10,3673
290,10,3674
291,10,3675
292,10,3676
293,10,3677
294,10,3678
295,10,3679
296,10,3680
297,10,3681
298,10,3682
299,10,3683
300,10,3684
301,10,3685
302,10,3686
303,10,3687
304,10,3688
305,10,3689
306,10,3690
307,10,3691
308,10,3692
309,10,3693
310,10,3694
311,10,3695
312,10,3696
313,10,3697
314,10,3698
315,10,3699
316,10,3700
317,10,3701
318,10,3702
319,10,3703
320,10,3704
321,10,3705
322,10,3706
323,10,3707
324,10,3708
325,10,3709
326,10,3710
327,10,3711
328,10,3712
329,10,3713
330,10,3714
331,10,3715
332,10,3716
333,10,3717
334,10,3718
335,10,3719
336,10,3720
337,10,3721
338,10,3722
339,10,3723
340,10,3724
341,10,3725
342,10,3726
343,10,3727
344,10,3728
345,10,3729
346,10,3730
347,10,3731
348,10,3732
349,10,3733
350,10,3734
351,10,3735
352,10,3736
353,10,3737
354,10,3738
355,10,3739
356,10,3740
357,10,3741
358,10,3742
359,10,3743
360,10,3744
361,10,3745
362,10,3746
363,10,3747
364,10,3748
365,10,3749
366,10,3750
367,10,3751
368,10,3752
369,10,3753
370,10,3754
371,10,3755
372,10,3756
373,10,3757
374,10,3758
375,10,3759
376,10,3760
1,11,3761
2,11,3762
3,11,3763
4,11,3764
5,11,3765
6,11,3766
7,11,3767
8,11,3768
9,11,3769
10,11,3770
11,11,3771
12,11,3772
13,11,3773
14,11,3774
15,11,3775
16,11,3776
17,11,3777
18,11,3778
19,11,3779
20,11,3780
21,11,3781
22,11,3782
23,11,3783
24,11,3784
25,11,3785
26,11,3786
27,11,3787
28,11,3788
29,11,3789
30,11,3790
31,11,3791
32,11,3792
33,11,3793
34,11,3794
35,11,3795
36,11,3796
37,11,3797
38,11,3798
39,11,3799
40,11,3800
41,11,3801
42,11,3802
43,11,3803
44,11,3804
45,11,3805
46,11,3806
47,11,3807
48,11,3808
49,11,3809
50,11,3810
51,11,3811
52,11,3812
53,11,3813
54,11,3814
55,11,3815
56,11,3816
57,11,3817
58,11,3818
59,11,3819
60,11,3820
61,11,3821
62,11,3822
63,11,3823
64,11,3824
65,11,3825
66,11,3826
67,11,3827
68,11,3828
69,11,3829
70,11,3830
71,11,3831
72,11,3832
73,11,3833
74,11,3834
75,11,3835
76,11,3836
77,11,3837
78,11,3838
79,11,3839
80,11,3840
81,11,3841
82,11,3842
83,11,3843
84,11,3844
85,11,3845
86,11,3846
87,11,3847
88,11,3848
89,11,3849
90,11,3850
91,11,3851
92,11,3852
93,11,3853
94,11,3854
95,11,3855
96,11,3856
97,11,3857
98,11,3858
99,11,3859
100,11,3860
101,11,3861
102,11,3862
103,11,3863
104,11,3864
105,11,3865
106,11,3866
107,11,3867
108,11,3868
109,11,3869
110,11,3870
111,11,3871
112,11,3872
113,11,3873
114,11,3874
115,11,3875
116,11,3876
117,11,3877
118,11,3878
119,11,3879
120,11,3880
121,11,3881
122,11,3882
123,11,3883
124,11,3884
125,11,3885
126,11,3886
127,11,3887
128,11,3888
129,11,3889
130,11,3890
131,11,3891
132,11,3892
133,11,3893
134,11,3894
135,11,3895
136,11,3896
137,11,3897
138,11,3898
139,11,3899
140,11,3900
141,11,3901
142,11,3902
143,11,3903
144,11,3904
145,11,3905
146,11,3906
147,11,3907
148,11,3908
149,11,3909
150,11,3910
151,11,3911
152,11,3912
153,11,3913
154,11,3914
155,11,3915
156,11,3916
157,11,3917
158,11,3918
159,11,3919
160,11,3920
161,11,3921
162,11,3922
163,11,3923
164,11,3924
165,11,3925
166,11,3926
167,11,3927
168,11,3928
169,11,3929
170,11,3930
171,11,3931
172,11,3932
173,11,3933
174,11,3934
175,11,3935
176,11,3936
177,11,3937
178,11,3938
179,11,3939
180,11,3940
181,11,3941
182,11,3942
183,11,3943
184,11,3944
185,11,3945
186,11,3946
187,11,3947
188,11,3948
189,11,3949
190,11,3950
191,11,3951
192,11,3952
193,11,3953
194,11,3954
195,11,3955
196,11,3956
197,11,3957
198,11,3958
199,11,3959
200,11,3960
201,11,3961
202,11,3962
203,11,3963
204,11,3964
205,11,3965
206,11,3966
207,11,3967
208,11,3968
209,11,3969
210,11,3970
211,11,3971
212,11,3972
213,11,3973
214,11,3974
215,11,3975
216,11,3976
217,11,3977
218,11,3978
219,11,3979
220,11,3980
221,11,3981
222,11,3982
223,11,3983
224,11,3984
225,11,3985
226,11,3986
227,11,3987
228,11,3988
229,11,3989
230,11,3990
231,11,3991
232,11,3992
233,11,3993
234,11,3994
235,11,3995
236,11,3996
237,11,3997
238,11,3998
239,11,3999
240,11,4000
241,11,4001
242,11,4002
243,11,4003
244,11,4004
245,11,4005
246,11,4006
247,11,4007
248,11,4008
249,11,4009
250,11,4010
251,11,4011
252,11,4012
253,11,4013
254,11,4014
255,11,4015
256,11,4016
257,11,4017
258,11,4018
259,11,4019
260,11,4020
261,11,4021
262,11,4022
263,11,4023
264,11,4024
265,11,4025
266,11,4026
267,11,4027
268,11,4028
269,11,4029
270,11,4030
271,11,4031
272,11,4032
273,11,4033
274,11,4034
275,11,4035
276,11,4036
277,11,4037
278,11,4038
279,11,4039
280,11,4040
281,11,4041
282,11,4042
283,11,4043
284,11,4044
285,11,4045
286,11,4046
287,11,4047
288,11,4048
289,11,4049
290,11,4050
291,11,4051
292,11,4052
293,11,4053
294,11,4054
295,11,4055
296,11,4056
297,11,4057
298,11,4058
299,11,4059
300,11,4060
301,11,4061
302,11,4062
303,11,4063
304,11,4064
305,11,4065
306,11,4066
307,11,4067
308,11,4068
309,11,4069
310,11,4070
311,11,4071
312,11,4072
313,11,4073
314,11,4074
315,11,4075
316,11,4076
317,11,4077
318,11,4078
319,11,4079
320,11,4080
321,11,4081
322,11,4082
323,11,4083
324,11,4084
325,11,4085
326,11,4086
327,11,4087
328,11,4088
329,11,4089
330,11,4090
331,11,4091
332,11,4092
333,11,4093
334,11,4094
335,11,4095
336,11,4096
337,11,4097
338,11,4098
339,11,4099
340,11,4100
341,11,4101
342,11,4102
343,11,4103
344,11,4104
345,11,4105
346,11,4106
347,11,4107
348,11,4108
349,11,4109
350,11,4110
351,11,4111
352,11,4112
353,11,4113
354,11,4114
355,11,4115
356,11,4116
357,11,4117
358,11,4118
359,11,4119
360,11,4120
361,11,4121
362,11,4122
363,11,4123
364,11,4124
365,11,4125
366,11,4126
367,11,4127
368,11,4128
369,11,4129
370,11,4130
371,11,4131
372,11,4132
373,11,4133
374,11,4134
375,11,4135
376,11,4136
1,12,4137
2,12,4138
3,12,4139
4,12,4140
5,12,4141
6,12,4142
7,12,4143
8,12,4144
9,12,4145
10,12,4146
11,12,4147
12,12,4148
13,12,4149
14,12,4150
15,12,4151
16,12,4152
17,12,4153
18,12,4154
19,12,4155
20,12,4156
21,12,4157
22,12,4158
23,12,4159
24,12,4160
25,12,4161
26,12,4162
27,12,4163
28,12,4164
29,12,4165
30,12,4166
31,12,4167
32,12,4168
33,12,4169
34,12,4170
35,12,4171
36,12,4172
37,12,4173
38,12,4174
39,12,4175
40,12,4176
41,12,4177
42,12,4178
43,12,4179
44,12,4180
45,12,4181
46,12,4182
47,12,4183
48,12,4184
49,12,4185
50,12,4186
51,12,4187
52,12,4188
53,12,4189
54,12,4190
55,12,4191
56,12,4192
57,12,4193
58,12,4194
59,12,4195
60,12,4196
61,12,4197
62,12,4198
63,12,4199
64,12,4200
65,12,4201
66,12,4202
67,12,4203
68,12,4204
69,12,4205
70,12,4206
71,12,4207
72,12,4208
73,12,4209
74,12,4210
75,12,4211
76,12,4212
77,12,4213
78,12,4214
79,12,4215
80,12,4216
81,12,4217
82,12,4218
83,12,4219
84,12,4220
85,12,4221
86,12,4222
87,12,4223
88,12,4224
89,12,4225
90,12,4226
91,12,4227
92,12,4228
93,12,4229
94,12,4230
95,12,4231
96,12,4232
97,12,4233
98,12,4234
99,12,4235
100,12,4236
101,12,4237
102,12,4238
103,12,4239
104,12,4240
105,12,4241
106,12,4242
107,12,4243
108,12,4244
109,12,4245
110,12,4246
111,12,4247
112,12,4248
113,12,4249
114,12,4250
115,12,4251
116,12,4252
117,12,4253
118,12,4254
119,12,4255
120,12,4256
121,12,4257
122,12,4258
123,12,4259
124,12,4260
125,12,4261
126,12,4262
127,12,4263
128,12,4264
129,12,4265
130,12,4266
131,12,4267
132,12,4268
133,12,4269
134,12,4270
135,12,4271
136,12,4272
137,12,4273
138,12,4274
139,12,4275
140,12,4276
141,12,4277
142,12,4278
143,12,4279
144,12,4280
145,12,4281
146,12,4282
147,12,4283
148,12,4284
149,12,4285
150,12,4286
151,12,4287
152,12,4288
153,12,4289
154,12,4290
155,12,4291
156,12,4292
157,12,4293
158,12,4294
159,12,4295
160,12,4296
161,12,4297
162,12,4298
163,12,4299
164,12,4300
165,12,4301
166,12,4302
167,12,4303
168,12,4304
169,12,4305
170,12,4306
171,12,4307
172,12,4308
173,12,4309
174,12,4310
175,12,4311
176,12,4312
177,12,4313
178,12,4314
179,12,4315
180,12,4316
181,12,4317
182,12,4318
183,12,4319
184,12,4320
185,12,4321
186,12,4322
187,12,4323
188,12,4324
189,12,4325
190,12,4326
191,12,4327
192,12,4328
193,12,4329
194,12,4330
195,12,4331
196,12,4332
197,12,4333
198,12,4334
199,12,4335
200,12,4336
201,12,4337
202,12,4338
203,12,4339
204,12,4340
205,12,4341
206,12,4342
207,12,4343
208,12,4344
209,12,4345
210,12,4346
211,12,4347
212,12,4348
213,12,4349
214,12,4350
215,12,4351
216,12,4352
217,12,4353
218,12,4354
219,12,4355
220,12,4356
221,12,4357
222,12,4358
223,12,4359
224,12,4360
225,12,4361
226,12,4362
227,12,4363
228,12,4364
229,12,4365
230,12,4366
231,12,4367
232,12,4368
233,12,4369
234,12,4370
235,12,4371
236,12,4372
237,12,4373
238,12,4374
239,12,4375
240,12,4376
241,12,4377
242,12,4378
243,12,4379
244,12,4380
245,12,4381
246,12,4382
247,12,4383
248,12,4384
249,12,4385
250,12,4386
251,12,4387
252,12,4388
253,12,4389
254,12,4390
255,12,4391
256,12,4392
257,12,4393
258,12,4394
259,12,4395
260,12,4396
261,12,4397
262,12,4398
263,12,4399
264,12,4400
265,12,4401
266,12,4402
267,12,4403
268,12,4404
269,12,4405
270,12,4406
271,12,4407
272,12,4408
273,12,4409
274,12,4410
275,12,4411
276,12,4412
277,12,4413
278,12,4414
279,12,4415
280,12,4416
281,12,4417
282,12,4418
283,12,4419
284,12,4420
285,12,4421
286,12,4422
287,12,4423
288,12,4424
289,12,4425
290,12,4426
291,12,4427
292,12,4428
293,12,4429
294,12,4430
295,12,4431
296,12,4432
297,12,4433
298,12,4434
299,12,4435
300,12,4436
301,12,4437
302,12,4438
303,12,4439
304,12,4440
305,12,4441
306,12,4442
307,12,4443
308,12,4444
309,12,4445
310,12,4446
311,12,4447
312,12,4448
313,12,4449
314,12,4450
315,12,4451
316,12,4452
317,12,4453
318,12,4454
319,12,4455
320,12,4456
321,12,4457
322,12,4458
323,12,4459
324,12,4460
325,12,4461
326,12,4462
327,12,4463
328,12,4464
329,12,4465
330,12,4466
331,12,4467
332,12,4468
333,12,4469
334,12,4470
335,12,4471
336,12,4472
337,12,4473
338,12,4474
339,12,4475
340,12,4476
341,12,4477
342,12,4478
343,12,4479
344,12,4480
345,12,4481
346,12,4482
347,12,4483
348,12,4484
349,12,4485
350,12,4486
351,12,4487
352,12,4488
353,12,4489
354,12,4490
355,12,4491
356,12,4492
357,12,4493
358,12,4494
359,12,4495
360,12,4496
361,12,4497
362,12,4498
363,12,4499
364,12,4500
365,12,4501
366,12,4502
367,12,4503
368,12,4504
369,12,4505
370,12,4506
371,12,4507
372,12,4508
373,12,4509
374,12,4510
375,12,4511
376,12,4512
1,13,4513
2,13,4514
3,13,4515
4,13,4516
5,13,4517
6,13,4518
7,13,4519
8,13,4520
9,13,4521
10,13,4522
11,13,4523
12,13,4524
13,13,4525
14,13,4526
15,13,4527
16,13,4528
17,13,4529
18,13,4530
19,13,4531
20,13,4532
21,13,4533
22,13,4534
23,13,4535
24,13,4536
25,13,4537
26,13,4538
27,13,4539
28,13,4540
29,13,4541
30,13,4542
31,13,4543
32,13,4544
33,13,4545
34,13,4546
35,13,4547
36,13,4548
37,13,4549
38,13,4550
39,13,4551
40,13,4552
41,13,4553
42,13,4554
43,13,4555
44,13,4556
45,13,4557
46,13,4558
47,13,4559
48,13,4560
49,13,4561
50,13,4562
51,13,4563
52,13,4564
53,13,4565
54,13,4566
55,13,4567
56,13,4568
57,13,4569
58,13,4570
59,13,4571
60,13,4572
61,13,4573
62,13,4574
63,13,4575
64,13,4576
65,13,4577
66,13,4578
67,13,4579
68,13,4580
69,13,4581
70,13,4582
71,13,4583
72,13,4584
73,13,4585
74,13,4586
75,13,4587
76,13,4588
77,13,4589
78,13,4590
79,13,4591
80,13,4592
81,13,4593
82,13,4594
83,13,4595
84,13,4596
85,13,4597
86,13,4598
87,13,4599
88,13,4600
89,13,4601
90,13,4602
91,13,4603
92,13,4604
93,13,4605
94,13,4606
95,13,4607
96,13,4608
97,13,4609
98,13,4610
99,13,4611
100,13,4612
101,13,4613
102,13,4614
103,13,4615
104,13,4616
105,13,4617
106,13,4618
107,13,4619
108,13,4620
109,13,4621
110,13,4622
111,13,4623
112,13,4624
113,13,4625
114,13,4626
115,13,4627
116,13,4628
117,13,4629
118,13,4630
119,13,4631
120,13,4632
121,13,4633
122,13,4634
123,13,4635
124,13,4636
125,13,4637
126,13,4638
127,13,4639
128,13,4640
129,13,4641
130,13,4642
131,13,4643
132,13,4644
133,13,4645
134,13,4646
135,13,4647
136,13,4648
137,13,4649
138,13,4650
139,13,4651
140,13,4652
141,13,4653
142,13,4654
143,13,4655
144,13,4656
145,13,4657
146,13,4658
147,13,4659
148,13,4660
149,13,4661
150,13,4662
151,13,4663
152,13,4664
153,13,4665
154,13,4666
155,13,4667
156,13,4668
157,13,4669
158,13,4670
159,13,4671
160,13,4672
161,13,4673
162,13,4674
163,13,4675
164,13,4676
165,13,4677
166,13,4678
167,13,4679
168,13,4680
169,13,4681
170,13,4682
171,13,4683
172,13,4684
173,13,4685
174,13,4686
175,13,4687
176,13,4688
177,13,4689
178,13,4690
179,13,4691
180,13,4692
181,13,4693
182,13,4694
183,13,4695
184,13,4696
185,13,4697
186,13,4698
187,13,4699
188,13,4700
189,13,4701
190,13,4702
191,13,4703
192,13,4704
193,13,4705
194,13,4706
195,13,4707
196,13,4708
197,13,4709
198,13,4710
199,13,4711
200,13,4712
201,13,4713
202,13,4714
203,13,4715
204,13,4716
205,13,4717
206,13,4718
207,13,4719
208,13,4720
209,13,4721
210,13,4722
211,13,4723
212,13,4724
213,13,4725
214,13,4726
215,13,4727
216,13,4728
217,13,4729
218,13,4730
219,13,4731
220,13,4732
221,13,4733
222,13,4734
223,13,4735
224,13,4736
225,13,4737
226,13,4738
227,13,4739
228,13,4740
229,13,4741
230,13,4742
231,13,4743
232,13,4744
233,13,4745
234,13,4746
235,13,4747
236,13,4748
237,13,4749
238,13,4750
239,13,4751
240,13,4752
241,13,4753
242,13,4754
243,13,4755
244,13,4756
245,13,4757
246,13,4758
247,13,4759
248,13,4760
249,13,4761
250,13,4762
251,13,4763
252,13,4764
253,13,4765
254,13,4766
255,13,4767
256,13,4768
257,13,4769
258,13,4770
259,13,4771
260,13,4772
261,13,4773
262,13,4774
263,13,4775
264,13,4776
265,13,4777
266,13,4778
267,13,4779
268,13,4780
269,13,4781
270,13,4782
271,13,4783
272,13,4784
273,13,4785
274,13,4786
275,13,4787
276,13,4788
277,13,4789
278,13,4790
279,13,4791
280,13,4792
281,13,4793
282,13,4794
283,13,4795
284,13,4796
285,13,4797
286,13,4798
287,13,4799
288,13,4800
289,13,4801
290,13,4802
291,13,4803
292,13,4804
293,13,4805
294,13,4806
295,13,4807
296,13,4808
297,13,4809
298,13,4810
299,13,4811
300,13,4812
301,13,4813
302,13,4814
303,13,4815
304,13,4816
305,13,4817
306,13,4818
307,13,4819
308,13,4820
309,13,4821
310,13,4822
311,13,4823
312,13,4824
313,13,4825
314,13,4826
315,13,4827
316,13,4828
317,13,4829
318,13,4830
319,13,4831
320,13,4832
321,13,4833
322,13,4834
323,13,4835
324,13,4836
325,13,4837
326,13,4838
327,13,4839
328,13,4840
329,13,4841
330,13,4842
331,13,4843
332,13,4844
333,13,4845
334,13,4846
335,13,4847
336,13,4848
337,13,4849
338,13,4850
339,13,4851
340,13,4852
341,13,4853
342,13,4854
343,13,4855
344,13,4856
345,13,4857
346,13,4858
347,13,4859
348,13,4860
349,13,4861
350,13,4862
351,13,4863
352,13,4864
353,13,4865
354,13,4866
355,13,4867
356,13,4868
357,13,4869
358,13,4870
359,13,4871
360,13,4872
361,13,4873
362,13,4874
363,13,4875
364,13,4876
365,13,4877
366,13,4878
367,13,4879
368,13,4880
369,13,4881
370,13,4882
371,13,4883
372,13,4884
373,13,4885
374,13,4886
375,13,4887
376,13,4888
1,14,4889
2,14,4890
3,14,4891
4,14,4892
5,14,4893
6,14,4894
7,14,4895
8,14,4896
9,14,4897
10,14,4898
11,14,4899
12,14,4900
13,14,4901
14,14,4902
15,14,4903
16,14,4904
17,14,4905
18,14,4906
19,14,4907
20,14,4908
21,14,4909
22,14,4910
23,14,4911
24,14,4912
25,14,4913
26,14,4914
27,14,4915
28,14,4916
29,14,4917
30,14,4918
31,14,4919
32,14,4920
33,14,4921
34,14,4922
35,14,4923
36,14,4924
37,14,4925
38,14,4926
39,14,4927
40,14,4928
41,14,4929
42,14,4930
43,14,4931
44,14,4932
45,14,4933
46,14,4934
47,14,4935
48,14,4936
49,14,4937
50,14,4938
51,14,4939
52,14,4940
53,14,4941
54,14,4942
55,14,4943
56,14,4944
57,14,4945
58,14,4946
59,14,4947
60,14,4948
61,14,4949
62,14,4950
63,14,4951
64,14,4952
65,14,4953
66,14,4954
67,14,4955
68,14,4956
69,14,4957
70,14,4958
71,14,4959
72,14,4960
73,14,4961
74,14,4962
75,14,4963
76,14,4964
77,14,4965
78,14,4966
79,14,4967
80,14,4968
81,14,4969
82,14,4970
83,14,4971
84,14,4972
85,14,4973
86,14,4974
87,14,4975
88,14,4976
89,14,4977
90,14,4978
91,14,4979
92,14,4980
93,14,4981
94,14,4982
95,14,4983
96,14,4984
97,14,4985
98,14,4986
99,14,4987
100,14,4988
101,14,4989
102,14,4990
103,14,4991
104,14,4992
105,14,4993
106,14,4994
107,14,4995
108,14,4996
109,14,4997
110,14,4998
111,14,4999
112,14,5000
113,14,5001
114,14,5002
115,14,5003
116,14,5004
117,14,5005
118,14,5006
119,14,5007
120,14,5008
121,14,5009
122,14,5010
123,14,5011
124,14,5012
125,14,5013
126,14,5014
127,14,5015
128,14,5016
129,14,5017
130,14,5018
131,14,5019
132,14,5020
133,14,5021
134,14,5022
135,14,5023
136,14,5024
137,14,5025
138,14,5026
139,14,5027
140,14,5028
141,14,5029
142,14,5030
143,14,5031
144,14,5032
145,14,5033
146,14,5034
147,14,5035
148,14,5036
149,14,5037
150,14,5038
151,14,5039
152,14,5040
153,14,5041
154,14,5042
155,14,5043
156,14,5044
157,14,5045
158,14,5046
159,14,5047
160,14,5048
161,14,5049
162,14,5050
163,14,5051
164,14,5052
165,14,5053
166,14,5054
167,14,5055
168,14,5056
169,14,5057
170,14,5058
171,14,5059
172,14,5060
173,14,5061
174,14,5062
175,14,5063
176,14,5064
177,14,5065
178,14,5066
179,14,5067
180,14,5068
181,14,5069
182,14,5070
183,14,5071
184,14,5072
185,14,5073
186,14,5074
187,14,5075
188,14,5076
189,14,5077
190,14,5078
191,14,5079
192,14,5080
193,14,5081
194,14,5082
195,14,5083
196,14,5084
197,14,5085
198,14,5086
199,14,5087
200,14,5088
201,14,5089
202,14,5090
203,14,5091
204,14,5092
205,14,5093
206,14,5094
207,14,5095
208,14,5096
209,14,5097
210,14,5098
211,14,5099
212,14,5100
213,14,5101
214,14,5102
215,14,5103
216,14,5104
217,14,5105
218,14,5106
219,14,5107
220,14,5108
221,14,5109
222,14,5110
223,14,5111
224,14,5112
225,14,5113
226,14,5114
227,14,5115
228,14,5116
229,14,5117
230,14,5118
231,14,5119
232,14,5120
233,14,5121
234,14,5122
235,14,5123
236,14,5124
237,14,5125
238,14,5126
239,14,5127
240,14,5128
241,14,5129
242,14,5130
243,14,5131
244,14,5132
245,14,5133
246,14,5134
247,14,5135
248,14,5136
249,14,5137
250,14,5138
251,14,5139
252,14,5140
253,14,5141
254,14,5142
255,14,5143
256,14,5144
257,14,5145
258,14,5146
259,14,5147
260,14,5148
261,14,5149
262,14,5150
263,14,5151
264,14,5152
265,14,5153
266,14,5154
267,14,5155
268,14,5156
269,14,5157
270,14,5158
271,14,5159
272,14,5160
273,14,5161
274,14,5162
275,14,5163
276,14,5164
277,14,5165
278,14,5166
279,14,5167
280,14,5168
281,14,5169
282,14,5170
283,14,5171
284,14,5172
285,14,5173
286,14,5174
287,14,5175
288,14,5176
289,14,5177
290,14,5178
291,14,5179
292,14,5180
293,14,5181
294,14,5182
295,14,5183
296,14,5184
297,14,5185
298,14,5186
299,14,5187
300,14,5188
301,14,5189
302,14,5190
303,14,5191
304,14,5192
305,14,5193
306,14,5194
307,14,5195
308,14,5196
309,14,5197
310,14,5198
311,14,5199
312,14,5200
313,14,5201
314,14,5202
315,14,5203
316,14,5204
317,14,5205
318,14,5206
319,14,5207
320,14,5208
321,14,5209
322,14,5210
323,14,5211
324,14,5212
325,14,5213
326,14,5214
327,14,5215
328,14,5216
329,14,5217
330,14,5218
331,14,5219
332,14,5220
333,14,5221
334,14,5222
335,14,5223
336,14,5224
337,14,5225
338,14,5226
339,14,5227
340,14,5228
341,14,5229
342,14,5230
343,14,5231
344,14,5232
345,14,5233
346,14,5234
347,14,5235
348,14,5236
349,14,5237
350,14,5238
351,14,5239
352,14,5240
353,14,5241
354,14,5242
355,14,5243
356,14,5244
357,14,5245
358,14,5246
359,14,5247
360,14,5248
361,14,5249
362,14,5250
363,14,5251
364,14,5252
365,14,5253
366,14,5254
367,14,5255
368,14,5256
369,14,5257
370,14,5258
371,14,5259
372,14,5260
373,14,5261
374,14,5262
375,14,5263
376,14,5264
1,15,5265
2,15,5266
3,15,5267
4,15,5268
5,15,5269
6,15,5270
7,15,5271
8,15,5272
9,15,5273
10,15,5274
11,15,5275
12,15,5276
13,15,5277
14,15,5278
15,15,5279
16,15,5280
17,15,5281
18,15,5282
19,15,5283
20,15,5284
21,15,5285
22,15,5286
23,15,5287
24,15,5288
25,15,5289
26,15,5290
27,15,5291
28,15,5292
29,15,5293
30,15,5294
31,15,5295
32,15,5296
33,15,5297
34,15,5298
35,15,5299
36,15,5300
37,15,5301
38,15,5302
39,15,5303
40,15,5304
41,15,5305
42,15,5306
43,15,5307
44,15,5308
45,15,5309
46,15,5310
47,15,5311
48,15,5312
49,15,5313
50,15,5314
51,15,5315
52,15,5316
53,15,5317
54,15,5318
55,15,5319
56,15,5320
57,15,5321
58,15,5322
59,15,5323
60,15,5324
61,15,5325
62,15,5326
63,15,5327
64,15,5328
65,15,5329
66,15,5330
67,15,5331
68,15,5332
69,15,5333
70,15,5334
71,15,5335
72,15,5336
73,15,5337
74,15,5338
75,15,5339
76,15,5340
77,15,5341
78,15,5342
79,15,5343
80,15,5344
81,15,5345
82,15,5346
83,15,5347
84,15,5348
85,15,5349
86,15,5350
87,15,5351
88,15,5352
89,15,5353
90,15,5354
91,15,5355
92,15,5356
93,15,5357
94,15,5358
95,15,5359
96,15,5360
97,15,5361
98,15,5362
99,15,5363
100,15,5364
101,15,5365
102,15,5366
103,15,5367
104,15,5368
105,15,5369
106,15,5370
107,15,5371
108,15,5372
109,15,5373
110,15,5374
111,15,5375
112,15,5376
113,15,5377
114,15,5378
115,15,5379
116,15,5380
117,15,5381
118,15,5382
119,15,5383
120,15,5384
121,15,5385
122,15,5386
123,15,5387
124,15,5388
125,15,5389
126,15,5390
127,15,5391
128,15,5392
129,15,5393
130,15,5394
131,15,5395
132,15,5396
133,15,5397
134,15,5398
135,15,5399
136,15,5400
137,15,5401
138,15,5402
139,15,5403
140,15,5404
141,15,5405
142,15,5406
143,15,5407
144,15,5408
145,15,5409
146,15,5410
147,15,5411
148,15,5412
149,15,5413
150,15,5414
151,15,5415
152,15,5416
153,15,5417
154,15,5418
155,15,5419
156,15,5420
157,15,5421
158,15,5422
159,15,5423
160,15,5424
161,15,5425
162,15,5426
163,15,5427
164,15,5428
165,15,5429
166,15,5430
167,15,5431
168,15,5432
169,15,5433
170,15,5434
171,15,5435
172,15,5436
173,15,5437
174,15,5438
175,15,5439
176,15,5440
177,15,5441
178,15,5442
179,15,5443
180,15,5444
181,15,5445
182,15,5446
183,15,5447
184,15,5448
185,15,5449
186,15,5450
187,15,5451
188,15,5452
189,15,5453
190,15,5454
191,15,5455
192,15,5456
193,15,5457
194,15,5458
195,15,5459
196,15,5460
197,15,5461
198,15,5462
199,15,5463
200,15,5464
201,15,5465
202,15,5466
203,15,5467
204,15,5468
205,15,5469
206,15,5470
207,15,5471
208,15,5472
209,15,5473
210,15,5474
211,15,5475
212,15,5476
213,15,5477
214,15,5478
215,15,5479
216,15,5480
217,15,5481
218,15,5482
219,15,5483
220,15,5484
221,15,5485
222,15,5486
223,15,5487
224,15,5488
225,15,5489
226,15,5490
227,15,5491
228,15,5492
229,15,5493
230,15,5494
231,15,5495
232,15,5496
233,15,5497
234,15,5498
235,15,5499
236,15,5500
237,15,5501
238,15,5502
239,15,5503
240,15,5504
241,15,5505
242,15,5506
243,15,5507
244,15,5508
245,15,5509
246,15,5510
247,15,5511
248,15,5512
249,15,5513
250,15,5514
251,15,5515
252,15,5516
253,15,5517
254,15,5518
255,15,5519
256,15,5520
257,15,5521
258,15,5522
259,15,5523
260,15,5524
261,15,5525
262,15,5526
263,15,5527
264,15,5528
265,15,5529
266,15,5530
267,15,5531
268,15,5532
269,15,5533
270,15,5534
271,15,5535
272,15,5536
273,15,5537
274,15,5538
275,15,5539
276,15,5540
277,15,5541
278,15,5542
279,15,5543
280,15,5544
281,15,5545
282,15,5546
283,15,5547
284,15,5548
285,15,5549
286,15,5550
287,15,5551
288,15,5552
289,15,5553
290,15,5554
291,15,5555
292,15,5556
293,15,5557
294,15,5558
295,15,5559
296,15,5560
297,15,5561
298,15,5562
299,15,5563
300,15,5564
301,15,5565
302,15,5566
303,15,5567
304,15,5568
305,15,5569
306,15,5570
307,15,5571
308,15,5572
309,15,5573
310,15,5574
311,15,5575
312,15,5576
313,15,5577
314,15,5578
315,15,5579
316,15,5580
317,15,5581
318,15,5582
319,15,5583
320,15,5584
321,15,5585
322,15,5586
323,15,5587
324,15,5588
325,15,5589
326,15,5590
327,15,5591
328,15,5592
329,15,5593
330,15,5594
331,15,5595
332,15,5596
333,15,5597
334,15,5598
335,15,5599
336,15,5600
337,15,5601
338,15,5602
339,15,5603
340,15,5604
341,15,5605
342,15,5606
343,15,5607
344,15,5608
345,15,5609
346,15,5610
347,15,5611
348,15,5612
349,15,5613
350,15,5614
351,15,5615
352,15,5616
353,15,5617
354,15,5618
355,15,5619
356,15,5620
357,15,5621
358,15,5622
359,15,5623
360,15,5624
361,15,5625
362,15,5626
363,15,5627
364,15,5628
365,15,5629
366,15,5630
367,15,5631
368,15,5632
369,15,5633
370,15,5634
371,15,5635
372,15,5636
373,15,5637
374,15,5638
375,15,5639
376,15,5640
1,16,5641
2,16,5642
3,16,5643
4,16,5644
5,16,5645
6,16,5646
7,16,5647
8,16,5648
9,16,5649
10,16,5650
11,16,5651
12,16,5652
13,16,5653
14,16,5654
15,16,5655
16,16,5656
17,16,5657
18,16,5658
19,16,5659
20,16,5660
21,16,5661
22,16,5662
23,16,5663
24,16,5664
25,16,5665
26,16,5666
27,16,5667
28,16,5668
29,16,5669
30,16,5670
31,16,5671
32,16,5672
33,16,5673
34,16,5674
35,16,5675
36,16,5676
37,16,5677
38,16,5678
39,16,5679
40,16,5680
41,16,5681
42,16,5682
43,16,5683
44,16,5684
45,16,5685
46,16,5686
47,16,5687
48,16,5688
49,16,5689
50,16,5690
51,16,5691
52,16,5692
53,16,5693
54,16,5694
55,16,5695
56,16,5696
57,16,5697
58,16,5698
59,16,5699
60,16,5700
61,16,5701
62,16,5702
63,16,5703
64,16,5704
65,16,5705
66,16,5706
67,16,5707
68,16,5708
69,16,5709
70,16,5710
71,16,5711
72,16,5712
73,16,5713
74,16,5714
75,16,5715
76,16,5716
77,16,5717
78,16,5718
79,16,5719
80,16,5720
81,16,5721
82,16,5722
83,16,5723
84,16,5724
85,16,5725
86,16,5726
87,16,5727
88,16,5728
89,16,5729
90,16,5730
91,16,5731
92,16,5732
93,16,5733
94,16,5734
95,16,5735
96,16,5736
97,16,5737
98,16,5738
99,16,5739
100,16,5740
101,16,5741
102,16,5742
103,16,5743
104,16,5744
105,16,5745
106,16,5746
107,16,5747
108,16,5748
109,16,5749
110,16,5750
111,16,5751
112,16,5752
113,16,5753
114,16,5754
115,16,5755
116,16,5756
117,16,5757
118,16,5758
119,16,5759
120,16,5760
121,16,5761
122,16,5762
123,16,5763
124,16,5764
125,16,5765
126,16,5766
127,16,5767
128,16,5768
129,16,5769
130,16,5770
131,16,5771
132,16,5772
133,16,5773
134,16,5774
135,16,5775
136,16,5776
137,16,5777
138,16,5778
139,16,5779
140,16,5780
141,16,5781
142,16,5782
143,16,5783
144,16,5784
145,16,5785
146,16,5786
147,16,5787
148,16,5788
149,16,5789
150,16,5790
151,16,5791
152,16,5792
153,16,5793
154,16,5794
155,16,5795
156,16,5796
157,16,5797
158,16,5798
159,16,5799
160,16,5800
161,16,5801
162,16,5802
163,16,5803
164,16,5804
165,16,5805
166,16,5806
167,16,5807
168,16,5808
169,16,5809
170,16,5810
171,16,5811
172,16,5812
173,16,5813
174,16,5814
175,16,5815
176,16,5816
177,16,5817
178,16,5818
179,16,5819
180,16,5820
181,16,5821
182,16,5822
183,16,5823
184,16,5824
185,16,5825
186,16,5826
187,16,5827
188,16,5828
189,16,5829
190,16,5830
191,16,5831
192,16,5832
193,16,5833
194,16,5834
195,16,5835
196,16,5836
197,16,5837
198,16,5838
199,16,5839
200,16,5840
201,16,5841
202,16,5842
203,16,5843
204,16,5844
205,16,5845
206,16,5846
207,16,5847
208,16,5848
209,16,5849
210,16,5850
211,16,5851
212,16,5852
213,16,5853
214,16,5854
215,16,5855
216,16,5856
217,16,5857
218,16,5858
219,16,5859
220,16,5860
221,16,5861
222,16,5862
223,16,5863
224,16,5864
225,16,5865
226,16,5866
227,16,5867
228,16,5868
229,16,5869
230,16,5870
231,16,5871
232,16,5872
233,16,5873
234,16,5874
235,16,5875
236,16,5876
237,16,5877
238,16,5878
239,16,5879
240,16,5880
241,16,5881
242,16,5882
243,16,5883
244,16,5884
245,16,5885
246,16,5886
247,16,5887
248,16,5888
249,16,5889
250,16,5890
251,16,5891
252,16,5892
253,16,5893
254,16,5894
255,16,5895
256,16,5896
257,16,5897
258,16,5898
259,16,5899
260,16,5900
261,16,5901
262,16,5902
263,16,5903
264,16,5904
265,16,5905
266,16,5906
267,16,5907
268,16,5908
269,16,5909
270,16,5910
271,16,5911
272,16,5912
273,16,5913
274,16,5914
275,16,5915
276,16,5916
277,16,5917
278,16,5918
279,16,5919
280,16,5920
281,16,5921
282,16,5922
283,16,5923
284,16,5924
285,16,5925
286,16,5926
287,16,5927
288,16,5928
289,16,5929
290,16,5930
291,16,5931
292,16,5932
293,16,5933
294,16,5934
295,16,5935
296,16,5936
297,16,5937
298,16,5938
299,16,5939
300,16,5940
301,16,5941
302,16,5942
303,16,5943
304,16,5944
305,16,5945
306,16,5946
307,16,5947
308,16,5948
309,16,5949
310,16,5950
311,16,5951
312,16,5952
313,16,5953
314,16,5954
315,16,5955
316,16,5956
317,16,5957
318,16,5958
319,16,5959
320,16,5960
321,16,5961
322,16,5962
323,16,5963
324,16,5964
325,16,5965
326,16,5966
327,16,5967
328,16,5968
329,16,5969
330,16,5970
331,16,5971
332,16,5972
333,16,5973
334,16,5974
335,16,5975
336,16,5976
337,16,5977
338,16,5978
339,16,5979
340,16,5980
341,16,5981
342,16,5982
343,16,5983
344,16,5984
345,16,5985
346,16,5986
347,16,5987
348,16,5988
349,16,5989
350,16,5990
351,16,5991
352,16,5992
353,16,5993
354,16,5994
355,16,5995
356,16,5996
357,16,5997
358,16,5998
359,16,5999
360,16,6000
361,16,6001
362,16,6002
363,16,6003
364,16,6004
365,16,6005
366,16,6006
367,16,6007
368,16,6008
369,16,6009
370,16,6010
371,16,6011
372,16,6012
373,16,6013
374,16,6014
375,16,6015
376,16,6016
1,17,6017
2,17,6018
3,17,6019
4,17,6020
5,17,6021
6,17,6022
7,17,6023
8,17,6024
9,17,6025
10,17,6026
11,17,6027
12,17,6028
13,17,6029
14,17,6030
15,17,6031
16,17,6032
17,17,6033
18,17,6034
19,17,6035
20,17,6036
21,17,6037
22,17,6038
23,17,6039
24,17,6040
25,17,6041
26,17,6042
27,17,6043
28,17,6044
29,17,6045
30,17,6046
31,17,6047
32,17,6048
33,17,6049
34,17,6050
35,17,6051
36,17,6052
37,17,6053
38,17,6054
39,17,6055
40,17,6056
41,17,6057
42,17,6058
43,17,6059
44,17,6060
45,17,6061
46,17,6062
47,17,6063
48,17,6064
49,17,6065
50,17,6066
51,17,6067
52,17,6068
53,17,6069
54,17,6070
55,17,6071
56,17,6072
57,17,6073
58,17,6074
59,17,6075
60,17,6076
61,17,6077
62,17,6078
63,17,6079
64,17,6080
65,17,6081
66,17,6082
67,17,6083
68,17,6084
69,17,6085
70,17,6086
71,17,6087
72,17,6088
73,17,6089
74,17,6090
75,17,6091
76,17,6092
77,17,6093
78,17,6094
79,17,6095
80,17,6096
81,17,6097
82,17,6098
83,17,6099
84,17,6100
85,17,6101
86,17,6102
87,17,6103
88,17,6104
89,17,6105
90,17,6106
91,17,6107
92,17,6108
93,17,6109
94,17,6110
95,17,6111
96,17,6112
97,17,6113
98,17,6114
99,17,6115
100,17,6116
101,17,6117
102,17,6118
103,17,6119
104,17,6120
105,17,6121
106,17,6122
107,17,6123
108,17,6124
109,17,6125
110,17,6126
111,17,6127
112,17,6128
113,17,6129
114,17,6130
115,17,6131
116,17,6132
117,17,6133
118,17,6134
119,17,6135
120,17,6136
121,17,6137
122,17,6138
123,17,6139
124,17,6140
125,17,6141
126,17,6142
127,17,6143
128,17,6144
129,17,6145
130,17,6146
131,17,6147
132,17,6148
133,17,6149
134,17,6150
135,17,6151
136,17,6152
137,17,6153
138,17,6154
139,17,6155
140,17,6156
141,17,6157
142,17,6158
143,17,6159
144,17,6160
145,17,6161
146,17,6162
147,17,6163
148,17,6164
149,17,6165
150,17,6166
151,17,6167
152,17,6168
153,17,6169
154,17,6170
155,17,6171
156,17,6172
157,17,6173
158,17,6174
159,17,6175
160,17,6176
161,17,6177
162,17,6178
163,17,6179
164,17,6180
165,17,6181
166,17,6182
167,17,6183
168,17,6184
169,17,6185
170,17,6186
171,17,6187
172,17,6188
173,17,6189
174,17,6190
175,17,6191
176,17,6192
177,17,6193
178,17,6194
179,17,6195
180,17,6196
181,17,6197
182,17,6198
183,17,6199
184,17,6200
185,17,6201
186,17,6202
187,17,6203
188,17,6204
189,17,6205
190,17,6206
191,17,6207
192,17,6208
193,17,6209
194,17,6210
195,17,6211
196,17,6212
197,17,6213
198,17,6214
199,17,6215
200,17,6216
201,17,6217
202,17,6218
203,17,6219
204,17,6220
205,17,6221
206,17,6222
207,17,6223
208,17,6224
209,17,6225
210,17,6226
211,17,6227
212,17,6228
213,17,6229
214,17,6230
215,17,6231
216,17,6232
217,17,6233
218,17,6234
219,17,6235
220,17,6236
221,17,6237
222,17,6238
223,17,6239
224,17,6240
225,17,6241
226,17,6242
227,17,6243
228,17,6244
229,17,6245
230,17,6246
231,17,6247
232,17,6248
233,17,6249
234,17,6250
235,17,6251
236,17,6252
237,17,6253
238,17,6254
239,17,6255
240,17,6256
241,17,6257
242,17,6258
243,17,6259
244,17,6260
245,17,6261
246,17,6262
247,17,6263
248,17,6264
249,17,6265
250,17,6266
251,17,6267
252,17,6268
253,17,6269
254,17,6270
255,17,6271
256,17,6272
257,17,6273
258,17,6274
259,17,6275
260,17,6276
261,17,6277
262,17,6278
263,17,6279
264,17,6280
265,17,6281
266,17,6282
267,17,6283
268,17,6284
269,17,6285
270,17,6286
271,17,6287
272,17,6288
273,17,6289
274,17,6290
275,17,6291
276,17,6292
277,17,6293
278,17,6294
279,17,6295
280,17,6296
281,17,6297
282,17,6298
283,17,6299
284,17,6300
285,17,6301
286,17,6302
287,17,6303
288,17,6304
289,17,6305
290,17,6306
291,17,6307
292,17,6308
293,17,6309
294,17,6310
295,17,6311
296,17,6312
297,17,6313
298,17,6314
299,17,6315
300,17,6316
301,17,6317
302,17,6318
303,17,6319
304,17,6320
305,17,6321
306,17,6322
307,17,6323
308,17,6324
309,17,6325
310,17,6326
311,17,6327
312,17,6328
313,17,6329
314,17,6330
315,17,6331
316,17,6332
317,17,6333
318,17,6334
319,17,6335
320,17,6336
321,17,6337
322,17,6338
323,17,6339
324,17,6340
325,17,6341
326,17,6342
327,17,6343
328,17,6344
329,17,6345
330,17,6346
331,17,6347
332,17,6348
333,17,6349
334,17,6350
335,17,6351
336,17,6352
337,17,6353
338,17,6354
339,17,6355
340,17,6356
341,17,6357
342,17,6358
343,17,6359
344,17,6360
345,17,6361
346,17,6362
347,17,6363
348,17,6364
349,17,6365
350,17,6366
351,17,6367
352,17,6368
353,17,6369
354,17,6370
355,17,6371
356,17,6372
357,17,6373
358,17,6374
359,17,6375
360,17,6376
361,17,6377
362,17,6378
363,17,6379
364,17,6380
365,17,6381
366,17,6382
367,17,6383
368,17,6384
369,17,6385
370,17,6386
371,17,6387
372,17,6388
373,17,6389
374,17,6390
375,17,6391
376,17,6392
1,18,6393
2,18,6394
3,18,6395
4,18,6396
5,18,6397
6,18,6398
7,18,6399
8,18,6400
9,18,6401
10,18,6402
11,18,6403
12,18,6404
13,18,6405
14,18,6406
15,18,6407
16,18,6408
17,18,6409
18,18,6410
19,18,6411
20,18,6412
21,18,6413
22,18,6414
23,18,6415
24,18,6416
25,18,6417
26,18,6418
27,18,6419
28,18,6420
29,18,6421
30,18,6422
31,18,6423
32,18,6424
33,18,6425
34,18,6426
35,18,6427
36,18,6428
37,18,6429
38,18,6430
39,18,6431
40,18,6432
41,18,6433
42,18,6434
43,18,6435
44,18,6436
45,18,6437
46,18,6438
47,18,6439
48,18,6440
49,18,6441
50,18,6442
51,18,6443
52,18,6444
53,18,6445
54,18,6446
55,18,6447
56,18,6448
57,18,6449
58,18,6450
59,18,6451
60,18,6452
61,18,6453
62,18,6454
63,18,6455
64,18,6456
65,18,6457
66,18,6458
67,18,6459
68,18,6460
69,18,6461
70,18,6462
71,18,6463
72,18,6464
73,18,6465
74,18,6466
75,18,6467
76,18,6468
77,18,6469
78,18,6470
79,18,6471
80,18,6472
81,18,6473
82,18,6474
83,18,6475
84,18,6476
85,18,6477
86,18,6478
87,18,6479
88,18,6480
89,18,6481
90,18,6482
91,18,6483
92,18,6484
93,18,6485
94,18,6486
95,18,6487
96,18,6488
97,18,6489
98,18,6490
99,18,6491
100,18,6492
101,18,6493
102,18,6494
103,18,6495
104,18,6496
105,18,6497
106,18,6498
107,18,6499
108,18,6500
109,18,6501
110,18,6502
111,18,6503
112,18,6504
113,18,6505
114,18,6506
115,18,6507
116,18,6508
117,18,6509
118,18,6510
119,18,6511
120,18,6512
121,18,6513
122,18,6514
123,18,6515
124,18,6516
125,18,6517
126,18,6518
127,18,6519
128,18,6520
129,18,6521
130,18,6522
131,18,6523
132,18,6524
133,18,6525
134,18,6526
135,18,6527
136,18,6528
137,18,6529
138,18,6530
139,18,6531
140,18,6532
141,18,6533
142,18,6534
143,18,6535
144,18,6536
145,18,6537
146,18,6538
147,18,6539
148,18,6540
149,18,6541
150,18,6542
151,18,6543
152,18,6544
153,18,6545
154,18,6546
155,18,6547
156,18,6548
157,18,6549
158,18,6550
159,18,6551
160,18,6552
161,18,6553
162,18,6554
163,18,6555
164,18,6556
165,18,6557
166,18,6558
167,18,6559
168,18,6560
169,18,6561
170,18,6562
171,18,6563
172,18,6564
173,18,6565
174,18,6566
175,18,6567
176,18,6568
177,18,6569
178,18,6570
179,18,6571
180,18,6572
181,18,6573
182,18,6574
183,18,6575
184,18,6576
185,18,6577
186,18,6578
187,18,6579
188,18,6580
189,18,6581
190,18,6582
191,18,6583
192,18,6584
193,18,6585
194,18,6586
195,18,6587
196,18,6588
197,18,6589
198,18,6590
199,18,6591
200,18,6592
201,18,6593
202,18,6594
203,18,6595
204,18,6596
205,18,6597
206,18,6598
207,18,6599
208,18,6600
209,18,6601
210,18,6602
211,18,6603
212,18,6604
213,18,6605
214,18,6606
215,18,6607
216,18,6608
217,18,6609
218,18,6610
219,18,6611
220,18,6612
221,18,6613
222,18,6614
223,18,6615
224,18,6616
225,18,6617
226,18,6618
227,18,6619
228,18,6620
229,18,6621
230,18,6622
231,18,6623
232,18,6624
233,18,6625
234,18,6626
235,18,6627
236,18,6628
237,18,6629
238,18,6630
239,18,6631
240,18,6632
241,18,6633
242,18,6634
243,18,6635
244,18,6636
245,18,6637
246,18,6638
247,18,6639
248,18,6640
249,18,6641
250,18,6642
251,18,6643
252,18,6644
253,18,6645
254,18,6646
255,18,6647
256,18,6648
257,18,6649
258,18,6650
259,18,6651
260,18,6652
261,18,6653
262,18,6654
263,18,6655
264,18,6656
265,18,6657
266,18,6658
267,18,6659
268,18,6660
269,18,6661
270,18,6662
271,18,6663
272,18,6664
273,18,6665
274,18,6666
275,18,6667
276,18,6668
277,18,6669
278,18,6670
279,18,6671
280,18,6672
281,18,6673
282,18,6674
283,18,6675
284,18,6676
285,18,6677
286,18,6678
287,18,6679
288,18,6680
289,18,6681
290,18,6682
291,18,6683
292,18,6684
293,18,6685
294,18,6686
295,18,6687
296,18,6688
297,18,6689
298,18,6690
299,18,6691
300,18,6692
301,18,6693
302,18,6694
303,18,6695
304,18,6696
305,18,6697
306,18,6698
307,18,6699
308,18,6700
309,18,6701
310,18,6702
311,18,6703
312,18,6704
313,18,6705
314,18,6706
315,18,6707
316,18,6708
317,18,6709
318,18,6710
319,18,6711
320,18,6712
321,18,6713
322,18,6714
323,18,6715
324,18,6716
325,18,6717
326,18,6718
327,18,6719
328,18,6720
329,18,6721
330,18,6722
331,18,6723
332,18,6724
333,18,6725
334,18,6726
335,18,6727
336,18,6728
337,18,6729
338,18,6730
339,18,6731
340,18,6732
341,18,6733
342,18,6734
343,18,6735
344,18,6736
345,18,6737
346,18,6738
347,18,6739
348,18,6740
349,18,6741
350,18,6742
351,18,6743
352,18,6744
353,18,6745
354,18,6746
355,18,6747
356,18,6748
357,18,6749
358,18,6750
359,18,6751
360,18,6752
361,18,6753
362,18,6754
363,18,6755
364,18,6756
365,18,6757
366,18,6758
367,18,6759
368,18,6760
369,18,6761
370,18,6762
371,18,6763
372,18,6764
373,18,6765
374,18,6766
375,18,6767
376,18,6768
1,19,6769
2,19,6770
3,19,6771
4,19,6772
5,19,6773
6,19,6774
7,19,6775
8,19,6776
9,19,6777
10,19,6778
11,19,6779
12,19,6780
13,19,6781
14,19,6782
15,19,6783
16,19,6784
17,19,6785
18,19,6786
19,19,6787
20,19,6788
21,19,6789
22,19,6790
23,19,6791
24,19,6792
25,19,6793
26,19,6794
27,19,6795
28,19,6796
29,19,6797
30,19,6798
31,19,6799
32,19,6800
33,19,6801
34,19,6802
35,19,6803
36,19,6804
37,19,6805
38,19,6806
39,19,6807
40,19,6808
41,19,6809
42,19,6810
43,19,6811
44,19,6812
45,19,6813
46,19,6814
47,19,6815
48,19,6816
49,19,6817
50,19,6818
51,19,6819
52,19,6820
53,19,6821
54,19,6822
55,19,6823
56,19,6824
57,19,6825
58,19,6826
59,19,6827
60,19,6828
61,19,6829
62,19,6830
63,19,6831
64,19,6832
65,19,6833
66,19,6834
67,19,6835
68,19,6836
69,19,6837
70,19,6838
71,19,6839
72,19,6840
73,19,6841
74,19,6842
75,19,6843
76,19,6844
77,19,6845
78,19,6846
79,19,6847
80,19,6848
81,19,6849
82,19,6850
83,19,6851
84,19,6852
85,19,6853
86,19,6854
87,19,6855
88,19,6856
89,19,6857
90,19,6858
91,19,6859
92,19,6860
93,19,6861
94,19,6862
95,19,6863
96,19,6864
97,19,6865
98,19,6866
99,19,6867
100,19,6868
101,19,6869
102,19,6870
103,19,6871
104,19,6872
105,19,6873
106,19,6874
107,19,6875
108,19,6876
109,19,6877
110,19,6878
111,19,6879
112,19,6880
113,19,6881
114,19,6882
115,19,6883
116,19,6884
117,19,6885
118,19,6886
119,19,6887
120,19,6888
121,19,6889
122,19,6890
123,19,6891
124,19,6892
125,19,6893
126,19,6894
127,19,6895
128,19,6896
129,19,6897
130,19,6898
131,19,6899
132,19,6900
133,19,6901
134,19,6902
135,19,6903
136,19,6904
137,19,6905
138,19,6906
139,19,6907
140,19,6908
141,19,6909
142,19,6910
143,19,6911
144,19,6912
145,19,6913
146,19,6914
147,19,6915
148,19,6916
149,19,6917
150,19,6918
151,19,6919
152,19,6920
153,19,6921
154,19,6922
155,19,6923
156,19,6924
157,19,6925
158,19,6926
159,19,6927
160,19,6928
161,19,6929
162,19,6930
163,19,6931
164,19,6932
165,19,6933
166,19,6934
167,19,6935
168,19,6936
169,19,6937
170,19,6938
171,19,6939
172,19,6940
173,19,6941
174,19,6942
175,19,6943
176,19,6944
177,19,6945
178,19,6946
179,19,6947
180,19,6948
181,19,6949
182,19,6950
183,19,6951
184,19,6952
185,19,6953
186,19,6954
187,19,6955
188,19,6956
189,19,6957
190,19,6958
191,19,6959
192,19,6960
193,19,6961
194,19,6962
195,19,6963
196,19,6964
197,19,6965
198,19,6966
199,19,6967
200,19,6968
201,19,6969
202,19,6970
203,19,6971
204,19,6972
205,19,6973
206,19,6974
207,19,6975
208,19,6976
209,19,6977
210,19,6978
211,19,6979
212,19,6980
213,19,6981
214,19,6982
215,19,6983
216,19,6984
217,19,6985
218,19,6986
219,19,6987
220,19,6988
221,19,6989
222,19,6990
223,19,6991
224,19,6992
225,19,6993
226,19,6994
227,19,6995
228,19,6996
229,19,6997
230,19,6998
231,19,6999
232,19,7000
233,19,7001
234,19,7002
235,19,7003
236,19,7004
237,19,7005
238,19,7006
239,19,7007
240,19,7008
241,19,7009
242,19,7010
243,19,7011
244,19,7012
245,19,7013
246,19,7014
247,19,7015
248,19,7016
249,19,7017
250,19,7018
251,19,7019
252,19,7020
253,19,7021
254,19,7022
255,19,7023
256,19,7024
257,19,7025
258,19,7026
259,19,7027
260,19,7028
261,19,7029
262,19,7030
263,19,7031
264,19,7032
265,19,7033
266,19,7034
267,19,7035
268,19,7036
269,19,7037
270,19,7038
271,19,7039
272,19,7040
273,19,7041
274,19,7042
275,19,7043
276,19,7044
277,19,7045
278,19,7046
279,19,7047
280,19,7048
281,19,7049
282,19,7050
283,19,7051
284,19,7052
285,19,7053
286,19,7054
287,19,7055
288,19,7056
289,19,7057
290,19,7058
291,19,7059
292,19,7060
293,19,7061
294,19,7062
295,19,7063
296,19,7064
297,19,7065
298,19,7066
299,19,7067
300,19,7068
301,19,7069
302,19,7070
303,19,7071
304,19,7072
305,19,7073
306,19,7074
307,19,7075
308,19,7076
309,19,7077
310,19,7078
311,19,7079
312,19,7080
313,19,7081
314,19,7082
315,19,7083
316,19,7084
317,19,7085
318,19,7086
319,19,7087
320,19,7088
321,19,7089
322,19,7090
323,19,7091
324,19,7092
325,19,7093
326,19,7094
327,19,7095
328,19,7096
329,19,7097
330,19,7098
331,19,7099
332,19,7100
333,19,7101
334,19,7102
335,19,7103
336,19,7104
337,19,7105
338,19,7106
339,19,7107
340,19,7108
341,19,7109
342,19,7110
343,19,7111
344,19,7112
345,19,7113
346,19,7114
347,19,7115
348,19,7116
349,19,7117
350,19,7118
351,19,7119
352,19,7120
353,19,7121
354,19,7122
355,19,7123
356,19,7124
357,19,7125
358,19,7126
359,19,7127
360,19,7128
361,19,7129
362,19,7130
363,19,7131
364,19,7132
365,19,7133
366,19,7134
367,19,7135
368,19,7136
369,19,7137
370,19,7138
371,19,7139
372,19,7140
373,19,7141
374,19,7142
375,19,7143
376,19,7144
1,20,7145
2,20,7146
3,20,7147
4,20,7148
5,20,7149
6,20,7150
7,20,7151
8,20,7152
9,20,7153
10,20,7154
11,20,7155
12,20,7156
13,20,7157
14,20,7158
15,20,7159
16,20,7160
17,20,7161
18,20,7162
19,20,7163
20,20,7164
21,20,7165
22,20,7166
23,20,7167
24,20,7168
25,20,7169
26,20,7170
27,20,7171
28,20,7172
29,20,7173
30,20,7174
31,20,7175
32,20,7176
33,20,7177
34,20,7178
35,20,7179
36,20,7180
37,20,7181
38,20,7182
39,20,7183
40,20,7184
41,20,7185
42,20,7186
43,20,7187
44,20,7188
45,20,7189
46,20,7190
47,20,7191
48,20,7192
49,20,7193
50,20,7194
51,20,7195
52,20,7196
53,20,7197
54,20,7198
55,20,7199
56,20,7200
57,20,7201
58,20,7202
59,20,7203
60,20,7204
61,20,7205
62,20,7206
63,20,7207
64,20,7208
65,20,7209
66,20,7210
67,20,7211
68,20,7212
69,20,7213
70,20,7214
71,20,7215
72,20,7216
73,20,7217
74,20,7218
75,20,7219
76,20,7220
77,20,7221
78,20,7222
79,20,7223
80,20,7224
81,20,7225
82,20,7226
83,20,7227
84,20,7228
85,20,7229
86,20,7230
87,20,7231
88,20,7232
89,20,7233
90,20,7234
91,20,7235
92,20,7236
93,20,7237
94,20,7238
95,20,7239
96,20,7240
97,20,7241
98,20,7242
99,20,7243
100,20,7244
101,20,7245
102,20,7246
103,20,7247
104,20,7248
105,20,7249
106,20,7250
107,20,7251
108,20,7252
109,20,7253
110,20,7254
111,20,7255
112,20,7256
113,20,7257
114,20,7258
115,20,7259
116,20,7260
117,20,7261
118,20,7262
119,20,7263
120,20,7264
121,20,7265
122,20,7266
123,20,7267
124,20,7268
125,20,7269
126,20,7270
127,20,7271
128,20,7272
129,20,7273
130,20,7274
131,20,7275
132,20,7276
133,20,7277
134,20,7278
135,20,7279
136,20,7280
137,20,7281
138,20,7282
139,20,7283
140,20,7284
141,20,7285
142,20,7286
143,20,7287
144,20,7288
145,20,7289
146,20,7290
147,20,7291
148,20,7292
149,20,7293
150,20,7294
151,20,7295
152,20,7296
153,20,7297
154,20,7298
155,20,7299
156,20,7300
157,20,7301
158,20,7302
159,20,7303
160,20,7304
161,20,7305
162,20,7306
163,20,7307
164,20,7308
165,20,7309
166,20,7310
167,20,7311
168,20,7312
169,20,7313
170,20,7314
171,20,7315
172,20,7316
173,20,7317
174,20,7318
175,20,7319
176,20,7320
177,20,7321
178,20,7322
179,20,7323
180,20,7324
181,20,7325
182,20,7326
183,20,7327
184,20,7328
185,20,7329
186,20,7330
187,20,7331
188,20,7332
189,20,7333
190,20,7334
191,20,7335
192,20,7336
193,20,7337
194,20,7338
195,20,7339
196,20,7340
197,20,7341
198,20,7342
199,20,7343
200,20,7344
201,20,7345
202,20,7346
203,20,7347
204,20,7348
205,20,7349
206,20,7350
207,20,7351
208,20,7352
209,20,7353
210,20,7354
211,20,7355
212,20,7356
213,20,7357
214,20,7358
215,20,7359
216,20,7360
217,20,7361
218,20,7362
219,20,7363
220,20,7364
221,20,7365
222,20,7366
223,20,7367
224,20,7368
225,20,7369
226,20,7370
227,20,7371
228,20,7372
229,20,7373
230,20,7374
231,20,7375
232,20,7376
233,20,7377
234,20,7378
235,20,7379
236,20,7380
237,20,7381
238,20,7382
239,20,7383
240,20,7384
241,20,7385
242,20,7386
243,20,7387
244,20,7388
245,20,7389
246,20,7390
247,20,7391
248,20,7392
249,20,7393
250,20,7394
251,20,7395
252,20,7396
253,20,7397
254,20,7398
255,20,7399
256,20,7400
257,20,7401
258,20,7402
259,20,7403
260,20,7404
261,20,7405
262,20,7406
263,20,7407
264,20,7408
265,20,7409
266,20,7410
267,20,7411
268,20,7412
269,20,7413
270,20,7414
271,20,7415
272,20,7416
273,20,7417
274,20,7418
275,20,7419
276,20,7420
277,20,7421
278,20,7422
279,20,7423
280,20,7424
281,20,7425
282,20,7426
283,20,7427
284,20,7428
285,20,7429
286,20,7430
287,20,7431
288,20,7432
289,20,7433
290,20,7434
291,20,7435
292,20,7436
293,20,7437
294,20,7438
295,20,7439
296,20,7440
297,20,7441
298,20,7442
299,20,7443
300,20,7444
301,20,7445
302,20,7446
303,20,7447
304,20,7448
305,20,7449
306,20,7450
307,20,7451
308,20,7452
309,20,7453
310,20,7454
311,20,7455
312,20,7456
313,20,7457
314,20,7458
315,20,7459
316,20,7460
317,20,7461
318,20,7462
319,20,7463
320,20,7464
321,20,7465
322,20,7466
323,20,7467
324,20,7468
325,20,7469
326,20,7470
327,20,7471
328,20,7472
329,20,7473
330,20,7474
331,20,7475
332,20,7476
333,20,7477
334,20,7478
335,20,7479
336,20,7480
337,20,7481
338,20,7482
339,20,7483
340,20,7484
341,20,7485
342,20,7486
343,20,7487
344,20,7488
345,20,7489
346,20,7490
347,20,7491
348,20,7492
349,20,7493
350,20,7494
351,20,7495
352,20,7496
353,20,7497
354,20,7498
355,20,7499
356,20,7500
357,20,7501
358,20,7502
359,20,7503
360,20,7504
361,20,7505
362,20,7506
363,20,7507
364,20,7508
365,20,7509
366,20,7510
367,20,7511
368,20,7512
369,20,7513
370,20,7514
371,20,7515
372,20,7516
373,20,7517
374,20,7518
375,20,7519
376,20,7520
1,21,7521
2,21,7522
3,21,7523
4,21,7524
5,21,7525
6,21,7526
7,21,7527
8,21,7528
9,21,7529
10,21,7530
11,21,7531
12,21,7532
13,21,7533
14,21,7534
15,21,7535
16,21,7536
17,21,7537
18,21,7538
19,21,7539
20,21,7540
21,21,7541
22,21,7542
23,21,7543
24,21,7544
25,21,7545
26,21,7546
27,21,7547
28,21,7548
29,21,7549
30,21,7550
31,21,7551
32,21,7552
33,21,7553
34,21,7554
35,21,7555
36,21,7556
37,21,7557
38,21,7558
39,21,7559
40,21,7560
41,21,7561
42,21,7562
43,21,7563
44,21,7564
45,21,7565
46,21,7566
47,21,7567
48,21,7568
49,21,7569
50,21,7570
51,21,7571
52,21,7572
53,21,7573
54,21,7574
55,21,7575
56,21,7576
57,21,7577
58,21,7578
59,21,7579
60,21,7580
61,21,7581
62,21,7582
63,21,7583
64,21,7584
65,21,7585
66,21,7586
67,21,7587
68,21,7588
69,21,7589
70,21,7590
71,21,7591
72,21,7592
73,21,7593
74,21,7594
75,21,7595
76,21,7596
77,21,7597
78,21,7598
79,21,7599
80,21,7600
81,21,7601
82,21,7602
83,21,7603
84,21,7604
85,21,7605
86,21,7606
87,21,7607
88,21,7608
89,21,7609
90,21,7610
91,21,7611
92,21,7612
93,21,7613
94,21,7614
95,21,7615
96,21,7616
97,21,7617
98,21,7618
99,21,7619
100,21,7620
101,21,7621
102,21,7622
103,21,7623
104,21,7624
105,21,7625
106,21,7626
107,21,7627
108,21,7628
109,21,7629
110,21,7630
111,21,7631
112,21,7632
113,21,7633
114,21,7634
115,21,7635
116,21,7636
117,21,7637
118,21,7638
119,21,7639
120,21,7640
121,21,7641
122,21,7642
123,21,7643
124,21,7644
125,21,7645
126,21,7646
127,21,7647
128,21,7648
129,21,7649
130,21,7650
131,21,7651
132,21,7652
133,21,7653
134,21,7654
135,21,7655
136,21,7656
137,21,7657
138,21,7658
139,21,7659
140,21,7660
141,21,7661
142,21,7662
143,21,7663
144,21,7664
145,21,7665
146,21,7666
147,21,7667
148,21,7668
149,21,7669
150,21,7670
151,21,7671
152,21,7672
153,21,7673
154,21,7674
155,21,7675
156,21,7676
157,21,7677
158,21,7678
159,21,7679
160,21,7680
161,21,7681
162,21,7682
163,21,7683
164,21,7684
165,21,7685
166,21,7686
167,21,7687
168,21,7688
169,21,7689
170,21,7690
171,21,7691
172,21,7692
173,21,7693
174,21,7694
175,21,7695
176,21,7696
177,21,7697
178,21,7698
179,21,7699
180,21,7700
181,21,7701
182,21,7702
183,21,7703
184,21,7704
185,21,7705
186,21,7706
187,21,7707
188,21,7708
189,21,7709
190,21,7710
191,21,7711
192,21,7712
193,21,7713
194,21,7714
195,21,7715
196,21,7716
197,21,7717
198,21,7718
199,21,7719
200,21,7720
201,21,7721
202,21,7722
203,21,7723
204,21,7724
205,21,7725
206,21,7726
207,21,7727
208,21,7728
209,21,7729
210,21,7730
211,21,7731
212,21,7732
213,21,7733
214,21,7734
215,21,7735
216,21,7736
217,21,7737
218,21,7738
219,21,7739
220,21,7740
221,21,7741
222,21,7742
223,21,7743
224,21,7744
225,21,7745
226,21,7746
227,21,7747
228,21,7748
229,21,7749
230,21,7750
231,21,7751
232,21,7752
233,21,7753
234,21,7754
235,21,7755
236,21,7756
237,21,7757
238,21,7758
239,21,7759
240,21,7760
241,21,7761
242,21,7762
243,21,7763
244,21,7764
245,21,7765
246,21,7766
247,21,7767
248,21,7768
249,21,7769
250,21,7770
251,21,7771
252,21,7772
253,21,7773
254,21,7774
255,21,7775
256,21,7776
257,21,7777
258,21,7778
259,21,7779
260,21,7780
261,21,7781
262,21,7782
263,21,7783
264,21,7784
265,21,7785
266,21,7786
267,21,7787
268,21,7788
269,21,7789
270,21,7790
271,21,7791
272,21,7792
273,21,7793
274,21,7794
275,21,7795
276,21,7796
277,21,7797
278,21,7798
279,21,7799
280,21,7800
281,21,7801
282,21,7802
283,21,7803
284,21,7804
285,21,7805
286,21,7806
287,21,7807
288,21,7808
289,21,7809
290,21,7810
291,21,7811
292,21,7812
293,21,7813
294,21,7814
295,21,7815
296,21,7816
297,21,7817
298,21,7818
299,21,7819
300,21,7820
301,21,7821
302,21,7822
303,21,7823
304,21,7824
305,21,7825
306,21,7826
307,21,7827
308,21,7828
309,21,7829
310,21,7830
311,21,7831
312,21,7832
313,21,7833
314,21,7834
315,21,7835
316,21,7836
317,21,7837
318,21,7838
319,21,7839
320,21,7840
321,21,7841
322,21,7842
323,21,7843
324,21,7844
325,21,7845
326,21,7846
327,21,7847
328,21,7848
329,21,7849
330,21,7850
331,21,7851
332,21,7852
333,21,7853
334,21,7854
335,21,7855
336,21,7856
337,21,7857
338,21,7858
339,21,7859
340,21,7860
341,21,7861
342,21,7862
343,21,7863
344,21,7864
345,21,7865
346,21,7866
347,21,7867
348,21,7868
349,21,7869
350,21,7870
351,21,7871
352,21,7872
353,21,7873
354,21,7874
355,21,7875
356,21,7876
357,21,7877
358,21,7878
359,21,7879
360,21,7880
361,21,7881
362,21,7882
363,21,7883
364,21,7884
365,21,7885
366,21,7886
367,21,7887
368,21,7888
369,21,7889
370,21,7890
371,21,7891
372,21,7892
373,21,7893
374,21,7894
375,21,7895
376,21,7896
1,22,7897
2,22,7898
3,22,7899
4,22,7900
5,22,7901
6,22,7902
7,22,7903
8,22,7904
9,22,7905
10,22,7906
11,22,7907
12,22,7908
13,22,7909
14,22,7910
15,22,7911
16,22,7912
17,22,7913
18,22,7914
19,22,7915
20,22,7916
21,22,7917
22,22,7918
23,22,7919
24,22,7920
25,22,7921
26,22,7922
27,22,7923
28,22,7924
29,22,7925
30,22,7926
31,22,7927
32,22,7928
33,22,7929
34,22,7930
35,22,7931
36,22,7932
37,22,7933
38,22,7934
39,22,7935
40,22,7936
41,22,7937
42,22,7938
43,22,7939
44,22,7940
45,22,7941
46,22,7942
47,22,7943
48,22,7944
49,22,7945
50,22,7946
51,22,7947
52,22,7948
53,22,7949
54,22,7950
55,22,7951
56,22,7952
57,22,7953
58,22,7954
59,22,7955
60,22,7956
61,22,7957
62,22,7958
63,22,7959
64,22,7960
65,22,7961
66,22,7962
67,22,7963
68,22,7964
69,22,7965
70,22,7966
71,22,7967
72,22,7968
73,22,7969
74,22,7970
75,22,7971
76,22,7972
77,22,7973
78,22,7974
79,22,7975
80,22,7976
81,22,7977
82,22,7978
83,22,7979
84,22,7980
85,22,7981
86,22,7982
87,22,7983
88,22,7984
89,22,7985
90,22,7986
91,22,7987
92,22,7988
93,22,7989
94,22,7990
95,22,7991
96,22,7992
97,22,7993
98,22,7994
99,22,7995
100,22,7996
101,22,7997
102,22,7998
103,22,7999
104,22,8000
105,22,8001
106,22,8002
107,22,8003
108,22,8004
109,22,8005
110,22,8006
111,22,8007
112,22,8008
113,22,8009
114,22,8010
115,22,8011
116,22,8012
117,22,8013
118,22,8014
119,22,8015
120,22,8016
121,22,8017
122,22,8018
123,22,8019
124,22,8020
125,22,8021
126,22,8022
127,22,8023
128,22,8024
129,22,8025
130,22,8026
131,22,8027
132,22,8028
133,22,8029
134,22,8030
135,22,8031
136,22,8032
137,22,8033
138,22,8034
139,22,8035
140,22,8036
141,22,8037
142,22,8038
143,22,8039
144,22,8040
145,22,8041
146,22,8042
147,22,8043
148,22,8044
149,22,8045
150,22,8046
151,22,8047
152,22,8048
153,22,8049
154,22,8050
155,22,8051
156,22,8052
157,22,8053
158,22,8054
159,22,8055
160,22,8056
161,22,8057
162,22,8058
163,22,8059
164,22,8060
165,22,8061
166,22,8062
167,22,8063
168,22,8064
169,22,8065
170,22,8066
171,22,8067
172,22,8068
173,22,8069
174,22,8070
175,22,8071
176,22,8072
177,22,8073
178,22,8074
179,22,8075
180,22,8076
181,22,8077
182,22,8078
183,22,8079
184,22,8080
185,22,8081
186,22,8082
187,22,8083
188,22,8084
189,22,8085
190,22,8086
191,22,8087
192,22,8088
193,22,8089
194,22,8090
195,22,8091
196,22,8092
197,22,8093
198,22,8094
199,22,8095
200,22,8096
201,22,8097
202,22,8098
203,22,8099
204,22,8100
205,22,8101
206,22,8102
207,22,8103
208,22,8104
209,22,8105
210,22,8106
211,22,8107
212,22,8108
213,22,8109
214,22,8110
215,22,8111
216,22,8112
217,22,8113
218,22,8114
219,22,8115
220,22,8116
221,22,8117
222,22,8118
223,22,8119
224,22,8120
225,22,8121
226,22,8122
227,22,8123
228,22,8124
229,22,8125
230,22,8126
231,22,8127
232,22,8128
233,22,8129
234,22,8130
235,22,8131
236,22,8132
237,22,8133
238,22,8134
239,22,8135
240,22,8136
241,22,8137
242,22,8138
243,22,8139
244,22,8140
245,22,8141
246,22,8142
247,22,8143
248,22,8144
249,22,8145
250,22,8146
251,22,8147
252,22,8148
253,22,8149
254,22,8150
255,22,8151
256,22,8152
257,22,8153
258,22,8154
259,22,8155
260,22,8156
261,22,8157
262,22,8158
263,22,8159
264,22,8160
265,22,8161
266,22,8162
267,22,8163
268,22,8164
269,22,8165
270,22,8166
271,22,8167
272,22,8168
273,22,8169
274,22,8170
275,22,8171
276,22,8172
277,22,8173
278,22,8174
279,22,8175
280,22,8176
281,22,8177
282,22,8178
283,22,8179
284,22,8180
285,22,8181
286,22,8182
287,22,8183
288,22,8184
289,22,8185
290,22,8186
291,22,8187
292,22,8188
293,22,8189
294,22,8190
295,22,8191
296,22,8192
297,22,8193
298,22,8194
299,22,8195
300,22,8196
301,22,8197
302,22,8198
303,22,8199
304,22,8200
305,22,8201
306,22,8202
307,22,8203
308,22,8204
309,22,8205
310,22,8206
311,22,8207
312,22,8208
313,22,8209
314,22,8210
315,22,8211
316,22,8212
317,22,8213
318,22,8214
319,22,8215
320,22,8216
321,22,8217
322,22,8218
323,22,8219
324,22,8220
325,22,8221
326,22,8222
327,22,8223
328,22,8224
329,22,8225
330,22,8226
331,22,8227
332,22,8228
333,22,8229
334,22,8230
335,22,8231
336,22,8232
337,22,8233
338,22,8234
339,22,8235
340,22,8236
341,22,8237
342,22,8238
343,22,8239
344,22,8240
345,22,8241
346,22,8242
347,22,8243
348,22,8244
349,22,8245
350,22,8246
351,22,8247
352,22,8248
353,22,8249
354,22,8250
355,22,8251
356,22,8252
357,22,8253
358,22,8254
359,22,8255
360,22,8256
361,22,8257
362,22,8258
363,22,8259
364,22,8260
365,22,8261
366,22,8262
367,22,8263
368,22,8264
369,22,8265
370,22,8266
371,22,8267
372,22,8268
373,22,8269
374,22,8270
375,22,8271
376,22,8272
1,23,8273
2,23,8274
3,23,8275
4,23,8276
5,23,8277
6,23,8278
7,23,8279
8,23,8280
9,23,8281
10,23,8282
11,23,8283
12,23,8284
13,23,8285
14,23,8286
15,23,8287
16,23,8288
17,23,8289
18,23,8290
19,23,8291
20,23,8292
21,23,8293
22,23,8294
23,23,8295
24,23,8296
25,23,8297
26,23,8298
27,23,8299
28,23,8300
29,23,8301
30,23,8302
31,23,8303
32,23,8304
33,23,8305
34,23,8306
35,23,8307
36,23,8308
37,23,8309
38,23,8310
39,23,8311
40,23,8312
41,23,8313
42,23,8314
43,23,8315
44,23,8316
45,23,8317
46,23,8318
47,23,8319
48,23,8320
49,23,8321
50,23,8322
51,23,8323
52,23,8324
53,23,8325
54,23,8326
55,23,8327
56,23,8328
57,23,8329
58,23,8330
59,23,8331
60,23,8332
61,23,8333
62,23,8334
63,23,8335
64,23,8336
65,23,8337
66,23,8338
67,23,8339
68,23,8340
69,23,8341
70,23,8342
71,23,8343
72,23,8344
73,23,8345
74,23,8346
75,23,8347
76,23,8348
77,23,8349
78,23,8350
79,23,8351
80,23,8352
81,23,8353
82,23,8354
83,23,8355
84,23,8356
85,23,8357
86,23,8358
87,23,8359
88,23,8360
89,23,8361
90,23,8362
91,23,8363
92,23,8364
93,23,8365
94,23,8366
95,23,8367
96,23,8368
97,23,8369
98,23,8370
99,23,8371
100,23,8372
101,23,8373
102,23,8374
103,23,8375
104,23,8376
105,23,8377
106,23,8378
107,23,8379
108,23,8380
109,23,8381
110,23,8382
111,23,8383
112,23,8384
113,23,8385
114,23,8386
115,23,8387
116,23,8388
117,23,8389
118,23,8390
119,23,8391
120,23,8392
121,23,8393
122,23,8394
123,23,8395
124,23,8396
125,23,8397
126,23,8398
127,23,8399
128,23,8400
129,23,8401
130,23,8402
131,23,8403
132,23,8404
133,23,8405
134,23,8406
135,23,8407
136,23,8408
137,23,8409
138,23,8410
139,23,8411
140,23,8412
141,23,8413
142,23,8414
143,23,8415
144,23,8416
145,23,8417
146,23,8418
147,23,8419
148,23,8420
149,23,8421
150,23,8422
151,23,8423
152,23,8424
153,23,8425
154,23,8426
155,23,8427
156,23,8428
157,23,8429
158,23,8430
159,23,8431
160,23,8432
161,23,8433
162,23,8434
163,23,8435
164,23,8436
165,23,8437
166,23,8438
167,23,8439
168,23,8440
169,23,8441
170,23,8442
171,23,8443
172,23,8444
173,23,8445
174,23,8446
175,23,8447
176,23,8448
177,23,8449
178,23,8450
179,23,8451
180,23,8452
181,23,8453
182,23,8454
183,23,8455
184,23,8456
185,23,8457
186,23,8458
187,23,8459
188,23,8460
189,23,8461
190,23,8462
191,23,8463
192,23,8464
193,23,8465
194,23,8466
195,23,8467
196,23,8468
197,23,8469
198,23,8470
199,23,8471
200,23,8472
201,23,8473
202,23,8474
203,23,8475
204,23,8476
205,23,8477
206,23,8478
207,23,8479
208,23,8480
209,23,8481
210,23,8482
211,23,8483
212,23,8484
213,23,8485
214,23,8486
215,23,8487
216,23,8488
217,23,8489
218,23,8490
219,23,8491
220,23,8492
221,23,8493
222,23,8494
223,23,8495
224,23,8496
225,23,8497
226,23,8498
227,23,8499
228,23,8500
229,23,8501
230,23,8502
231,23,8503
232,23,8504
233,23,8505
234,23,8506
235,23,8507
236,23,8508
237,23,8509
238,23,8510
239,23,8511
240,23,8512
241,23,8513
242,23,8514
243,23,8515
244,23,8516
245,23,8517
246,23,8518
247,23,8519
248,23,8520
249,23,8521
250,23,8522
251,23,8523
252,23,8524
253,23,8525
254,23,8526
255,23,8527
256,23,8528
257,23,8529
258,23,8530
259,23,8531
260,23,8532
261,23,8533
262,23,8534
263,23,8535
264,23,8536
265,23,8537
266,23,8538
267,23,8539
268,23,8540
269,23,8541
270,23,8542
271,23,8543
272,23,8544
273,23,8545
274,23,8546
275,23,8547
276,23,8548
277,23,8549
278,23,8550
279,23,8551
280,23,8552
281,23,8553
282,23,8554
283,23,8555
284,23,8556
285,23,8557
286,23,8558
287,23,8559
288,23,8560
289,23,8561
290,23,8562
291,23,8563
292,23,8564
293,23,8565
294,23,8566
295,23,8567
296,23,8568
297,23,8569
298,23,8570
299,23,8571
300,23,8572
301,23,8573
302,23,8574
303,23,8575
304,23,8576
305,23,8577
306,23,8578
307,23,8579
308,23,8580
309,23,8581
310,23,8582
311,23,8583
312,23,8584
313,23,8585
314,23,8586
315,23,8587
316,23,8588
317,23,8589
318,23,8590
319,23,8591
320,23,8592
321,23,8593
322,23,8594
323,23,8595
324,23,8596
325,23,8597
326,23,8598
327,23,8599
328,23,8600
329,23,8601
330,23,8602
331,23,8603
332,23,8604
333,23,8605
334,23,8606
335,23,8607
336,23,8608
337,23,8609
338,23,8610
339,23,8611
340,23,8612
341,23,8613
342,23,8614
343,23,8615
344,23,8616
345,23,8617
346,23,8618
347,23,8619
348,23,8620
349,23,8621
350,23,8622
351,23,8623
352,23,8624
353,23,8625
354,23,8626
355,23,8627
356,23,8628
357,23,8629
358,23,8630
359,23,8631
360,23,8632
361,23,8633
362,23,8634
363,23,8635
364,23,8636
365,23,8637
366,23,8638
367,23,8639
368,23,8640
369,23,8641
370,23,8642
371,23,8643
372,23,8644
373,23,8645
374,23,8646
375,23,8647
376,23,8648
1,24,8649
2,24,8650
3,24,8651
4,24,8652
5,24,8653
6,24,8654
7,24,8655
8,24,8656
9,24,8657
10,24,8658
11,24,8659
12,24,8660
13,24,8661
14,24,8662
15,24,8663
16,24,8664
17,24,8665
18,24,8666
19,24,8667
20,24,8668
21,24,8669
22,24,8670
23,24,8671
24,24,8672
25,24,8673
26,24,8674
27,24,8675
28,24,8676
29,24,8677
30,24,8678
31,24,8679
32,24,8680
33,24,8681
34,24,8682
35,24,8683
36,24,8684
37,24,8685
38,24,8686
39,24,8687
40,24,8688
41,24,8689
42,24,8690
43,24,8691
44,24,8692
45,24,8693
46,24,8694
47,24,8695
48,24,8696
49,24,8697
50,24,8698
51,24,8699
52,24,8700
53,24,8701
54,24,8702
55,24,8703
56,24,8704
57,24,8705
58,24,8706
59,24,8707
60,24,8708
61,24,8709
62,24,8710
63,24,8711
64,24,8712
65,24,8713
66,24,8714
67,24,8715
68,24,8716
69,24,8717
70,24,8718
71,24,8719
72,24,8720
73,24,8721
74,24,8722
75,24,8723
76,24,8724
77,24,8725
78,24,8726
79,24,8727
80,24,8728
81,24,8729
82,24,8730
83,24,8731
84,24,8732
85,24,8733
86,24,8734
87,24,8735
88,24,8736
89,24,8737
90,24,8738
91,24,8739
92,24,8740
93,24,8741
94,24,8742
95,24,8743
96,24,8744
97,24,8745
98,24,8746
99,24,8747
100,24,8748
101,24,8749
102,24,8750
103,24,8751
104,24,8752
105,24,8753
106,24,8754
107,24,8755
108,24,8756
109,24,8757
110,24,8758
111,24,8759
112,24,8760
113,24,8761
114,24,8762
115,24,8763
116,24,8764
117,24,8765
118,24,8766
119,24,8767
120,24,8768
121,24,8769
122,24,8770
123,24,8771
124,24,8772
125,24,8773
126,24,8774
127,24,8775
128,24,8776
129,24,8777
130,24,8778
131,24,8779
132,24,8780
133,24,8781
134,24,8782
135,24,8783
136,24,8784
137,24,8785
138,24,8786
139,24,8787
140,24,8788
141,24,8789
142,24,8790
143,24,8791
144,24,8792
145,24,8793
146,24,8794
147,24,8795
148,24,8796
149,24,8797
150,24,8798
151,24,8799
152,24,8800
153,24,8801
154,24,8802
155,24,8803
156,24,8804
157,24,8805
158,24,8806
159,24,8807
160,24,8808
161,24,8809
162,24,8810
163,24,8811
164,24,8812
165,24,8813
166,24,8814
167,24,8815
168,24,8816
169,24,8817
170,24,8818
171,24,8819
172,24,8820
173,24,8821
174,24,8822
175,24,8823
176,24,8824
177,24,8825
178,24,8826
179,24,8827
180,24,8828
181,24,8829
182,24,8830
183,24,8831
184,24,8832
185,24,8833
186,24,8834
187,24,8835
188,24,8836
189,24,8837
190,24,8838
191,24,8839
192,24,8840
193,24,8841
194,24,8842
195,24,8843
196,24,8844
197,24,8845
198,24,8846
199,24,8847
200,24,8848
201,24,8849
202,24,8850
203,24,8851
204,24,8852
205,24,8853
206,24,8854
207,24,8855
208,24,8856
209,24,8857
210,24,8858
211,24,8859
212,24,8860
213,24,8861
214,24,8862
215,24,8863
216,24,8864
217,24,8865
218,24,8866
219,24,8867
220,24,8868
221,24,8869
222,24,8870
223,24,8871
224,24,8872
225,24,8873
226,24,8874
227,24,8875
228,24,8876
229,24,8877
230,24,8878
231,24,8879
232,24,8880
233,24,8881
234,24,8882
235,24,8883
236,24,8884
237,24,8885
238,24,8886
239,24,8887
240,24,8888
241,24,8889
242,24,8890
243,24,8891
244,24,8892
245,24,8893
246,24,8894
247,24,8895
248,24,8896
249,24,8897
250,24,8898
251,24,8899
252,24,8900
253,24,8901
254,24,8902
255,24,8903
256,24,8904
257,24,8905
258,24,8906
259,24,8907
260,24,8908
261,24,8909
262,24,8910
263,24,8911
264,24,8912
265,24,8913
266,24,8914
267,24,8915
268,24,8916
269,24,8917
270,24,8918
271,24,8919
272,24,8920
273,24,8921
274,24,8922
275,24,8923
276,24,8924
277,24,8925
278,24,8926
279,24,8927
280,24,8928
281,24,8929
282,24,8930
283,24,8931
284,24,8932
285,24,8933
286,24,8934
287,24,8935
288,24,8936
289,24,8937
290,24,8938
291,24,8939
292,24,8940
293,24,8941
294,24,8942
295,24,8943
296,24,8944
297,24,8945
298,24,8946
299,24,8947
300,24,8948
301,24,8949
302,24,8950
303,24,8951
304,24,8952
305,24,8953
306,24,8954
307,24,8955
308,24,8956
309,24,8957
310,24,8958
311,24,8959
312,24,8960
313,24,8961
314,24,8962
315,24,8963
316,24,8964
317,24,8965
318,24,8966
319,24,8967
320,24,8968
321,24,8969
322,24,8970
323,24,8971
324,24,8972
325,24,8973
326,24,8974
327,24,8975
328,24,8976
329,24,8977
330,24,8978
331,24,8979
332,24,8980
333,24,8981
334,24,8982
335,24,8983
336,24,8984
337,24,8985
338,24,8986
339,24,8987
340,24,8988
341,24,8989
342,24,8990
343,24,8991
344,24,8992
345,24,8993
346,24,8994
347,24,8995
348,24,8996
349,24,8997
350,24,8998
351,24,8999
352,24,9000
353,24,9001
354,24,9002
355,24,9003
356,24,9004
357,24,9005
358,24,9006
359,24,9007
360,24,9008
361,24,9009
362,24,9010
363,24,9011
364,24,9012
365,24,9013
366,24,9014
367,24,9015
368,24,9016
369,24,9017
370,24,9018
371,24,9019
372,24,9020
373,24,9021
374,24,9022
375,24,9023
376,24,9024
1,25,9025
2,25,9026
3,25,9027
4,25,9028
5,25,9029
6,25,9030
7,25,9031
8,25,9032
9,25,9033
10,25,9034
11,25,9035
12,25,9036
13,25,9037
14,25,9038
15,25,9039
16,25,9040
17,25,9041
18,25,9042
19,25,9043
20,25,9044
21,25,9045
22,25,9046
23,25,9047
24,25,9048
25,25,9049
26,25,9050
27,25,9051
28,25,9052
29,25,9053
30,25,9054
31,25,9055
32,25,9056
33,25,9057
34,25,9058
35,25,9059
36,25,9060
37,25,9061
38,25,9062
39,25,9063
40,25,9064
41,25,9065
42,25,9066
43,25,9067
44,25,9068
45,25,9069
46,25,9070
47,25,9071
48,25,9072
49,25,9073
50,25,9074
51,25,9075
52,25,9076
53,25,9077
54,25,9078
55,25,9079
56,25,9080
57,25,9081
58,25,9082
59,25,9083
60,25,9084
61,25,9085
62,25,9086
63,25,9087
64,25,9088
65,25,9089
66,25,9090
67,25,9091
68,25,9092
69,25,9093
70,25,9094
71,25,9095
72,25,9096
73,25,9097
74,25,9098
75,25,9099
76,25,9100
77,25,9101
78,25,9102
79,25,9103
80,25,9104
81,25,9105
82,25,9106
83,25,9107
84,25,9108
85,25,9109
86,25,9110
87,25,9111
88,25,9112
89,25,9113
90,25,9114
91,25,9115
92,25,9116
93,25,9117
94,25,9118
95,25,9119
96,25,9120
97,25,9121
98,25,9122
99,25,9123
100,25,9124
101,25,9125
102,25,9126
103,25,9127
104,25,9128
105,25,9129
106,25,9130
107,25,9131
108,25,9132
109,25,9133
110,25,9134
111,25,9135
112,25,9136
113,25,9137
114,25,9138
115,25,9139
116,25,9140
117,25,9141
118,25,9142
119,25,9143
120,25,9144
121,25,9145
122,25,9146
123,25,9147
124,25,9148
125,25,9149
126,25,9150
127,25,9151
128,25,9152
129,25,9153
130,25,9154
131,25,9155
132,25,9156
133,25,9157
134,25,9158
135,25,9159
136,25,9160
137,25,9161
138,25,9162
139,25,9163
140,25,9164
141,25,9165
142,25,9166
143,25,9167
144,25,9168
145,25,9169
146,25,9170
147,25,9171
148,25,9172
149,25,9173
150,25,9174
151,25,9175
152,25,9176
153,25,9177
154,25,9178
155,25,9179
156,25,9180
157,25,9181
158,25,9182
159,25,9183
160,25,9184
161,25,9185
162,25,9186
163,25,9187
164,25,9188
165,25,9189
166,25,9190
167,25,9191
168,25,9192
169,25,9193
170,25,9194
171,25,9195
172,25,9196
173,25,9197
174,25,9198
175,25,9199
176,25,9200
177,25,9201
178,25,9202
179,25,9203
180,25,9204
181,25,9205
182,25,9206
183,25,9207
184,25,9208
185,25,9209
186,25,9210
187,25,9211
188,25,9212
189,25,9213
190,25,9214
191,25,9215
192,25,9216
193,25,9217
194,25,9218
195,25,9219
196,25,9220
197,25,9221
198,25,9222
199,25,9223
200,25,9224
201,25,9225
202,25,9226
203,25,9227
204,25,9228
205,25,9229
206,25,9230
207,25,9231
208,25,9232
209,25,9233
210,25,9234
211,25,9235
212,25,9236
213,25,9237
214,25,9238
215,25,9239
216,25,9240
217,25,9241
218,25,9242
219,25,9243
220,25,9244
221,25,9245
222,25,9246
223,25,9247
224,25,9248
225,25,9249
226,25,9250
227,25,9251
228,25,9252
229,25,9253
230,25,9254
231,25,9255
232,25,9256
233,25,9257
234,25,9258
235,25,9259
236,25,9260
237,25,9261
238,25,9262
239,25,9263
240,25,9264
241,25,9265
242,25,9266
243,25,9267
244,25,9268
245,25,9269
246,25,9270
247,25,9271
248,25,9272
249,25,9273
250,25,9274
251,25,9275
252,25,9276
253,25,9277
254,25,9278
255,25,9279
256,25,9280
257,25,9281
258,25,9282
259,25,9283
260,25,9284
261,25,9285
262,25,9286
263,25,9287
264,25,9288
265,25,9289
266,25,9290
267,25,9291
268,25,9292
269,25,9293
270,25,9294
271,25,9295
272,25,9296
273,25,9297
274,25,9298
275,25,9299
276,25,9300
277,25,9301
278,25,9302
279,25,9303
280,25,9304
281,25,9305
282,25,9306
283,25,9307
284,25,9308
285,25,9309
286,25,9310
287,25,9311
288,25,9312
289,25,9313
290,25,9314
291,25,9315
292,25,9316
293,25,9317
294,25,9318
295,25,9319
296,25,9320
297,25,9321
298,25,9322
299,25,9323
300,25,9324
301,25,9325
302,25,9326
303,25,9327
304,25,9328
305,25,9329
306,25,9330
307,25,9331
308,25,9332
309,25,9333
310,25,9334
311,25,9335
312,25,9336
313,25,9337
314,25,9338
315,25,9339
316,25,9340
317,25,9341
318,25,9342
319,25,9343
320,25,9344
321,25,9345
322,25,9346
323,25,9347
324,25,9348
325,25,9349
326,25,9350
327,25,9351
328,25,9352
329,25,9353
330,25,9354
331,25,9355
332,25,9356
333,25,9357
334,25,9358
335,25,9359
336,25,9360
337,25,9361
338,25,9362
339,25,9363
340,25,9364
341,25,9365
342,25,9366
343,25,9367
344,25,9368
345,25,9369
346,25,9370
347,25,9371
348,25,9372
349,25,9373
350,25,9374
351,25,9375
352,25,9376
353,25,9377
354,25,9378
355,25,9379
356,25,9380
357,25,9381
358,25,9382
359,25,9383
360,25,9384
361,25,9385
362,25,9386
363,25,9387
364,25,9388
365,25,9389
366,25,9390
367,25,9391
368,25,9392
369,25,9393
370,25,9394
371,25,9395
372,25,9396
373,25,9397
374,25,9398
375,25,9399
376,25,9400
1,26,9401
2,26,9402
3,26,9403
4,26,9404
5,26,9405
6,26,9406
7,26,9407
8,26,9408
9,26,9409
10,26,9410
11,26,9411
12,26,9412
13,26,9413
14,26,9414
15,26,9415
16,26,9416
17,26,9417
18,26,9418
19,26,9419
20,26,9420
21,26,9421
22,26,9422
23,26,9423
24,26,9424
25,26,9425
26,26,9426
27,26,9427
28,26,9428
29,26,9429
30,26,9430
31,26,9431
32,26,9432
33,26,9433
34,26,9434
35,26,9435
36,26,9436
37,26,9437
38,26,9438
39,26,9439
40,26,9440
41,26,9441
42,26,9442
43,26,9443
44,26,9444
45,26,9445
46,26,9446
47,26,9447
48,26,9448
49,26,9449
50,26,9450
51,26,9451
52,26,9452
53,26,9453
54,26,9454
55,26,9455
56,26,9456
57,26,9457
58,26,9458
59,26,9459
60,26,9460
61,26,9461
62,26,9462
63,26,9463
64,26,9464
65,26,9465
66,26,9466
67,26,9467
68,26,9468
69,26,9469
70,26,9470
71,26,9471
72,26,9472
73,26,9473
74,26,9474
75,26,9475
76,26,9476
77,26,9477
78,26,9478
79,26,9479
80,26,9480
81,26,9481
82,26,9482
83,26,9483
84,26,9484
85,26,9485
86,26,9486
87,26,9487
88,26,9488
89,26,9489
90,26,9490
91,26,9491
92,26,9492
93,26,9493
94,26,9494
95,26,9495
96,26,9496
97,26,9497
98,26,9498
99,26,9499
100,26,9500
101,26,9501
102,26,9502
103,26,9503
104,26,9504
105,26,9505
106,26,9506
107,26,9507
108,26,9508
109,26,9509
110,26,9510
111,26,9511
112,26,9512
113,26,9513
114,26,9514
115,26,9515
116,26,9516
117,26,9517
118,26,9518
119,26,9519
120,26,9520
121,26,9521
122,26,9522
123,26,9523
124,26,9524
125,26,9525
126,26,9526
127,26,9527
128,26,9528
129,26,9529
130,26,9530
131,26,9531
132,26,9532
133,26,9533
134,26,9534
135,26,9535
136,26,9536
137,26,9537
138,26,9538
139,26,9539
140,26,9540
141,26,9541
142,26,9542
143,26,9543
144,26,9544
145,26,9545
146,26,9546
147,26,9547
148,26,9548
149,26,9549
150,26,9550
151,26,9551
152,26,9552
153,26,9553
154,26,9554
155,26,9555
156,26,9556
157,26,9557
158,26,9558
159,26,9559
160,26,9560
161,26,9561
162,26,9562
163,26,9563
164,26,9564
165,26,9565
166,26,9566
167,26,9567
168,26,9568
169,26,9569
170,26,9570
171,26,9571
172,26,9572
173,26,9573
174,26,9574
175,26,9575
176,26,9576
177,26,9577
178,26,9578
179,26,9579
180,26,9580
181,26,9581
182,26,9582
183,26,9583
184,26,9584
185,26,9585
186,26,9586
187,26,9587
188,26,9588
189,26,9589
190,26,9590
191,26,9591
192,26,9592
193,26,9593
194,26,9594
195,26,9595
196,26,9596
197,26,9597
198,26,9598
199,26,9599
200,26,9600
201,26,9601
202,26,9602
203,26,9603
204,26,9604
205,26,9605
206,26,9606
207,26,9607
208,26,9608
209,26,9609
210,26,9610
211,26,9611
212,26,9612
213,26,9613
214,26,9614
215,26,9615
216,26,9616
217,26,9617
218,26,9618
219,26,9619
220,26,9620
221,26,9621
222,26,9622
223,26,9623
224,26,9624
225,26,9625
226,26,9626
227,26,9627
228,26,9628
229,26,9629
230,26,9630
231,26,9631
232,26,9632
233,26,9633
234,26,9634
235,26,9635
236,26,9636
237,26,9637
238,26,9638
239,26,9639
240,26,9640
241,26,9641
242,26,9642
243,26,9643
244,26,9644
245,26,9645
246,26,9646
247,26,9647
248,26,9648
249,26,9649
250,26,9650
251,26,9651
252,26,9652
253,26,9653
254,26,9654
255,26,9655
256,26,9656
257,26,9657
258,26,9658
259,26,9659
260,26,9660
261,26,9661
262,26,9662
263,26,9663
264,26,9664
265,26,9665
266,26,9666
267,26,9667
268,26,9668
269,26,9669
270,26,9670
271,26,9671
272,26,9672
273,26,9673
274,26,9674
275,26,9675
276,26,9676
277,26,9677
278,26,9678
279,26,9679
280,26,9680
281,26,9681
282,26,9682
283,26,9683
284,26,9684
285,26,9685
286,26,9686
287,26,9687
288,26,9688
289,26,9689
290,26,9690
291,26,9691
292,26,9692
293,26,9693
294,26,9694
295,26,9695
296,26,9696
297,26,9697
298,26,9698
299,26,9699
300,26,9700
301,26,9701
302,26,9702
303,26,9703
304,26,9704
305,26,9705
306,26,9706
307,26,9707
308,26,9708
309,26,9709
310,26,9710
311,26,9711
312,26,9712
313,26,9713
314,26,9714
315,26,9715
316,26,9716
317,26,9717
318,26,9718
319,26,9719
320,26,9720
321,26,9721
322,26,9722
323,26,9723
324,26,9724
325,26,9725
326,26,9726
327,26,9727
328,26,9728
329,26,9729
330,26,9730
331,26,9731
332,26,9732
333,26,9733
334,26,9734
335,26,9735
336,26,9736
337,26,9737
338,26,9738
339,26,9739
340,26,9740
341,26,9741
342,26,9742
343,26,9743
344,26,9744
345,26,9745
346,26,9746
347,26,9747
348,26,9748
349,26,9749
350,26,9750
351,26,9751
352,26,9752
353,26,9753
354,26,9754
355,26,9755
356,26,9756
357,26,9757
358,26,9758
359,26,9759
360,26,9760
361,26,9761
362,26,9762
363,26,9763
364,26,9764
365,26,9765
366,26,9766
367,26,9767
368,26,9768
369,26,9769
370,26,9770
371,26,9771
372,26,9772
373,26,9773
374,26,9774
375,26,9775
376,26,9776
1,27,9777
2,27,9778
3,27,9779
4,27,9780
5,27,9781
6,27,9782
7,27,9783
8,27,9784
9,27,9785
10,27,9786
11,27,9787
12,27,9788
13,27,9789
14,27,9790
15,27,9791
16,27,9792
17,27,9793
18,27,9794
19,27,9795
20,27,9796
21,27,9797
22,27,9798
23,27,9799
24,27,9800
25,27,9801
26,27,9802
27,27,9803
28,27,9804
29,27,9805
30,27,9806
31,27,9807
32,27,9808
33,27,9809
34,27,9810
35,27,9811
36,27,9812
37,27,9813
38,27,9814
39,27,9815
40,27,9816
41,27,9817
42,27,9818
43,27,9819
44,27,9820
45,27,9821
46,27,9822
47,27,9823
48,27,9824
49,27,9825
50,27,9826
51,27,9827
52,27,9828
53,27,9829
54,27,9830
55,27,9831
56,27,9832
57,27,9833
58,27,9834
59,27,9835
60,27,9836
61,27,9837
62,27,9838
63,27,9839
64,27,9840
65,27,9841
66,27,9842
67,27,9843
68,27,9844
69,27,9845
70,27,9846
71,27,9847
72,27,9848
73,27,9849
74,27,9850
75,27,9851
76,27,9852
77,27,9853
78,27,9854
79,27,9855
80,27,9856
81,27,9857
82,27,9858
83,27,9859
84,27,9860
85,27,9861
86,27,9862
87,27,9863
88,27,9864
89,27,9865
90,27,9866
91,27,9867
92,27,9868
93,27,9869
94,27,9870
95,27,9871
96,27,9872
97,27,9873
98,27,9874
99,27,9875
100,27,9876
101,27,9877
102,27,9878
103,27,9879
104,27,9880
105,27,9881
106,27,9882
107,27,9883
108,27,9884
109,27,9885
110,27,9886
111,27,9887
112,27,9888
113,27,9889
114,27,9890
115,27,9891
116,27,9892
117,27,9893
118,27,9894
119,27,9895
120,27,9896
121,27,9897
122,27,9898
123,27,9899
124,27,9900
125,27,9901
126,27,9902
127,27,9903
128,27,9904
129,27,9905
130,27,9906
131,27,9907
132,27,9908
133,27,9909
134,27,9910
135,27,9911
136,27,9912
137,27,9913
138,27,9914
139,27,9915
140,27,9916
141,27,9917
142,27,9918
143,27,9919
144,27,9920
145,27,9921
146,27,9922
147,27,9923
148,27,9924
149,27,9925
150,27,9926
151,27,9927
152,27,9928
153,27,9929
154,27,9930
155,27,9931
156,27,9932
157,27,9933
158,27,9934
159,27,9935
160,27,9936
161,27,9937
162,27,9938
163,27,9939
164,27,9940
165,27,9941
166,27,9942
167,27,9943
168,27,9944
169,27,9945
170,27,9946
171,27,9947
172,27,9948
173,27,9949
174,27,9950
175,27,9951
176,27,9952
177,27,9953
178,27,9954
179,27,9955
180,27,9956
181,27,9957
182,27,9958
183,27,9959
184,27,9960
185,27,9961
186,27,9962
187,27,9963
188,27,9964
189,27,9965
190,27,9966
191,27,9967
192,27,9968
193,27,9969
194,27,9970
195,27,9971
196,27,9972
197,27,9973
198,27,9974
199,27,9975
200,27,9976
201,27,9977
202,27,9978
203,27,9979
204,27,9980
205,27,9981
206,27,9982
207,27,9983
208,27,9984
209,27,9985
210,27,9986
211,27,9987
212,27,9988
213,27,9989
214,27,9990
215,27,9991
216,27,9992
217,27,9993
218,27,9994
219,27,9995
220,27,9996
221,27,9997
222,27,9998
223,27,9999
224,27,10000
225,27,10001
226,27,10002
227,27,10003
228,27,10004
229,27,10005
230,27,10006
231,27,10007
232,27,10008
233,27,10009
234,27,10010
235,27,10011
236,27,10012
237,27,10013
238,27,10014
239,27,10015
240,27,10016
241,27,10017
242,27,10018
243,27,10019
244,27,10020
245,27,10021
246,27,10022
247,27,10023
248,27,10024
249,27,10025
250,27,10026
251,27,10027
252,27,10028
253,27,10029
254,27,10030
255,27,10031
256,27,10032
257,27,10033
258,27,10034
259,27,10035
260,27,10036
261,27,10037
262,27,10038
263,27,10039
264,27,10040
265,27,10041
266,27,10042
267,27,10043
268,27,10044
269,27,10045
270,27,10046
271,27,10047
272,27,10048
273,27,10049
274,27,10050
275,27,10051
276,27,10052
277,27,10053
278,27,10054
279,27,10055
280,27,10056
281,27,10057
282,27,10058
283,27,10059
284,27,10060
285,27,10061
286,27,10062
287,27,10063
288,27,10064
289,27,10065
290,27,10066
291,27,10067
292,27,10068
293,27,10069
294,27,10070
295,27,10071
296,27,10072
297,27,10073
298,27,10074
299,27,10075
300,27,10076
301,27,10077
302,27,10078
303,27,10079
304,27,10080
305,27,10081
306,27,10082
307,27,10083
308,27,10084
309,27,10085
310,27,10086
311,27,10087
312,27,10088
313,27,10089
314,27,10090
315,27,10091
316,27,10092
317,27,10093
318,27,10094
319,27,10095
320,27,10096
321,27,10097
322,27,10098
323,27,10099
324,27,10100
325,27,10101
326,27,10102
327,27,10103
328,27,10104
329,27,10105
330,27,10106
331,27,10107
332,27,10108
333,27,10109
334,27,10110
335,27,10111
336,27,10112
337,27,10113
338,27,10114
339,27,10115
340,27,10116
341,27,10117
342,27,10118
343,27,10119
344,27,10120
345,27,10121
346,27,10122
347,27,10123
348,27,10124
349,27,10125
350,27,10126
351,27,10127
352,27,10128
353,27,10129
354,27,10130
355,27,10131
356,27,10132
357,27,10133
358,27,10134
359,27,10135
360,27,10136
361,27,10137
362,27,10138
363,27,10139
364,27,10140
365,27,10141
366,27,10142
367,27,10143
368,27,10144
369,27,10145
370,27,10146
371,27,10147
372,27,10148
373,27,10149
374,27,10150
375,27,10151
376,27,10152
1,28,10153
2,28,10154
3,28,10155
4,28,10156
5,28,10157
6,28,10158
7,28,10159
8,28,10160
9,28,10161
10,28,10162
11,28,10163
12,28,10164
13,28,10165
14,28,10166
15,28,10167
16,28,10168
17,28,10169
18,28,10170
19,28,10171
20,28,10172
21,28,10173
22,28,10174
23,28,10175
24,28,10176
25,28,10177
26,28,10178
27,28,10179
28,28,10180
29,28,10181
30,28,10182
31,28,10183
32,28,10184
33,28,10185
34,28,10186
35,28,10187
36,28,10188
37,28,10189
38,28,10190
39,28,10191
40,28,10192
41,28,10193
42,28,10194
43,28,10195
44,28,10196
45,28,10197
46,28,10198
47,28,10199
48,28,10200
49,28,10201
50,28,10202
51,28,10203
52,28,10204
53,28,10205
54,28,10206
55,28,10207
56,28,10208
57,28,10209
58,28,10210
59,28,10211
60,28,10212
61,28,10213
62,28,10214
63,28,10215
64,28,10216
65,28,10217
66,28,10218
67,28,10219
68,28,10220
69,28,10221
70,28,10222
71,28,10223
72,28,10224
73,28,10225
74,28,10226
75,28,10227
76,28,10228
77,28,10229
78,28,10230
79,28,10231
80,28,10232
81,28,10233
82,28,10234
83,28,10235
84,28,10236
85,28,10237
86,28,10238
87,28,10239
88,28,10240
89,28,10241
90,28,10242
91,28,10243
92,28,10244
93,28,10245
94,28,10246
95,28,10247
96,28,10248
97,28,10249
98,28,10250
99,28,10251
100,28,10252
101,28,10253
102,28,10254
103,28,10255
104,28,10256
105,28,10257
106,28,10258
107,28,10259
108,28,10260
109,28,10261
110,28,10262
111,28,10263
112,28,10264
113,28,10265
114,28,10266
115,28,10267
116,28,10268
117,28,10269
118,28,10270
119,28,10271
120,28,10272
121,28,10273
122,28,10274
123,28,10275
124,28,10276
125,28,10277
126,28,10278
127,28,10279
128,28,10280
129,28,10281
130,28,10282
131,28,10283
132,28,10284
133,28,10285
134,28,10286
135,28,10287
136,28,10288
137,28,10289
138,28,10290
139,28,10291
140,28,10292
141,28,10293
142,28,10294
143,28,10295
144,28,10296
145,28,10297
146,28,10298
147,28,10299
148,28,10300
149,28,10301
150,28,10302
151,28,10303
152,28,10304
153,28,10305
154,28,10306
155,28,10307
156,28,10308
157,28,10309
158,28,10310
159,28,10311
160,28,10312
161,28,10313
162,28,10314
163,28,10315
164,28,10316
165,28,10317
166,28,10318
167,28,10319
168,28,10320
169,28,10321
170,28,10322
171,28,10323
172,28,10324
173,28,10325
174,28,10326
175,28,10327
176,28,10328
177,28,10329
178,28,10330
179,28,10331
180,28,10332
181,28,10333
182,28,10334
183,28,10335
184,28,10336
185,28,10337
186,28,10338
187,28,10339
188,28,10340
189,28,10341
190,28,10342
191,28,10343
192,28,10344
193,28,10345
194,28,10346
195,28,10347
196,28,10348
197,28,10349
198,28,10350
199,28,10351
200,28,10352
201,28,10353
202,28,10354
203,28,10355
204,28,10356
205,28,10357
206,28,10358
207,28,10359
208,28,10360
209,28,10361
210,28,10362
211,28,10363
212,28,10364
213,28,10365
214,28,10366
215,28,10367
216,28,10368
217,28,10369
218,28,10370
219,28,10371
220,28,10372
221,28,10373
222,28,10374
223,28,10375
224,28,10376
225,28,10377
226,28,10378
227,28,10379
228,28,10380
229,28,10381
230,28,10382
231,28,10383
232,28,10384
233,28,10385
234,28,10386
235,28,10387
236,28,10388
237,28,10389
238,28,10390
239,28,10391
240,28,10392
241,28,10393
242,28,10394
243,28,10395
244,28,10396
245,28,10397
246,28,10398
247,28,10399
248,28,10400
249,28,10401
250,28,10402
251,28,10403
252,28,10404
253,28,10405
254,28,10406
255,28,10407
256,28,10408
257,28,10409
258,28,10410
259,28,10411
260,28,10412
261,28,10413
262,28,10414
263,28,10415
264,28,10416
265,28,10417
266,28,10418
267,28,10419
268,28,10420
269,28,10421
270,28,10422
271,28,10423
272,28,10424
273,28,10425
274,28,10426
275,28,10427
276,28,10428
277,28,10429
278,28,10430
279,28,10431
280,28,10432
281,28,10433
282,28,10434
283,28,10435
284,28,10436
285,28,10437
286,28,10438
287,28,10439
288,28,10440
289,28,10441
290,28,10442
291,28,10443
292,28,10444
293,28,10445
294,28,10446
295,28,10447
296,28,10448
297,28,10449
298,28,10450
299,28,10451
300,28,10452
301,28,10453
302,28,10454
303,28,10455
304,28,10456
305,28,10457
306,28,10458
307,28,10459
308,28,10460
309,28,10461
310,28,10462
311,28,10463
312,28,10464
313,28,10465
314,28,10466
315,28,10467
316,28,10468
317,28,10469
318,28,10470
319,28,10471
320,28,10472
321,28,10473
322,28,10474
323,28,10475
324,28,10476
325,28,10477
326,28,10478
327,28,10479
328,28,10480
329,28,10481
330,28,10482
331,28,10483
332,28,10484
333,28,10485
334,28,10486
335,28,10487
336,28,10488
337,28,10489
338,28,10490
339,28,10491
340,28,10492
341,28,10493
342,28,10494
343,28,10495
344,28,10496
345,28,10497
346,28,10498
347,28,10499
348,28,10500
349,28,10501
350,28,10502
351,28,10503
352,28,10504
353,28,10505
354,28,10506
355,28,10507
356,28,10508
357,28,10509
358,28,10510
359,28,10511
360,28,10512
361,28,10513
362,28,10514
363,28,10515
364,28,10516
365,28,10517
366,28,10518
367,28,10519
368,28,10520
369,28,10521
370,28,10522
371,28,10523
372,28,10524
373,28,10525
374,28,10526
375,28,10527
376,28,10528
1,29,10529
2,29,10530
3,29,10531
4,29,10532
5,29,10533
6,29,10534
7,29,10535
8,29,10536
9,29,10537
10,29,10538
11,29,10539
12,29,10540
13,29,10541
14,29,10542
15,29,10543
16,29,10544
17,29,10545
18,29,10546
19,29,10547
20,29,10548
21,29,10549
22,29,10550
23,29,10551
24,29,10552
25,29,10553
26,29,10554
27,29,10555
28,29,10556
29,29,10557
30,29,10558
31,29,10559
32,29,10560
33,29,10561
34,29,10562
35,29,10563
36,29,10564
37,29,10565
38,29,10566
39,29,10567
40,29,10568
41,29,10569
42,29,10570
43,29,10571
44,29,10572
45,29,10573
46,29,10574
47,29,10575
48,29,10576
49,29,10577
50,29,10578
51,29,10579
52,29,10580
53,29,10581
54,29,10582
55,29,10583
56,29,10584
57,29,10585
58,29,10586
59,29,10587
60,29,10588
61,29,10589
62,29,10590
63,29,10591
64,29,10592
65,29,10593
66,29,10594
67,29,10595
68,29,10596
69,29,10597
70,29,10598
71,29,10599
72,29,10600
73,29,10601
74,29,10602
75,29,10603
76,29,10604
77,29,10605
78,29,10606
79,29,10607
80,29,10608
81,29,10609
82,29,10610
83,29,10611
84,29,10612
85,29,10613
86,29,10614
87,29,10615
88,29,10616
89,29,10617
90,29,10618
91,29,10619
92,29,10620
93,29,10621
94,29,10622
95,29,10623
96,29,10624
97,29,10625
98,29,10626
99,29,10627
100,29,10628
101,29,10629
102,29,10630
103,29,10631
104,29,10632
105,29,10633
106,29,10634
107,29,10635
108,29,10636
109,29,10637
110,29,10638
111,29,10639
112,29,10640
113,29,10641
114,29,10642
115,29,10643
116,29,10644
117,29,10645
118,29,10646
119,29,10647
120,29,10648
121,29,10649
122,29,10650
123,29,10651
124,29,10652
125,29,10653
126,29,10654
127,29,10655
128,29,10656
129,29,10657
130,29,10658
131,29,10659
132,29,10660
133,29,10661
134,29,10662
135,29,10663
136,29,10664
137,29,10665
138,29,10666
139,29,10667
140,29,10668
141,29,10669
142,29,10670
143,29,10671
144,29,10672
145,29,10673
146,29,10674
147,29,10675
148,29,10676
149,29,10677
150,29,10678
151,29,10679
152,29,10680
153,29,10681
154,29,10682
155,29,10683
156,29,10684
157,29,10685
158,29,10686
159,29,10687
160,29,10688
161,29,10689
162,29,10690
163,29,10691
164,29,10692
165,29,10693
166,29,10694
167,29,10695
168,29,10696
169,29,10697
170,29,10698
171,29,10699
172,29,10700
173,29,10701
174,29,10702
175,29,10703
176,29,10704
177,29,10705
178,29,10706
179,29,10707
180,29,10708
181,29,10709
182,29,10710
183,29,10711
184,29,10712
185,29,10713
186,29,10714
187,29,10715
188,29,10716
189,29,10717
190,29,10718
191,29,10719
192,29,10720
193,29,10721
194,29,10722
195,29,10723
196,29,10724
197,29,10725
198,29,10726
199,29,10727
200,29,10728
201,29,10729
202,29,10730
203,29,10731
204,29,10732
205,29,10733
206,29,10734
207,29,10735
208,29,10736
209,29,10737
210,29,10738
211,29,10739
212,29,10740
213,29,10741
214,29,10742
215,29,10743
216,29,10744
217,29,10745
218,29,10746
219,29,10747
220,29,10748
221,29,10749
222,29,10750
223,29,10751
224,29,10752
225,29,10753
226,29,10754
227,29,10755
228,29,10756
229,29,10757
230,29,10758
231,29,10759
232,29,10760
233,29,10761
234,29,10762
235,29,10763
236,29,10764
237,29,10765
238,29,10766
239,29,10767
240,29,10768
241,29,10769
242,29,10770
243,29,10771
244,29,10772
245,29,10773
246,29,10774
247,29,10775
248,29,10776
249,29,10777
250,29,10778
251,29,10779
252,29,10780
253,29,10781
254,29,10782
255,29,10783
256,29,10784
257,29,10785
258,29,10786
259,29,10787
260,29,10788
261,29,10789
262,29,10790
263,29,10791
264,29,10792
265,29,10793
266,29,10794
267,29,10795
268,29,10796
269,29,10797
270,29,10798
271,29,10799
272,29,10800
273,29,10801
274,29,10802
275,29,10803
276,29,10804
277,29,10805
278,29,10806
279,29,10807
280,29,10808
281,29,10809
282,29,10810
283,29,10811
284,29,10812
285,29,10813
286,29,10814
287,29,10815
288,29,10816
289,29,10817
290,29,10818
291,29,10819
292,29,10820
293,29,10821
294,29,10822
295,29,10823
296,29,10824
297,29,10825
298,29,10826
299,29,10827
300,29,10828
301,29,10829
302,29,10830
303,29,10831
304,29,10832
305,29,10833
306,29,10834
307,29,10835
308,29,10836
309,29,10837
310,29,10838
311,29,10839
312,29,10840
313,29,10841
314,29,10842
315,29,10843
316,29,10844
317,29,10845
318,29,10846
319,29,10847
320,29,10848
321,29,10849
322,29,10850
323,29,10851
324,29,10852
325,29,10853
326,29,10854
327,29,10855
328,29,10856
329,29,10857
330,29,10858
331,29,10859
332,29,10860
333,29,10861
334,29,10862
335,29,10863
336,29,10864
337,29,10865
338,29,10866
339,29,10867
340,29,10868
341,29,10869
342,29,10870
343,29,10871
344,29,10872
345,29,10873
346,29,10874
347,29,10875
348,29,10876
349,29,10877
350,29,10878
351,29,10879
352,29,10880
353,29,10881
354,29,10882
355,29,10883
356,29,10884
357,29,10885
358,29,10886
359,29,10887
360,29,10888
361,29,10889
362,29,10890
363,29,10891
364,29,10892
365,29,10893
366,29,10894
367,29,10895
368,29,10896
369,29,10897
370,29,10898
371,29,10899
372,29,10900
373,29,10901
374,29,10902
375,29,10903
376,29,10904
1,30,10905
2,30,10906
3,30,10907
4,30,10908
5,30,10909
6,30,10910
7,30,10911
8,30,10912
9,30,10913
10,30,10914
11,30,10915
12,30,10916
13,30,10917
14,30,10918
15,30,10919
16,30,10920
17,30,10921
18,30,10922
19,30,10923
20,30,10924
21,30,10925
22,30,10926
23,30,10927
24,30,10928
25,30,10929
26,30,10930
27,30,10931
28,30,10932
29,30,10933
30,30,10934
31,30,10935
32,30,10936
33,30,10937
34,30,10938
35,30,10939
36,30,10940
37,30,10941
38,30,10942
39,30,10943
40,30,10944
41,30,10945
42,30,10946
43,30,10947
44,30,10948
45,30,10949
46,30,10950
47,30,10951
48,30,10952
49,30,10953
50,30,10954
51,30,10955
52,30,10956
53,30,10957
54,30,10958
55,30,10959
56,30,10960
57,30,10961
58,30,10962
59,30,10963
60,30,10964
61,30,10965
62,30,10966
63,30,10967
64,30,10968
65,30,10969
66,30,10970
67,30,10971
68,30,10972
69,30,10973
70,30,10974
71,30,10975
72,30,10976
73,30,10977
74,30,10978
75,30,10979
76,30,10980
77,30,10981
78,30,10982
79,30,10983
80,30,10984
81,30,10985
82,30,10986
83,30,10987
84,30,10988
85,30,10989
86,30,10990
87,30,10991
88,30,10992
89,30,10993
90,30,10994
91,30,10995
92,30,10996
93,30,10997
94,30,10998
95,30,10999
96,30,11000
97,30,11001
98,30,11002
99,30,11003
100,30,11004
101,30,11005
102,30,11006
103,30,11007
104,30,11008
105,30,11009
106,30,11010
107,30,11011
108,30,11012
109,30,11013
110,30,11014
111,30,11015
112,30,11016
113,30,11017
114,30,11018
115,30,11019
116,30,11020
117,30,11021
118,30,11022
119,30,11023
120,30,11024
121,30,11025
122,30,11026
123,30,11027
124,30,11028
125,30,11029
126,30,11030
127,30,11031
128,30,11032
129,30,11033
130,30,11034
131,30,11035
132,30,11036
133,30,11037
134,30,11038
135,30,11039
136,30,11040
137,30,11041
138,30,11042
139,30,11043
140,30,11044
141,30,11045
142,30,11046
143,30,11047
144,30,11048
145,30,11049
146,30,11050
147,30,11051
148,30,11052
149,30,11053
150,30,11054
151,30,11055
152,30,11056
153,30,11057
154,30,11058
155,30,11059
156,30,11060
157,30,11061
158,30,11062
159,30,11063
160,30,11064
161,30,11065
162,30,11066
163,30,11067
164,30,11068
165,30,11069
166,30,11070
167,30,11071
168,30,11072
169,30,11073
170,30,11074
171,30,11075
172,30,11076
173,30,11077
174,30,11078
175,30,11079
176,30,11080
177,30,11081
178,30,11082
179,30,11083
180,30,11084
181,30,11085
182,30,11086
183,30,11087
184,30,11088
185,30,11089
186,30,11090
187,30,11091
188,30,11092
189,30,11093
190,30,11094
191,30,11095
192,30,11096
193,30,11097
194,30,11098
195,30,11099
196,30,11100
197,30,11101
198,30,11102
199,30,11103
200,30,11104
201,30,11105
202,30,11106
203,30,11107
204,30,11108
205,30,11109
206,30,11110
207,30,11111
208,30,11112
209,30,11113
210,30,11114
211,30,11115
212,30,11116
213,30,11117
214,30,11118
215,30,11119
216,30,11120
217,30,11121
218,30,11122
219,30,11123
220,30,11124
221,30,11125
222,30,11126
223,30,11127
224,30,11128
225,30,11129
226,30,11130
227,30,11131
228,30,11132
229,30,11133
230,30,11134
231,30,11135
232,30,11136
233,30,11137
234,30,11138
235,30,11139
236,30,11140
237,30,11141
238,30,11142
239,30,11143
240,30,11144
241,30,11145
242,30,11146
243,30,11147
244,30,11148
245,30,11149
246,30,11150
247,30,11151
248,30,11152
249,30,11153
250,30,11154
251,30,11155
252,30,11156
253,30,11157
254,30,11158
255,30,11159
256,30,11160
257,30,11161
258,30,11162
259,30,11163
260,30,11164
261,30,11165
262,30,11166
263,30,11167
264,30,11168
265,30,11169
266,30,11170
267,30,11171
268,30,11172
269,30,11173
270,30,11174
271,30,11175
272,30,11176
273,30,11177
274,30,11178
275,30,11179
276,30,11180
277,30,11181
278,30,11182
279,30,11183
280,30,11184
281,30,11185
282,30,11186
283,30,11187
284,30,11188
285,30,11189
286,30,11190
287,30,11191
288,30,11192
289,30,11193
290,30,11194
291,30,11195
292,30,11196
293,30,11197
294,30,11198
295,30,11199
296,30,11200
297,30,11201
298,30,11202
299,30,11203
300,30,11204
301,30,11205
302,30,11206
303,30,11207
304,30,11208
305,30,11209
306,30,11210
307,30,11211
308,30,11212
309,30,11213
310,30,11214
311,30,11215
312,30,11216
313,30,11217
314,30,11218
315,30,11219
316,30,11220
317,30,11221
318,30,11222
319,30,11223
320,30,11224
321,30,11225
322,30,11226
323,30,11227
324,30,11228
325,30,11229
326,30,11230
327,30,11231
328,30,11232
329,30,11233
330,30,11234
331,30,11235
332,30,11236
333,30,11237
334,30,11238
335,30,11239
336,30,11240
337,30,11241
338,30,11242
339,30,11243
340,30,11244
341,30,11245
342,30,11246
343,30,11247
344,30,11248
345,30,11249
346,30,11250
347,30,11251
348,30,11252
349,30,11253
350,30,11254
351,30,11255
352,30,11256
353,30,11257
354,30,11258
355,30,11259
356,30,11260
357,30,11261
358,30,11262
359,30,11263
360,30,11264
361,30,11265
362,30,11266
363,30,11267
364,30,11268
365,30,11269
366,30,11270
367,30,11271
368,30,11272
369,30,11273
370,30,11274
371,30,11275
372,30,11276
373,30,11277
374,30,11278
375,30,11279
376,30,11280
1,31,11281
2,31,11282
3,31,11283
4,31,11284
5,31,11285
6,31,11286
7,31,11287
8,31,11288
9,31,11289
10,31,11290
11,31,11291
12,31,11292
13,31,11293
14,31,11294
15,31,11295
16,31,11296
17,31,11297
18,31,11298
19,31,11299
20,31,11300
21,31,11301
22,31,11302
23,31,11303
24,31,11304
25,31,11305
26,31,11306
27,31,11307
28,31,11308
29,31,11309
30,31,11310
31,31,11311
32,31,11312
33,31,11313
34,31,11314
35,31,11315
36,31,11316
37,31,11317
38,31,11318
39,31,11319
40,31,11320
41,31,11321
42,31,11322
43,31,11323
44,31,11324
45,31,11325
46,31,11326
47,31,11327
48,31,11328
49,31,11329
50,31,11330
51,31,11331
52,31,11332
53,31,11333
54,31,11334
55,31,11335
56,31,11336
57,31,11337
58,31,11338
59,31,11339
60,31,11340
61,31,11341
62,31,11342
63,31,11343
64,31,11344
65,31,11345
66,31,11346
67,31,11347
68,31,11348
69,31,11349
70,31,11350
71,31,11351
72,31,11352
73,31,11353
74,31,11354
75,31,11355
76,31,11356
77,31,11357
78,31,11358
79,31,11359
80,31,11360
81,31,11361
82,31,11362
83,31,11363
84,31,11364
85,31,11365
86,31,11366
87,31,11367
88,31,11368
89,31,11369
90,31,11370
91,31,11371
92,31,11372
93,31,11373
94,31,11374
95,31,11375
96,31,11376
97,31,11377
98,31,11378
99,31,11379
100,31,11380
101,31,11381
102,31,11382
103,31,11383
104,31,11384
105,31,11385
106,31,11386
107,31,11387
108,31,11388
109,31,11389
110,31,11390
111,31,11391
112,31,11392
113,31,11393
114,31,11394
115,31,11395
116,31,11396
117,31,11397
118,31,11398
119,31,11399
120,31,11400
121,31,11401
122,31,11402
123,31,11403
124,31,11404
125,31,11405
126,31,11406
127,31,11407
128,31,11408
129,31,11409
130,31,11410
131,31,11411
132,31,11412
133,31,11413
134,31,11414
135,31,11415
136,31,11416
137,31,11417
138,31,11418
139,31,11419
140,31,11420
141,31,11421
142,31,11422
143,31,11423
144,31,11424
145,31,11425
146,31,11426
147,31,11427
148,31,11428
149,31,11429
150,31,11430
151,31,11431
152,31,11432
153,31,11433
154,31,11434
155,31,11435
156,31,11436
157,31,11437
158,31,11438
159,31,11439
160,31,11440
161,31,11441
162,31,11442
163,31,11443
164,31,11444
165,31,11445
166,31,11446
167,31,11447
168,31,11448
169,31,11449
170,31,11450
171,31,11451
172,31,11452
173,31,11453
174,31,11454
175,31,11455
176,31,11456
177,31,11457
178,31,11458
179,31,11459
180,31,11460
181,31,11461
182,31,11462
183,31,11463
184,31,11464
185,31,11465
186,31,11466
187,31,11467
188,31,11468
189,31,11469
190,31,11470
191,31,11471
192,31,11472
193,31,11473
194,31,11474
195,31,11475
196,31,11476
197,31,11477
198,31,11478
199,31,11479
200,31,11480
201,31,11481
202,31,11482
203,31,11483
204,31,11484
205,31,11485
206,31,11486
207,31,11487
208,31,11488
209,31,11489
210,31,11490
211,31,11491
212,31,11492
213,31,11493
214,31,11494
215,31,11495
216,31,11496
217,31,11497
218,31,11498
219,31,11499
220,31,11500
221,31,11501
222,31,11502
223,31,11503
224,31,11504
225,31,11505
226,31,11506
227,31,11507
228,31,11508
229,31,11509
230,31,11510
231,31,11511
232,31,11512
233,31,11513
234,31,11514
235,31,11515
236,31,11516
237,31,11517
238,31,11518
239,31,11519
240,31,11520
241,31,11521
242,31,11522
243,31,11523
244,31,11524
245,31,11525
246,31,11526
247,31,11527
248,31,11528
249,31,11529
250,31,11530
251,31,11531
252,31,11532
253,31,11533
254,31,11534
255,31,11535
256,31,11536
257,31,11537
258,31,11538
259,31,11539
260,31,11540
261,31,11541
262,31,11542
263,31,11543
264,31,11544
265,31,11545
266,31,11546
267,31,11547
268,31,11548
269,31,11549
270,31,11550
271,31,11551
272,31,11552
273,31,11553
274,31,11554
275,31,11555
276,31,11556
277,31,11557
278,31,11558
279,31,11559
280,31,11560
281,31,11561
282,31,11562
283,31,11563
284,31,11564
285,31,11565
286,31,11566
287,31,11567
288,31,11568
289,31,11569
290,31,11570
291,31,11571
292,31,11572
293,31,11573
294,31,11574
295,31,11575
296,31,11576
297,31,11577
298,31,11578
299,31,11579
300,31,11580
301,31,11581
302,31,11582
303,31,11583
304,31,11584
305,31,11585
306,31,11586
307,31,11587
308,31,11588
309,31,11589
310,31,11590
311,31,11591
312,31,11592
313,31,11593
314,31,11594
315,31,11595
316,31,11596
317,31,11597
318,31,11598
319,31,11599
320,31,11600
321,31,11601
322,31,11602
323,31,11603
324,31,11604
325,31,11605
326,31,11606
327,31,11607
328,31,11608
329,31,11609
330,31,11610
331,31,11611
332,31,11612
333,31,11613
334,31,11614
335,31,11615
336,31,11616
337,31,11617
338,31,11618
339,31,11619
340,31,11620
341,31,11621
342,31,11622
343,31,11623
344,31,11624
345,31,11625
346,31,11626
347,31,11627
348,31,11628
349,31,11629
350,31,11630
351,31,11631
352,31,11632
353,31,11633
354,31,11634
355,31,11635
356,31,11636
357,31,11637
358,31,11638
359,31,11639
360,31,11640
361,31,11641
362,31,11642
363,31,11643
364,31,11644
365,31,11645
366,31,11646
367,31,11647
368,31,11648
369,31,11649
370,31,11650
371,31,11651
372,31,11652
373,31,11653
374,31,11654
375,31,11655
376,31,11656
1,32,11657
2,32,11658
3,32,11659
4,32,11660
5,32,11661
6,32,11662
7,32,11663
8,32,11664
9,32,11665
10,32,11666
11,32,11667
12,32,11668
13,32,11669
14,32,11670
15,32,11671
16,32,11672
17,32,11673
18,32,11674
19,32,11675
20,32,11676
21,32,11677
22,32,11678
23,32,11679
24,32,11680
25,32,11681
26,32,11682
27,32,11683
28,32,11684
29,32,11685
30,32,11686
31,32,11687
32,32,11688
33,32,11689
34,32,11690
35,32,11691
36,32,11692
37,32,11693
38,32,11694
39,32,11695
40,32,11696
41,32,11697
42,32,11698
43,32,11699
44,32,11700
45,32,11701
46,32,11702
47,32,11703
48,32,11704
49,32,11705
50,32,11706
51,32,11707
52,32,11708
53,32,11709
54,32,11710
55,32,11711
56,32,11712
57,32,11713
58,32,11714
59,32,11715
60,32,11716
61,32,11717
62,32,11718
63,32,11719
64,32,11720
65,32,11721
66,32,11722
67,32,11723
68,32,11724
69,32,11725
70,32,11726
71,32,11727
72,32,11728
73,32,11729
74,32,11730
75,32,11731
76,32,11732
77,32,11733
78,32,11734
79,32,11735
80,32,11736
81,32,11737
82,32,11738
83,32,11739
84,32,11740
85,32,11741
86,32,11742
87,32,11743
88,32,11744
89,32,11745
90,32,11746
91,32,11747
92,32,11748
93,32,11749
94,32,11750
95,32,11751
96,32,11752
97,32,11753
98,32,11754
99,32,11755
100,32,11756
101,32,11757
102,32,11758
103,32,11759
104,32,11760
105,32,11761
106,32,11762
107,32,11763
108,32,11764
109,32,11765
110,32,11766
111,32,11767
112,32,11768
113,32,11769
114,32,11770
115,32,11771
116,32,11772
117,32,11773
118,32,11774
119,32,11775
120,32,11776
121,32,11777
122,32,11778
123,32,11779
124,32,11780
125,32,11781
126,32,11782
127,32,11783
128,32,11784
129,32,11785
130,32,11786
131,32,11787
132,32,11788
133,32,11789
134,32,11790
135,32,11791
136,32,11792
137,32,11793
138,32,11794
139,32,11795
140,32,11796
141,32,11797
142,32,11798
143,32,11799
144,32,11800
145,32,11801
146,32,11802
147,32,11803
148,32,11804
149,32,11805
150,32,11806
151,32,11807
152,32,11808
153,32,11809
154,32,11810
155,32,11811
156,32,11812
157,32,11813
158,32,11814
159,32,11815
160,32,11816
161,32,11817
162,32,11818
163,32,11819
164,32,11820
165,32,11821
166,32,11822
167,32,11823
168,32,11824
169,32,11825
170,32,11826
171,32,11827
172,32,11828
173,32,11829
174,32,11830
175,32,11831
176,32,11832
177,32,11833
178,32,11834
179,32,11835
180,32,11836
181,32,11837
182,32,11838
183,32,11839
184,32,11840
185,32,11841
186,32,11842
187,32,11843
188,32,11844
189,32,11845
190,32,11846
191,32,11847
192,32,11848
193,32,11849
194,32,11850
195,32,11851
196,32,11852
197,32,11853
198,32,11854
199,32,11855
200,32,11856
201,32,11857
202,32,11858
203,32,11859
204,32,11860
205,32,11861
206,32,11862
207,32,11863
208,32,11864
209,32,11865
210,32,11866
211,32,11867
212,32,11868
213,32,11869
214,32,11870
215,32,11871
216,32,11872
217,32,11873
218,32,11874
219,32,11875
220,32,11876
221,32,11877
222,32,11878
223,32,11879
224,32,11880
225,32,11881
226,32,11882
227,32,11883
228,32,11884
229,32,11885
230,32,11886
231,32,11887
232,32,11888
233,32,11889
234,32,11890
235,32,11891
236,32,11892
237,32,11893
238,32,11894
239,32,11895
240,32,11896
241,32,11897
242,32,11898
243,32,11899
244,32,11900
245,32,11901
246,32,11902
247,32,11903
248,32,11904
249,32,11905
250,32,11906
251,32,11907
252,32,11908
253,32,11909
254,32,11910
255,32,11911
256,32,11912
257,32,11913
258,32,11914
259,32,11915
260,32,11916
261,32,11917
262,32,11918
263,32,11919
264,32,11920
265,32,11921
266,32,11922
267,32,11923
268,32,11924
269,32,11925
270,32,11926
271,32,11927
272,32,11928
273,32,11929
274,32,11930
275,32,11931
276,32,11932
277,32,11933
278,32,11934
279,32,11935
280,32,11936
281,32,11937
282,32,11938
283,32,11939
284,32,11940
285,32,11941
286,32,11942
287,32,11943
288,32,11944
289,32,11945
290,32,11946
291,32,11947
292,32,11948
293,32,11949
294,32,11950
295,32,11951
296,32,11952
297,32,11953
298,32,11954
299,32,11955
300,32,11956
301,32,11957
302,32,11958
303,32,11959
304,32,11960
305,32,11961
306,32,11962
307,32,11963
308,32,11964
309,32,11965
310,32,11966
311,32,11967
312,32,11968
313,32,11969
314,32,11970
315,32,11971
316,32,11972
317,32,11973
318,32,11974
319,32,11975
320,32,11976
321,32,11977
322,32,11978
323,32,11979
324,32,11980
325,32,11981
326,32,11982
327,32,11983
328,32,11984
329,32,11985
330,32,11986
331,32,11987
332,32,11988
333,32,11989
334,32,11990
335,32,11991
336,32,11992
337,32,11993
338,32,11994
339,32,11995
340,32,11996
341,32,11997
342,32,11998
343,32,11999
344,32,12000
345,32,12001
346,32,12002
347,32,12003
348,32,12004
349,32,12005
350,32,12006
351,32,12007
352,32,12008
353,32,12009
354,32,12010
355,32,12011
356,32,12012
357,32,12013
358,32,12014
359,32,12015
360,32,12016
361,32,12017
362,32,12018
363,32,12019
364,32,12020
365,32,12021
366,32,12022
367,32,12023
368,32,12024
369,32,12025
370,32,12026
371,32,12027
372,32,12028
373,32,12029
374,32,12030
375,32,12031
376,32,12032
1,33,12033
2,33,12034
3,33,12035
4,33,12036
5,33,12037
6,33,12038
7,33,12039
8,33,12040
9,33,12041
10,33,12042
11,33,12043
12,33,12044
13,33,12045
14,33,12046
15,33,12047
16,33,12048
17,33,12049
18,33,12050
19,33,12051
20,33,12052
21,33,12053
22,33,12054
23,33,12055
24,33,12056
25,33,12057
26,33,12058
27,33,12059
28,33,12060
29,33,12061
30,33,12062
31,33,12063
32,33,12064
33,33,12065
34,33,12066
35,33,12067
36,33,12068
37,33,12069
38,33,12070
39,33,12071
40,33,12072
41,33,12073
42,33,12074
43,33,12075
44,33,12076
45,33,12077
46,33,12078
47,33,12079
48,33,12080
49,33,12081
50,33,12082
51,33,12083
52,33,12084
53,33,12085
54,33,12086
55,33,12087
56,33,12088
57,33,12089
58,33,12090
59,33,12091
60,33,12092
61,33,12093
62,33,12094
63,33,12095
64,33,12096
65,33,12097
66,33,12098
67,33,12099
68,33,12100
69,33,12101
70,33,12102
71,33,12103
72,33,12104
73,33,12105
74,33,12106
75,33,12107
76,33,12108
77,33,12109
78,33,12110
79,33,12111
80,33,12112
81,33,12113
82,33,12114
83,33,12115
84,33,12116
85,33,12117
86,33,12118
87,33,12119
88,33,12120
89,33,12121
90,33,12122
91,33,12123
92,33,12124
93,33,12125
94,33,12126
95,33,12127
96,33,12128
97,33,12129
98,33,12130
99,33,12131
100,33,12132
101,33,12133
102,33,12134
103,33,12135
104,33,12136
105,33,12137
106,33,12138
107,33,12139
108,33,12140
109,33,12141
110,33,12142
111,33,12143
112,33,12144
113,33,12145
114,33,12146
115,33,12147
116,33,12148
117,33,12149
118,33,12150
119,33,12151
120,33,12152
121,33,12153
122,33,12154
123,33,12155
124,33,12156
125,33,12157
126,33,12158
127,33,12159
128,33,12160
129,33,12161
130,33,12162
131,33,12163
132,33,12164
133,33,12165
134,33,12166
135,33,12167
136,33,12168
137,33,12169
138,33,12170
139,33,12171
140,33,12172
141,33,12173
142,33,12174
143,33,12175
144,33,12176
145,33,12177
146,33,12178
147,33,12179
148,33,12180
149,33,12181
150,33,12182
151,33,12183
152,33,12184
153,33,12185
154,33,12186
155,33,12187
156,33,12188
157,33,12189
158,33,12190
159,33,12191
160,33,12192
161,33,12193
162,33,12194
163,33,12195
164,33,12196
165,33,12197
166,33,12198
167,33,12199
168,33,12200
169,33,12201
170,33,12202
171,33,12203
172,33,12204
173,33,12205
174,33,12206
175,33,12207
176,33,12208
177,33,12209
178,33,12210
179,33,12211
180,33,12212
181,33,12213
182,33,12214
183,33,12215
184,33,12216
185,33,12217
186,33,12218
187,33,12219
188,33,12220
189,33,12221
190,33,12222
191,33,12223
192,33,12224
193,33,12225
194,33,12226
195,33,12227
196,33,12228
197,33,12229
198,33,12230
199,33,12231
200,33,12232
201,33,12233
202,33,12234
203,33,12235
204,33,12236
205,33,12237
206,33,12238
207,33,12239
208,33,12240
209,33,12241
210,33,12242
211,33,12243
212,33,12244
213,33,12245
214,33,12246
215,33,12247
216,33,12248
217,33,12249
218,33,12250
219,33,12251
220,33,12252
221,33,12253
222,33,12254
223,33,12255
224,33,12256
225,33,12257
226,33,12258
227,33,12259
228,33,12260
229,33,12261
230,33,12262
231,33,12263
232,33,12264
233,33,12265
234,33,12266
235,33,12267
236,33,12268
237,33,12269
238,33,12270
239,33,12271
240,33,12272
241,33,12273
242,33,12274
243,33,12275
244,33,12276
245,33,12277
246,33,12278
247,33,12279
248,33,12280
249,33,12281
250,33,12282
251,33,12283
252,33,12284
253,33,12285
254,33,12286
255,33,12287
256,33,12288
257,33,12289
258,33,12290
259,33,12291
260,33,12292
261,33,12293
262,33,12294
263,33,12295
264,33,12296
265,33,12297
266,33,12298
267,33,12299
268,33,12300
269,33,12301
270,33,12302
271,33,12303
272,33,12304
273,33,12305
274,33,12306
275,33,12307
276,33,12308
277,33,12309
278,33,12310
279,33,12311
280,33,12312
281,33,12313
282,33,12314
283,33,12315
284,33,12316
285,33,12317
286,33,12318
287,33,12319
288,33,12320
289,33,12321
290,33,12322
291,33,12323
292,33,12324
293,33,12325
294,33,12326
295,33,12327
296,33,12328
297,33,12329
298,33,12330
299,33,12331
300,33,12332
301,33,12333
302,33,12334
303,33,12335
304,33,12336
305,33,12337
306,33,12338
307,33,12339
308,33,12340
309,33,12341
310,33,12342
311,33,12343
312,33,12344
313,33,12345
314,33,12346
315,33,12347
316,33,12348
317,33,12349
318,33,12350
319,33,12351
320,33,12352
321,33,12353
322,33,12354
323,33,12355
324,33,12356
325,33,12357
326,33,12358
327,33,12359
328,33,12360
329,33,12361
330,33,12362
331,33,12363
332,33,12364
333,33,12365
334,33,12366
335,33,12367
336,33,12368
337,33,12369
338,33,12370
339,33,12371
340,33,12372
341,33,12373
342,33,12374
343,33,12375
344,33,12376
345,33,12377
346,33,12378
347,33,12379
348,33,12380
349,33,12381
350,33,12382
351,33,12383
352,33,12384
353,33,12385
354,33,12386
355,33,12387
356,33,12388
357,33,12389
358,33,12390
359,33,12391
360,33,12392
361,33,12393
362,33,12394
363,33,12395
364,33,12396
365,33,12397
366,33,12398
367,33,12399
368,33,12400
369,33,12401
370,33,12402
371,33,12403
372,33,12404
373,33,12405
374,33,12406
375,33,12407
376,33,12408
1,34,12409
2,34,12410
3,34,12411
4,34,12412
5,34,12413
6,34,12414
7,34,12415
8,34,12416
9,34,12417
10,34,12418
11,34,12419
12,34,12420
13,34,12421
14,34,12422
15,34,12423
16,34,12424
17,34,12425
18,34,12426
19,34,12427
20,34,12428
21,34,12429
22,34,12430
23,34,12431
24,34,12432
25,34,12433
26,34,12434
27,34,12435
28,34,12436
29,34,12437
30,34,12438
31,34,12439
32,34,12440
33,34,12441
34,34,12442
35,34,12443
36,34,12444
37,34,12445
38,34,12446
39,34,12447
40,34,12448
41,34,12449
42,34,12450
43,34,12451
44,34,12452
45,34,12453
46,34,12454
47,34,12455
48,34,12456
49,34,12457
50,34,12458
51,34,12459
52,34,12460
53,34,12461
54,34,12462
55,34,12463
56,34,12464
57,34,12465
58,34,12466
59,34,12467
60,34,12468
61,34,12469
62,34,12470
63,34,12471
64,34,12472
65,34,12473
66,34,12474
67,34,12475
68,34,12476
69,34,12477
70,34,12478
71,34,12479
72,34,12480
73,34,12481
74,34,12482
75,34,12483
76,34,12484
77,34,12485
78,34,12486
79,34,12487
80,34,12488
81,34,12489
82,34,12490
83,34,12491
84,34,12492
85,34,12493
86,34,12494
87,34,12495
88,34,12496
89,34,12497
90,34,12498
91,34,12499
92,34,12500
93,34,12501
94,34,12502
95,34,12503
96,34,12504
97,34,12505
98,34,12506
99,34,12507
100,34,12508
101,34,12509
102,34,12510
103,34,12511
104,34,12512
105,34,12513
106,34,12514
107,34,12515
108,34,12516
109,34,12517
110,34,12518
111,34,12519
112,34,12520
113,34,12521
114,34,12522
115,34,12523
116,34,12524
117,34,12525
118,34,12526
119,34,12527
120,34,12528
121,34,12529
122,34,12530
123,34,12531
124,34,12532
125,34,12533
126,34,12534
127,34,12535
128,34,12536
129,34,12537
130,34,12538
131,34,12539
132,34,12540
133,34,12541
134,34,12542
135,34,12543
136,34,12544
137,34,12545
138,34,12546
139,34,12547
140,34,12548
141,34,12549
142,34,12550
143,34,12551
144,34,12552
145,34,12553
146,34,12554
147,34,12555
148,34,12556
149,34,12557
150,34,12558
151,34,12559
152,34,12560
153,34,12561
154,34,12562
155,34,12563
156,34,12564
157,34,12565
158,34,12566
159,34,12567
160,34,12568
161,34,12569
162,34,12570
163,34,12571
164,34,12572
165,34,12573
166,34,12574
167,34,12575
168,34,12576
169,34,12577
170,34,12578
171,34,12579
172,34,12580
173,34,12581
174,34,12582
175,34,12583
176,34,12584
177,34,12585
178,34,12586
179,34,12587
180,34,12588
181,34,12589
182,34,12590
183,34,12591
184,34,12592
185,34,12593
186,34,12594
187,34,12595
188,34,12596
189,34,12597
190,34,12598
191,34,12599
192,34,12600
193,34,12601
194,34,12602
195,34,12603
196,34,12604
197,34,12605
198,34,12606
199,34,12607
200,34,12608
201,34,12609
202,34,12610
203,34,12611
204,34,12612
205,34,12613
206,34,12614
207,34,12615
208,34,12616
209,34,12617
210,34,12618
211,34,12619
212,34,12620
213,34,12621
214,34,12622
215,34,12623
216,34,12624
217,34,12625
218,34,12626
219,34,12627
220,34,12628
221,34,12629
222,34,12630
223,34,12631
224,34,12632
225,34,12633
226,34,12634
227,34,12635
228,34,12636
229,34,12637
230,34,12638
231,34,12639
232,34,12640
233,34,12641
234,34,12642
235,34,12643
236,34,12644
237,34,12645
238,34,12646
239,34,12647
240,34,12648
241,34,12649
242,34,12650
243,34,12651
244,34,12652
245,34,12653
246,34,12654
247,34,12655
248,34,12656
249,34,12657
250,34,12658
251,34,12659
252,34,12660
253,34,12661
254,34,12662
255,34,12663
256,34,12664
257,34,12665
258,34,12666
259,34,12667
260,34,12668
261,34,12669
262,34,12670
263,34,12671
264,34,12672
265,34,12673
266,34,12674
267,34,12675
268,34,12676
269,34,12677
270,34,12678
271,34,12679
272,34,12680
273,34,12681
274,34,12682
275,34,12683
276,34,12684
277,34,12685
278,34,12686
279,34,12687
280,34,12688
281,34,12689
282,34,12690
283,34,12691
284,34,12692
285,34,12693
286,34,12694
287,34,12695
288,34,12696
289,34,12697
290,34,12698
291,34,12699
292,34,12700
293,34,12701
294,34,12702
295,34,12703
296,34,12704
297,34,12705
298,34,12706
299,34,12707
300,34,12708
301,34,12709
302,34,12710
303,34,12711
304,34,12712
305,34,12713
306,34,12714
307,34,12715
308,34,12716
309,34,12717
310,34,12718
311,34,12719
312,34,12720
313,34,12721
314,34,12722
315,34,12723
316,34,12724
317,34,12725
318,34,12726
319,34,12727
320,34,12728
321,34,12729
322,34,12730
323,34,12731
324,34,12732
325,34,12733
326,34,12734
327,34,12735
328,34,12736
329,34,12737
330,34,12738
331,34,12739
332,34,12740
333,34,12741
334,34,12742
335,34,12743
336,34,12744
337,34,12745
338,34,12746
339,34,12747
340,34,12748
341,34,12749
342,34,12750
343,34,12751
344,34,12752
345,34,12753
346,34,12754
347,34,12755
348,34,12756
349,34,12757
350,34,12758
351,34,12759
352,34,12760
353,34,12761
354,34,12762
355,34,12763
356,34,12764
357,34,12765
358,34,12766
359,34,12767
360,34,12768
361,34,12769
362,34,12770
363,34,12771
364,34,12772
365,34,12773
366,34,12774
367,34,12775
368,34,12776
369,34,12777
370,34,12778
371,34,12779
372,34,12780
373,34,12781
374,34,12782
375,34,12783
376,34,12784
1,35,12785
2,35,12786
3,35,12787
4,35,12788
5,35,12789
6,35,12790
7,35,12791
8,35,12792
9,35,12793
10,35,12794
11,35,12795
12,35,12796
13,35,12797
14,35,12798
15,35,12799
16,35,12800
17,35,12801
18,35,12802
19,35,12803
20,35,12804
21,35,12805
22,35,12806
23,35,12807
24,35,12808
25,35,12809
26,35,12810
27,35,12811
28,35,12812
29,35,12813
30,35,12814
31,35,12815
32,35,12816
33,35,12817
34,35,12818
35,35,12819
36,35,12820
37,35,12821
38,35,12822
39,35,12823
40,35,12824
41,35,12825
42,35,12826
43,35,12827
44,35,12828
45,35,12829
46,35,12830
47,35,12831
48,35,12832
49,35,12833
50,35,12834
51,35,12835
52,35,12836
53,35,12837
54,35,12838
55,35,12839
56,35,12840
57,35,12841
58,35,12842
59,35,12843
60,35,12844
61,35,12845
62,35,12846
63,35,12847
64,35,12848
65,35,12849
66,35,12850
67,35,12851
68,35,12852
69,35,12853
70,35,12854
71,35,12855
72,35,12856
73,35,12857
74,35,12858
75,35,12859
76,35,12860
77,35,12861
78,35,12862
79,35,12863
80,35,12864
81,35,12865
82,35,12866
83,35,12867
84,35,12868
85,35,12869
86,35,12870
87,35,12871
88,35,12872
89,35,12873
90,35,12874
91,35,12875
92,35,12876
93,35,12877
94,35,12878
95,35,12879
96,35,12880
97,35,12881
98,35,12882
99,35,12883
100,35,12884
101,35,12885
102,35,12886
103,35,12887
104,35,12888
105,35,12889
106,35,12890
107,35,12891
108,35,12892
109,35,12893
110,35,12894
111,35,12895
112,35,12896
113,35,12897
114,35,12898
115,35,12899
116,35,12900
117,35,12901
118,35,12902
119,35,12903
120,35,12904
121,35,12905
122,35,12906
123,35,12907
124,35,12908
125,35,12909
126,35,12910
127,35,12911
128,35,12912
129,35,12913
130,35,12914
131,35,12915
132,35,12916
133,35,12917
134,35,12918
135,35,12919
136,35,12920
137,35,12921
138,35,12922
139,35,12923
140,35,12924
141,35,12925
142,35,12926
143,35,12927
144,35,12928
145,35,12929
146,35,12930
147,35,12931
148,35,12932
149,35,12933
150,35,12934
151,35,12935
152,35,12936
153,35,12937
154,35,12938
155,35,12939
156,35,12940
157,35,12941
158,35,12942
159,35,12943
160,35,12944
161,35,12945
162,35,12946
163,35,12947
164,35,12948
165,35,12949
166,35,12950
167,35,12951
168,35,12952
169,35,12953
170,35,12954
171,35,12955
172,35,12956
173,35,12957
174,35,12958
175,35,12959
176,35,12960
177,35,12961
178,35,12962
179,35,12963
180,35,12964
181,35,12965
182,35,12966
183,35,12967
184,35,12968
185,35,12969
186,35,12970
187,35,12971
188,35,12972
189,35,12973
190,35,12974
191,35,12975
192,35,12976
193,35,12977
194,35,12978
195,35,12979
196,35,12980
197,35,12981
198,35,12982
199,35,12983
200,35,12984
201,35,12985
202,35,12986
203,35,12987
204,35,12988
205,35,12989
206,35,12990
207,35,12991
208,35,12992
209,35,12993
210,35,12994
211,35,12995
212,35,12996
213,35,12997
214,35,12998
215,35,12999
216,35,13000
217,35,13001
218,35,13002
219,35,13003
220,35,13004
221,35,13005
222,35,13006
223,35,13007
224,35,13008
225,35,13009
226,35,13010
227,35,13011
228,35,13012
229,35,13013
230,35,13014
231,35,13015
232,35,13016
233,35,13017
234,35,13018
235,35,13019
236,35,13020
237,35,13021
238,35,13022
239,35,13023
240,35,13024
241,35,13025
242,35,13026
243,35,13027
244,35,13028
245,35,13029
246,35,13030
247,35,13031
248,35,13032
249,35,13033
250,35,13034
251,35,13035
252,35,13036
253,35,13037
254,35,13038
255,35,13039
256,35,13040
257,35,13041
258,35,13042
259,35,13043
260,35,13044
261,35,13045
262,35,13046
263,35,13047
264,35,13048
265,35,13049
266,35,13050
267,35,13051
268,35,13052
269,35,13053
270,35,13054
271,35,13055
272,35,13056
273,35,13057
274,35,13058
275,35,13059
276,35,13060
277,35,13061
278,35,13062
279,35,13063
280,35,13064
281,35,13065
282,35,13066
283,35,13067
284,35,13068
285,35,13069
286,35,13070
287,35,13071
288,35,13072
289,35,13073
290,35,13074
291,35,13075
292,35,13076
293,35,13077
294,35,13078
295,35,13079
296,35,13080
297,35,13081
298,35,13082
299,35,13083
300,35,13084
301,35,13085
302,35,13086
303,35,13087
304,35,13088
305,35,13089
306,35,13090
307,35,13091
308,35,13092
309,35,13093
310,35,13094
311,35,13095
312,35,13096
313,35,13097
314,35,13098
315,35,13099
316,35,13100
317,35,13101
318,35,13102
319,35,13103
320,35,13104
321,35,13105
322,35,13106
323,35,13107
324,35,13108
325,35,13109
326,35,13110
327,35,13111
328,35,13112
329,35,13113
330,35,13114
331,35,13115
332,35,13116
333,35,13117
334,35,13118
335,35,13119
336,35,13120
337,35,13121
338,35,13122
339,35,13123
340,35,13124
341,35,13125
342,35,13126
343,35,13127
344,35,13128
345,35,13129
346,35,13130
347,35,13131
348,35,13132
349,35,13133
350,35,13134
351,35,13135
352,35,13136
353,35,13137
354,35,13138
355,35,13139
356,35,13140
357,35,13141
358,35,13142
359,35,13143
360,35,13144
361,35,13145
362,35,13146
363,35,13147
364,35,13148
365,35,13149
366,35,13150
367,35,13151
368,35,13152
369,35,13153
370,35,13154
371,35,13155
372,35,13156
373,35,13157
374,35,13158
375,35,13159
376,35,13160
1,36,13161
2,36,13162
3,36,13163
4,36,13164
5,36,13165
6,36,13166
7,36,13167
8,36,13168
9,36,13169
10,36,13170
11,36,13171
12,36,13172
13,36,13173
14,36,13174
15,36,13175
16,36,13176
17,36,13177
18,36,13178
19,36,13179
20,36,13180
21,36,13181
22,36,13182
23,36,13183
24,36,13184
25,36,13185
26,36,13186
27,36,13187
28,36,13188
29,36,13189
30,36,13190
31,36,13191
32,36,13192
33,36,13193
34,36,13194
35,36,13195
36,36,13196
37,36,13197
38,36,13198
39,36,13199
40,36,13200
41,36,13201
42,36,13202
43,36,13203
44,36,13204
45,36,13205
46,36,13206
47,36,13207
48,36,13208
49,36,13209
50,36,13210
51,36,13211
52,36,13212
53,36,13213
54,36,13214
55,36,13215
56,36,13216
57,36,13217
58,36,13218
59,36,13219
60,36,13220
61,36,13221
62,36,13222
63,36,13223
64,36,13224
65,36,13225
66,36,13226
67,36,13227
68,36,13228
69,36,13229
70,36,13230
71,36,13231
72,36,13232
73,36,13233
74,36,13234
75,36,13235
76,36,13236
77,36,13237
78,36,13238
79,36,13239
80,36,13240
81,36,13241
82,36,13242
83,36,13243
84,36,13244
85,36,13245
86,36,13246
87,36,13247
88,36,13248
89,36,13249
90,36,13250
91,36,13251
92,36,13252
93,36,13253
94,36,13254
95,36,13255
96,36,13256
97,36,13257
98,36,13258
99,36,13259
100,36,13260
101,36,13261
102,36,13262
103,36,13263
104,36,13264
105,36,13265
106,36,13266
107,36,13267
108,36,13268
109,36,13269
110,36,13270
111,36,13271
112,36,13272
113,36,13273
114,36,13274
115,36,13275
116,36,13276
117,36,13277
118,36,13278
119,36,13279
120,36,13280
121,36,13281
122,36,13282
123,36,13283
124,36,13284
125,36,13285
126,36,13286
127,36,13287
128,36,13288
129,36,13289
130,36,13290
131,36,13291
132,36,13292
133,36,13293
134,36,13294
135,36,13295
136,36,13296
137,36,13297
138,36,13298
139,36,13299
140,36,13300
141,36,13301
142,36,13302
143,36,13303
144,36,13304
145,36,13305
146,36,13306
147,36,13307
148,36,13308
149,36,13309
150,36,13310
151,36,13311
152,36,13312
153,36,13313
154,36,13314
155,36,13315
156,36,13316
157,36,13317
158,36,13318
159,36,13319
160,36,13320
161,36,13321
162,36,13322
163,36,13323
164,36,13324
165,36,13325
166,36,13326
167,36,13327
168,36,13328
169,36,13329
170,36,13330
171,36,13331
172,36,13332
173,36,13333
174,36,13334
175,36,13335
176,36,13336
177,36,13337
178,36,13338
179,36,13339
180,36,13340
181,36,13341
182,36,13342
183,36,13343
184,36,13344
185,36,13345
186,36,13346
187,36,13347
188,36,13348
189,36,13349
190,36,13350
191,36,13351
192,36,13352
193,36,13353
194,36,13354
195,36,13355
196,36,13356
197,36,13357
198,36,13358
199,36,13359
200,36,13360
201,36,13361
202,36,13362
203,36,13363
204,36,13364
205,36,13365
206,36,13366
207,36,13367
208,36,13368
209,36,13369
210,36,13370
211,36,13371
212,36,13372
213,36,13373
214,36,13374
215,36,13375
216,36,13376
217,36,13377
218,36,13378
219,36,13379
220,36,13380
221,36,13381
222,36,13382
223,36,13383
224,36,13384
225,36,13385
226,36,13386
227,36,13387
228,36,13388
229,36,13389
230,36,13390
231,36,13391
232,36,13392
233,36,13393
234,36,13394
235,36,13395
236,36,13396
237,36,13397
238,36,13398
239,36,13399
240,36,13400
241,36,13401
242,36,13402
243,36,13403
244,36,13404
245,36,13405
246,36,13406
247,36,13407
248,36,13408
249,36,13409
250,36,13410
251,36,13411
252,36,13412
253,36,13413
254,36,13414
255,36,13415
256,36,13416
257,36,13417
258,36,13418
259,36,13419
260,36,13420
261,36,13421
262,36,13422
263,36,13423
264,36,13424
265,36,13425
266,36,13426
267,36,13427
268,36,13428
269,36,13429
270,36,13430
271,36,13431
272,36,13432
273,36,13433
274,36,13434
275,36,13435
276,36,13436
277,36,13437
278,36,13438
279,36,13439
280,36,13440
281,36,13441
282,36,13442
283,36,13443
284,36,13444
285,36,13445
286,36,13446
287,36,13447
288,36,13448
289,36,13449
290,36,13450
291,36,13451
292,36,13452
293,36,13453
294,36,13454
295,36,13455
296,36,13456
297,36,13457
298,36,13458
299,36,13459
300,36,13460
301,36,13461
302,36,13462
303,36,13463
304,36,13464
305,36,13465
306,36,13466
307,36,13467
308,36,13468
309,36,13469
310,36,13470
311,36,13471
312,36,13472
313,36,13473
314,36,13474
315,36,13475
316,36,13476
317,36,13477
318,36,13478
319,36,13479
320,36,13480
321,36,13481
322,36,13482
323,36,13483
324,36,13484
325,36,13485
326,36,13486
327,36,13487
328,36,13488
329,36,13489
330,36,13490
331,36,13491
332,36,13492
333,36,13493
334,36,13494
335,36,13495
336,36,13496
337,36,13497
338,36,13498
339,36,13499
340,36,13500
341,36,13501
342,36,13502
343,36,13503
344,36,13504
345,36,13505
346,36,13506
347,36,13507
348,36,13508
349,36,13509
350,36,13510
351,36,13511
352,36,13512
353,36,13513
354,36,13514
355,36,13515
356,36,13516
357,36,13517
358,36,13518
359,36,13519
360,36,13520
361,36,13521
362,36,13522
363,36,13523
364,36,13524
365,36,13525
366,36,13526
367,36,13527
368,36,13528
369,36,13529
370,36,13530
371,36,13531
372,36,13532
373,36,13533
374,36,13534
375,36,13535
376,36,13536
1,37,13537
2,37,13538
3,37,13539
4,37,13540
5,37,13541
6,37,13542
7,37,13543
8,37,13544
9,37,13545
10,37,13546
11,37,13547
12,37,13548
13,37,13549
14,37,13550
15,37,13551
16,37,13552
17,37,13553
18,37,13554
19,37,13555
20,37,13556
21,37,13557
22,37,13558
23,37,13559
24,37,13560
25,37,13561
26,37,13562
27,37,13563
28,37,13564
29,37,13565
30,37,13566
31,37,13567
32,37,13568
33,37,13569
34,37,13570
35,37,13571
36,37,13572
37,37,13573
38,37,13574
39,37,13575
40,37,13576
41,37,13577
42,37,13578
43,37,13579
44,37,13580
45,37,13581
46,37,13582
47,37,13583
48,37,13584
49,37,13585
50,37,13586
51,37,13587
52,37,13588
53,37,13589
54,37,13590
55,37,13591
56,37,13592
57,37,13593
58,37,13594
59,37,13595
60,37,13596
61,37,13597
62,37,13598
63,37,13599
64,37,13600
65,37,13601
66,37,13602
67,37,13603
68,37,13604
69,37,13605
70,37,13606
71,37,13607
72,37,13608
73,37,13609
74,37,13610
75,37,13611
76,37,13612
77,37,13613
78,37,13614
79,37,13615
80,37,13616
81,37,13617
82,37,13618
83,37,13619
84,37,13620
85,37,13621
86,37,13622
87,37,13623
88,37,13624
89,37,13625
90,37,13626
91,37,13627
92,37,13628
93,37,13629
94,37,13630
95,37,13631
96,37,13632
97,37,13633
98,37,13634
99,37,13635
100,37,13636
101,37,13637
102,37,13638
103,37,13639
104,37,13640
105,37,13641
106,37,13642
107,37,13643
108,37,13644
109,37,13645
110,37,13646
111,37,13647
112,37,13648
113,37,13649
114,37,13650
115,37,13651
116,37,13652
117,37,13653
118,37,13654
119,37,13655
120,37,13656
121,37,13657
122,37,13658
123,37,13659
124,37,13660
125,37,13661
126,37,13662
127,37,13663
128,37,13664
129,37,13665
130,37,13666
131,37,13667
132,37,13668
133,37,13669
134,37,13670
135,37,13671
136,37,13672
137,37,13673
138,37,13674
139,37,13675
140,37,13676
141,37,13677
142,37,13678
143,37,13679
144,37,13680
145,37,13681
146,37,13682
147,37,13683
148,37,13684
149,37,13685
150,37,13686
151,37,13687
152,37,13688
153,37,13689
154,37,13690
155,37,13691
156,37,13692
157,37,13693
158,37,13694
159,37,13695
160,37,13696
161,37,13697
162,37,13698
163,37,13699
164,37,13700
165,37,13701
166,37,13702
167,37,13703
168,37,13704
169,37,13705
170,37,13706
171,37,13707
172,37,13708
173,37,13709
174,37,13710
175,37,13711
176,37,13712
177,37,13713
178,37,13714
179,37,13715
180,37,13716
181,37,13717
182,37,13718
183,37,13719
184,37,13720
185,37,13721
186,37,13722
187,37,13723
188,37,13724
189,37,13725
190,37,13726
191,37,13727
192,37,13728
193,37,13729
194,37,13730
195,37,13731
196,37,13732
197,37,13733
198,37,13734
199,37,13735
200,37,13736
201,37,13737
202,37,13738
203,37,13739
204,37,13740
205,37,13741
206,37,13742
207,37,13743
208,37,13744
209,37,13745
210,37,13746
211,37,13747
212,37,13748
213,37,13749
214,37,13750
215,37,13751
216,37,13752
217,37,13753
218,37,13754
219,37,13755
220,37,13756
221,37,13757
222,37,13758
223,37,13759
224,37,13760
225,37,13761
226,37,13762
227,37,13763
228,37,13764
229,37,13765
230,37,13766
231,37,13767
232,37,13768
233,37,13769
234,37,13770
235,37,13771
236,37,13772
237,37,13773
238,37,13774
239,37,13775
240,37,13776
241,37,13777
242,37,13778
243,37,13779
244,37,13780
245,37,13781
246,37,13782
247,37,13783
248,37,13784
249,37,13785
250,37,13786
251,37,13787
252,37,13788
253,37,13789
254,37,13790
255,37,13791
256,37,13792
257,37,13793
258,37,13794
259,37,13795
260,37,13796
261,37,13797
262,37,13798
263,37,13799
264,37,13800
265,37,13801
266,37,13802
267,37,13803
268,37,13804
269,37,13805
270,37,13806
271,37,13807
272,37,13808
273,37,13809
274,37,13810
275,37,13811
276,37,13812
277,37,13813
278,37,13814
279,37,13815
280,37,13816
281,37,13817
282,37,13818
283,37,13819
284,37,13820
285,37,13821
286,37,13822
287,37,13823
288,37,13824
289,37,13825
290,37,13826
291,37,13827
292,37,13828
293,37,13829
294,37,13830
295,37,13831
296,37,13832
297,37,13833
298,37,13834
299,37,13835
300,37,13836
301,37,13837
302,37,13838
303,37,13839
304,37,13840
305,37,13841
306,37,13842
307,37,13843
308,37,13844
309,37,13845
310,37,13846
311,37,13847
312,37,13848
313,37,13849
314,37,13850
315,37,13851
316,37,13852
317,37,13853
318,37,13854
319,37,13855
320,37,13856
321,37,13857
322,37,13858
323,37,13859
324,37,13860
325,37,13861
326,37,13862
327,37,13863
328,37,13864
329,37,13865
330,37,13866
331,37,13867
332,37,13868
333,37,13869
334,37,13870
335,37,13871
336,37,13872
337,37,13873
338,37,13874
339,37,13875
340,37,13876
341,37,13877
342,37,13878
343,37,13879
344,37,13880
345,37,13881
346,37,13882
347,37,13883
348,37,13884
349,37,13885
350,37,13886
351,37,13887
352,37,13888
353,37,13889
354,37,13890
355,37,13891
356,37,13892
357,37,13893
358,37,13894
359,37,13895
360,37,13896
361,37,13897
362,37,13898
363,37,13899
364,37,13900
365,37,13901
366,37,13902
367,37,13903
368,37,13904
369,37,13905
370,37,13906
371,37,13907
372,37,13908
373,37,13909
374,37,13910
375,37,13911
376,37,13912
1,38,13913
2,38,13914
3,38,13915
4,38,13916
5,38,13917
6,38,13918
7,38,13919
8,38,13920
9,38,13921
10,38,13922
11,38,13923
12,38,13924
13,38,13925
14,38,13926
15,38,13927
16,38,13928
17,38,13929
18,38,13930
19,38,13931
20,38,13932
21,38,13933
22,38,13934
23,38,13935
24,38,13936
25,38,13937
26,38,13938
27,38,13939
28,38,13940
29,38,13941
30,38,13942
31,38,13943
32,38,13944
33,38,13945
34,38,13946
35,38,13947
36,38,13948
37,38,13949
38,38,13950
39,38,13951
40,38,13952
41,38,13953
42,38,13954
43,38,13955
44,38,13956
45,38,13957
46,38,13958
47,38,13959
48,38,13960
49,38,13961
50,38,13962
51,38,13963
52,38,13964
53,38,13965
54,38,13966
55,38,13967
56,38,13968
57,38,13969
58,38,13970
59,38,13971
60,38,13972
61,38,13973
62,38,13974
63,38,13975
64,38,13976
65,38,13977
66,38,13978
67,38,13979
68,38,13980
69,38,13981
70,38,13982
71,38,13983
72,38,13984
73,38,13985
74,38,13986
75,38,13987
76,38,13988
77,38,13989
78,38,13990
79,38,13991
80,38,13992
81,38,13993
82,38,13994
83,38,13995
84,38,13996
85,38,13997
86,38,13998
87,38,13999
88,38,14000
89,38,14001
90,38,14002
91,38,14003
92,38,14004
93,38,14005
94,38,14006
95,38,14007
96,38,14008
97,38,14009
98,38,14010
99,38,14011
100,38,14012
101,38,14013
102,38,14014
103,38,14015
104,38,14016
105,38,14017
106,38,14018
107,38,14019
108,38,14020
109,38,14021
110,38,14022
111,38,14023
112,38,14024
113,38,14025
114,38,14026
115,38,14027
116,38,14028
117,38,14029
118,38,14030
119,38,14031
120,38,14032
121,38,14033
122,38,14034
123,38,14035
124,38,14036
125,38,14037
126,38,14038
127,38,14039
128,38,14040
129,38,14041
130,38,14042
131,38,14043
132,38,14044
133,38,14045
134,38,14046
135,38,14047
136,38,14048
137,38,14049
138,38,14050
139,38,14051
140,38,14052
141,38,14053
142,38,14054
143,38,14055
144,38,14056
145,38,14057
146,38,14058
147,38,14059
148,38,14060
149,38,14061
150,38,14062
151,38,14063
152,38,14064
153,38,14065
154,38,14066
155,38,14067
156,38,14068
157,38,14069
158,38,14070
159,38,14071
160,38,14072
161,38,14073
162,38,14074
163,38,14075
164,38,14076
165,38,14077
166,38,14078
167,38,14079
168,38,14080
169,38,14081
170,38,14082
171,38,14083
172,38,14084
173,38,14085
174,38,14086
175,38,14087
176,38,14088
177,38,14089
178,38,14090
179,38,14091
180,38,14092
181,38,14093
182,38,14094
183,38,14095
184,38,14096
185,38,14097
186,38,14098
187,38,14099
188,38,14100
189,38,14101
190,38,14102
191,38,14103
192,38,14104
193,38,14105
194,38,14106
195,38,14107
196,38,14108
197,38,14109
198,38,14110
199,38,14111
200,38,14112
201,38,14113
202,38,14114
203,38,14115
204,38,14116
205,38,14117
206,38,14118
207,38,14119
208,38,14120
209,38,14121
210,38,14122
211,38,14123
212,38,14124
213,38,14125
214,38,14126
215,38,14127
216,38,14128
217,38,14129
218,38,14130
219,38,14131
220,38,14132
221,38,14133
222,38,14134
223,38,14135
224,38,14136
225,38,14137
226,38,14138
227,38,14139
228,38,14140
229,38,14141
230,38,14142
231,38,14143
232,38,14144
233,38,14145
234,38,14146
235,38,14147
236,38,14148
237,38,14149
238,38,14150
239,38,14151
240,38,14152
241,38,14153
242,38,14154
243,38,14155
244,38,14156
245,38,14157
246,38,14158
247,38,14159
248,38,14160
249,38,14161
250,38,14162
251,38,14163
252,38,14164
253,38,14165
254,38,14166
255,38,14167
256,38,14168
257,38,14169
258,38,14170
259,38,14171
260,38,14172
261,38,14173
262,38,14174
263,38,14175
264,38,14176
265,38,14177
266,38,14178
267,38,14179
268,38,14180
269,38,14181
270,38,14182
271,38,14183
272,38,14184
273,38,14185
274,38,14186
275,38,14187
276,38,14188
277,38,14189
278,38,14190
279,38,14191
280,38,14192
281,38,14193
282,38,14194
283,38,14195
284,38,14196
285,38,14197
286,38,14198
287,38,14199
288,38,14200
289,38,14201
290,38,14202
291,38,14203
292,38,14204
293,38,14205
294,38,14206
295,38,14207
296,38,14208
297,38,14209
298,38,14210
299,38,14211
300,38,14212
301,38,14213
302,38,14214
303,38,14215
304,38,14216
305,38,14217
306,38,14218
307,38,14219
308,38,14220
309,38,14221
310,38,14222
311,38,14223
312,38,14224
313,38,14225
314,38,14226
315,38,14227
316,38,14228
317,38,14229
318,38,14230
319,38,14231
320,38,14232
321,38,14233
322,38,14234
323,38,14235
324,38,14236
325,38,14237
326,38,14238
327,38,14239
328,38,14240
329,38,14241
330,38,14242
331,38,14243
332,38,14244
333,38,14245
334,38,14246
335,38,14247
336,38,14248
337,38,14249
338,38,14250
339,38,14251
340,38,14252
341,38,14253
342,38,14254
343,38,14255
344,38,14256
345,38,14257
346,38,14258
347,38,14259
348,38,14260
349,38,14261
350,38,14262
351,38,14263
352,38,14264
353,38,14265
354,38,14266
355,38,14267
356,38,14268
357,38,14269
358,38,14270
359,38,14271
360,38,14272
361,38,14273
362,38,14274
363,38,14275
364,38,14276
365,38,14277
366,38,14278
367,38,14279
368,38,14280
369,38,14281
370,38,14282
371,38,14283
372,38,14284
373,38,14285
374,38,14286
375,38,14287
376,38,14288
1,39,14289
2,39,14290
3,39,14291
4,39,14292
5,39,14293
6,39,14294
7,39,14295
8,39,14296
9,39,14297
10,39,14298
11,39,14299
12,39,14300
13,39,14301
14,39,14302
15,39,14303
16,39,14304
17,39,14305
18,39,14306
19,39,14307
20,39,14308
21,39,14309
22,39,14310
23,39,14311
24,39,14312
25,39,14313
26,39,14314
27,39,14315
28,39,14316
29,39,14317
30,39,14318
31,39,14319
32,39,14320
33,39,14321
34,39,14322
35,39,14323
36,39,14324
37,39,14325
38,39,14326
39,39,14327
40,39,14328
41,39,14329
42,39,14330
43,39,14331
44,39,14332
45,39,14333
46,39,14334
47,39,14335
48,39,14336
49,39,14337
50,39,14338
51,39,14339
52,39,14340
53,39,14341
54,39,14342
55,39,14343
56,39,14344
57,39,14345
58,39,14346
59,39,14347
60,39,14348
61,39,14349
62,39,14350
63,39,14351
64,39,14352
65,39,14353
66,39,14354
67,39,14355
68,39,14356
69,39,14357
70,39,14358
71,39,14359
72,39,14360
73,39,14361
74,39,14362
75,39,14363
76,39,14364
77,39,14365
78,39,14366
79,39,14367
80,39,14368
81,39,14369
82,39,14370
83,39,14371
84,39,14372
85,39,14373
86,39,14374
87,39,14375
88,39,14376
89,39,14377
90,39,14378
91,39,14379
92,39,14380
93,39,14381
94,39,14382
95,39,14383
96,39,14384
97,39,14385
98,39,14386
99,39,14387
100,39,14388
101,39,14389
102,39,14390
103,39,14391
104,39,14392
105,39,14393
106,39,14394
107,39,14395
108,39,14396
109,39,14397
110,39,14398
111,39,14399
112,39,14400
113,39,14401
114,39,14402
115,39,14403
116,39,14404
117,39,14405
118,39,14406
119,39,14407
120,39,14408
121,39,14409
122,39,14410
123,39,14411
124,39,14412
125,39,14413
126,39,14414
127,39,14415
128,39,14416
129,39,14417
130,39,14418
131,39,14419
132,39,14420
133,39,14421
134,39,14422
135,39,14423
136,39,14424
137,39,14425
138,39,14426
139,39,14427
140,39,14428
141,39,14429
142,39,14430
143,39,14431
144,39,14432
145,39,14433
146,39,14434
147,39,14435
148,39,14436
149,39,14437
150,39,14438
151,39,14439
152,39,14440
153,39,14441
154,39,14442
155,39,14443
156,39,14444
157,39,14445
158,39,14446
159,39,14447
160,39,14448
161,39,14449
162,39,14450
163,39,14451
164,39,14452
165,39,14453
166,39,14454
167,39,14455
168,39,14456
169,39,14457
170,39,14458
171,39,14459
172,39,14460
173,39,14461
174,39,14462
175,39,14463
176,39,14464
177,39,14465
178,39,14466
179,39,14467
180,39,14468
181,39,14469
182,39,14470
183,39,14471
184,39,14472
185,39,14473
186,39,14474
187,39,14475
188,39,14476
189,39,14477
190,39,14478
191,39,14479
192,39,14480
193,39,14481
194,39,14482
195,39,14483
196,39,14484
197,39,14485
198,39,14486
199,39,14487
200,39,14488
201,39,14489
202,39,14490
203,39,14491
204,39,14492
205,39,14493
206,39,14494
207,39,14495
208,39,14496
209,39,14497
210,39,14498
211,39,14499
212,39,14500
213,39,14501
214,39,14502
215,39,14503
216,39,14504
217,39,14505
218,39,14506
219,39,14507
220,39,14508
221,39,14509
222,39,14510
223,39,14511
224,39,14512
225,39,14513
226,39,14514
227,39,14515
228,39,14516
229,39,14517
230,39,14518
231,39,14519
232,39,14520
233,39,14521
234,39,14522
235,39,14523
236,39,14524
237,39,14525
238,39,14526
239,39,14527
240,39,14528
241,39,14529
242,39,14530
243,39,14531
244,39,14532
245,39,14533
246,39,14534
247,39,14535
248,39,14536
249,39,14537
250,39,14538
251,39,14539
252,39,14540
253,39,14541
254,39,14542
255,39,14543
256,39,14544
257,39,14545
258,39,14546
259,39,14547
260,39,14548
261,39,14549
262,39,14550
263,39,14551
264,39,14552
265,39,14553
266,39,14554
267,39,14555
268,39,14556
269,39,14557
270,39,14558
271,39,14559
272,39,14560
273,39,14561
274,39,14562
275,39,14563
276,39,14564
277,39,14565
278,39,14566
279,39,14567
280,39,14568
281,39,14569
282,39,14570
283,39,14571
284,39,14572
285,39,14573
286,39,14574
287,39,14575
288,39,14576
289,39,14577
290,39,14578
291,39,14579
292,39,14580
293,39,14581
294,39,14582
295,39,14583
296,39,14584
297,39,14585
298,39,14586
299,39,14587
300,39,14588
301,39,14589
302,39,14590
303,39,14591
304,39,14592
305,39,14593
306,39,14594
307,39,14595
308,39,14596
309,39,14597
310,39,14598
311,39,14599
312,39,14600
313,39,14601
314,39,14602
315,39,14603
316,39,14604
317,39,14605
318,39,14606
319,39,14607
320,39,14608
321,39,14609
322,39,14610
323,39,14611
324,39,14612
325,39,14613
326,39,14614
327,39,14615
328,39,14616
329,39,14617
330,39,14618
331,39,14619
332,39,14620
333,39,14621
334,39,14622
335,39,14623
336,39,14624
337,39,14625
338,39,14626
339,39,14627
340,39,14628
341,39,14629
342,39,14630
343,39,14631
344,39,14632
345,39,14633
346,39,14634
347,39,14635
348,39,14636
349,39,14637
350,39,14638
351,39,14639
352,39,14640
353,39,14641
354,39,14642
355,39,14643
356,39,14644
357,39,14645
358,39,14646
359,39,14647
360,39,14648
361,39,14649
362,39,14650
363,39,14651
364,39,14652
365,39,14653
366,39,14654
367,39,14655
368,39,14656
369,39,14657
370,39,14658
371,39,14659
372,39,14660
373,39,14661
374,39,14662
375,39,14663
376,39,14664
1,40,14665
2,40,14666
3,40,14667
4,40,14668
5,40,14669
6,40,14670
7,40,14671
8,40,14672
9,40,14673
10,40,14674
11,40,14675
12,40,14676
13,40,14677
14,40,14678
15,40,14679
16,40,14680
17,40,14681
18,40,14682
19,40,14683
20,40,14684
21,40,14685
22,40,14686
23,40,14687
24,40,14688
25,40,14689
26,40,14690
27,40,14691
28,40,14692
29,40,14693
30,40,14694
31,40,14695
32,40,14696
33,40,14697
34,40,14698
35,40,14699
36,40,14700
37,40,14701
38,40,14702
39,40,14703
40,40,14704
41,40,14705
42,40,14706
43,40,14707
44,40,14708
45,40,14709
46,40,14710
47,40,14711
48,40,14712
49,40,14713
50,40,14714
51,40,14715
52,40,14716
53,40,14717
54,40,14718
55,40,14719
56,40,14720
57,40,14721
58,40,14722
59,40,14723
60,40,14724
61,40,14725
62,40,14726
63,40,14727
64,40,14728
65,40,14729
66,40,14730
67,40,14731
68,40,14732
69,40,14733
70,40,14734
71,40,14735
72,40,14736
73,40,14737
74,40,14738
75,40,14739
76,40,14740
77,40,14741
78,40,14742
79,40,14743
80,40,14744
81,40,14745
82,40,14746
83,40,14747
84,40,14748
85,40,14749
86,40,14750
87,40,14751
88,40,14752
89,40,14753
90,40,14754
91,40,14755
92,40,14756
93,40,14757
94,40,14758
95,40,14759
96,40,14760
97,40,14761
98,40,14762
99,40,14763
100,40,14764
101,40,14765
102,40,14766
103,40,14767
104,40,14768
105,40,14769
106,40,14770
107,40,14771
108,40,14772
109,40,14773
110,40,14774
111,40,14775
112,40,14776
113,40,14777
114,40,14778
115,40,14779
116,40,14780
117,40,14781
118,40,14782
119,40,14783
120,40,14784
121,40,14785
122,40,14786
123,40,14787
124,40,14788
125,40,14789
126,40,14790
127,40,14791
128,40,14792
129,40,14793
130,40,14794
131,40,14795
132,40,14796
133,40,14797
134,40,14798
135,40,14799
136,40,14800
137,40,14801
138,40,14802
139,40,14803
140,40,14804
141,40,14805
142,40,14806
143,40,14807
144,40,14808
145,40,14809
146,40,14810
147,40,14811
148,40,14812
149,40,14813
150,40,14814
151,40,14815
152,40,14816
153,40,14817
154,40,14818
155,40,14819
156,40,14820
157,40,14821
158,40,14822
159,40,14823
160,40,14824
161,40,14825
162,40,14826
163,40,14827
164,40,14828
165,40,14829
166,40,14830
167,40,14831
168,40,14832
169,40,14833
170,40,14834
171,40,14835
172,40,14836
173,40,14837
174,40,14838
175,40,14839
176,40,14840
177,40,14841
178,40,14842
179,40,14843
180,40,14844
181,40,14845
182,40,14846
183,40,14847
184,40,14848
185,40,14849
186,40,14850
187,40,14851
188,40,14852
189,40,14853
190,40,14854
191,40,14855
192,40,14856
193,40,14857
194,40,14858
195,40,14859
196,40,14860
197,40,14861
198,40,14862
199,40,14863
200,40,14864
201,40,14865
202,40,14866
203,40,14867
204,40,14868
205,40,14869
206,40,14870
207,40,14871
208,40,14872
209,40,14873
210,40,14874
211,40,14875
212,40,14876
213,40,14877
214,40,14878
215,40,14879
216,40,14880
217,40,14881
218,40,14882
219,40,14883
220,40,14884
221,40,14885
222,40,14886
223,40,14887
224,40,14888
225,40,14889
226,40,14890
227,40,14891
228,40,14892
229,40,14893
230,40,14894
231,40,14895
232,40,14896
233,40,14897
234,40,14898
235,40,14899
236,40,14900
237,40,14901
238,40,14902
239,40,14903
240,40,14904
241,40,14905
242,40,14906
243,40,14907
244,40,14908
245,40,14909
246,40,14910
247,40,14911
248,40,14912
249,40,14913
250,40,14914
251,40,14915
252,40,14916
253,40,14917
254,40,14918
255,40,14919
256,40,14920
257,40,14921
258,40,14922
259,40,14923
260,40,14924
261,40,14925
262,40,14926
263,40,14927
264,40,14928
265,40,14929
266,40,14930
267,40,14931
268,40,14932
269,40,14933
270,40,14934
271,40,14935
272,40,14936
273,40,14937
274,40,14938
275,40,14939
276,40,14940
277,40,14941
278,40,14942
279,40,14943
280,40,14944
281,40,14945
282,40,14946
283,40,14947
284,40,14948
285,40,14949
286,40,14950
287,40,14951
288,40,14952
289,40,14953
290,40,14954
291,40,14955
292,40,14956
293,40,14957
294,40,14958
295,40,14959
296,40,14960
297,40,14961
298,40,14962
299,40,14963
300,40,14964
301,40,14965
302,40,14966
303,40,14967
304,40,14968
305,40,14969
306,40,14970
307,40,14971
308,40,14972
309,40,14973
310,40,14974
311,40,14975
312,40,14976
313,40,14977
314,40,14978
315,40,14979
316,40,14980
317,40,14981
318,40,14982
319,40,14983
320,40,14984
321,40,14985
322,40,14986
323,40,14987
324,40,14988
325,40,14989
326,40,14990
327,40,14991
328,40,14992
329,40,14993
330,40,14994
331,40,14995
332,40,14996
333,40,14997
334,40,14998
335,40,14999
336,40,15000
337,40,15001
338,40,15002
339,40,15003
340,40,15004
341,40,15005
342,40,15006
343,40,15007
344,40,15008
345,40,15009
346,40,15010
347,40,15011
348,40,15012
349,40,15013
350,40,15014
351,40,15015
352,40,15016
353,40,15017
354,40,15018
355,40,15019
356,40,15020
357,40,15021
358,40,15022
359,40,15023
360,40,15024
361,40,15025
362,40,15026
363,40,15027
364,40,15028
365,40,15029
366,40,15030
367,40,15031
368,40,15032
369,40,15033
370,40,15034
371,40,15035
372,40,15036
373,40,15037
374,40,15038
375,40,15039
376,40,15040
1,41,15041
2,41,15042
3,41,15043
4,41,15044
5,41,15045
6,41,15046
7,41,15047
8,41,15048
9,41,15049
10,41,15050
11,41,15051
12,41,15052
13,41,15053
14,41,15054
15,41,15055
16,41,15056
17,41,15057
18,41,15058
19,41,15059
20,41,15060
21,41,15061
22,41,15062
23,41,15063
24,41,15064
25,41,15065
26,41,15066
27,41,15067
28,41,15068
29,41,15069
30,41,15070
31,41,15071
32,41,15072
33,41,15073
34,41,15074
35,41,15075
36,41,15076
37,41,15077
38,41,15078
39,41,15079
40,41,15080
41,41,15081
42,41,15082
43,41,15083
44,41,15084
45,41,15085
46,41,15086
47,41,15087
48,41,15088
49,41,15089
50,41,15090
51,41,15091
52,41,15092
53,41,15093
54,41,15094
55,41,15095
56,41,15096
57,41,15097
58,41,15098
59,41,15099
60,41,15100
61,41,15101
62,41,15102
63,41,15103
64,41,15104
65,41,15105
66,41,15106
67,41,15107
68,41,15108
69,41,15109
70,41,15110
71,41,15111
72,41,15112
73,41,15113
74,41,15114
75,41,15115
76,41,15116
77,41,15117
78,41,15118
79,41,15119
80,41,15120
81,41,15121
82,41,15122
83,41,15123
84,41,15124
85,41,15125
86,41,15126
87,41,15127
88,41,15128
89,41,15129
90,41,15130
91,41,15131
92,41,15132
93,41,15133
94,41,15134
95,41,15135
96,41,15136
97,41,15137
98,41,15138
99,41,15139
100,41,15140
101,41,15141
102,41,15142
103,41,15143
104,41,15144
105,41,15145
106,41,15146
107,41,15147
108,41,15148
109,41,15149
110,41,15150
111,41,15151
112,41,15152
113,41,15153
114,41,15154
115,41,15155
116,41,15156
117,41,15157
118,41,15158
119,41,15159
120,41,15160
121,41,15161
122,41,15162
123,41,15163
124,41,15164
125,41,15165
126,41,15166
127,41,15167
128,41,15168
129,41,15169
130,41,15170
131,41,15171
132,41,15172
133,41,15173
134,41,15174
135,41,15175
136,41,15176
137,41,15177
138,41,15178
139,41,15179
140,41,15180
141,41,15181
142,41,15182
143,41,15183
144,41,15184
145,41,15185
146,41,15186
147,41,15187
148,41,15188
149,41,15189
150,41,15190
151,41,15191
152,41,15192
153,41,15193
154,41,15194
155,41,15195
156,41,15196
157,41,15197
158,41,15198
159,41,15199
160,41,15200
161,41,15201
162,41,15202
163,41,15203
164,41,15204
165,41,15205
166,41,15206
167,41,15207
168,41,15208
169,41,15209
170,41,15210
171,41,15211
172,41,15212
173,41,15213
174,41,15214
175,41,15215
176,41,15216
177,41,15217
178,41,15218
179,41,15219
180,41,15220
181,41,15221
182,41,15222
183,41,15223
184,41,15224
185,41,15225
186,41,15226
187,41,15227
188,41,15228
189,41,15229
190,41,15230
191,41,15231
192,41,15232
193,41,15233
194,41,15234
195,41,15235
196,41,15236
197,41,15237
198,41,15238
199,41,15239
200,41,15240
201,41,15241
202,41,15242
203,41,15243
204,41,15244
205,41,15245
206,41,15246
207,41,15247
208,41,15248
209,41,15249
210,41,15250
211,41,15251
212,41,15252
213,41,15253
214,41,15254
215,41,15255
216,41,15256
217,41,15257
218,41,15258
219,41,15259
220,41,15260
221,41,15261
222,41,15262
223,41,15263
224,41,15264
225,41,15265
226,41,15266
227,41,15267
228,41,15268
229,41,15269
230,41,15270
231,41,15271
232,41,15272
233,41,15273
234,41,15274
235,41,15275
236,41,15276
237,41,15277
238,41,15278
239,41,15279
240,41,15280
241,41,15281
242,41,15282
243,41,15283
244,41,15284
245,41,15285
246,41,15286
247,41,15287
248,41,15288
249,41,15289
250,41,15290
251,41,15291
252,41,15292
253,41,15293
254,41,15294
255,41,15295
256,41,15296
257,41,15297
258,41,15298
259,41,15299
260,41,15300
261,41,15301
262,41,15302
263,41,15303
264,41,15304
265,41,15305
266,41,15306
267,41,15307
268,41,15308
269,41,15309
270,41,15310
271,41,15311
272,41,15312
273,41,15313
274,41,15314
275,41,15315
276,41,15316
277,41,15317
278,41,15318
279,41,15319
280,41,15320
281,41,15321
282,41,15322
283,41,15323
284,41,15324
285,41,15325
286,41,15326
287,41,15327
288,41,15328
289,41,15329
290,41,15330
291,41,15331
292,41,15332
293,41,15333
294,41,15334
295,41,15335
296,41,15336
297,41,15337
298,41,15338
299,41,15339
300,41,15340
301,41,15341
302,41,15342
303,41,15343
304,41,15344
305,41,15345
306,41,15346
307,41,15347
308,41,15348
309,41,15349
310,41,15350
311,41,15351
312,41,15352
313,41,15353
314,41,15354
315,41,15355
316,41,15356
317,41,15357
318,41,15358
319,41,15359
320,41,15360
321,41,15361
322,41,15362
323,41,15363
324,41,15364
325,41,15365
326,41,15366
327,41,15367
328,41,15368
329,41,15369
330,41,15370
331,41,15371
332,41,15372
333,41,15373
334,41,15374
335,41,15375
336,41,15376
337,41,15377
338,41,15378
339,41,15379
340,41,15380
341,41,15381
342,41,15382
343,41,15383
344,41,15384
345,41,15385
346,41,15386
347,41,15387
348,41,15388
349,41,15389
350,41,15390
351,41,15391
352,41,15392
353,41,15393
354,41,15394
355,41,15395
356,41,15396
357,41,15397
358,41,15398
359,41,15399
360,41,15400
361,41,15401
362,41,15402
363,41,15403
364,41,15404
365,41,15405
366,41,15406
367,41,15407
368,41,15408
369,41,15409
370,41,15410
371,41,15411
372,41,15412
373,41,15413
374,41,15414
375,41,15415
376,41,15416
1,42,15417
2,42,15418
3,42,15419
4,42,15420
5,42,15421
6,42,15422
7,42,15423
8,42,15424
9,42,15425
10,42,15426
11,42,15427
12,42,15428
13,42,15429
14,42,15430
15,42,15431
16,42,15432
17,42,15433
18,42,15434
19,42,15435
20,42,15436
21,42,15437
22,42,15438
23,42,15439
24,42,15440
25,42,15441
26,42,15442
27,42,15443
28,42,15444
29,42,15445
30,42,15446
31,42,15447
32,42,15448
33,42,15449
34,42,15450
35,42,15451
36,42,15452
37,42,15453
38,42,15454
39,42,15455
40,42,15456
41,42,15457
42,42,15458
43,42,15459
44,42,15460
45,42,15461
46,42,15462
47,42,15463
48,42,15464
49,42,15465
50,42,15466
51,42,15467
52,42,15468
53,42,15469
54,42,15470
55,42,15471
56,42,15472
57,42,15473
58,42,15474
59,42,15475
60,42,15476
61,42,15477
62,42,15478
63,42,15479
64,42,15480
65,42,15481
66,42,15482
67,42,15483
68,42,15484
69,42,15485
70,42,15486
71,42,15487
72,42,15488
73,42,15489
74,42,15490
75,42,15491
76,42,15492
77,42,15493
78,42,15494
79,42,15495
80,42,15496
81,42,15497
82,42,15498
83,42,15499
84,42,15500
85,42,15501
86,42,15502
87,42,15503
88,42,15504
89,42,15505
90,42,15506
91,42,15507
92,42,15508
93,42,15509
94,42,15510
95,42,15511
96,42,15512
97,42,15513
98,42,15514
99,42,15515
100,42,15516
101,42,15517
102,42,15518
103,42,15519
104,42,15520
105,42,15521
106,42,15522
107,42,15523
108,42,15524
109,42,15525
110,42,15526
111,42,15527
112,42,15528
113,42,15529
114,42,15530
115,42,15531
116,42,15532
117,42,15533
118,42,15534
119,42,15535
120,42,15536
121,42,15537
122,42,15538
123,42,15539
124,42,15540
125,42,15541
126,42,15542
127,42,15543
128,42,15544
129,42,15545
130,42,15546
131,42,15547
132,42,15548
133,42,15549
134,42,15550
135,42,15551
136,42,15552
137,42,15553
138,42,15554
139,42,15555
140,42,15556
141,42,15557
142,42,15558
143,42,15559
144,42,15560
145,42,15561
146,42,15562
147,42,15563
148,42,15564
149,42,15565
150,42,15566
151,42,15567
152,42,15568
153,42,15569
154,42,15570
155,42,15571
156,42,15572
157,42,15573
158,42,15574
159,42,15575
160,42,15576
161,42,15577
162,42,15578
163,42,15579
164,42,15580
165,42,15581
166,42,15582
167,42,15583
168,42,15584
169,42,15585
170,42,15586
171,42,15587
172,42,15588
173,42,15589
174,42,15590
175,42,15591
176,42,15592
177,42,15593
178,42,15594
179,42,15595
180,42,15596
181,42,15597
182,42,15598
183,42,15599
184,42,15600
185,42,15601
186,42,15602
187,42,15603
188,42,15604
189,42,15605
190,42,15606
191,42,15607
192,42,15608
193,42,15609
194,42,15610
195,42,15611
196,42,15612
197,42,15613
198,42,15614
199,42,15615
200,42,15616
201,42,15617
202,42,15618
203,42,15619
204,42,15620
205,42,15621
206,42,15622
207,42,15623
208,42,15624
209,42,15625
210,42,15626
211,42,15627
212,42,15628
213,42,15629
214,42,15630
215,42,15631
216,42,15632
217,42,15633
218,42,15634
219,42,15635
220,42,15636
221,42,15637
222,42,15638
223,42,15639
224,42,15640
225,42,15641
226,42,15642
227,42,15643
228,42,15644
229,42,15645
230,42,15646
231,42,15647
232,42,15648
233,42,15649
234,42,15650
235,42,15651
236,42,15652
237,42,15653
238,42,15654
239,42,15655
240,42,15656
241,42,15657
242,42,15658
243,42,15659
244,42,15660
245,42,15661
246,42,15662
247,42,15663
248,42,15664
249,42,15665
250,42,15666
251,42,15667
252,42,15668
253,42,15669
254,42,15670
255,42,15671
256,42,15672
257,42,15673
258,42,15674
259,42,15675
260,42,15676
261,42,15677
262,42,15678
263,42,15679
264,42,15680
265,42,15681
266,42,15682
267,42,15683
268,42,15684
269,42,15685
270,42,15686
271,42,15687
272,42,15688
273,42,15689
274,42,15690
275,42,15691
276,42,15692
277,42,15693
278,42,15694
279,42,15695
280,42,15696
281,42,15697
282,42,15698
283,42,15699
284,42,15700
285,42,15701
286,42,15702
287,42,15703
288,42,15704
289,42,15705
290,42,15706
291,42,15707
292,42,15708
293,42,15709
294,42,15710
295,42,15711
296,42,15712
297,42,15713
298,42,15714
299,42,15715
300,42,15716
301,42,15717
302,42,15718
303,42,15719
304,42,15720
305,42,15721
306,42,15722
307,42,15723
308,42,15724
309,42,15725
310,42,15726
311,42,15727
312,42,15728
313,42,15729
314,42,15730
315,42,15731
316,42,15732
317,42,15733
318,42,15734
319,42,15735
320,42,15736
321,42,15737
322,42,15738
323,42,15739
324,42,15740
325,42,15741
326,42,15742
327,42,15743
328,42,15744
329,42,15745
330,42,15746
331,42,15747
332,42,15748
333,42,15749
334,42,15750
335,42,15751
336,42,15752
337,42,15753
338,42,15754
339,42,15755
340,42,15756
341,42,15757
342,42,15758
343,42,15759
344,42,15760
345,42,15761
346,42,15762
347,42,15763
348,42,15764
349,42,15765
350,42,15766
351,42,15767
352,42,15768
353,42,15769
354,42,15770
355,42,15771
356,42,15772
357,42,15773
358,42,15774
359,42,15775
360,42,15776
361,42,15777
362,42,15778
363,42,15779
364,42,15780
365,42,15781
366,42,15782
367,42,15783
368,42,15784
369,42,15785
370,42,15786
371,42,15787
372,42,15788
373,42,15789
374,42,15790
375,42,15791
376,42,15792
1,43,15793
2,43,15794
3,43,15795
4,43,15796
5,43,15797
6,43,15798
7,43,15799
8,43,15800
9,43,15801
10,43,15802
11,43,15803
12,43,15804
13,43,15805
14,43,15806
15,43,15807
16,43,15808
17,43,15809
18,43,15810
19,43,15811
20,43,15812
21,43,15813
22,43,15814
23,43,15815
24,43,15816
25,43,15817
26,43,15818
27,43,15819
28,43,15820
29,43,15821
30,43,15822
31,43,15823
32,43,15824
33,43,15825
34,43,15826
35,43,15827
36,43,15828
37,43,15829
38,43,15830
39,43,15831
40,43,15832
41,43,15833
42,43,15834
43,43,15835
44,43,15836
45,43,15837
46,43,15838
47,43,15839
48,43,15840
49,43,15841
50,43,15842
51,43,15843
52,43,15844
53,43,15845
54,43,15846
55,43,15847
56,43,15848
57,43,15849
58,43,15850
59,43,15851
60,43,15852
61,43,15853
62,43,15854
63,43,15855
64,43,15856
65,43,15857
66,43,15858
67,43,15859
68,43,15860
69,43,15861
70,43,15862
71,43,15863
72,43,15864
73,43,15865
74,43,15866
75,43,15867
76,43,15868
77,43,15869
78,43,15870
79,43,15871
80,43,15872
81,43,15873
82,43,15874
83,43,15875
84,43,15876
85,43,15877
86,43,15878
87,43,15879
88,43,15880
89,43,15881
90,43,15882
91,43,15883
92,43,15884
93,43,15885
94,43,15886
95,43,15887
96,43,15888
97,43,15889
98,43,15890
99,43,15891
100,43,15892
101,43,15893
102,43,15894
103,43,15895
104,43,15896
105,43,15897
106,43,15898
107,43,15899
108,43,15900
109,43,15901
110,43,15902
111,43,15903
112,43,15904
113,43,15905
114,43,15906
115,43,15907
116,43,15908
117,43,15909
118,43,15910
119,43,15911
120,43,15912
121,43,15913
122,43,15914
123,43,15915
124,43,15916
125,43,15917
126,43,15918
127,43,15919
128,43,15920
129,43,15921
130,43,15922
131,43,15923
132,43,15924
133,43,15925
134,43,15926
135,43,15927
136,43,15928
137,43,15929
138,43,15930
139,43,15931
140,43,15932
141,43,15933
142,43,15934
143,43,15935
144,43,15936
145,43,15937
146,43,15938
147,43,15939
148,43,15940
149,43,15941
150,43,15942
151,43,15943
152,43,15944
153,43,15945
154,43,15946
155,43,15947
156,43,15948
157,43,15949
158,43,15950
159,43,15951
160,43,15952
161,43,15953
162,43,15954
163,43,15955
164,43,15956
165,43,15957
166,43,15958
167,43,15959
168,43,15960
169,43,15961
170,43,15962
171,43,15963
172,43,15964
173,43,15965
174,43,15966
175,43,15967
176,43,15968
177,43,15969
178,43,15970
179,43,15971
180,43,15972
181,43,15973
182,43,15974
183,43,15975
184,43,15976
185,43,15977
186,43,15978
187,43,15979
188,43,15980
189,43,15981
190,43,15982
191,43,15983
192,43,15984
193,43,15985
194,43,15986
195,43,15987
196,43,15988
197,43,15989
198,43,15990
199,43,15991
200,43,15992
201,43,15993
202,43,15994
203,43,15995
204,43,15996
205,43,15997
206,43,15998
207,43,15999
208,43,16000
209,43,16001
210,43,16002
211,43,16003
212,43,16004
213,43,16005
214,43,16006
215,43,16007
216,43,16008
217,43,16009
218,43,16010
219,43,16011
220,43,16012
221,43,16013
222,43,16014
223,43,16015
224,43,16016
225,43,16017
226,43,16018
227,43,16019
228,43,16020
229,43,16021
230,43,16022
231,43,16023
232,43,16024
233,43,16025
234,43,16026
235,43,16027
236,43,16028
237,43,16029
238,43,16030
239,43,16031
240,43,16032
241,43,16033
242,43,16034
243,43,16035
244,43,16036
245,43,16037
246,43,16038
247,43,16039
248,43,16040
249,43,16041
250,43,16042
251,43,16043
252,43,16044
253,43,16045
254,43,16046
255,43,16047
256,43,16048
257,43,16049
258,43,16050
259,43,16051
260,43,16052
261,43,16053
262,43,16054
263,43,16055
264,43,16056
265,43,16057
266,43,16058
267,43,16059
268,43,16060
269,43,16061
270,43,16062
271,43,16063
272,43,16064
273,43,16065
274,43,16066
275,43,16067
276,43,16068
277,43,16069
278,43,16070
279,43,16071
280,43,16072
281,43,16073
282,43,16074
283,43,16075
284,43,16076
285,43,16077
286,43,16078
287,43,16079
288,43,16080
289,43,16081
290,43,16082
291,43,16083
292,43,16084
293,43,16085
294,43,16086
295,43,16087
296,43,16088
297,43,16089
298,43,16090
299,43,16091
300,43,16092
301,43,16093
302,43,16094
303,43,16095
304,43,16096
305,43,16097
306,43,16098
307,43,16099
308,43,16100
309,43,16101
310,43,16102
311,43,16103
312,43,16104
313,43,16105
314,43,16106
315,43,16107
316,43,16108
317,43,16109
318,43,16110
319,43,16111
320,43,16112
321,43,16113
322,43,16114
323,43,16115
324,43,16116
325,43,16117
326,43,16118
327,43,16119
328,43,16120
329,43,16121
330,43,16122
331,43,16123
332,43,16124
333,43,16125
334,43,16126
335,43,16127
336,43,16128
337,43,16129
338,43,16130
339,43,16131
340,43,16132
341,43,16133
342,43,16134
343,43,16135
344,43,16136
345,43,16137
346,43,16138
347,43,16139
348,43,16140
349,43,16141
350,43,16142
351,43,16143
352,43,16144
353,43,16145
354,43,16146
355,43,16147
356,43,16148
357,43,16149
358,43,16150
359,43,16151
360,43,16152
361,43,16153
362,43,16154
363,43,16155
364,43,16156
365,43,16157
366,43,16158
367,43,16159
368,43,16160
369,43,16161
370,43,16162
371,43,16163
372,43,16164
373,43,16165
374,43,16166
375,43,16167
376,43,16168
1,44,16169
2,44,16170
3,44,16171
4,44,16172
5,44,16173
6,44,16174
7,44,16175
8,44,16176
9,44,16177
10,44,16178
11,44,16179
12,44,16180
13,44,16181
14,44,16182
15,44,16183
16,44,16184
17,44,16185
18,44,16186
19,44,16187
20,44,16188
21,44,16189
22,44,16190
23,44,16191
24,44,16192
25,44,16193
26,44,16194
27,44,16195
28,44,16196
29,44,16197
30,44,16198
31,44,16199
32,44,16200
33,44,16201
34,44,16202
35,44,16203
36,44,16204
37,44,16205
38,44,16206
39,44,16207
40,44,16208
41,44,16209
42,44,16210
43,44,16211
44,44,16212
45,44,16213
46,44,16214
47,44,16215
48,44,16216
49,44,16217
50,44,16218
51,44,16219
52,44,16220
53,44,16221
54,44,16222
55,44,16223
56,44,16224
57,44,16225
58,44,16226
59,44,16227
60,44,16228
61,44,16229
62,44,16230
63,44,16231
64,44,16232
65,44,16233
66,44,16234
67,44,16235
68,44,16236
69,44,16237
70,44,16238
71,44,16239
72,44,16240
73,44,16241
74,44,16242
75,44,16243
76,44,16244
77,44,16245
78,44,16246
79,44,16247
80,44,16248
81,44,16249
82,44,16250
83,44,16251
84,44,16252
85,44,16253
86,44,16254
87,44,16255
88,44,16256
89,44,16257
90,44,16258
91,44,16259
92,44,16260
93,44,16261
94,44,16262
95,44,16263
96,44,16264
97,44,16265
98,44,16266
99,44,16267
100,44,16268
101,44,16269
102,44,16270
103,44,16271
104,44,16272
105,44,16273
106,44,16274
107,44,16275
108,44,16276
109,44,16277
110,44,16278
111,44,16279
112,44,16280
113,44,16281
114,44,16282
115,44,16283
116,44,16284
117,44,16285
118,44,16286
119,44,16287
120,44,16288
121,44,16289
122,44,16290
123,44,16291
124,44,16292
125,44,16293
126,44,16294
127,44,16295
128,44,16296
129,44,16297
130,44,16298
131,44,16299
132,44,16300
133,44,16301
134,44,16302
135,44,16303
136,44,16304
137,44,16305
138,44,16306
139,44,16307
140,44,16308
141,44,16309
142,44,16310
143,44,16311
144,44,16312
145,44,16313
146,44,16314
147,44,16315
148,44,16316
149,44,16317
150,44,16318
151,44,16319
152,44,16320
153,44,16321
154,44,16322
155,44,16323
156,44,16324
157,44,16325
158,44,16326
159,44,16327
160,44,16328
161,44,16329
162,44,16330
163,44,16331
164,44,16332
165,44,16333
166,44,16334
167,44,16335
168,44,16336
169,44,16337
170,44,16338
171,44,16339
172,44,16340
173,44,16341
174,44,16342
175,44,16343
176,44,16344
177,44,16345
178,44,16346
179,44,16347
180,44,16348
181,44,16349
182,44,16350
183,44,16351
184,44,16352
185,44,16353
186,44,16354
187,44,16355
188,44,16356
189,44,16357
190,44,16358
191,44,16359
192,44,16360
193,44,16361
194,44,16362
195,44,16363
196,44,16364
197,44,16365
198,44,16366
199,44,16367
200,44,16368
201,44,16369
202,44,16370
203,44,16371
204,44,16372
205,44,16373
206,44,16374
207,44,16375
208,44,16376
209,44,16377
210,44,16378
211,44,16379
212,44,16380
213,44,16381
214,44,16382
215,44,16383
216,44,16384
217,44,16385
218,44,16386
219,44,16387
220,44,16388
221,44,16389
222,44,16390
223,44,16391
224,44,16392
225,44,16393
226,44,16394
227,44,16395
228,44,16396
229,44,16397
230,44,16398
231,44,16399
232,44,16400
233,44,16401
234,44,16402
235,44,16403
236,44,16404
237,44,16405
238,44,16406
239,44,16407
240,44,16408
241,44,16409
242,44,16410
243,44,16411
244,44,16412
245,44,16413
246,44,16414
247,44,16415
248,44,16416
249,44,16417
250,44,16418
251,44,16419
252,44,16420
253,44,16421
254,44,16422
255,44,16423
256,44,16424
257,44,16425
258,44,16426
259,44,16427
260,44,16428
261,44,16429
262,44,16430
263,44,16431
264,44,16432
265,44,16433
266,44,16434
267,44,16435
268,44,16436
269,44,16437
270,44,16438
271,44,16439
272,44,16440
273,44,16441
274,44,16442
275,44,16443
276,44,16444
277,44,16445
278,44,16446
279,44,16447
280,44,16448
281,44,16449
282,44,16450
283,44,16451
284,44,16452
285,44,16453
286,44,16454
287,44,16455
288,44,16456
289,44,16457
290,44,16458
291,44,16459
292,44,16460
293,44,16461
294,44,16462
295,44,16463
296,44,16464
297,44,16465
298,44,16466
299,44,16467
300,44,16468
301,44,16469
302,44,16470
303,44,16471
304,44,16472
305,44,16473
306,44,16474
307,44,16475
308,44,16476
309,44,16477
310,44,16478
311,44,16479
312,44,16480
313,44,16481
314,44,16482
315,44,16483
316,44,16484
317,44,16485
318,44,16486
319,44,16487
320,44,16488
321,44,16489
322,44,16490
323,44,16491
324,44,16492
325,44,16493
326,44,16494
327,44,16495
328,44,16496
329,44,16497
330,44,16498
331,44,16499
332,44,16500
333,44,16501
334,44,16502
335,44,16503
336,44,16504
337,44,16505
338,44,16506
339,44,16507
340,44,16508
341,44,16509
342,44,16510
343,44,16511
344,44,16512
345,44,16513
346,44,16514
347,44,16515
348,44,16516
349,44,16517
350,44,16518
351,44,16519
352,44,16520
353,44,16521
354,44,16522
355,44,16523
356,44,16524
357,44,16525
358,44,16526
359,44,16527
360,44,16528
361,44,16529
362,44,16530
363,44,16531
364,44,16532
365,44,16533
366,44,16534
367,44,16535
368,44,16536
369,44,16537
370,44,16538
371,44,16539
372,44,16540
373,44,16541
374,44,16542
375,44,16543
376,44,16544
1,45,16545
2,45,16546
3,45,16547
4,45,16548
5,45,16549
6,45,16550
7,45,16551
8,45,16552
9,45,16553
10,45,16554
11,45,16555
12,45,16556
13,45,16557
14,45,16558
15,45,16559
16,45,16560
17,45,16561
18,45,16562
19,45,16563
20,45,16564
21,45,16565
22,45,16566
23,45,16567
24,45,16568
25,45,16569
26,45,16570
27,45,16571
28,45,16572
29,45,16573
30,45,16574
31,45,16575
32,45,16576
33,45,16577
34,45,16578
35,45,16579
36,45,16580
37,45,16581
38,45,16582
39,45,16583
40,45,16584
41,45,16585
42,45,16586
43,45,16587
44,45,16588
45,45,16589
46,45,16590
47,45,16591
48,45,16592
49,45,16593
50,45,16594
51,45,16595
52,45,16596
53,45,16597
54,45,16598
55,45,16599
56,45,16600
57,45,16601
58,45,16602
59,45,16603
60,45,16604
61,45,16605
62,45,16606
63,45,16607
64,45,16608
65,45,16609
66,45,16610
67,45,16611
68,45,16612
69,45,16613
70,45,16614
71,45,16615
72,45,16616
73,45,16617
74,45,16618
75,45,16619
76,45,16620
77,45,16621
78,45,16622
79,45,16623
80,45,16624
81,45,16625
82,45,16626
83,45,16627
84,45,16628
85,45,16629
86,45,16630
87,45,16631
88,45,16632
89,45,16633
90,45,16634
91,45,16635
92,45,16636
93,45,16637
94,45,16638
95,45,16639
96,45,16640
97,45,16641
98,45,16642
99,45,16643
100,45,16644
101,45,16645
102,45,16646
103,45,16647
104,45,16648
105,45,16649
106,45,16650
107,45,16651
108,45,16652
109,45,16653
110,45,16654
111,45,16655
112,45,16656
113,45,16657
114,45,16658
115,45,16659
116,45,16660
117,45,16661
118,45,16662
119,45,16663
120,45,16664
121,45,16665
122,45,16666
123,45,16667
124,45,16668
125,45,16669
126,45,16670
127,45,16671
128,45,16672
129,45,16673
130,45,16674
131,45,16675
132,45,16676
133,45,16677
134,45,16678
135,45,16679
136,45,16680
137,45,16681
138,45,16682
139,45,16683
140,45,16684
141,45,16685
142,45,16686
143,45,16687
144,45,16688
145,45,16689
146,45,16690
147,45,16691
148,45,16692
149,45,16693
150,45,16694
151,45,16695
152,45,16696
153,45,16697
154,45,16698
155,45,16699
156,45,16700
157,45,16701
158,45,16702
159,45,16703
160,45,16704
161,45,16705
162,45,16706
163,45,16707
164,45,16708
165,45,16709
166,45,16710
167,45,16711
168,45,16712
169,45,16713
170,45,16714
171,45,16715
172,45,16716
173,45,16717
174,45,16718
175,45,16719
176,45,16720
177,45,16721
178,45,16722
179,45,16723
180,45,16724
181,45,16725
182,45,16726
183,45,16727
184,45,16728
185,45,16729
186,45,16730
187,45,16731
188,45,16732
189,45,16733
190,45,16734
191,45,16735
192,45,16736
193,45,16737
194,45,16738
195,45,16739
196,45,16740
197,45,16741
198,45,16742
199,45,16743
200,45,16744
201,45,16745
202,45,16746
203,45,16747
204,45,16748
205,45,16749
206,45,16750
207,45,16751
208,45,16752
209,45,16753
210,45,16754
211,45,16755
212,45,16756
213,45,16757
214,45,16758
215,45,16759
216,45,16760
217,45,16761
218,45,16762
219,45,16763
220,45,16764
221,45,16765
222,45,16766
223,45,16767
224,45,16768
225,45,16769
226,45,16770
227,45,16771
228,45,16772
229,45,16773
230,45,16774
231,45,16775
232,45,16776
233,45,16777
234,45,16778
235,45,16779
236,45,16780
237,45,16781
238,45,16782
239,45,16783
240,45,16784
241,45,16785
242,45,16786
243,45,16787
244,45,16788
245,45,16789
246,45,16790
247,45,16791
248,45,16792
249,45,16793
250,45,16794
251,45,16795
252,45,16796
253,45,16797
254,45,16798
255,45,16799
256,45,16800
257,45,16801
258,45,16802
259,45,16803
260,45,16804
261,45,16805
262,45,16806
263,45,16807
264,45,16808
265,45,16809
266,45,16810
267,45,16811
268,45,16812
269,45,16813
270,45,16814
271,45,16815
272,45,16816
273,45,16817
274,45,16818
275,45,16819
276,45,16820
277,45,16821
278,45,16822
279,45,16823
280,45,16824
281,45,16825
282,45,16826
283,45,16827
284,45,16828
285,45,16829
286,45,16830
287,45,16831
288,45,16832
289,45,16833
290,45,16834
291,45,16835
292,45,16836
293,45,16837
294,45,16838
295,45,16839
296,45,16840
297,45,16841
298,45,16842
299,45,16843
300,45,16844
301,45,16845
302,45,16846
303,45,16847
304,45,16848
305,45,16849
306,45,16850
307,45,16851
308,45,16852
309,45,16853
310,45,16854
311,45,16855
312,45,16856
313,45,16857
314,45,16858
315,45,16859
316,45,16860
317,45,16861
318,45,16862
319,45,16863
320,45,16864
321,45,16865
322,45,16866
323,45,16867
324,45,16868
325,45,16869
326,45,16870
327,45,16871
328,45,16872
329,45,16873
330,45,16874
331,45,16875
332,45,16876
333,45,16877
334,45,16878
335,45,16879
336,45,16880
337,45,16881
338,45,16882
339,45,16883
340,45,16884
341,45,16885
342,45,16886
343,45,16887
344,45,16888
345,45,16889
346,45,16890
347,45,16891
348,45,16892
349,45,16893
350,45,16894
351,45,16895
352,45,16896
353,45,16897
354,45,16898
355,45,16899
356,45,16900
357,45,16901
358,45,16902
359,45,16903
360,45,16904
361,45,16905
362,45,16906
363,45,16907
364,45,16908
365,45,16909
366,45,16910
367,45,16911
368,45,16912
369,45,16913
370,45,16914
371,45,16915
372,45,16916
373,45,16917
374,45,16918
375,45,16919
376,45,16920
1,46,16921
2,46,16922
3,46,16923
4,46,16924
5,46,16925
6,46,16926
7,46,16927
8,46,16928
9,46,16929
10,46,16930
11,46,16931
12,46,16932
13,46,16933
14,46,16934
15,46,16935
16,46,16936
17,46,16937
18,46,16938
19,46,16939
20,46,16940
21,46,16941
22,46,16942
23,46,16943
24,46,16944
25,46,16945
26,46,16946
27,46,16947
28,46,16948
29,46,16949
30,46,16950
31,46,16951
32,46,16952
33,46,16953
34,46,16954
35,46,16955
36,46,16956
37,46,16957
38,46,16958
39,46,16959
40,46,16960
41,46,16961
42,46,16962
43,46,16963
44,46,16964
45,46,16965
46,46,16966
47,46,16967
48,46,16968
49,46,16969
50,46,16970
51,46,16971
52,46,16972
53,46,16973
54,46,16974
55,46,16975
56,46,16976
57,46,16977
58,46,16978
59,46,16979
60,46,16980
61,46,16981
62,46,16982
63,46,16983
64,46,16984
65,46,16985
66,46,16986
67,46,16987
68,46,16988
69,46,16989
70,46,16990
71,46,16991
72,46,16992
73,46,16993
74,46,16994
75,46,16995
76,46,16996
77,46,16997
78,46,16998
79,46,16999
80,46,17000
81,46,17001
82,46,17002
83,46,17003
84,46,17004
85,46,17005
86,46,17006
87,46,17007
88,46,17008
89,46,17009
90,46,17010
91,46,17011
92,46,17012
93,46,17013
94,46,17014
95,46,17015
96,46,17016
97,46,17017
98,46,17018
99,46,17019
100,46,17020
101,46,17021
102,46,17022
103,46,17023
104,46,17024
105,46,17025
106,46,17026
107,46,17027
108,46,17028
109,46,17029
110,46,17030
111,46,17031
112,46,17032
113,46,17033
114,46,17034
115,46,17035
116,46,17036
117,46,17037
118,46,17038
119,46,17039
120,46,17040
121,46,17041
122,46,17042
123,46,17043
124,46,17044
125,46,17045
126,46,17046
127,46,17047
128,46,17048
129,46,17049
130,46,17050
131,46,17051
132,46,17052
133,46,17053
134,46,17054
135,46,17055
136,46,17056
137,46,17057
138,46,17058
139,46,17059
140,46,17060
141,46,17061
142,46,17062
143,46,17063
144,46,17064
145,46,17065
146,46,17066
147,46,17067
148,46,17068
149,46,17069
150,46,17070
151,46,17071
152,46,17072
153,46,17073
154,46,17074
155,46,17075
156,46,17076
157,46,17077
158,46,17078
159,46,17079
160,46,17080
161,46,17081
162,46,17082
163,46,17083
164,46,17084
165,46,17085
166,46,17086
167,46,17087
168,46,17088
169,46,17089
170,46,17090
171,46,17091
172,46,17092
173,46,17093
174,46,17094
175,46,17095
176,46,17096
177,46,17097
178,46,17098
179,46,17099
180,46,17100
181,46,17101
182,46,17102
183,46,17103
184,46,17104
185,46,17105
186,46,17106
187,46,17107
188,46,17108
189,46,17109
190,46,17110
191,46,17111
192,46,17112
193,46,17113
194,46,17114
195,46,17115
196,46,17116
197,46,17117
198,46,17118
199,46,17119
200,46,17120
201,46,17121
202,46,17122
203,46,17123
204,46,17124
205,46,17125
206,46,17126
207,46,17127
208,46,17128
209,46,17129
210,46,17130
211,46,17131
212,46,17132
213,46,17133
214,46,17134
215,46,17135
216,46,17136
217,46,17137
218,46,17138
219,46,17139
220,46,17140
221,46,17141
222,46,17142
223,46,17143
224,46,17144
225,46,17145
226,46,17146
227,46,17147
228,46,17148
229,46,17149
230,46,17150
231,46,17151
232,46,17152
233,46,17153
234,46,17154
235,46,17155
236,46,17156
237,46,17157
238,46,17158
239,46,17159
240,46,17160
241,46,17161
242,46,17162
243,46,17163
244,46,17164
245,46,17165
246,46,17166
247,46,17167
248,46,17168
249,46,17169
250,46,17170
251,46,17171
252,46,17172
253,46,17173
254,46,17174
255,46,17175
256,46,17176
257,46,17177
258,46,17178
259,46,17179
260,46,17180
261,46,17181
262,46,17182
263,46,17183
264,46,17184
265,46,17185
266,46,17186
267,46,17187
268,46,17188
269,46,17189
270,46,17190
271,46,17191
272,46,17192
273,46,17193
274,46,17194
275,46,17195
276,46,17196
277,46,17197
278,46,17198
279,46,17199
280,46,17200
281,46,17201
282,46,17202
283,46,17203
284,46,17204
285,46,17205
286,46,17206
287,46,17207
288,46,17208
289,46,17209
290,46,17210
291,46,17211
292,46,17212
293,46,17213
294,46,17214
295,46,17215
296,46,17216
297,46,17217
298,46,17218
299,46,17219
300,46,17220
301,46,17221
302,46,17222
303,46,17223
304,46,17224
305,46,17225
306,46,17226
307,46,17227
308,46,17228
309,46,17229
310,46,17230
311,46,17231
312,46,17232
313,46,17233
314,46,17234
315,46,17235
316,46,17236
317,46,17237
318,46,17238
319,46,17239
320,46,17240
321,46,17241
322,46,17242
323,46,17243
324,46,17244
325,46,17245
326,46,17246
327,46,17247
328,46,17248
329,46,17249
330,46,17250
331,46,17251
332,46,17252
333,46,17253
334,46,17254
335,46,17255
336,46,17256
337,46,17257
338,46,17258
339,46,17259
340,46,17260
341,46,17261
342,46,17262
343,46,17263
344,46,17264
345,46,17265
346,46,17266
347,46,17267
348,46,17268
349,46,17269
350,46,17270
351,46,17271
352,46,17272
353,46,17273
354,46,17274
355,46,17275
356,46,17276
357,46,17277
358,46,17278
359,46,17279
360,46,17280
361,46,17281
362,46,17282
363,46,17283
364,46,17284
365,46,17285
366,46,17286
367,46,17287
368,46,17288
369,46,17289
370,46,17290
371,46,17291
372,46,17292
373,46,17293
374,46,17294
375,46,17295
376,46,17296
1,47,17297
2,47,17298
3,47,17299
4,47,17300
5,47,17301
6,47,17302
7,47,17303
8,47,17304
9,47,17305
10,47,17306
11,47,17307
12,47,17308
13,47,17309
14,47,17310
15,47,17311
16,47,17312
17,47,17313
18,47,17314
19,47,17315
20,47,17316
21,47,17317
22,47,17318
23,47,17319
24,47,17320
25,47,17321
26,47,17322
27,47,17323
28,47,17324
29,47,17325
30,47,17326
31,47,17327
32,47,17328
33,47,17329
34,47,17330
35,47,17331
36,47,17332
37,47,17333
38,47,17334
39,47,17335
40,47,17336
41,47,17337
42,47,17338
43,47,17339
44,47,17340
45,47,17341
46,47,17342
47,47,17343
48,47,17344
49,47,17345
50,47,17346
51,47,17347
52,47,17348
53,47,17349
54,47,17350
55,47,17351
56,47,17352
57,47,17353
58,47,17354
59,47,17355
60,47,17356
61,47,17357
62,47,17358
63,47,17359
64,47,17360
65,47,17361
66,47,17362
67,47,17363
68,47,17364
69,47,17365
70,47,17366
71,47,17367
72,47,17368
73,47,17369
74,47,17370
75,47,17371
76,47,17372
77,47,17373
78,47,17374
79,47,17375
80,47,17376
81,47,17377
82,47,17378
83,47,17379
84,47,17380
85,47,17381
86,47,17382
87,47,17383
88,47,17384
89,47,17385
90,47,17386
91,47,17387
92,47,17388
93,47,17389
94,47,17390
95,47,17391
96,47,17392
97,47,17393
98,47,17394
99,47,17395
100,47,17396
101,47,17397
102,47,17398
103,47,17399
104,47,17400
105,47,17401
106,47,17402
107,47,17403
108,47,17404
109,47,17405
110,47,17406
111,47,17407
112,47,17408
113,47,17409
114,47,17410
115,47,17411
116,47,17412
117,47,17413
118,47,17414
119,47,17415
120,47,17416
121,47,17417
122,47,17418
123,47,17419
124,47,17420
125,47,17421
126,47,17422
127,47,17423
128,47,17424
129,47,17425
130,47,17426
131,47,17427
132,47,17428
133,47,17429
134,47,17430
135,47,17431
136,47,17432
137,47,17433
138,47,17434
139,47,17435
140,47,17436
141,47,17437
142,47,17438
143,47,17439
144,47,17440
145,47,17441
146,47,17442
147,47,17443
148,47,17444
149,47,17445
150,47,17446
151,47,17447
152,47,17448
153,47,17449
154,47,17450
155,47,17451
156,47,17452
157,47,17453
158,47,17454
159,47,17455
160,47,17456
161,47,17457
162,47,17458
163,47,17459
164,47,17460
165,47,17461
166,47,17462
167,47,17463
168,47,17464
169,47,17465
170,47,17466
171,47,17467
172,47,17468
173,47,17469
174,47,17470
175,47,17471
176,47,17472
177,47,17473
178,47,17474
179,47,17475
180,47,17476
181,47,17477
182,47,17478
183,47,17479
184,47,17480
185,47,17481
186,47,17482
187,47,17483
188,47,17484
189,47,17485
190,47,17486
191,47,17487
192,47,17488
193,47,17489
194,47,17490
195,47,17491
196,47,17492
197,47,17493
198,47,17494
199,47,17495
200,47,17496
201,47,17497
202,47,17498
203,47,17499
204,47,17500
205,47,17501
206,47,17502
207,47,17503
208,47,17504
209,47,17505
210,47,17506
211,47,17507
212,47,17508
213,47,17509
214,47,17510
215,47,17511
216,47,17512
217,47,17513
218,47,17514
219,47,17515
220,47,17516
221,47,17517
222,47,17518
223,47,17519
224,47,17520
225,47,17521
226,47,17522
227,47,17523
228,47,17524
229,47,17525
230,47,17526
231,47,17527
232,47,17528
233,47,17529
234,47,17530
235,47,17531
236,47,17532
237,47,17533
238,47,17534
239,47,17535
240,47,17536
241,47,17537
242,47,17538
243,47,17539
244,47,17540
245,47,17541
246,47,17542
247,47,17543
248,47,17544
249,47,17545
250,47,17546
251,47,17547
252,47,17548
253,47,17549
254,47,17550
255,47,17551
256,47,17552
257,47,17553
258,47,17554
259,47,17555
260,47,17556
261,47,17557
262,47,17558
263,47,17559
264,47,17560
265,47,17561
266,47,17562
267,47,17563
268,47,17564
269,47,17565
270,47,17566
271,47,17567
272,47,17568
273,47,17569
274,47,17570
275,47,17571
276,47,17572
277,47,17573
278,47,17574
279,47,17575
280,47,17576
281,47,17577
282,47,17578
283,47,17579
284,47,17580
285,47,17581
286,47,17582
287,47,17583
288,47,17584
289,47,17585
290,47,17586
291,47,17587
292,47,17588
293,47,17589
294,47,17590
295,47,17591
296,47,17592
297,47,17593
298,47,17594
299,47,17595
300,47,17596
301,47,17597
302,47,17598
303,47,17599
304,47,17600
305,47,17601
306,47,17602
307,47,17603
308,47,17604
309,47,17605
310,47,17606
311,47,17607
312,47,17608
313,47,17609
314,47,17610
315,47,17611
316,47,17612
317,47,17613
318,47,17614
319,47,17615
320,47,17616
321,47,17617
322,47,17618
323,47,17619
324,47,17620
325,47,17621
326,47,17622
327,47,17623
328,47,17624
329,47,17625
330,47,17626
331,47,17627
332,47,17628
333,47,17629
334,47,17630
335,47,17631
336,47,17632
337,47,17633
338,47,17634
339,47,17635
340,47,17636
341,47,17637
342,47,17638
343,47,17639
344,47,17640
345,47,17641
346,47,17642
347,47,17643
348,47,17644
349,47,17645
350,47,17646
351,47,17647
352,47,17648
353,47,17649
354,47,17650
355,47,17651
356,47,17652
357,47,17653
358,47,17654
359,47,17655
360,47,17656
361,47,17657
362,47,17658
363,47,17659
364,47,17660
365,47,17661
366,47,17662
367,47,17663
368,47,17664
369,47,17665
370,47,17666
371,47,17667
372,47,17668
373,47,17669
374,47,17670
375,47,17671
376,47,17672
1,48,17673
2,48,17674
3,48,17675
4,48,17676
5,48,17677
6,48,17678
7,48,17679
8,48,17680
9,48,17681
10,48,17682
11,48,17683
12,48,17684
13,48,17685
14,48,17686
15,48,17687
16,48,17688
17,48,17689
18,48,17690
19,48,17691
20,48,17692
21,48,17693
22,48,17694
23,48,17695
24,48,17696
25,48,17697
26,48,17698
27,48,17699
28,48,17700
29,48,17701
30,48,17702
31,48,17703
32,48,17704
33,48,17705
34,48,17706
35,48,17707
36,48,17708
37,48,17709
38,48,17710
39,48,17711
40,48,17712
41,48,17713
42,48,17714
43,48,17715
44,48,17716
45,48,17717
46,48,17718
47,48,17719
48,48,17720
49,48,17721
50,48,17722
51,48,17723
52,48,17724
53,48,17725
54,48,17726
55,48,17727
56,48,17728
57,48,17729
58,48,17730
59,48,17731
60,48,17732
61,48,17733
62,48,17734
63,48,17735
64,48,17736
65,48,17737
66,48,17738
67,48,17739
68,48,17740
69,48,17741
70,48,17742
71,48,17743
72,48,17744
73,48,17745
74,48,17746
75,48,17747
76,48,17748
77,48,17749
78,48,17750
79,48,17751
80,48,17752
81,48,17753
82,48,17754
83,48,17755
84,48,17756
85,48,17757
86,48,17758
87,48,17759
88,48,17760
89,48,17761
90,48,17762
91,48,17763
92,48,17764
93,48,17765
94,48,17766
95,48,17767
96,48,17768
97,48,17769
98,48,17770
99,48,17771
100,48,17772
101,48,17773
102,48,17774
103,48,17775
104,48,17776
105,48,17777
106,48,17778
107,48,17779
108,48,17780
109,48,17781
110,48,17782
111,48,17783
112,48,17784
113,48,17785
114,48,17786
115,48,17787
116,48,17788
117,48,17789
118,48,17790
119,48,17791
120,48,17792
121,48,17793
122,48,17794
123,48,17795
124,48,17796
125,48,17797
126,48,17798
127,48,17799
128,48,17800
129,48,17801
130,48,17802
131,48,17803
132,48,17804
133,48,17805
134,48,17806
135,48,17807
136,48,17808
137,48,17809
138,48,17810
139,48,17811
140,48,17812
141,48,17813
142,48,17814
143,48,17815
144,48,17816
145,48,17817
146,48,17818
147,48,17819
148,48,17820
149,48,17821
150,48,17822
151,48,17823
152,48,17824
153,48,17825
154,48,17826
155,48,17827
156,48,17828
157,48,17829
158,48,17830
159,48,17831
160,48,17832
161,48,17833
162,48,17834
163,48,17835
164,48,17836
165,48,17837
166,48,17838
167,48,17839
168,48,17840
169,48,17841
170,48,17842
171,48,17843
172,48,17844
173,48,17845
174,48,17846
175,48,17847
176,48,17848
177,48,17849
178,48,17850
179,48,17851
180,48,17852
181,48,17853
182,48,17854
183,48,17855
184,48,17856
185,48,17857
186,48,17858
187,48,17859
188,48,17860
189,48,17861
190,48,17862
191,48,17863
192,48,17864
193,48,17865
194,48,17866
195,48,17867
196,48,17868
197,48,17869
198,48,17870
199,48,17871
200,48,17872
201,48,17873
202,48,17874
203,48,17875
204,48,17876
205,48,17877
206,48,17878
207,48,17879
208,48,17880
209,48,17881
210,48,17882
211,48,17883
212,48,17884
213,48,17885
214,48,17886
215,48,17887
216,48,17888
217,48,17889
218,48,17890
219,48,17891
220,48,17892
221,48,17893
222,48,17894
223,48,17895
224,48,17896
225,48,17897
226,48,17898
227,48,17899
228,48,17900
229,48,17901
230,48,17902
231,48,17903
232,48,17904
233,48,17905
234,48,17906
235,48,17907
236,48,17908
237,48,17909
238,48,17910
239,48,17911
240,48,17912
241,48,17913
242,48,17914
243,48,17915
244,48,17916
245,48,17917
246,48,17918
247,48,17919
248,48,17920
249,48,17921
250,48,17922
251,48,17923
252,48,17924
253,48,17925
254,48,17926
255,48,17927
256,48,17928
257,48,17929
258,48,17930
259,48,17931
260,48,17932
261,48,17933
262,48,17934
263,48,17935
264,48,17936
265,48,17937
266,48,17938
267,48,17939
268,48,17940
269,48,17941
270,48,17942
271,48,17943
272,48,17944
273,48,17945
274,48,17946
275,48,17947
276,48,17948
277,48,17949
278,48,17950
279,48,17951
280,48,17952
281,48,17953
282,48,17954
283,48,17955
284,48,17956
285,48,17957
286,48,17958
287,48,17959
288,48,17960
289,48,17961
290,48,17962
291,48,17963
292,48,17964
293,48,17965
294,48,17966
295,48,17967
296,48,17968
297,48,17969
298,48,17970
299,48,17971
300,48,17972
301,48,17973
302,48,17974
303,48,17975
304,48,17976
305,48,17977
306,48,17978
307,48,17979
308,48,17980
309,48,17981
310,48,17982
311,48,17983
312,48,17984
313,48,17985
314,48,17986
315,48,17987
316,48,17988
317,48,17989
318,48,17990
319,48,17991
320,48,17992
321,48,17993
322,48,17994
323,48,17995
324,48,17996
325,48,17997
326,48,17998
327,48,17999
328,48,18000
329,48,18001
330,48,18002
331,48,18003
332,48,18004
333,48,18005
334,48,18006
335,48,18007
336,48,18008
337,48,18009
338,48,18010
339,48,18011
340,48,18012
341,48,18013
342,48,18014
343,48,18015
344,48,18016
345,48,18017
346,48,18018
347,48,18019
348,48,18020
349,48,18021
350,48,18022
351,48,18023
352,48,18024
353,48,18025
354,48,18026
355,48,18027
356,48,18028
357,48,18029
358,48,18030
359,48,18031
360,48,18032
361,48,18033
362,48,18034
363,48,18035
364,48,18036
365,48,18037
366,48,18038
367,48,18039
368,48,18040
369,48,18041
370,48,18042
371,48,18043
372,48,18044
373,48,18045
374,48,18046
375,48,18047
376,48,18048
1,49,18049
2,49,18050
3,49,18051
4,49,18052
5,49,18053
6,49,18054
7,49,18055
8,49,18056
9,49,18057
10,49,18058
11,49,18059
12,49,18060
13,49,18061
14,49,18062
15,49,18063
16,49,18064
17,49,18065
18,49,18066
19,49,18067
20,49,18068
21,49,18069
22,49,18070
23,49,18071
24,49,18072
25,49,18073
26,49,18074
27,49,18075
28,49,18076
29,49,18077
30,49,18078
31,49,18079
32,49,18080
33,49,18081
34,49,18082
35,49,18083
36,49,18084
37,49,18085
38,49,18086
39,49,18087
40,49,18088
41,49,18089
42,49,18090
43,49,18091
44,49,18092
45,49,18093
46,49,18094
47,49,18095
48,49,18096
49,49,18097
50,49,18098
51,49,18099
52,49,18100
53,49,18101
54,49,18102
55,49,18103
56,49,18104
57,49,18105
58,49,18106
59,49,18107
60,49,18108
61,49,18109
62,49,18110
63,49,18111
64,49,18112
65,49,18113
66,49,18114
67,49,18115
68,49,18116
69,49,18117
70,49,18118
71,49,18119
72,49,18120
73,49,18121
74,49,18122
75,49,18123
76,49,18124
77,49,18125
78,49,18126
79,49,18127
80,49,18128
81,49,18129
82,49,18130
83,49,18131
84,49,18132
85,49,18133
86,49,18134
87,49,18135
88,49,18136
89,49,18137
90,49,18138
91,49,18139
92,49,18140
93,49,18141
94,49,18142
95,49,18143
96,49,18144
97,49,18145
98,49,18146
99,49,18147
100,49,18148
101,49,18149
102,49,18150
103,49,18151
104,49,18152
105,49,18153
106,49,18154
107,49,18155
108,49,18156
109,49,18157
110,49,18158
111,49,18159
112,49,18160
113,49,18161
114,49,18162
115,49,18163
116,49,18164
117,49,18165
118,49,18166
119,49,18167
120,49,18168
121,49,18169
122,49,18170
123,49,18171
124,49,18172
125,49,18173
126,49,18174
127,49,18175
128,49,18176
129,49,18177
130,49,18178
131,49,18179
132,49,18180
133,49,18181
134,49,18182
135,49,18183
136,49,18184
137,49,18185
138,49,18186
139,49,18187
140,49,18188
141,49,18189
142,49,18190
143,49,18191
144,49,18192
145,49,18193
146,49,18194
147,49,18195
148,49,18196
149,49,18197
150,49,18198
151,49,18199
152,49,18200
153,49,18201
154,49,18202
155,49,18203
156,49,18204
157,49,18205
158,49,18206
159,49,18207
160,49,18208
161,49,18209
162,49,18210
163,49,18211
164,49,18212
165,49,18213
166,49,18214
167,49,18215
168,49,18216
169,49,18217
170,49,18218
171,49,18219
172,49,18220
173,49,18221
174,49,18222
175,49,18223
176,49,18224
177,49,18225
178,49,18226
179,49,18227
180,49,18228
181,49,18229
182,49,18230
183,49,18231
184,49,18232
185,49,18233
186,49,18234
187,49,18235
188,49,18236
189,49,18237
190,49,18238
191,49,18239
192,49,18240
193,49,18241
194,49,18242
195,49,18243
196,49,18244
197,49,18245
198,49,18246
199,49,18247
200,49,18248
201,49,18249
202,49,18250
203,49,18251
204,49,18252
205,49,18253
206,49,18254
207,49,18255
208,49,18256
209,49,18257
210,49,18258
211,49,18259
212,49,18260
213,49,18261
214,49,18262
215,49,18263
216,49,18264
217,49,18265
218,49,18266
219,49,18267
220,49,18268
221,49,18269
222,49,18270
223,49,18271
224,49,18272
225,49,18273
226,49,18274
227,49,18275
228,49,18276
229,49,18277
230,49,18278
231,49,18279
232,49,18280
233,49,18281
234,49,18282
235,49,18283
236,49,18284
237,49,18285
238,49,18286
239,49,18287
240,49,18288
241,49,18289
242,49,18290
243,49,18291
244,49,18292
245,49,18293
246,49,18294
247,49,18295
248,49,18296
249,49,18297
250,49,18298
251,49,18299
252,49,18300
253,49,18301
254,49,18302
255,49,18303
256,49,18304
257,49,18305
258,49,18306
259,49,18307
260,49,18308
261,49,18309
262,49,18310
263,49,18311
264,49,18312
265,49,18313
266,49,18314
267,49,18315
268,49,18316
269,49,18317
270,49,18318
271,49,18319
272,49,18320
273,49,18321
274,49,18322
275,49,18323
276,49,18324
277,49,18325
278,49,18326
279,49,18327
280,49,18328
281,49,18329
282,49,18330
283,49,18331
284,49,18332
285,49,18333
286,49,18334
287,49,18335
288,49,18336
289,49,18337
290,49,18338
291,49,18339
292,49,18340
293,49,18341
294,49,18342
295,49,18343
296,49,18344
297,49,18345
298,49,18346
299,49,18347
300,49,18348
301,49,18349
302,49,18350
303,49,18351
304,49,18352
305,49,18353
306,49,18354
307,49,18355
308,49,18356
309,49,18357
310,49,18358
311,49,18359
312,49,18360
313,49,18361
314,49,18362
315,49,18363
316,49,18364
317,49,18365
318,49,18366
319,49,18367
320,49,18368
321,49,18369
322,49,18370
323,49,18371
324,49,18372
325,49,18373
326,49,18374
327,49,18375
328,49,18376
329,49,18377
330,49,18378
331,49,18379
332,49,18380
333,49,18381
334,49,18382
335,49,18383
336,49,18384
337,49,18385
338,49,18386
339,49,18387
340,49,18388
341,49,18389
342,49,18390
343,49,18391
344,49,18392
345,49,18393
346,49,18394
347,49,18395
348,49,18396
349,49,18397
350,49,18398
351,49,18399
352,49,18400
353,49,18401
354,49,18402
355,49,18403
356,49,18404
357,49,18405
358,49,18406
359,49,18407
360,49,18408
361,49,18409
362,49,18410
363,49,18411
364,49,18412
365,49,18413
366,49,18414
367,49,18415
368,49,18416
369,49,18417
370,49,18418
371,49,18419
372,49,18420
373,49,18421
374,49,18422
375,49,18423
376,49,18424
1,50,18425
2,50,18426
3,50,18427
4,50,18428
5,50,18429
6,50,18430
7,50,18431
8,50,18432
9,50,18433
10,50,18434
11,50,18435
12,50,18436
13,50,18437
14,50,18438
15,50,18439
16,50,18440
17,50,18441
18,50,18442
19,50,18443
20,50,18444
21,50,18445
22,50,18446
23,50,18447
24,50,18448
25,50,18449
26,50,18450
27,50,18451
28,50,18452
29,50,18453
30,50,18454
31,50,18455
32,50,18456
33,50,18457
34,50,18458
35,50,18459
36,50,18460
37,50,18461
38,50,18462
39,50,18463
40,50,18464
41,50,18465
42,50,18466
43,50,18467
44,50,18468
45,50,18469
46,50,18470
47,50,18471
48,50,18472
49,50,18473
50,50,18474
51,50,18475
52,50,18476
53,50,18477
54,50,18478
55,50,18479
56,50,18480
57,50,18481
58,50,18482
59,50,18483
60,50,18484
61,50,18485
62,50,18486
63,50,18487
64,50,18488
65,50,18489
66,50,18490
67,50,18491
68,50,18492
69,50,18493
70,50,18494
71,50,18495
72,50,18496
73,50,18497
74,50,18498
75,50,18499
76,50,18500
77,50,18501
78,50,18502
79,50,18503
80,50,18504
81,50,18505
82,50,18506
83,50,18507
84,50,18508
85,50,18509
86,50,18510
87,50,18511
88,50,18512
89,50,18513
90,50,18514
91,50,18515
92,50,18516
93,50,18517
94,50,18518
95,50,18519
96,50,18520
97,50,18521
98,50,18522
99,50,18523
100,50,18524
101,50,18525
102,50,18526
103,50,18527
104,50,18528
105,50,18529
106,50,18530
107,50,18531
108,50,18532
109,50,18533
110,50,18534
111,50,18535
112,50,18536
113,50,18537
114,50,18538
115,50,18539
116,50,18540
117,50,18541
118,50,18542
119,50,18543
120,50,18544
121,50,18545
122,50,18546
123,50,18547
124,50,18548
125,50,18549
126,50,18550
127,50,18551
128,50,18552
129,50,18553
130,50,18554
131,50,18555
132,50,18556
133,50,18557
134,50,18558
135,50,18559
136,50,18560
137,50,18561
138,50,18562
139,50,18563
140,50,18564
141,50,18565
142,50,18566
143,50,18567
144,50,18568
145,50,18569
146,50,18570
147,50,18571
148,50,18572
149,50,18573
150,50,18574
151,50,18575
152,50,18576
153,50,18577
154,50,18578
155,50,18579
156,50,18580
157,50,18581
158,50,18582
159,50,18583
160,50,18584
161,50,18585
162,50,18586
163,50,18587
164,50,18588
165,50,18589
166,50,18590
167,50,18591
168,50,18592
169,50,18593
170,50,18594
171,50,18595
172,50,18596
173,50,18597
174,50,18598
175,50,18599
176,50,18600
177,50,18601
178,50,18602
179,50,18603
180,50,18604
181,50,18605
182,50,18606
183,50,18607
184,50,18608
185,50,18609
186,50,18610
187,50,18611
188,50,18612
189,50,18613
190,50,18614
191,50,18615
192,50,18616
193,50,18617
194,50,18618
195,50,18619
196,50,18620
197,50,18621
198,50,18622
199,50,18623
200,50,18624
201,50,18625
202,50,18626
203,50,18627
204,50,18628
205,50,18629
206,50,18630
207,50,18631
208,50,18632
209,50,18633
210,50,18634
211,50,18635
212,50,18636
213,50,18637
214,50,18638
215,50,18639
216,50,18640
217,50,18641
218,50,18642
219,50,18643
220,50,18644
221,50,18645
222,50,18646
223,50,18647
224,50,18648
225,50,18649
226,50,18650
227,50,18651
228,50,18652
229,50,18653
230,50,18654
231,50,18655
232,50,18656
233,50,18657
234,50,18658
235,50,18659
236,50,18660
237,50,18661
238,50,18662
239,50,18663
240,50,18664
241,50,18665
242,50,18666
243,50,18667
244,50,18668
245,50,18669
246,50,18670
247,50,18671
248,50,18672
249,50,18673
250,50,18674
251,50,18675
252,50,18676
253,50,18677
254,50,18678
255,50,18679
256,50,18680
257,50,18681
258,50,18682
259,50,18683
260,50,18684
261,50,18685
262,50,18686
263,50,18687
264,50,18688
265,50,18689
266,50,18690
267,50,18691
268,50,18692
269,50,18693
270,50,18694
271,50,18695
272,50,18696
273,50,18697
274,50,18698
275,50,18699
276,50,18700
277,50,18701
278,50,18702
279,50,18703
280,50,18704
281,50,18705
282,50,18706
283,50,18707
284,50,18708
285,50,18709
286,50,18710
287,50,18711
288,50,18712
289,50,18713
290,50,18714
291,50,18715
292,50,18716
293,50,18717
294,50,18718
295,50,18719
296,50,18720
297,50,18721
298,50,18722
299,50,18723
300,50,18724
301,50,18725
302,50,18726
303,50,18727
304,50,18728
305,50,18729
306,50,18730
307,50,18731
308,50,18732
309,50,18733
310,50,18734
311,50,18735
312,50,18736
313,50,18737
314,50,18738
315,50,18739
316,50,18740
317,50,18741
318,50,18742
319,50,18743
320,50,18744
321,50,18745
322,50,18746
323,50,18747
324,50,18748
325,50,18749
326,50,18750
327,50,18751
328,50,18752
329,50,18753
330,50,18754
331,50,18755
332,50,18756
333,50,18757
334,50,18758
335,50,18759
336,50,18760
337,50,18761
338,50,18762
339,50,18763
340,50,18764
341,50,18765
342,50,18766
343,50,18767
344,50,18768
345,50,18769
346,50,18770
347,50,18771
348,50,18772
349,50,18773
350,50,18774
351,50,18775
352,50,18776
353,50,18777
354,50,18778
355,50,18779
356,50,18780
357,50,18781
358,50,18782
359,50,18783
360,50,18784
361,50,18785
362,50,18786
363,50,18787
364,50,18788
365,50,18789
366,50,18790
367,50,18791
368,50,18792
369,50,18793
370,50,18794
371,50,18795
372,50,18796
373,50,18797
374,50,18798
375,50,18799
376,50,18800
1,51,18801
2,51,18802
3,51,18803
4,51,18804
5,51,18805
6,51,18806
7,51,18807
8,51,18808
9,51,18809
10,51,18810
11,51,18811
12,51,18812
13,51,18813
14,51,18814
15,51,18815
16,51,18816
17,51,18817
18,51,18818
19,51,18819
20,51,18820
21,51,18821
22,51,18822
23,51,18823
24,51,18824
25,51,18825
26,51,18826
27,51,18827
28,51,18828
29,51,18829
30,51,18830
31,51,18831
32,51,18832
33,51,18833
34,51,18834
35,51,18835
36,51,18836
37,51,18837
38,51,18838
39,51,18839
40,51,18840
41,51,18841
42,51,18842
43,51,18843
44,51,18844
45,51,18845
46,51,18846
47,51,18847
48,51,18848
49,51,18849
50,51,18850
51,51,18851
52,51,18852
53,51,18853
54,51,18854
55,51,18855
56,51,18856
57,51,18857
58,51,18858
59,51,18859
60,51,18860
61,51,18861
62,51,18862
63,51,18863
64,51,18864
65,51,18865
66,51,18866
67,51,18867
68,51,18868
69,51,18869
70,51,18870
71,51,18871
72,51,18872
73,51,18873
74,51,18874
75,51,18875
76,51,18876
77,51,18877
78,51,18878
79,51,18879
80,51,18880
81,51,18881
82,51,18882
83,51,18883
84,51,18884
85,51,18885
86,51,18886
87,51,18887
88,51,18888
89,51,18889
90,51,18890
91,51,18891
92,51,18892
93,51,18893
94,51,18894
95,51,18895
96,51,18896
97,51,18897
98,51,18898
99,51,18899
100,51,18900
101,51,18901
102,51,18902
103,51,18903
104,51,18904
105,51,18905
106,51,18906
107,51,18907
108,51,18908
109,51,18909
110,51,18910
111,51,18911
112,51,18912
113,51,18913
114,51,18914
115,51,18915
116,51,18916
117,51,18917
118,51,18918
119,51,18919
120,51,18920
121,51,18921
122,51,18922
123,51,18923
124,51,18924
125,51,18925
126,51,18926
127,51,18927
128,51,18928
129,51,18929
130,51,18930
131,51,18931
132,51,18932
133,51,18933
134,51,18934
135,51,18935
136,51,18936
137,51,18937
138,51,18938
139,51,18939
140,51,18940
141,51,18941
142,51,18942
143,51,18943
144,51,18944
145,51,18945
146,51,18946
147,51,18947
148,51,18948
149,51,18949
150,51,18950
151,51,18951
152,51,18952
153,51,18953
154,51,18954
155,51,18955
156,51,18956
157,51,18957
158,51,18958
159,51,18959
160,51,18960
161,51,18961
162,51,18962
163,51,18963
164,51,18964
165,51,18965
166,51,18966
167,51,18967
168,51,18968
169,51,18969
170,51,18970
171,51,18971
172,51,18972
173,51,18973
174,51,18974
175,51,18975
176,51,18976
177,51,18977
178,51,18978
179,51,18979
180,51,18980
181,51,18981
182,51,18982
183,51,18983
184,51,18984
185,51,18985
186,51,18986
187,51,18987
188,51,18988
189,51,18989
190,51,18990
191,51,18991
192,51,18992
193,51,18993
194,51,18994
195,51,18995
196,51,18996
197,51,18997
198,51,18998
199,51,18999
200,51,19000
201,51,19001
202,51,19002
203,51,19003
204,51,19004
205,51,19005
206,51,19006
207,51,19007
208,51,19008
209,51,19009
210,51,19010
211,51,19011
212,51,19012
213,51,19013
214,51,19014
215,51,19015
216,51,19016
217,51,19017
218,51,19018
219,51,19019
220,51,19020
221,51,19021
222,51,19022
223,51,19023
224,51,19024
225,51,19025
226,51,19026
227,51,19027
228,51,19028
229,51,19029
230,51,19030
231,51,19031
232,51,19032
233,51,19033
234,51,19034
235,51,19035
236,51,19036
237,51,19037
238,51,19038
239,51,19039
240,51,19040
241,51,19041
242,51,19042
243,51,19043
244,51,19044
245,51,19045
246,51,19046
247,51,19047
248,51,19048
249,51,19049
250,51,19050
251,51,19051
252,51,19052
253,51,19053
254,51,19054
255,51,19055
256,51,19056
257,51,19057
258,51,19058
259,51,19059
260,51,19060
261,51,19061
262,51,19062
263,51,19063
264,51,19064
265,51,19065
266,51,19066
267,51,19067
268,51,19068
269,51,19069
270,51,19070
271,51,19071
272,51,19072
273,51,19073
274,51,19074
275,51,19075
276,51,19076
277,51,19077
278,51,19078
279,51,19079
280,51,19080
281,51,19081
282,51,19082
283,51,19083
284,51,19084
285,51,19085
286,51,19086
287,51,19087
288,51,19088
289,51,19089
290,51,19090
291,51,19091
292,51,19092
293,51,19093
294,51,19094
295,51,19095
296,51,19096
297,51,19097
298,51,19098
299,51,19099
300,51,19100
301,51,19101
302,51,19102
303,51,19103
304,51,19104
305,51,19105
306,51,19106
307,51,19107
308,51,19108
309,51,19109
310,51,19110
311,51,19111
312,51,19112
313,51,19113
314,51,19114
315,51,19115
316,51,19116
317,51,19117
318,51,19118
319,51,19119
320,51,19120
321,51,19121
322,51,19122
323,51,19123
324,51,19124
325,51,19125
326,51,19126
327,51,19127
328,51,19128
329,51,19129
330,51,19130
331,51,19131
332,51,19132
333,51,19133
334,51,19134
335,51,19135
336,51,19136
337,51,19137
338,51,19138
339,51,19139
340,51,19140
341,51,19141
342,51,19142
343,51,19143
344,51,19144
345,51,19145
346,51,19146
347,51,19147
348,51,19148
349,51,19149
350,51,19150
351,51,19151
352,51,19152
353,51,19153
354,51,19154
355,51,19155
356,51,19156
357,51,19157
358,51,19158
359,51,19159
360,51,19160
361,51,19161
362,51,19162
363,51,19163
364,51,19164
365,51,19165
366,51,19166
367,51,19167
368,51,19168
369,51,19169
370,51,19170
371,51,19171
372,51,19172
373,51,19173
374,51,19174
375,51,19175
376,51,19176
1,52,19177
2,52,19178
3,52,19179
4,52,19180
5,52,19181
6,52,19182
7,52,19183
8,52,19184
9,52,19185
10,52,19186
11,52,19187
12,52,19188
13,52,19189
14,52,19190
15,52,19191
16,52,19192
17,52,19193
18,52,19194
19,52,19195
20,52,19196
21,52,19197
22,52,19198
23,52,19199
24,52,19200
25,52,19201
26,52,19202
27,52,19203
28,52,19204
29,52,19205
30,52,19206
31,52,19207
32,52,19208
33,52,19209
34,52,19210
35,52,19211
36,52,19212
37,52,19213
38,52,19214
39,52,19215
40,52,19216
41,52,19217
42,52,19218
43,52,19219
44,52,19220
45,52,19221
46,52,19222
47,52,19223
48,52,19224
49,52,19225
50,52,19226
51,52,19227
52,52,19228
53,52,19229
54,52,19230
55,52,19231
56,52,19232
57,52,19233
58,52,19234
59,52,19235
60,52,19236
61,52,19237
62,52,19238
63,52,19239
64,52,19240
65,52,19241
66,52,19242
67,52,19243
68,52,19244
69,52,19245
70,52,19246
71,52,19247
72,52,19248
73,52,19249
74,52,19250
75,52,19251
76,52,19252
77,52,19253
78,52,19254
79,52,19255
80,52,19256
81,52,19257
82,52,19258
83,52,19259
84,52,19260
85,52,19261
86,52,19262
87,52,19263
88,52,19264
89,52,19265
90,52,19266
91,52,19267
92,52,19268
93,52,19269
94,52,19270
95,52,19271
96,52,19272
97,52,19273
98,52,19274
99,52,19275
100,52,19276
101,52,19277
102,52,19278
103,52,19279
104,52,19280
105,52,19281
106,52,19282
107,52,19283
108,52,19284
109,52,19285
110,52,19286
111,52,19287
112,52,19288
113,52,19289
114,52,19290
115,52,19291
116,52,19292
117,52,19293
118,52,19294
119,52,19295
120,52,19296
121,52,19297
122,52,19298
123,52,19299
124,52,19300
125,52,19301
126,52,19302
127,52,19303
128,52,19304
129,52,19305
130,52,19306
131,52,19307
132,52,19308
133,52,19309
134,52,19310
135,52,19311
136,52,19312
137,52,19313
138,52,19314
139,52,19315
140,52,19316
141,52,19317
142,52,19318
143,52,19319
144,52,19320
145,52,19321
146,52,19322
147,52,19323
148,52,19324
149,52,19325
150,52,19326
151,52,19327
152,52,19328
153,52,19329
154,52,19330
155,52,19331
156,52,19332
157,52,19333
158,52,19334
159,52,19335
160,52,19336
161,52,19337
162,52,19338
163,52,19339
164,52,19340
165,52,19341
166,52,19342
167,52,19343
168,52,19344
169,52,19345
170,52,19346
171,52,19347
172,52,19348
173,52,19349
174,52,19350
175,52,19351
176,52,19352
177,52,19353
178,52,19354
179,52,19355
180,52,19356
181,52,19357
182,52,19358
183,52,19359
184,52,19360
185,52,19361
186,52,19362
187,52,19363
188,52,19364
189,52,19365
190,52,19366
191,52,19367
192,52,19368
193,52,19369
194,52,19370
195,52,19371
196,52,19372
197,52,19373
198,52,19374
199,52,19375
200,52,19376
201,52,19377
202,52,19378
203,52,19379
204,52,19380
205,52,19381
206,52,19382
207,52,19383
208,52,19384
209,52,19385
210,52,19386
211,52,19387
212,52,19388
213,52,19389
214,52,19390
215,52,19391
216,52,19392
217,52,19393
218,52,19394
219,52,19395
220,52,19396
221,52,19397
222,52,19398
223,52,19399
224,52,19400
225,52,19401
226,52,19402
227,52,19403
228,52,19404
229,52,19405
230,52,19406
231,52,19407
232,52,19408
233,52,19409
234,52,19410
235,52,19411
236,52,19412
237,52,19413
238,52,19414
239,52,19415
240,52,19416
241,52,19417
242,52,19418
243,52,19419
244,52,19420
245,52,19421
246,52,19422
247,52,19423
248,52,19424
249,52,19425
250,52,19426
251,52,19427
252,52,19428
253,52,19429
254,52,19430
255,52,19431
256,52,19432
257,52,19433
258,52,19434
259,52,19435
260,52,19436
261,52,19437
262,52,19438
263,52,19439
264,52,19440
265,52,19441
266,52,19442
267,52,19443
268,52,19444
269,52,19445
270,52,19446
271,52,19447
272,52,19448
273,52,19449
274,52,19450
275,52,19451
276,52,19452
277,52,19453
278,52,19454
279,52,19455
280,52,19456
281,52,19457
282,52,19458
283,52,19459
284,52,19460
285,52,19461
286,52,19462
287,52,19463
288,52,19464
289,52,19465
290,52,19466
291,52,19467
292,52,19468
293,52,19469
294,52,19470
295,52,19471
296,52,19472
297,52,19473
298,52,19474
299,52,19475
300,52,19476
301,52,19477
302,52,19478
303,52,19479
304,52,19480
305,52,19481
306,52,19482
307,52,19483
308,52,19484
309,52,19485
310,52,19486
311,52,19487
312,52,19488
313,52,19489
314,52,19490
315,52,19491
316,52,19492
317,52,19493
318,52,19494
319,52,19495
320,52,19496
321,52,19497
322,52,19498
323,52,19499
324,52,19500
325,52,19501
326,52,19502
327,52,19503
328,52,19504
329,52,19505
330,52,19506
331,52,19507
332,52,19508
333,52,19509
334,52,19510
335,52,19511
336,52,19512
337,52,19513
338,52,19514
339,52,19515
340,52,19516
341,52,19517
342,52,19518
343,52,19519
344,52,19520
345,52,19521
346,52,19522
347,52,19523
348,52,19524
349,52,19525
350,52,19526
351,52,19527
352,52,19528
353,52,19529
354,52,19530
355,52,19531
356,52,19532
357,52,19533
358,52,19534
359,52,19535
360,52,19536
361,52,19537
362,52,19538
363,52,19539
364,52,19540
365,52,19541
366,52,19542
367,52,19543
368,52,19544
369,52,19545
370,52,19546
371,52,19547
372,52,19548
373,52,19549
374,52,19550
375,52,19551
376,52,19552
1,53,19553
2,53,19554
3,53,19555
4,53,19556
5,53,19557
6,53,19558
7,53,19559
8,53,19560
9,53,19561
10,53,19562
11,53,19563
12,53,19564
13,53,19565
14,53,19566
15,53,19567
16,53,19568
17,53,19569
18,53,19570
19,53,19571
20,53,19572
21,53,19573
22,53,19574
23,53,19575
24,53,19576
25,53,19577
26,53,19578
27,53,19579
28,53,19580
29,53,19581
30,53,19582
31,53,19583
32,53,19584
33,53,19585
34,53,19586
35,53,19587
36,53,19588
37,53,19589
38,53,19590
39,53,19591
40,53,19592
41,53,19593
42,53,19594
43,53,19595
44,53,19596
45,53,19597
46,53,19598
47,53,19599
48,53,19600
49,53,19601
50,53,19602
51,53,19603
52,53,19604
53,53,19605
54,53,19606
55,53,19607
56,53,19608
57,53,19609
58,53,19610
59,53,19611
60,53,19612
61,53,19613
62,53,19614
63,53,19615
64,53,19616
65,53,19617
66,53,19618
67,53,19619
68,53,19620
69,53,19621
70,53,19622
71,53,19623
72,53,19624
73,53,19625
74,53,19626
75,53,19627
76,53,19628
77,53,19629
78,53,19630
79,53,19631
80,53,19632
81,53,19633
82,53,19634
83,53,19635
84,53,19636
85,53,19637
86,53,19638
87,53,19639
88,53,19640
89,53,19641
90,53,19642
91,53,19643
92,53,19644
93,53,19645
94,53,19646
95,53,19647
96,53,19648
97,53,19649
98,53,19650
99,53,19651
100,53,19652
101,53,19653
102,53,19654
103,53,19655
104,53,19656
105,53,19657
106,53,19658
107,53,19659
108,53,19660
109,53,19661
110,53,19662
111,53,19663
112,53,19664
113,53,19665
114,53,19666
115,53,19667
116,53,19668
117,53,19669
118,53,19670
119,53,19671
120,53,19672
121,53,19673
122,53,19674
123,53,19675
124,53,19676
125,53,19677
126,53,19678
127,53,19679
128,53,19680
129,53,19681
130,53,19682
131,53,19683
132,53,19684
133,53,19685
134,53,19686
135,53,19687
136,53,19688
137,53,19689
138,53,19690
139,53,19691
140,53,19692
141,53,19693
142,53,19694
143,53,19695
144,53,19696
145,53,19697
146,53,19698
147,53,19699
148,53,19700
149,53,19701
150,53,19702
151,53,19703
152,53,19704
153,53,19705
154,53,19706
155,53,19707
156,53,19708
157,53,19709
158,53,19710
159,53,19711
160,53,19712
161,53,19713
162,53,19714
163,53,19715
164,53,19716
165,53,19717
166,53,19718
167,53,19719
168,53,19720
169,53,19721
170,53,19722
171,53,19723
172,53,19724
173,53,19725
174,53,19726
175,53,19727
176,53,19728
177,53,19729
178,53,19730
179,53,19731
180,53,19732
181,53,19733
182,53,19734
183,53,19735
184,53,19736
185,53,19737
186,53,19738
187,53,19739
188,53,19740
189,53,19741
190,53,19742
191,53,19743
192,53,19744
193,53,19745
194,53,19746
195,53,19747
196,53,19748
197,53,19749
198,53,19750
199,53,19751
200,53,19752
201,53,19753
202,53,19754
203,53,19755
204,53,19756
205,53,19757
206,53,19758
207,53,19759
208,53,19760
209,53,19761
210,53,19762
211,53,19763
212,53,19764
213,53,19765
214,53,19766
215,53,19767
216,53,19768
217,53,19769
218,53,19770
219,53,19771
220,53,19772
221,53,19773
222,53,19774
223,53,19775
224,53,19776
225,53,19777
226,53,19778
227,53,19779
228,53,19780
229,53,19781
230,53,19782
231,53,19783
232,53,19784
233,53,19785
234,53,19786
235,53,19787
236,53,19788
237,53,19789
238,53,19790
239,53,19791
240,53,19792
241,53,19793
242,53,19794
243,53,19795
244,53,19796
245,53,19797
246,53,19798
247,53,19799
248,53,19800
249,53,19801
250,53,19802
251,53,19803
252,53,19804
253,53,19805
254,53,19806
255,53,19807
256,53,19808
257,53,19809
258,53,19810
259,53,19811
260,53,19812
261,53,19813
262,53,19814
263,53,19815
264,53,19816
265,53,19817
266,53,19818
267,53,19819
268,53,19820
269,53,19821
270,53,19822
271,53,19823
272,53,19824
273,53,19825
274,53,19826
275,53,19827
276,53,19828
277,53,19829
278,53,19830
279,53,19831
280,53,19832
281,53,19833
282,53,19834
283,53,19835
284,53,19836
285,53,19837
286,53,19838
287,53,19839
288,53,19840
289,53,19841
290,53,19842
291,53,19843
292,53,19844
293,53,19845
294,53,19846
295,53,19847
296,53,19848
297,53,19849
298,53,19850
299,53,19851
300,53,19852
301,53,19853
302,53,19854
303,53,19855
304,53,19856
305,53,19857
306,53,19858
307,53,19859
308,53,19860
309,53,19861
310,53,19862
311,53,19863
312,53,19864
313,53,19865
314,53,19866
315,53,19867
316,53,19868
317,53,19869
318,53,19870
319,53,19871
320,53,19872
321,53,19873
322,53,19874
323,53,19875
324,53,19876
325,53,19877
326,53,19878
327,53,19879
328,53,19880
329,53,19881
330,53,19882
331,53,19883
332,53,19884
333,53,19885
334,53,19886
335,53,19887
336,53,19888
337,53,19889
338,53,19890
339,53,19891
340,53,19892
341,53,19893
342,53,19894
343,53,19895
344,53,19896
345,53,19897
346,53,19898
347,53,19899
348,53,19900
349,53,19901
350,53,19902
351,53,19903
352,53,19904
353,53,19905
354,53,19906
355,53,19907
356,53,19908
357,53,19909
358,53,19910
359,53,19911
360,53,19912
361,53,19913
362,53,19914
363,53,19915
364,53,19916
365,53,19917
366,53,19918
367,53,19919
368,53,19920
369,53,19921
370,53,19922
371,53,19923
372,53,19924
373,53,19925
374,53,19926
375,53,19927
376,53,19928
1,54,19929
2,54,19930
3,54,19931
4,54,19932
5,54,19933
6,54,19934
7,54,19935
8,54,19936
9,54,19937
10,54,19938
11,54,19939
12,54,19940
13,54,19941
14,54,19942
15,54,19943
16,54,19944
17,54,19945
18,54,19946
19,54,19947
20,54,19948
21,54,19949
22,54,19950
23,54,19951
24,54,19952
25,54,19953
26,54,19954
27,54,19955
28,54,19956
29,54,19957
30,54,19958
31,54,19959
32,54,19960
33,54,19961
34,54,19962
35,54,19963
36,54,19964
37,54,19965
38,54,19966
39,54,19967
40,54,19968
41,54,19969
42,54,19970
43,54,19971
44,54,19972
45,54,19973
46,54,19974
47,54,19975
48,54,19976
49,54,19977
50,54,19978
51,54,19979
52,54,19980
53,54,19981
54,54,19982
55,54,19983
56,54,19984
57,54,19985
58,54,19986
59,54,19987
60,54,19988
61,54,19989
62,54,19990
63,54,19991
64,54,19992
65,54,19993
66,54,19994
67,54,19995
68,54,19996
69,54,19997
70,54,19998
71,54,19999
72,54,20000
73,54,20001
74,54,20002
75,54,20003
76,54,20004
77,54,20005
78,54,20006
79,54,20007
80,54,20008
81,54,20009
82,54,20010
83,54,20011
84,54,20012
85,54,20013
86,54,20014
87,54,20015
88,54,20016
89,54,20017
90,54,20018
91,54,20019
92,54,20020
93,54,20021
94,54,20022
95,54,20023
96,54,20024
97,54,20025
98,54,20026
99,54,20027
100,54,20028
101,54,20029
102,54,20030
103,54,20031
104,54,20032
105,54,20033
106,54,20034
107,54,20035
108,54,20036
109,54,20037
110,54,20038
111,54,20039
112,54,20040
113,54,20041
114,54,20042
115,54,20043
116,54,20044
117,54,20045
118,54,20046
119,54,20047
120,54,20048
121,54,20049
122,54,20050
123,54,20051
124,54,20052
125,54,20053
126,54,20054
127,54,20055
128,54,20056
129,54,20057
130,54,20058
131,54,20059
132,54,20060
133,54,20061
134,54,20062
135,54,20063
136,54,20064
137,54,20065
138,54,20066
139,54,20067
140,54,20068
141,54,20069
142,54,20070
143,54,20071
144,54,20072
145,54,20073
146,54,20074
147,54,20075
148,54,20076
149,54,20077
150,54,20078
151,54,20079
152,54,20080
153,54,20081
154,54,20082
155,54,20083
156,54,20084
157,54,20085
158,54,20086
159,54,20087
160,54,20088
161,54,20089
162,54,20090
163,54,20091
164,54,20092
165,54,20093
166,54,20094
167,54,20095
168,54,20096
169,54,20097
170,54,20098
171,54,20099
172,54,20100
173,54,20101
174,54,20102
175,54,20103
176,54,20104
177,54,20105
178,54,20106
179,54,20107
180,54,20108
181,54,20109
182,54,20110
183,54,20111
184,54,20112
185,54,20113
186,54,20114
187,54,20115
188,54,20116
189,54,20117
190,54,20118
191,54,20119
192,54,20120
193,54,20121
194,54,20122
195,54,20123
196,54,20124
197,54,20125
198,54,20126
199,54,20127
200,54,20128
201,54,20129
202,54,20130
203,54,20131
204,54,20132
205,54,20133
206,54,20134
207,54,20135
208,54,20136
209,54,20137
210,54,20138
211,54,20139
212,54,20140
213,54,20141
214,54,20142
215,54,20143
216,54,20144
217,54,20145
218,54,20146
219,54,20147
220,54,20148
221,54,20149
222,54,20150
223,54,20151
224,54,20152
225,54,20153
226,54,20154
227,54,20155
228,54,20156
229,54,20157
230,54,20158
231,54,20159
232,54,20160
233,54,20161
234,54,20162
235,54,20163
236,54,20164
237,54,20165
238,54,20166
239,54,20167
240,54,20168
241,54,20169
242,54,20170
243,54,20171
244,54,20172
245,54,20173
246,54,20174
247,54,20175
248,54,20176
249,54,20177
250,54,20178
251,54,20179
252,54,20180
253,54,20181
254,54,20182
255,54,20183
256,54,20184
257,54,20185
258,54,20186
259,54,20187
260,54,20188
261,54,20189
262,54,20190
263,54,20191
264,54,20192
265,54,20193
266,54,20194
267,54,20195
268,54,20196
269,54,20197
270,54,20198
271,54,20199
272,54,20200
273,54,20201
274,54,20202
275,54,20203
276,54,20204
277,54,20205
278,54,20206
279,54,20207
280,54,20208
281,54,20209
282,54,20210
283,54,20211
284,54,20212
285,54,20213
286,54,20214
287,54,20215
288,54,20216
289,54,20217
290,54,20218
291,54,20219
292,54,20220
293,54,20221
294,54,20222
295,54,20223
296,54,20224
297,54,20225
298,54,20226
299,54,20227
300,54,20228
301,54,20229
302,54,20230
303,54,20231
304,54,20232
305,54,20233
306,54,20234
307,54,20235
308,54,20236
309,54,20237
310,54,20238
311,54,20239
312,54,20240
313,54,20241
314,54,20242
315,54,20243
316,54,20244
317,54,20245
318,54,20246
319,54,20247
320,54,20248
321,54,20249
322,54,20250
323,54,20251
324,54,20252
325,54,20253
326,54,20254
327,54,20255
328,54,20256
329,54,20257
330,54,20258
331,54,20259
332,54,20260
333,54,20261
334,54,20262
335,54,20263
336,54,20264
337,54,20265
338,54,20266
339,54,20267
340,54,20268
341,54,20269
342,54,20270
343,54,20271
344,54,20272
345,54,20273
346,54,20274
347,54,20275
348,54,20276
349,54,20277
350,54,20278
351,54,20279
352,54,20280
353,54,20281
354,54,20282
355,54,20283
356,54,20284
357,54,20285
358,54,20286
359,54,20287
360,54,20288
361,54,20289
362,54,20290
363,54,20291
364,54,20292
365,54,20293
366,54,20294
367,54,20295
368,54,20296
369,54,20297
370,54,20298
371,54,20299
372,54,20300
373,54,20301
374,54,20302
375,54,20303
376,54,20304
1,55,20305
2,55,20306
3,55,20307
4,55,20308
5,55,20309
6,55,20310
7,55,20311
8,55,20312
9,55,20313
10,55,20314
11,55,20315
12,55,20316
13,55,20317
14,55,20318
15,55,20319
16,55,20320
17,55,20321
18,55,20322
19,55,20323
20,55,20324
21,55,20325
22,55,20326
23,55,20327
24,55,20328
25,55,20329
26,55,20330
27,55,20331
28,55,20332
29,55,20333
30,55,20334
31,55,20335
32,55,20336
33,55,20337
34,55,20338
35,55,20339
36,55,20340
37,55,20341
38,55,20342
39,55,20343
40,55,20344
41,55,20345
42,55,20346
43,55,20347
44,55,20348
45,55,20349
46,55,20350
47,55,20351
48,55,20352
49,55,20353
50,55,20354
51,55,20355
52,55,20356
53,55,20357
54,55,20358
55,55,20359
56,55,20360
57,55,20361
58,55,20362
59,55,20363
60,55,20364
61,55,20365
62,55,20366
63,55,20367
64,55,20368
65,55,20369
66,55,20370
67,55,20371
68,55,20372
69,55,20373
70,55,20374
71,55,20375
72,55,20376
73,55,20377
74,55,20378
75,55,20379
76,55,20380
77,55,20381
78,55,20382
79,55,20383
80,55,20384
81,55,20385
82,55,20386
83,55,20387
84,55,20388
85,55,20389
86,55,20390
87,55,20391
88,55,20392
89,55,20393
90,55,20394
91,55,20395
92,55,20396
93,55,20397
94,55,20398
95,55,20399
96,55,20400
97,55,20401
98,55,20402
99,55,20403
100,55,20404
101,55,20405
102,55,20406
103,55,20407
104,55,20408
105,55,20409
106,55,20410
107,55,20411
108,55,20412
109,55,20413
110,55,20414
111,55,20415
112,55,20416
113,55,20417
114,55,20418
115,55,20419
116,55,20420
117,55,20421
118,55,20422
119,55,20423
120,55,20424
121,55,20425
122,55,20426
123,55,20427
124,55,20428
125,55,20429
126,55,20430
127,55,20431
128,55,20432
129,55,20433
130,55,20434
131,55,20435
132,55,20436
133,55,20437
134,55,20438
135,55,20439
136,55,20440
137,55,20441
138,55,20442
139,55,20443
140,55,20444
141,55,20445
142,55,20446
143,55,20447
144,55,20448
145,55,20449
146,55,20450
147,55,20451
148,55,20452
149,55,20453
150,55,20454
151,55,20455
152,55,20456
153,55,20457
154,55,20458
155,55,20459
156,55,20460
157,55,20461
158,55,20462
159,55,20463
160,55,20464
161,55,20465
162,55,20466
163,55,20467
164,55,20468
165,55,20469
166,55,20470
167,55,20471
168,55,20472
169,55,20473
170,55,20474
171,55,20475
172,55,20476
173,55,20477
174,55,20478
175,55,20479
176,55,20480
177,55,20481
178,55,20482
179,55,20483
180,55,20484
181,55,20485
182,55,20486
183,55,20487
184,55,20488
185,55,20489
186,55,20490
187,55,20491
188,55,20492
189,55,20493
190,55,20494
191,55,20495
192,55,20496
193,55,20497
194,55,20498
195,55,20499
196,55,20500
197,55,20501
198,55,20502
199,55,20503
200,55,20504
201,55,20505
202,55,20506
203,55,20507
204,55,20508
205,55,20509
206,55,20510
207,55,20511
208,55,20512
209,55,20513
210,55,20514
211,55,20515
212,55,20516
213,55,20517
214,55,20518
215,55,20519
216,55,20520
217,55,20521
218,55,20522
219,55,20523
220,55,20524
221,55,20525
222,55,20526
223,55,20527
224,55,20528
225,55,20529
226,55,20530
227,55,20531
228,55,20532
229,55,20533
230,55,20534
231,55,20535
232,55,20536
233,55,20537
234,55,20538
235,55,20539
236,55,20540
237,55,20541
238,55,20542
239,55,20543
240,55,20544
241,55,20545
242,55,20546
243,55,20547
244,55,20548
245,55,20549
246,55,20550
247,55,20551
248,55,20552
249,55,20553
250,55,20554
251,55,20555
252,55,20556
253,55,20557
254,55,20558
255,55,20559
256,55,20560
257,55,20561
258,55,20562
259,55,20563
260,55,20564
261,55,20565
262,55,20566
263,55,20567
264,55,20568
265,55,20569
266,55,20570
267,55,20571
268,55,20572
269,55,20573
270,55,20574
271,55,20575
272,55,20576
273,55,20577
274,55,20578
275,55,20579
276,55,20580
277,55,20581
278,55,20582
279,55,20583
280,55,20584
281,55,20585
282,55,20586
283,55,20587
284,55,20588
285,55,20589
286,55,20590
287,55,20591
288,55,20592
289,55,20593
290,55,20594
291,55,20595
292,55,20596
293,55,20597
294,55,20598
295,55,20599
296,55,20600
297,55,20601
298,55,20602
299,55,20603
300,55,20604
301,55,20605
302,55,20606
303,55,20607
304,55,20608
305,55,20609
306,55,20610
307,55,20611
308,55,20612
309,55,20613
310,55,20614
311,55,20615
312,55,20616
313,55,20617
314,55,20618
315,55,20619
316,55,20620
317,55,20621
318,55,20622
319,55,20623
320,55,20624
321,55,20625
322,55,20626
323,55,20627
324,55,20628
325,55,20629
326,55,20630
327,55,20631
328,55,20632
329,55,20633
330,55,20634
331,55,20635
332,55,20636
333,55,20637
334,55,20638
335,55,20639
336,55,20640
337,55,20641
338,55,20642
339,55,20643
340,55,20644
341,55,20645
342,55,20646
343,55,20647
344,55,20648
345,55,20649
346,55,20650
347,55,20651
348,55,20652
349,55,20653
350,55,20654
351,55,20655
352,55,20656
353,55,20657
354,55,20658
355,55,20659
356,55,20660
357,55,20661
358,55,20662
359,55,20663
360,55,20664
361,55,20665
362,55,20666
363,55,20667
364,55,20668
365,55,20669
366,55,20670
367,55,20671
368,55,20672
369,55,20673
370,55,20674
371,55,20675
372,55,20676
373,55,20677
374,55,20678
375,55,20679
376,55,20680
1,56,20681
2,56,20682
3,56,20683
4,56,20684
5,56,20685
6,56,20686
7,56,20687
8,56,20688
9,56,20689
10,56,20690
11,56,20691
12,56,20692
13,56,20693
14,56,20694
15,56,20695
16,56,20696
17,56,20697
18,56,20698
19,56,20699
20,56,20700
21,56,20701
22,56,20702
23,56,20703
24,56,20704
25,56,20705
26,56,20706
27,56,20707
28,56,20708
29,56,20709
30,56,20710
31,56,20711
32,56,20712
33,56,20713
34,56,20714
35,56,20715
36,56,20716
37,56,20717
38,56,20718
39,56,20719
40,56,20720
41,56,20721
42,56,20722
43,56,20723
44,56,20724
45,56,20725
46,56,20726
47,56,20727
48,56,20728
49,56,20729
50,56,20730
51,56,20731
52,56,20732
53,56,20733
54,56,20734
55,56,20735
56,56,20736
57,56,20737
58,56,20738
59,56,20739
60,56,20740
61,56,20741
62,56,20742
63,56,20743
64,56,20744
65,56,20745
66,56,20746
67,56,20747
68,56,20748
69,56,20749
70,56,20750
71,56,20751
72,56,20752
73,56,20753
74,56,20754
75,56,20755
76,56,20756
77,56,20757
78,56,20758
79,56,20759
80,56,20760
81,56,20761
82,56,20762
83,56,20763
84,56,20764
85,56,20765
86,56,20766
87,56,20767
88,56,20768
89,56,20769
90,56,20770
91,56,20771
92,56,20772
93,56,20773
94,56,20774
95,56,20775
96,56,20776
97,56,20777
98,56,20778
99,56,20779
100,56,20780
101,56,20781
102,56,20782
103,56,20783
104,56,20784
105,56,20785
106,56,20786
107,56,20787
108,56,20788
109,56,20789
110,56,20790
111,56,20791
112,56,20792
113,56,20793
114,56,20794
115,56,20795
116,56,20796
117,56,20797
118,56,20798
119,56,20799
120,56,20800
121,56,20801
122,56,20802
123,56,20803
124,56,20804
125,56,20805
126,56,20806
127,56,20807
128,56,20808
129,56,20809
130,56,20810
131,56,20811
132,56,20812
133,56,20813
134,56,20814
135,56,20815
136,56,20816
137,56,20817
138,56,20818
139,56,20819
140,56,20820
141,56,20821
142,56,20822
143,56,20823
144,56,20824
145,56,20825
146,56,20826
147,56,20827
148,56,20828
149,56,20829
150,56,20830
151,56,20831
152,56,20832
153,56,20833
154,56,20834
155,56,20835
156,56,20836
157,56,20837
158,56,20838
159,56,20839
160,56,20840
161,56,20841
162,56,20842
163,56,20843
164,56,20844
165,56,20845
166,56,20846
167,56,20847
168,56,20848
169,56,20849
170,56,20850
171,56,20851
172,56,20852
173,56,20853
174,56,20854
175,56,20855
176,56,20856
177,56,20857
178,56,20858
179,56,20859
180,56,20860
181,56,20861
182,56,20862
183,56,20863
184,56,20864
185,56,20865
186,56,20866
187,56,20867
188,56,20868
189,56,20869
190,56,20870
191,56,20871
192,56,20872
193,56,20873
194,56,20874
195,56,20875
196,56,20876
197,56,20877
198,56,20878
199,56,20879
200,56,20880
201,56,20881
202,56,20882
203,56,20883
204,56,20884
205,56,20885
206,56,20886
207,56,20887
208,56,20888
209,56,20889
210,56,20890
211,56,20891
212,56,20892
213,56,20893
214,56,20894
215,56,20895
216,56,20896
217,56,20897
218,56,20898
219,56,20899
220,56,20900
221,56,20901
222,56,20902
223,56,20903
224,56,20904
225,56,20905
226,56,20906
227,56,20907
228,56,20908
229,56,20909
230,56,20910
231,56,20911
232,56,20912
233,56,20913
234,56,20914
235,56,20915
236,56,20916
237,56,20917
238,56,20918
239,56,20919
240,56,20920
241,56,20921
242,56,20922
243,56,20923
244,56,20924
245,56,20925
246,56,20926
247,56,20927
248,56,20928
249,56,20929
250,56,20930
251,56,20931
252,56,20932
253,56,20933
254,56,20934
255,56,20935
256,56,20936
257,56,20937
258,56,20938
259,56,20939
260,56,20940
261,56,20941
262,56,20942
263,56,20943
264,56,20944
265,56,20945
266,56,20946
267,56,20947
268,56,20948
269,56,20949
270,56,20950
271,56,20951
272,56,20952
273,56,20953
274,56,20954
275,56,20955
276,56,20956
277,56,20957
278,56,20958
279,56,20959
280,56,20960
281,56,20961
282,56,20962
283,56,20963
284,56,20964
285,56,20965
286,56,20966
287,56,20967
288,56,20968
289,56,20969
290,56,20970
291,56,20971
292,56,20972
293,56,20973
294,56,20974
295,56,20975
296,56,20976
297,56,20977
298,56,20978
299,56,20979
300,56,20980
301,56,20981
302,56,20982
303,56,20983
304,56,20984
305,56,20985
306,56,20986
307,56,20987
308,56,20988
309,56,20989
310,56,20990
311,56,20991
312,56,20992
313,56,20993
314,56,20994
315,56,20995
316,56,20996
317,56,20997
318,56,20998
319,56,20999
320,56,21000
321,56,21001
322,56,21002
323,56,21003
324,56,21004
325,56,21005
326,56,21006
327,56,21007
328,56,21008
329,56,21009
330,56,21010
331,56,21011
332,56,21012
333,56,21013
334,56,21014
335,56,21015
336,56,21016
337,56,21017
338,56,21018
339,56,21019
340,56,21020
341,56,21021
342,56,21022
343,56,21023
344,56,21024
345,56,21025
346,56,21026
347,56,21027
348,56,21028
349,56,21029
350,56,21030
351,56,21031
352,56,21032
353,56,21033
354,56,21034
355,56,21035
356,56,21036
357,56,21037
358,56,21038
359,56,21039
360,56,21040
361,56,21041
362,56,21042
363,56,21043
364,56,21044
365,56,21045
366,56,21046
367,56,21047
368,56,21048
369,56,21049
370,56,21050
371,56,21051
372,56,21052
373,56,21053
374,56,21054
375,56,21055
376,56,21056
1,57,21057
2,57,21058
3,57,21059
4,57,21060
5,57,21061
6,57,21062
7,57,21063
8,57,21064
9,57,21065
10,57,21066
11,57,21067
12,57,21068
13,57,21069
14,57,21070
15,57,21071
16,57,21072
17,57,21073
18,57,21074
19,57,21075
20,57,21076
21,57,21077
22,57,21078
23,57,21079
24,57,21080
25,57,21081
26,57,21082
27,57,21083
28,57,21084
29,57,21085
30,57,21086
31,57,21087
32,57,21088
33,57,21089
34,57,21090
35,57,21091
36,57,21092
37,57,21093
38,57,21094
39,57,21095
40,57,21096
41,57,21097
42,57,21098
43,57,21099
44,57,21100
45,57,21101
46,57,21102
47,57,21103
48,57,21104
49,57,21105
50,57,21106
51,57,21107
52,57,21108
53,57,21109
54,57,21110
55,57,21111
56,57,21112
57,57,21113
58,57,21114
59,57,21115
60,57,21116
61,57,21117
62,57,21118
63,57,21119
64,57,21120
65,57,21121
66,57,21122
67,57,21123
68,57,21124
69,57,21125
70,57,21126
71,57,21127
72,57,21128
73,57,21129
74,57,21130
75,57,21131
76,57,21132
77,57,21133
78,57,21134
79,57,21135
80,57,21136
81,57,21137
82,57,21138
83,57,21139
84,57,21140
85,57,21141
86,57,21142
87,57,21143
88,57,21144
89,57,21145
90,57,21146
91,57,21147
92,57,21148
93,57,21149
94,57,21150
95,57,21151
96,57,21152
97,57,21153
98,57,21154
99,57,21155
100,57,21156
101,57,21157
102,57,21158
103,57,21159
104,57,21160
105,57,21161
106,57,21162
107,57,21163
108,57,21164
109,57,21165
110,57,21166
111,57,21167
112,57,21168
113,57,21169
114,57,21170
115,57,21171
116,57,21172
117,57,21173
118,57,21174
119,57,21175
120,57,21176
121,57,21177
122,57,21178
123,57,21179
124,57,21180
125,57,21181
126,57,21182
127,57,21183
128,57,21184
129,57,21185
130,57,21186
131,57,21187
132,57,21188
133,57,21189
134,57,21190
135,57,21191
136,57,21192
137,57,21193
138,57,21194
139,57,21195
140,57,21196
141,57,21197
142,57,21198
143,57,21199
144,57,21200
145,57,21201
146,57,21202
147,57,21203
148,57,21204
149,57,21205
150,57,21206
151,57,21207
152,57,21208
153,57,21209
154,57,21210
155,57,21211
156,57,21212
157,57,21213
158,57,21214
159,57,21215
160,57,21216
161,57,21217
162,57,21218
163,57,21219
164,57,21220
165,57,21221
166,57,21222
167,57,21223
168,57,21224
169,57,21225
170,57,21226
171,57,21227
172,57,21228
173,57,21229
174,57,21230
175,57,21231
176,57,21232
177,57,21233
178,57,21234
179,57,21235
180,57,21236
181,57,21237
182,57,21238
183,57,21239
184,57,21240
185,57,21241
186,57,21242
187,57,21243
188,57,21244
189,57,21245
190,57,21246
191,57,21247
192,57,21248
193,57,21249
194,57,21250
195,57,21251
196,57,21252
197,57,21253
198,57,21254
199,57,21255
200,57,21256
201,57,21257
202,57,21258
203,57,21259
204,57,21260
205,57,21261
206,57,21262
207,57,21263
208,57,21264
209,57,21265
210,57,21266
211,57,21267
212,57,21268
213,57,21269
214,57,21270
215,57,21271
216,57,21272
217,57,21273
218,57,21274
219,57,21275
220,57,21276
221,57,21277
222,57,21278
223,57,21279
224,57,21280
225,57,21281
226,57,21282
227,57,21283
228,57,21284
229,57,21285
230,57,21286
231,57,21287
232,57,21288
233,57,21289
234,57,21290
235,57,21291
236,57,21292
237,57,21293
238,57,21294
239,57,21295
240,57,21296
241,57,21297
242,57,21298
243,57,21299
244,57,21300
245,57,21301
246,57,21302
247,57,21303
248,57,21304
249,57,21305
250,57,21306
251,57,21307
252,57,21308
253,57,21309
254,57,21310
255,57,21311
256,57,21312
257,57,21313
258,57,21314
259,57,21315
260,57,21316
261,57,21317
262,57,21318
263,57,21319
264,57,21320
265,57,21321
266,57,21322
267,57,21323
268,57,21324
269,57,21325
270,57,21326
271,57,21327
272,57,21328
273,57,21329
274,57,21330
275,57,21331
276,57,21332
277,57,21333
278,57,21334
279,57,21335
280,57,21336
281,57,21337
282,57,21338
283,57,21339
284,57,21340
285,57,21341
286,57,21342
287,57,21343
288,57,21344
289,57,21345
290,57,21346
291,57,21347
292,57,21348
293,57,21349
294,57,21350
295,57,21351
296,57,21352
297,57,21353
298,57,21354
299,57,21355
300,57,21356
301,57,21357
302,57,21358
303,57,21359
304,57,21360
305,57,21361
306,57,21362
307,57,21363
308,57,21364
309,57,21365
310,57,21366
311,57,21367
312,57,21368
313,57,21369
314,57,21370
315,57,21371
316,57,21372
317,57,21373
318,57,21374
319,57,21375
320,57,21376
321,57,21377
322,57,21378
323,57,21379
324,57,21380
325,57,21381
326,57,21382
327,57,21383
328,57,21384
329,57,21385
330,57,21386
331,57,21387
332,57,21388
333,57,21389
334,57,21390
335,57,21391
336,57,21392
337,57,21393
338,57,21394
339,57,21395
340,57,21396
341,57,21397
342,57,21398
343,57,21399
344,57,21400
345,57,21401
346,57,21402
347,57,21403
348,57,21404
349,57,21405
350,57,21406
351,57,21407
352,57,21408
353,57,21409
354,57,21410
355,57,21411
356,57,21412
357,57,21413
358,57,21414
359,57,21415
360,57,21416
361,57,21417
362,57,21418
363,57,21419
364,57,21420
365,57,21421
366,57,21422
367,57,21423
368,57,21424
369,57,21425
370,57,21426
371,57,21427
372,57,21428
373,57,21429
374,57,21430
375,57,21431
376,57,21432
1,58,21433
2,58,21434
3,58,21435
4,58,21436
5,58,21437
6,58,21438
7,58,21439
8,58,21440
9,58,21441
10,58,21442
11,58,21443
12,58,21444
13,58,21445
14,58,21446
15,58,21447
16,58,21448
17,58,21449
18,58,21450
19,58,21451
20,58,21452
21,58,21453
22,58,21454
23,58,21455
24,58,21456
25,58,21457
26,58,21458
27,58,21459
28,58,21460
29,58,21461
30,58,21462
31,58,21463
32,58,21464
33,58,21465
34,58,21466
35,58,21467
36,58,21468
37,58,21469
38,58,21470
39,58,21471
40,58,21472
41,58,21473
42,58,21474
43,58,21475
44,58,21476
45,58,21477
46,58,21478
47,58,21479
48,58,21480
49,58,21481
50,58,21482
51,58,21483
52,58,21484
53,58,21485
54,58,21486
55,58,21487
56,58,21488
57,58,21489
58,58,21490
59,58,21491
60,58,21492
61,58,21493
62,58,21494
63,58,21495
64,58,21496
65,58,21497
66,58,21498
67,58,21499
68,58,21500
69,58,21501
70,58,21502
71,58,21503
72,58,21504
73,58,21505
74,58,21506
75,58,21507
76,58,21508
77,58,21509
78,58,21510
79,58,21511
80,58,21512
81,58,21513
82,58,21514
83,58,21515
84,58,21516
85,58,21517
86,58,21518
87,58,21519
88,58,21520
89,58,21521
90,58,21522
91,58,21523
92,58,21524
93,58,21525
94,58,21526
95,58,21527
96,58,21528
97,58,21529
98,58,21530
99,58,21531
100,58,21532
101,58,21533
102,58,21534
103,58,21535
104,58,21536
105,58,21537
106,58,21538
107,58,21539
108,58,21540
109,58,21541
110,58,21542
111,58,21543
112,58,21544
113,58,21545
114,58,21546
115,58,21547
116,58,21548
117,58,21549
118,58,21550
119,58,21551
120,58,21552
121,58,21553
122,58,21554
123,58,21555
124,58,21556
125,58,21557
126,58,21558
127,58,21559
128,58,21560
129,58,21561
130,58,21562
131,58,21563
132,58,21564
133,58,21565
134,58,21566
135,58,21567
136,58,21568
137,58,21569
138,58,21570
139,58,21571
140,58,21572
141,58,21573
142,58,21574
143,58,21575
144,58,21576
145,58,21577
146,58,21578
147,58,21579
148,58,21580
149,58,21581
150,58,21582
151,58,21583
152,58,21584
153,58,21585
154,58,21586
155,58,21587
156,58,21588
157,58,21589
158,58,21590
159,58,21591
160,58,21592
161,58,21593
162,58,21594
163,58,21595
164,58,21596
165,58,21597
166,58,21598
167,58,21599
168,58,21600
169,58,21601
170,58,21602
171,58,21603
172,58,21604
173,58,21605
174,58,21606
175,58,21607
176,58,21608
177,58,21609
178,58,21610
179,58,21611
180,58,21612
181,58,21613
182,58,21614
183,58,21615
184,58,21616
185,58,21617
186,58,21618
187,58,21619
188,58,21620
189,58,21621
190,58,21622
191,58,21623
192,58,21624
193,58,21625
194,58,21626
195,58,21627
196,58,21628
197,58,21629
198,58,21630
199,58,21631
200,58,21632
201,58,21633
202,58,21634
203,58,21635
204,58,21636
205,58,21637
206,58,21638
207,58,21639
208,58,21640
209,58,21641
210,58,21642
211,58,21643
212,58,21644
213,58,21645
214,58,21646
215,58,21647
216,58,21648
217,58,21649
218,58,21650
219,58,21651
220,58,21652
221,58,21653
222,58,21654
223,58,21655
224,58,21656
225,58,21657
226,58,21658
227,58,21659
228,58,21660
229,58,21661
230,58,21662
231,58,21663
232,58,21664
233,58,21665
234,58,21666
235,58,21667
236,58,21668
237,58,21669
238,58,21670
239,58,21671
240,58,21672
241,58,21673
242,58,21674
243,58,21675
244,58,21676
245,58,21677
246,58,21678
247,58,21679
248,58,21680
249,58,21681
250,58,21682
251,58,21683
252,58,21684
253,58,21685
254,58,21686
255,58,21687
256,58,21688
257,58,21689
258,58,21690
259,58,21691
260,58,21692
261,58,21693
262,58,21694
263,58,21695
264,58,21696
265,58,21697
266,58,21698
267,58,21699
268,58,21700
269,58,21701
270,58,21702
271,58,21703
272,58,21704
273,58,21705
274,58,21706
275,58,21707
276,58,21708
277,58,21709
278,58,21710
279,58,21711
280,58,21712
281,58,21713
282,58,21714
283,58,21715
284,58,21716
285,58,21717
286,58,21718
287,58,21719
288,58,21720
289,58,21721
290,58,21722
291,58,21723
292,58,21724
293,58,21725
294,58,21726
295,58,21727
296,58,21728
297,58,21729
298,58,21730
299,58,21731
300,58,21732
301,58,21733
302,58,21734
303,58,21735
304,58,21736
305,58,21737
306,58,21738
307,58,21739
308,58,21740
309,58,21741
310,58,21742
311,58,21743
312,58,21744
313,58,21745
314,58,21746
315,58,21747
316,58,21748
317,58,21749
318,58,21750
319,58,21751
320,58,21752
321,58,21753
322,58,21754
323,58,21755
324,58,21756
325,58,21757
326,58,21758
327,58,21759
328,58,21760
329,58,21761
330,58,21762
331,58,21763
332,58,21764
333,58,21765
334,58,21766
335,58,21767
336,58,21768
337,58,21769
338,58,21770
339,58,21771
340,58,21772
341,58,21773
342,58,21774
343,58,21775
344,58,21776
345,58,21777
346,58,21778
347,58,21779
348,58,21780
349,58,21781
350,58,21782
351,58,21783
352,58,21784
353,58,21785
354,58,21786
355,58,21787
356,58,21788
357,58,21789
358,58,21790
359,58,21791
360,58,21792
361,58,21793
362,58,21794
363,58,21795
364,58,21796
365,58,21797
366,58,21798
367,58,21799
368,58,21800
369,58,21801
370,58,21802
371,58,21803
372,58,21804
373,58,21805
374,58,21806
375,58,21807
376,58,21808
1,59,21809
2,59,21810
3,59,21811
4,59,21812
5,59,21813
6,59,21814
7,59,21815
8,59,21816
9,59,21817
10,59,21818
11,59,21819
12,59,21820
13,59,21821
14,59,21822
15,59,21823
16,59,21824
17,59,21825
18,59,21826
19,59,21827
20,59,21828
21,59,21829
22,59,21830
23,59,21831
24,59,21832
25,59,21833
26,59,21834
27,59,21835
28,59,21836
29,59,21837
30,59,21838
31,59,21839
32,59,21840
33,59,21841
34,59,21842
35,59,21843
36,59,21844
37,59,21845
38,59,21846
39,59,21847
40,59,21848
41,59,21849
42,59,21850
43,59,21851
44,59,21852
45,59,21853
46,59,21854
47,59,21855
48,59,21856
49,59,21857
50,59,21858
51,59,21859
52,59,21860
53,59,21861
54,59,21862
55,59,21863
56,59,21864
57,59,21865
58,59,21866
59,59,21867
60,59,21868
61,59,21869
62,59,21870
63,59,21871
64,59,21872
65,59,21873
66,59,21874
67,59,21875
68,59,21876
69,59,21877
70,59,21878
71,59,21879
72,59,21880
73,59,21881
74,59,21882
75,59,21883
76,59,21884
77,59,21885
78,59,21886
79,59,21887
80,59,21888
81,59,21889
82,59,21890
83,59,21891
84,59,21892
85,59,21893
86,59,21894
87,59,21895
88,59,21896
89,59,21897
90,59,21898
91,59,21899
92,59,21900
93,59,21901
94,59,21902
95,59,21903
96,59,21904
97,59,21905
98,59,21906
99,59,21907
100,59,21908
101,59,21909
102,59,21910
103,59,21911
104,59,21912
105,59,21913
106,59,21914
107,59,21915
108,59,21916
109,59,21917
110,59,21918
111,59,21919
112,59,21920
113,59,21921
114,59,21922
115,59,21923
116,59,21924
117,59,21925
118,59,21926
119,59,21927
120,59,21928
121,59,21929
122,59,21930
123,59,21931
124,59,21932
125,59,21933
126,59,21934
127,59,21935
128,59,21936
129,59,21937
130,59,21938
131,59,21939
132,59,21940
133,59,21941
134,59,21942
135,59,21943
136,59,21944
137,59,21945
138,59,21946
139,59,21947
140,59,21948
141,59,21949
142,59,21950
143,59,21951
144,59,21952
145,59,21953
146,59,21954
147,59,21955
148,59,21956
149,59,21957
150,59,21958
151,59,21959
152,59,21960
153,59,21961
154,59,21962
155,59,21963
156,59,21964
157,59,21965
158,59,21966
159,59,21967
160,59,21968
161,59,21969
162,59,21970
163,59,21971
164,59,21972
165,59,21973
166,59,21974
167,59,21975
168,59,21976
169,59,21977
170,59,21978
171,59,21979
172,59,21980
173,59,21981
174,59,21982
175,59,21983
176,59,21984
177,59,21985
178,59,21986
179,59,21987
180,59,21988
181,59,21989
182,59,21990
183,59,21991
184,59,21992
185,59,21993
186,59,21994
187,59,21995
188,59,21996
189,59,21997
190,59,21998
191,59,21999
192,59,22000
193,59,22001
194,59,22002
195,59,22003
196,59,22004
197,59,22005
198,59,22006
199,59,22007
200,59,22008
201,59,22009
202,59,22010
203,59,22011
204,59,22012
205,59,22013
206,59,22014
207,59,22015
208,59,22016
209,59,22017
210,59,22018
211,59,22019
212,59,22020
213,59,22021
214,59,22022
215,59,22023
216,59,22024
217,59,22025
218,59,22026
219,59,22027
220,59,22028
221,59,22029
222,59,22030
223,59,22031
224,59,22032
225,59,22033
226,59,22034
227,59,22035
228,59,22036
229,59,22037
230,59,22038
231,59,22039
232,59,22040
233,59,22041
234,59,22042
235,59,22043
236,59,22044
237,59,22045
238,59,22046
239,59,22047
240,59,22048
241,59,22049
242,59,22050
243,59,22051
244,59,22052
245,59,22053
246,59,22054
247,59,22055
248,59,22056
249,59,22057
250,59,22058
251,59,22059
252,59,22060
253,59,22061
254,59,22062
255,59,22063
256,59,22064
257,59,22065
258,59,22066
259,59,22067
260,59,22068
261,59,22069
262,59,22070
263,59,22071
264,59,22072
265,59,22073
266,59,22074
267,59,22075
268,59,22076
269,59,22077
270,59,22078
271,59,22079
272,59,22080
273,59,22081
274,59,22082
275,59,22083
276,59,22084
277,59,22085
278,59,22086
279,59,22087
280,59,22088
281,59,22089
282,59,22090
283,59,22091
284,59,22092
285,59,22093
286,59,22094
287,59,22095
288,59,22096
289,59,22097
290,59,22098
291,59,22099
292,59,22100
293,59,22101
294,59,22102
295,59,22103
296,59,22104
297,59,22105
298,59,22106
299,59,22107
300,59,22108
301,59,22109
302,59,22110
303,59,22111
304,59,22112
305,59,22113
306,59,22114
307,59,22115
308,59,22116
309,59,22117
310,59,22118
311,59,22119
312,59,22120
313,59,22121
314,59,22122
315,59,22123
316,59,22124
317,59,22125
318,59,22126
319,59,22127
320,59,22128
321,59,22129
322,59,22130
323,59,22131
324,59,22132
325,59,22133
326,59,22134
327,59,22135
328,59,22136
329,59,22137
330,59,22138
331,59,22139
332,59,22140
333,59,22141
334,59,22142
335,59,22143
336,59,22144
337,59,22145
338,59,22146
339,59,22147
340,59,22148
341,59,22149
342,59,22150
343,59,22151
344,59,22152
345,59,22153
346,59,22154
347,59,22155
348,59,22156
349,59,22157
350,59,22158
351,59,22159
352,59,22160
353,59,22161
354,59,22162
355,59,22163
356,59,22164
357,59,22165
358,59,22166
359,59,22167
360,59,22168
361,59,22169
362,59,22170
363,59,22171
364,59,22172
365,59,22173
366,59,22174
367,59,22175
368,59,22176
369,59,22177
370,59,22178
371,59,22179
372,59,22180
373,59,22181
374,59,22182
375,59,22183
376,59,22184
1,60,22185
2,60,22186
3,60,22187
4,60,22188
5,60,22189
6,60,22190
7,60,22191
8,60,22192
9,60,22193
10,60,22194
11,60,22195
12,60,22196
13,60,22197
14,60,22198
15,60,22199
16,60,22200
17,60,22201
18,60,22202
19,60,22203
20,60,22204
21,60,22205
22,60,22206
23,60,22207
24,60,22208
25,60,22209
26,60,22210
27,60,22211
28,60,22212
29,60,22213
30,60,22214
31,60,22215
32,60,22216
33,60,22217
34,60,22218
35,60,22219
36,60,22220
37,60,22221
38,60,22222
39,60,22223
40,60,22224
41,60,22225
42,60,22226
43,60,22227
44,60,22228
45,60,22229
46,60,22230
47,60,22231
48,60,22232
49,60,22233
50,60,22234
51,60,22235
52,60,22236
53,60,22237
54,60,22238
55,60,22239
56,60,22240
57,60,22241
58,60,22242
59,60,22243
60,60,22244
61,60,22245
62,60,22246
63,60,22247
64,60,22248
65,60,22249
66,60,22250
67,60,22251
68,60,22252
69,60,22253
70,60,22254
71,60,22255
72,60,22256
73,60,22257
74,60,22258
75,60,22259
76,60,22260
77,60,22261
78,60,22262
79,60,22263
80,60,22264
81,60,22265
82,60,22266
83,60,22267
84,60,22268
85,60,22269
86,60,22270
87,60,22271
88,60,22272
89,60,22273
90,60,22274
91,60,22275
92,60,22276
93,60,22277
94,60,22278
95,60,22279
96,60,22280
97,60,22281
98,60,22282
99,60,22283
100,60,22284
101,60,22285
102,60,22286
103,60,22287
104,60,22288
105,60,22289
106,60,22290
107,60,22291
108,60,22292
109,60,22293
110,60,22294
111,60,22295
112,60,22296
113,60,22297
114,60,22298
115,60,22299
116,60,22300
117,60,22301
118,60,22302
119,60,22303
120,60,22304
121,60,22305
122,60,22306
123,60,22307
124,60,22308
125,60,22309
126,60,22310
127,60,22311
128,60,22312
129,60,22313
130,60,22314
131,60,22315
132,60,22316
133,60,22317
134,60,22318
135,60,22319
136,60,22320
137,60,22321
138,60,22322
139,60,22323
140,60,22324
141,60,22325
142,60,22326
143,60,22327
144,60,22328
145,60,22329
146,60,22330
147,60,22331
148,60,22332
149,60,22333
150,60,22334
151,60,22335
152,60,22336
153,60,22337
154,60,22338
155,60,22339
156,60,22340
157,60,22341
158,60,22342
159,60,22343
160,60,22344
161,60,22345
162,60,22346
163,60,22347
164,60,22348
165,60,22349
166,60,22350
167,60,22351
168,60,22352
169,60,22353
170,60,22354
171,60,22355
172,60,22356
173,60,22357
174,60,22358
175,60,22359
176,60,22360
177,60,22361
178,60,22362
179,60,22363
180,60,22364
181,60,22365
182,60,22366
183,60,22367
184,60,22368
185,60,22369
186,60,22370
187,60,22371
188,60,22372
189,60,22373
190,60,22374
191,60,22375
192,60,22376
193,60,22377
194,60,22378
195,60,22379
196,60,22380
197,60,22381
198,60,22382
199,60,22383
200,60,22384
201,60,22385
202,60,22386
203,60,22387
204,60,22388
205,60,22389
206,60,22390
207,60,22391
208,60,22392
209,60,22393
210,60,22394
211,60,22395
212,60,22396
213,60,22397
214,60,22398
215,60,22399
216,60,22400
217,60,22401
218,60,22402
219,60,22403
220,60,22404
221,60,22405
222,60,22406
223,60,22407
224,60,22408
225,60,22409
226,60,22410
227,60,22411
228,60,22412
229,60,22413
230,60,22414
231,60,22415
232,60,22416
233,60,22417
234,60,22418
235,60,22419
236,60,22420
237,60,22421
238,60,22422
239,60,22423
240,60,22424
241,60,22425
242,60,22426
243,60,22427
244,60,22428
245,60,22429
246,60,22430
247,60,22431
248,60,22432
249,60,22433
250,60,22434
251,60,22435
252,60,22436
253,60,22437
254,60,22438
255,60,22439
256,60,22440
257,60,22441
258,60,22442
259,60,22443
260,60,22444
261,60,22445
262,60,22446
263,60,22447
264,60,22448
265,60,22449
266,60,22450
267,60,22451
268,60,22452
269,60,22453
270,60,22454
271,60,22455
272,60,22456
273,60,22457
274,60,22458
275,60,22459
276,60,22460
277,60,22461
278,60,22462
279,60,22463
280,60,22464
281,60,22465
282,60,22466
283,60,22467
284,60,22468
285,60,22469
286,60,22470
287,60,22471
288,60,22472
289,60,22473
290,60,22474
291,60,22475
292,60,22476
293,60,22477
294,60,22478
295,60,22479
296,60,22480
297,60,22481
298,60,22482
299,60,22483
300,60,22484
301,60,22485
302,60,22486
303,60,22487
304,60,22488
305,60,22489
306,60,22490
307,60,22491
308,60,22492
309,60,22493
310,60,22494
311,60,22495
312,60,22496
313,60,22497
314,60,22498
315,60,22499
316,60,22500
317,60,22501
318,60,22502
319,60,22503
320,60,22504
321,60,22505
322,60,22506
323,60,22507
324,60,22508
325,60,22509
326,60,22510
327,60,22511
328,60,22512
329,60,22513
330,60,22514
331,60,22515
332,60,22516
333,60,22517
334,60,22518
335,60,22519
336,60,22520
337,60,22521
338,60,22522
339,60,22523
340,60,22524
341,60,22525
342,60,22526
343,60,22527
344,60,22528
345,60,22529
346,60,22530
347,60,22531
348,60,22532
349,60,22533
350,60,22534
351,60,22535
352,60,22536
353,60,22537
354,60,22538
355,60,22539
356,60,22540
357,60,22541
358,60,22542
359,60,22543
360,60,22544
361,60,22545
362,60,22546
363,60,22547
364,60,22548
365,60,22549
366,60,22550
367,60,22551
368,60,22552
369,60,22553
370,60,22554
371,60,22555
372,60,22556
373,60,22557
374,60,22558
375,60,22559
376,60,22560
1,61,22561
2,61,22562
3,61,22563
4,61,22564
5,61,22565
6,61,22566
7,61,22567
8,61,22568
9,61,22569
10,61,22570
11,61,22571
12,61,22572
13,61,22573
14,61,22574
15,61,22575
16,61,22576
17,61,22577
18,61,22578
19,61,22579
20,61,22580
21,61,22581
22,61,22582
23,61,22583
24,61,22584
25,61,22585
26,61,22586
27,61,22587
28,61,22588
29,61,22589
30,61,22590
31,61,22591
32,61,22592
33,61,22593
34,61,22594
35,61,22595
36,61,22596
37,61,22597
38,61,22598
39,61,22599
40,61,22600
41,61,22601
42,61,22602
43,61,22603
44,61,22604
45,61,22605
46,61,22606
47,61,22607
48,61,22608
49,61,22609
50,61,22610
51,61,22611
52,61,22612
53,61,22613
54,61,22614
55,61,22615
56,61,22616
57,61,22617
58,61,22618
59,61,22619
60,61,22620
61,61,22621
62,61,22622
63,61,22623
64,61,22624
65,61,22625
66,61,22626
67,61,22627
68,61,22628
69,61,22629
70,61,22630
71,61,22631
72,61,22632
73,61,22633
74,61,22634
75,61,22635
76,61,22636
77,61,22637
78,61,22638
79,61,22639
80,61,22640
81,61,22641
82,61,22642
83,61,22643
84,61,22644
85,61,22645
86,61,22646
87,61,22647
88,61,22648
89,61,22649
90,61,22650
91,61,22651
92,61,22652
93,61,22653
94,61,22654
95,61,22655
96,61,22656
97,61,22657
98,61,22658
99,61,22659
100,61,22660
101,61,22661
102,61,22662
103,61,22663
104,61,22664
105,61,22665
106,61,22666
107,61,22667
108,61,22668
109,61,22669
110,61,22670
111,61,22671
112,61,22672
113,61,22673
114,61,22674
115,61,22675
116,61,22676
117,61,22677
118,61,22678
119,61,22679
120,61,22680
121,61,22681
122,61,22682
123,61,22683
124,61,22684
125,61,22685
126,61,22686
127,61,22687
128,61,22688
129,61,22689
130,61,22690
131,61,22691
132,61,22692
133,61,22693
134,61,22694
135,61,22695
136,61,22696
137,61,22697
138,61,22698
139,61,22699
140,61,22700
141,61,22701
142,61,22702
143,61,22703
144,61,22704
145,61,22705
146,61,22706
147,61,22707
148,61,22708
149,61,22709
150,61,22710
151,61,22711
152,61,22712
153,61,22713
154,61,22714
155,61,22715
156,61,22716
157,61,22717
158,61,22718
159,61,22719
160,61,22720
161,61,22721
162,61,22722
163,61,22723
164,61,22724
165,61,22725
166,61,22726
167,61,22727
168,61,22728
169,61,22729
170,61,22730
171,61,22731
172,61,22732
173,61,22733
174,61,22734
175,61,22735
176,61,22736
177,61,22737
178,61,22738
179,61,22739
180,61,22740
181,61,22741
182,61,22742
183,61,22743
184,61,22744
185,61,22745
186,61,22746
187,61,22747
188,61,22748
189,61,22749
190,61,22750
191,61,22751
192,61,22752
193,61,22753
194,61,22754
195,61,22755
196,61,22756
197,61,22757
198,61,22758
199,61,22759
200,61,22760
201,61,22761
202,61,22762
203,61,22763
204,61,22764
205,61,22765
206,61,22766
207,61,22767
208,61,22768
209,61,22769
210,61,22770
211,61,22771
212,61,22772
213,61,22773
214,61,22774
215,61,22775
216,61,22776
217,61,22777
218,61,22778
219,61,22779
220,61,22780
221,61,22781
222,61,22782
223,61,22783
224,61,22784
225,61,22785
226,61,22786
227,61,22787
228,61,22788
229,61,22789
230,61,22790
231,61,22791
232,61,22792
233,61,22793
234,61,22794
235,61,22795
236,61,22796
237,61,22797
238,61,22798
239,61,22799
240,61,22800
241,61,22801
242,61,22802
243,61,22803
244,61,22804
245,61,22805
246,61,22806
247,61,22807
248,61,22808
249,61,22809
250,61,22810
251,61,22811
252,61,22812
253,61,22813
254,61,22814
255,61,22815
256,61,22816
257,61,22817
258,61,22818
259,61,22819
260,61,22820
261,61,22821
262,61,22822
263,61,22823
264,61,22824
265,61,22825
266,61,22826
267,61,22827
268,61,22828
269,61,22829
270,61,22830
271,61,22831
272,61,22832
273,61,22833
274,61,22834
275,61,22835
276,61,22836
277,61,22837
278,61,22838
279,61,22839
280,61,22840
281,61,22841
282,61,22842
283,61,22843
284,61,22844
285,61,22845
286,61,22846
287,61,22847
288,61,22848
289,61,22849
290,61,22850
291,61,22851
292,61,22852
293,61,22853
294,61,22854
295,61,22855
296,61,22856
297,61,22857
298,61,22858
299,61,22859
300,61,22860
301,61,22861
302,61,22862
303,61,22863
304,61,22864
305,61,22865
306,61,22866
307,61,22867
308,61,22868
309,61,22869
310,61,22870
311,61,22871
312,61,22872
313,61,22873
314,61,22874
315,61,22875
316,61,22876
317,61,22877
318,61,22878
319,61,22879
320,61,22880
321,61,22881
322,61,22882
323,61,22883
324,61,22884
325,61,22885
326,61,22886
327,61,22887
328,61,22888
329,61,22889
330,61,22890
331,61,22891
332,61,22892
333,61,22893
334,61,22894
335,61,22895
336,61,22896
337,61,22897
338,61,22898
339,61,22899
340,61,22900
341,61,22901
342,61,22902
343,61,22903
344,61,22904
345,61,22905
346,61,22906
347,61,22907
348,61,22908
349,61,22909
350,61,22910
351,61,22911
352,61,22912
353,61,22913
354,61,22914
355,61,22915
356,61,22916
357,61,22917
358,61,22918
359,61,22919
360,61,22920
361,61,22921
362,61,22922
363,61,22923
364,61,22924
365,61,22925
366,61,22926
367,61,22927
368,61,22928
369,61,22929
370,61,22930
371,61,22931
372,61,22932
373,61,22933
374,61,22934
375,61,22935
376,61,22936
1,62,22937
2,62,22938
3,62,22939
4,62,22940
5,62,22941
6,62,22942
7,62,22943
8,62,22944
9,62,22945
10,62,22946
11,62,22947
12,62,22948
13,62,22949
14,62,22950
15,62,22951
16,62,22952
17,62,22953
18,62,22954
19,62,22955
20,62,22956
21,62,22957
22,62,22958
23,62,22959
24,62,22960
25,62,22961
26,62,22962
27,62,22963
28,62,22964
29,62,22965
30,62,22966
31,62,22967
32,62,22968
33,62,22969
34,62,22970
35,62,22971
36,62,22972
37,62,22973
38,62,22974
39,62,22975
40,62,22976
41,62,22977
42,62,22978
43,62,22979
44,62,22980
45,62,22981
46,62,22982
47,62,22983
48,62,22984
49,62,22985
50,62,22986
51,62,22987
52,62,22988
53,62,22989
54,62,22990
55,62,22991
56,62,22992
57,62,22993
58,62,22994
59,62,22995
60,62,22996
61,62,22997
62,62,22998
63,62,22999
64,62,23000
65,62,23001
66,62,23002
67,62,23003
68,62,23004
69,62,23005
70,62,23006
71,62,23007
72,62,23008
73,62,23009
74,62,23010
75,62,23011
76,62,23012
77,62,23013
78,62,23014
79,62,23015
80,62,23016
81,62,23017
82,62,23018
83,62,23019
84,62,23020
85,62,23021
86,62,23022
87,62,23023
88,62,23024
89,62,23025
90,62,23026
91,62,23027
92,62,23028
93,62,23029
94,62,23030
95,62,23031
96,62,23032
97,62,23033
98,62,23034
99,62,23035
100,62,23036
101,62,23037
102,62,23038
103,62,23039
104,62,23040
105,62,23041
106,62,23042
107,62,23043
108,62,23044
109,62,23045
110,62,23046
111,62,23047
112,62,23048
113,62,23049
114,62,23050
115,62,23051
116,62,23052
117,62,23053
118,62,23054
119,62,23055
120,62,23056
121,62,23057
122,62,23058
123,62,23059
124,62,23060
125,62,23061
126,62,23062
127,62,23063
128,62,23064
129,62,23065
130,62,23066
131,62,23067
132,62,23068
133,62,23069
134,62,23070
135,62,23071
136,62,23072
137,62,23073
138,62,23074
139,62,23075
140,62,23076
141,62,23077
142,62,23078
143,62,23079
144,62,23080
145,62,23081
146,62,23082
147,62,23083
148,62,23084
149,62,23085
150,62,23086
151,62,23087
152,62,23088
153,62,23089
154,62,23090
155,62,23091
156,62,23092
157,62,23093
158,62,23094
159,62,23095
160,62,23096
161,62,23097
162,62,23098
163,62,23099
164,62,23100
165,62,23101
166,62,23102
167,62,23103
168,62,23104
169,62,23105
170,62,23106
171,62,23107
172,62,23108
173,62,23109
174,62,23110
175,62,23111
176,62,23112
177,62,23113
178,62,23114
179,62,23115
180,62,23116
181,62,23117
182,62,23118
183,62,23119
184,62,23120
185,62,23121
186,62,23122
187,62,23123
188,62,23124
189,62,23125
190,62,23126
191,62,23127
192,62,23128
193,62,23129
194,62,23130
195,62,23131
196,62,23132
197,62,23133
198,62,23134
199,62,23135
200,62,23136
201,62,23137
202,62,23138
203,62,23139
204,62,23140
205,62,23141
206,62,23142
207,62,23143
208,62,23144
209,62,23145
210,62,23146
211,62,23147
212,62,23148
213,62,23149
214,62,23150
215,62,23151
216,62,23152
217,62,23153
218,62,23154
219,62,23155
220,62,23156
221,62,23157
222,62,23158
223,62,23159
224,62,23160
225,62,23161
226,62,23162
227,62,23163
228,62,23164
229,62,23165
230,62,23166
231,62,23167
232,62,23168
233,62,23169
234,62,23170
235,62,23171
236,62,23172
237,62,23173
238,62,23174
239,62,23175
240,62,23176
241,62,23177
242,62,23178
243,62,23179
244,62,23180
245,62,23181
246,62,23182
247,62,23183
248,62,23184
249,62,23185
250,62,23186
251,62,23187
252,62,23188
253,62,23189
254,62,23190
255,62,23191
256,62,23192
257,62,23193
258,62,23194
259,62,23195
260,62,23196
261,62,23197
262,62,23198
263,62,23199
264,62,23200
265,62,23201
266,62,23202
267,62,23203
268,62,23204
269,62,23205
270,62,23206
271,62,23207
272,62,23208
273,62,23209
274,62,23210
275,62,23211
276,62,23212
277,62,23213
278,62,23214
279,62,23215
280,62,23216
281,62,23217
282,62,23218
283,62,23219
284,62,23220
285,62,23221
286,62,23222
287,62,23223
288,62,23224
289,62,23225
290,62,23226
291,62,23227
292,62,23228
293,62,23229
294,62,23230
295,62,23231
296,62,23232
297,62,23233
298,62,23234
299,62,23235
300,62,23236
301,62,23237
302,62,23238
303,62,23239
304,62,23240
305,62,23241
306,62,23242
307,62,23243
308,62,23244
309,62,23245
310,62,23246
311,62,23247
312,62,23248
313,62,23249
314,62,23250
315,62,23251
316,62,23252
317,62,23253
318,62,23254
319,62,23255
320,62,23256
321,62,23257
322,62,23258
323,62,23259
324,62,23260
325,62,23261
326,62,23262
327,62,23263
328,62,23264
329,62,23265
330,62,23266
331,62,23267
332,62,23268
333,62,23269
334,62,23270
335,62,23271
336,62,23272
337,62,23273
338,62,23274
339,62,23275
340,62,23276
341,62,23277
342,62,23278
343,62,23279
344,62,23280
345,62,23281
346,62,23282
347,62,23283
348,62,23284
349,62,23285
350,62,23286
351,62,23287
352,62,23288
353,62,23289
354,62,23290
355,62,23291
356,62,23292
357,62,23293
358,62,23294
359,62,23295
360,62,23296
361,62,23297
362,62,23298
363,62,23299
364,62,23300
365,62,23301
366,62,23302
367,62,23303
368,62,23304
369,62,23305
370,62,23306
371,62,23307
372,62,23308
373,62,23309
374,62,23310
375,62,23311
376,62,23312
1,63,23313
2,63,23314
3,63,23315
4,63,23316
5,63,23317
6,63,23318
7,63,23319
8,63,23320
9,63,23321
10,63,23322
11,63,23323
12,63,23324
13,63,23325
14,63,23326
15,63,23327
16,63,23328
17,63,23329
18,63,23330
19,63,23331
20,63,23332
21,63,23333
22,63,23334
23,63,23335
24,63,23336
25,63,23337
26,63,23338
27,63,23339
28,63,23340
29,63,23341
30,63,23342
31,63,23343
32,63,23344
33,63,23345
34,63,23346
35,63,23347
36,63,23348
37,63,23349
38,63,23350
39,63,23351
40,63,23352
41,63,23353
42,63,23354
43,63,23355
44,63,23356
45,63,23357
46,63,23358
47,63,23359
48,63,23360
49,63,23361
50,63,23362
51,63,23363
52,63,23364
53,63,23365
54,63,23366
55,63,23367
56,63,23368
57,63,23369
58,63,23370
59,63,23371
60,63,23372
61,63,23373
62,63,23374
63,63,23375
64,63,23376
65,63,23377
66,63,23378
67,63,23379
68,63,23380
69,63,23381
70,63,23382
71,63,23383
72,63,23384
73,63,23385
74,63,23386
75,63,23387
76,63,23388
77,63,23389
78,63,23390
79,63,23391
80,63,23392
81,63,23393
82,63,23394
83,63,23395
84,63,23396
85,63,23397
86,63,23398
87,63,23399
88,63,23400
89,63,23401
90,63,23402
91,63,23403
92,63,23404
93,63,23405
94,63,23406
95,63,23407
96,63,23408
97,63,23409
98,63,23410
99,63,23411
100,63,23412
101,63,23413
102,63,23414
103,63,23415
104,63,23416
105,63,23417
106,63,23418
107,63,23419
108,63,23420
109,63,23421
110,63,23422
111,63,23423
112,63,23424
113,63,23425
114,63,23426
115,63,23427
116,63,23428
117,63,23429
118,63,23430
119,63,23431
120,63,23432
121,63,23433
122,63,23434
123,63,23435
124,63,23436
125,63,23437
126,63,23438
127,63,23439
128,63,23440
129,63,23441
130,63,23442
131,63,23443
132,63,23444
133,63,23445
134,63,23446
135,63,23447
136,63,23448
137,63,23449
138,63,23450
139,63,23451
140,63,23452
141,63,23453
142,63,23454
143,63,23455
144,63,23456
145,63,23457
146,63,23458
147,63,23459
148,63,23460
149,63,23461
150,63,23462
151,63,23463
152,63,23464
153,63,23465
154,63,23466
155,63,23467
156,63,23468
157,63,23469
158,63,23470
159,63,23471
160,63,23472
161,63,23473
162,63,23474
163,63,23475
164,63,23476
165,63,23477
166,63,23478
167,63,23479
168,63,23480
169,63,23481
170,63,23482
171,63,23483
172,63,23484
173,63,23485
174,63,23486
175,63,23487
176,63,23488
177,63,23489
178,63,23490
179,63,23491
180,63,23492
181,63,23493
182,63,23494
183,63,23495
184,63,23496
185,63,23497
186,63,23498
187,63,23499
188,63,23500
189,63,23501
190,63,23502
191,63,23503
192,63,23504
193,63,23505
194,63,23506
195,63,23507
196,63,23508
197,63,23509
198,63,23510
199,63,23511
200,63,23512
201,63,23513
202,63,23514
203,63,23515
204,63,23516
205,63,23517
206,63,23518
207,63,23519
208,63,23520
209,63,23521
210,63,23522
211,63,23523
212,63,23524
213,63,23525
214,63,23526
215,63,23527
216,63,23528
217,63,23529
218,63,23530
219,63,23531
220,63,23532
221,63,23533
222,63,23534
223,63,23535
224,63,23536
225,63,23537
226,63,23538
227,63,23539
228,63,23540
229,63,23541
230,63,23542
231,63,23543
232,63,23544
233,63,23545
234,63,23546
235,63,23547
236,63,23548
237,63,23549
238,63,23550
239,63,23551
240,63,23552
241,63,23553
242,63,23554
243,63,23555
244,63,23556
245,63,23557
246,63,23558
247,63,23559
248,63,23560
249,63,23561
250,63,23562
251,63,23563
252,63,23564
253,63,23565
254,63,23566
255,63,23567
256,63,23568
257,63,23569
258,63,23570
259,63,23571
260,63,23572
261,63,23573
262,63,23574
263,63,23575
264,63,23576
265,63,23577
266,63,23578
267,63,23579
268,63,23580
269,63,23581
270,63,23582
271,63,23583
272,63,23584
273,63,23585
274,63,23586
275,63,23587
276,63,23588
277,63,23589
278,63,23590
279,63,23591
280,63,23592
281,63,23593
282,63,23594
283,63,23595
284,63,23596
285,63,23597
286,63,23598
287,63,23599
288,63,23600
289,63,23601
290,63,23602
291,63,23603
292,63,23604
293,63,23605
294,63,23606
295,63,23607
296,63,23608
297,63,23609
298,63,23610
299,63,23611
300,63,23612
301,63,23613
302,63,23614
303,63,23615
304,63,23616
305,63,23617
306,63,23618
307,63,23619
308,63,23620
309,63,23621
310,63,23622
311,63,23623
312,63,23624
313,63,23625
314,63,23626
315,63,23627
316,63,23628
317,63,23629
318,63,23630
319,63,23631
320,63,23632
321,63,23633
322,63,23634
323,63,23635
324,63,23636
325,63,23637
326,63,23638
327,63,23639
328,63,23640
329,63,23641
330,63,23642
331,63,23643
332,63,23644
333,63,23645
334,63,23646
335,63,23647
336,63,23648
337,63,23649
338,63,23650
339,63,23651
340,63,23652
341,63,23653
342,63,23654
343,63,23655
344,63,23656
345,63,23657
346,63,23658
347,63,23659
348,63,23660
349,63,23661
350,63,23662
351,63,23663
352,63,23664
353,63,23665
354,63,23666
355,63,23667
356,63,23668
357,63,23669
358,63,23670
359,63,23671
360,63,23672
361,63,23673
362,63,23674
363,63,23675
364,63,23676
365,63,23677
366,63,23678
367,63,23679
368,63,23680
369,63,23681
370,63,23682
371,63,23683
372,63,23684
373,63,23685
374,63,23686
375,63,23687
376,63,23688
1,64,23689
2,64,23690
3,64,23691
4,64,23692
5,64,23693
6,64,23694
7,64,23695
8,64,23696
9,64,23697
10,64,23698
11,64,23699
12,64,23700
13,64,23701
14,64,23702
15,64,23703
16,64,23704
17,64,23705
18,64,23706
19,64,23707
20,64,23708
21,64,23709
22,64,23710
23,64,23711
24,64,23712
25,64,23713
26,64,23714
27,64,23715
28,64,23716
29,64,23717
30,64,23718
31,64,23719
32,64,23720
33,64,23721
34,64,23722
35,64,23723
36,64,23724
37,64,23725
38,64,23726
39,64,23727
40,64,23728
41,64,23729
42,64,23730
43,64,23731
44,64,23732
45,64,23733
46,64,23734
47,64,23735
48,64,23736
49,64,23737
50,64,23738
51,64,23739
52,64,23740
53,64,23741
54,64,23742
55,64,23743
56,64,23744
57,64,23745
58,64,23746
59,64,23747
60,64,23748
61,64,23749
62,64,23750
63,64,23751
64,64,23752
65,64,23753
66,64,23754
67,64,23755
68,64,23756
69,64,23757
70,64,23758
71,64,23759
72,64,23760
73,64,23761
74,64,23762
75,64,23763
76,64,23764
77,64,23765
78,64,23766
79,64,23767
80,64,23768
81,64,23769
82,64,23770
83,64,23771
84,64,23772
85,64,23773
86,64,23774
87,64,23775
88,64,23776
89,64,23777
90,64,23778
91,64,23779
92,64,23780
93,64,23781
94,64,23782
95,64,23783
96,64,23784
97,64,23785
98,64,23786
99,64,23787
100,64,23788
101,64,23789
102,64,23790
103,64,23791
104,64,23792
105,64,23793
106,64,23794
107,64,23795
108,64,23796
109,64,23797
110,64,23798
111,64,23799
112,64,23800
113,64,23801
114,64,23802
115,64,23803
116,64,23804
117,64,23805
118,64,23806
119,64,23807
120,64,23808
121,64,23809
122,64,23810
123,64,23811
124,64,23812
125,64,23813
126,64,23814
127,64,23815
128,64,23816
129,64,23817
130,64,23818
131,64,23819
132,64,23820
133,64,23821
134,64,23822
135,64,23823
136,64,23824
137,64,23825
138,64,23826
139,64,23827
140,64,23828
141,64,23829
142,64,23830
143,64,23831
144,64,23832
145,64,23833
146,64,23834
147,64,23835
148,64,23836
149,64,23837
150,64,23838
151,64,23839
152,64,23840
153,64,23841
154,64,23842
155,64,23843
156,64,23844
157,64,23845
158,64,23846
159,64,23847
160,64,23848
161,64,23849
162,64,23850
163,64,23851
164,64,23852
165,64,23853
166,64,23854
167,64,23855
168,64,23856
169,64,23857
170,64,23858
171,64,23859
172,64,23860
173,64,23861
174,64,23862
175,64,23863
176,64,23864
177,64,23865
178,64,23866
179,64,23867
180,64,23868
181,64,23869
182,64,23870
183,64,23871
184,64,23872
185,64,23873
186,64,23874
187,64,23875
188,64,23876
189,64,23877
190,64,23878
191,64,23879
192,64,23880
193,64,23881
194,64,23882
195,64,23883
196,64,23884
197,64,23885
198,64,23886
199,64,23887
200,64,23888
201,64,23889
202,64,23890
203,64,23891
204,64,23892
205,64,23893
206,64,23894
207,64,23895
208,64,23896
209,64,23897
210,64,23898
211,64,23899
212,64,23900
213,64,23901
214,64,23902
215,64,23903
216,64,23904
217,64,23905
218,64,23906
219,64,23907
220,64,23908
221,64,23909
222,64,23910
223,64,23911
224,64,23912
225,64,23913
226,64,23914
227,64,23915
228,64,23916
229,64,23917
230,64,23918
231,64,23919
232,64,23920
233,64,23921
234,64,23922
235,64,23923
236,64,23924
237,64,23925
238,64,23926
239,64,23927
240,64,23928
241,64,23929
242,64,23930
243,64,23931
244,64,23932
245,64,23933
246,64,23934
247,64,23935
248,64,23936
249,64,23937
250,64,23938
251,64,23939
252,64,23940
253,64,23941
254,64,23942
255,64,23943
256,64,23944
257,64,23945
258,64,23946
259,64,23947
260,64,23948
261,64,23949
262,64,23950
263,64,23951
264,64,23952
265,64,23953
266,64,23954
267,64,23955
268,64,23956
269,64,23957
270,64,23958
271,64,23959
272,64,23960
273,64,23961
274,64,23962
275,64,23963
276,64,23964
277,64,23965
278,64,23966
279,64,23967
280,64,23968
281,64,23969
282,64,23970
283,64,23971
284,64,23972
285,64,23973
286,64,23974
287,64,23975
288,64,23976
289,64,23977
290,64,23978
291,64,23979
292,64,23980
293,64,23981
294,64,23982
295,64,23983
296,64,23984
297,64,23985
298,64,23986
299,64,23987
300,64,23988
301,64,23989
302,64,23990
303,64,23991
304,64,23992
305,64,23993
306,64,23994
307,64,23995
308,64,23996
309,64,23997
310,64,23998
311,64,23999
312,64,24000
313,64,24001
314,64,24002
315,64,24003
316,64,24004
317,64,24005
318,64,24006
319,64,24007
320,64,24008
321,64,24009
322,64,24010
323,64,24011
324,64,24012
325,64,24013
326,64,24014
327,64,24015
328,64,24016
329,64,24017
330,64,24018
331,64,24019
332,64,24020
333,64,24021
334,64,24022
335,64,24023
336,64,24024
337,64,24025
338,64,24026
339,64,24027
340,64,24028
341,64,24029
342,64,24030
343,64,24031
344,64,24032
345,64,24033
346,64,24034
347,64,24035
348,64,24036
349,64,24037
350,64,24038
351,64,24039
352,64,24040
353,64,24041
354,64,24042
355,64,24043
356,64,24044
357,64,24045
358,64,24046
359,64,24047
360,64,24048
361,64,24049
362,64,24050
363,64,24051
364,64,24052
365,64,24053
366,64,24054
367,64,24055
368,64,24056
369,64,24057
370,64,24058
371,64,24059
372,64,24060
373,64,24061
374,64,24062
375,64,24063
376,64,24064
1,65,24065
2,65,24066
3,65,24067
4,65,24068
5,65,24069
6,65,24070
7,65,24071
8,65,24072
9,65,24073
10,65,24074
11,65,24075
12,65,24076
13,65,24077
14,65,24078
15,65,24079
16,65,24080
17,65,24081
18,65,24082
19,65,24083
20,65,24084
21,65,24085
22,65,24086
23,65,24087
24,65,24088
25,65,24089
26,65,24090
27,65,24091
28,65,24092
29,65,24093
30,65,24094
31,65,24095
32,65,24096
33,65,24097
34,65,24098
35,65,24099
36,65,24100
37,65,24101
38,65,24102
39,65,24103
40,65,24104
41,65,24105
42,65,24106
43,65,24107
44,65,24108
45,65,24109
46,65,24110
47,65,24111
48,65,24112
49,65,24113
50,65,24114
51,65,24115
52,65,24116
53,65,24117
54,65,24118
55,65,24119
56,65,24120
57,65,24121
58,65,24122
59,65,24123
60,65,24124
61,65,24125
62,65,24126
63,65,24127
64,65,24128
65,65,24129
66,65,24130
67,65,24131
68,65,24132
69,65,24133
70,65,24134
71,65,24135
72,65,24136
73,65,24137
74,65,24138
75,65,24139
76,65,24140
77,65,24141
78,65,24142
79,65,24143
80,65,24144
81,65,24145
82,65,24146
83,65,24147
84,65,24148
85,65,24149
86,65,24150
87,65,24151
88,65,24152
89,65,24153
90,65,24154
91,65,24155
92,65,24156
93,65,24157
94,65,24158
95,65,24159
96,65,24160
97,65,24161
98,65,24162
99,65,24163
100,65,24164
101,65,24165
102,65,24166
103,65,24167
104,65,24168
105,65,24169
106,65,24170
107,65,24171
108,65,24172
109,65,24173
110,65,24174
111,65,24175
112,65,24176
113,65,24177
114,65,24178
115,65,24179
116,65,24180
117,65,24181
118,65,24182
119,65,24183
120,65,24184
121,65,24185
122,65,24186
123,65,24187
124,65,24188
125,65,24189
126,65,24190
127,65,24191
128,65,24192
129,65,24193
130,65,24194
131,65,24195
132,65,24196
133,65,24197
134,65,24198
135,65,24199
136,65,24200
137,65,24201
138,65,24202
139,65,24203
140,65,24204
141,65,24205
142,65,24206
143,65,24207
144,65,24208
145,65,24209
146,65,24210
147,65,24211
148,65,24212
149,65,24213
150,65,24214
151,65,24215
152,65,24216
153,65,24217
154,65,24218
155,65,24219
156,65,24220
157,65,24221
158,65,24222
159,65,24223
160,65,24224
161,65,24225
162,65,24226
163,65,24227
164,65,24228
165,65,24229
166,65,24230
167,65,24231
168,65,24232
169,65,24233
170,65,24234
171,65,24235
172,65,24236
173,65,24237
174,65,24238
175,65,24239
176,65,24240
177,65,24241
178,65,24242
179,65,24243
180,65,24244
181,65,24245
182,65,24246
183,65,24247
184,65,24248
185,65,24249
186,65,24250
187,65,24251
188,65,24252
189,65,24253
190,65,24254
191,65,24255
192,65,24256
193,65,24257
194,65,24258
195,65,24259
196,65,24260
197,65,24261
198,65,24262
199,65,24263
200,65,24264
201,65,24265
202,65,24266
203,65,24267
204,65,24268
205,65,24269
206,65,24270
207,65,24271
208,65,24272
209,65,24273
210,65,24274
211,65,24275
212,65,24276
213,65,24277
214,65,24278
215,65,24279
216,65,24280
217,65,24281
218,65,24282
219,65,24283
220,65,24284
221,65,24285
222,65,24286
223,65,24287
224,65,24288
225,65,24289
226,65,24290
227,65,24291
228,65,24292
229,65,24293
230,65,24294
231,65,24295
232,65,24296
233,65,24297
234,65,24298
235,65,24299
236,65,24300
237,65,24301
238,65,24302
239,65,24303
240,65,24304
241,65,24305
242,65,24306
243,65,24307
244,65,24308
245,65,24309
246,65,24310
247,65,24311
248,65,24312
249,65,24313
250,65,24314
251,65,24315
252,65,24316
253,65,24317
254,65,24318
255,65,24319
256,65,24320
257,65,24321
258,65,24322
259,65,24323
260,65,24324
261,65,24325
262,65,24326
263,65,24327
264,65,24328
265,65,24329
266,65,24330
267,65,24331
268,65,24332
269,65,24333
270,65,24334
271,65,24335
272,65,24336
273,65,24337
274,65,24338
275,65,24339
276,65,24340
277,65,24341
278,65,24342
279,65,24343
280,65,24344
281,65,24345
282,65,24346
283,65,24347
284,65,24348
285,65,24349
286,65,24350
287,65,24351
288,65,24352
289,65,24353
290,65,24354
291,65,24355
292,65,24356
293,65,24357
294,65,24358
295,65,24359
296,65,24360
297,65,24361
298,65,24362
299,65,24363
300,65,24364
301,65,24365
302,65,24366
303,65,24367
304,65,24368
305,65,24369
306,65,24370
307,65,24371
308,65,24372
309,65,24373
310,65,24374
311,65,24375
312,65,24376
313,65,24377
314,65,24378
315,65,24379
316,65,24380
317,65,24381
318,65,24382
319,65,24383
320,65,24384
321,65,24385
322,65,24386
323,65,24387
324,65,24388
325,65,24389
326,65,24390
327,65,24391
328,65,24392
329,65,24393
330,65,24394
331,65,24395
332,65,24396
333,65,24397
334,65,24398
335,65,24399
336,65,24400
337,65,24401
338,65,24402
339,65,24403
340,65,24404
341,65,24405
342,65,24406
343,65,24407
344,65,24408
345,65,24409
346,65,24410
347,65,24411
348,65,24412
349,65,24413
350,65,24414
351,65,24415
352,65,24416
353,65,24417
354,65,24418
355,65,24419
356,65,24420
357,65,24421
358,65,24422
359,65,24423
360,65,24424
361,65,24425
362,65,24426
363,65,24427
364,65,24428
365,65,24429
366,65,24430
367,65,24431
368,65,24432
369,65,24433
370,65,24434
371,65,24435
372,65,24436
373,65,24437
374,65,24438
375,65,24439
376,65,24440
1,66,24441
2,66,24442
3,66,24443
4,66,24444
5,66,24445
6,66,24446
7,66,24447
8,66,24448
9,66,24449
10,66,24450
11,66,24451
12,66,24452
13,66,24453
14,66,24454
15,66,24455
16,66,24456
17,66,24457
18,66,24458
19,66,24459
20,66,24460
21,66,24461
22,66,24462
23,66,24463
24,66,24464
25,66,24465
26,66,24466
27,66,24467
28,66,24468
29,66,24469
30,66,24470
31,66,24471
32,66,24472
33,66,24473
34,66,24474
35,66,24475
36,66,24476
37,66,24477
38,66,24478
39,66,24479
40,66,24480
41,66,24481
42,66,24482
43,66,24483
44,66,24484
45,66,24485
46,66,24486
47,66,24487
48,66,24488
49,66,24489
50,66,24490
51,66,24491
52,66,24492
53,66,24493
54,66,24494
55,66,24495
56,66,24496
57,66,24497
58,66,24498
59,66,24499
60,66,24500
61,66,24501
62,66,24502
63,66,24503
64,66,24504
65,66,24505
66,66,24506
67,66,24507
68,66,24508
69,66,24509
70,66,24510
71,66,24511
72,66,24512
73,66,24513
74,66,24514
75,66,24515
76,66,24516
77,66,24517
78,66,24518
79,66,24519
80,66,24520
81,66,24521
82,66,24522
83,66,24523
84,66,24524
85,66,24525
86,66,24526
87,66,24527
88,66,24528
89,66,24529
90,66,24530
91,66,24531
92,66,24532
93,66,24533
94,66,24534
95,66,24535
96,66,24536
97,66,24537
98,66,24538
99,66,24539
100,66,24540
101,66,24541
102,66,24542
103,66,24543
104,66,24544
105,66,24545
106,66,24546
107,66,24547
108,66,24548
109,66,24549
110,66,24550
111,66,24551
112,66,24552
113,66,24553
114,66,24554
115,66,24555
116,66,24556
117,66,24557
118,66,24558
119,66,24559
120,66,24560
121,66,24561
122,66,24562
123,66,24563
124,66,24564
125,66,24565
126,66,24566
127,66,24567
128,66,24568
129,66,24569
130,66,24570
131,66,24571
132,66,24572
133,66,24573
134,66,24574
135,66,24575
136,66,24576
137,66,24577
138,66,24578
139,66,24579
140,66,24580
141,66,24581
142,66,24582
143,66,24583
144,66,24584
145,66,24585
146,66,24586
147,66,24587
148,66,24588
149,66,24589
150,66,24590
151,66,24591
152,66,24592
153,66,24593
154,66,24594
155,66,24595
156,66,24596
157,66,24597
158,66,24598
159,66,24599
160,66,24600
161,66,24601
162,66,24602
163,66,24603
164,66,24604
165,66,24605
166,66,24606
167,66,24607
168,66,24608
169,66,24609
170,66,24610
171,66,24611
172,66,24612
173,66,24613
174,66,24614
175,66,24615
176,66,24616
177,66,24617
178,66,24618
179,66,24619
180,66,24620
181,66,24621
182,66,24622
183,66,24623
184,66,24624
185,66,24625
186,66,24626
187,66,24627
188,66,24628
189,66,24629
190,66,24630
191,66,24631
192,66,24632
193,66,24633
194,66,24634
195,66,24635
196,66,24636
197,66,24637
198,66,24638
199,66,24639
200,66,24640
201,66,24641
202,66,24642
203,66,24643
204,66,24644
205,66,24645
206,66,24646
207,66,24647
208,66,24648
209,66,24649
210,66,24650
211,66,24651
212,66,24652
213,66,24653
214,66,24654
215,66,24655
216,66,24656
217,66,24657
218,66,24658
219,66,24659
220,66,24660
221,66,24661
222,66,24662
223,66,24663
224,66,24664
225,66,24665
226,66,24666
227,66,24667
228,66,24668
229,66,24669
230,66,24670
231,66,24671
232,66,24672
233,66,24673
234,66,24674
235,66,24675
236,66,24676
237,66,24677
238,66,24678
239,66,24679
240,66,24680
241,66,24681
242,66,24682
243,66,24683
244,66,24684
245,66,24685
246,66,24686
247,66,24687
248,66,24688
249,66,24689
250,66,24690
251,66,24691
252,66,24692
253,66,24693
254,66,24694
255,66,24695
256,66,24696
257,66,24697
258,66,24698
259,66,24699
260,66,24700
261,66,24701
262,66,24702
263,66,24703
264,66,24704
265,66,24705
266,66,24706
267,66,24707
268,66,24708
269,66,24709
270,66,24710
271,66,24711
272,66,24712
273,66,24713
274,66,24714
275,66,24715
276,66,24716
277,66,24717
278,66,24718
279,66,24719
280,66,24720
281,66,24721
282,66,24722
283,66,24723
284,66,24724
285,66,24725
286,66,24726
287,66,24727
288,66,24728
289,66,24729
290,66,24730
291,66,24731
292,66,24732
293,66,24733
294,66,24734
295,66,24735
296,66,24736
297,66,24737
298,66,24738
299,66,24739
300,66,24740
301,66,24741
302,66,24742
303,66,24743
304,66,24744
305,66,24745
306,66,24746
307,66,24747
308,66,24748
309,66,24749
310,66,24750
311,66,24751
312,66,24752
313,66,24753
314,66,24754
315,66,24755
316,66,24756
317,66,24757
318,66,24758
319,66,24759
320,66,24760
321,66,24761
322,66,24762
323,66,24763
324,66,24764
325,66,24765
326,66,24766
327,66,24767
328,66,24768
329,66,24769
330,66,24770
331,66,24771
332,66,24772
333,66,24773
334,66,24774
335,66,24775
336,66,24776
337,66,24777
338,66,24778
339,66,24779
340,66,24780
341,66,24781
342,66,24782
343,66,24783
344,66,24784
345,66,24785
346,66,24786
347,66,24787
348,66,24788
349,66,24789
350,66,24790
351,66,24791
352,66,24792
353,66,24793
354,66,24794
355,66,24795
356,66,24796
357,66,24797
358,66,24798
359,66,24799
360,66,24800
361,66,24801
362,66,24802
363,66,24803
364,66,24804
365,66,24805
366,66,24806
367,66,24807
368,66,24808
369,66,24809
370,66,24810
371,66,24811
372,66,24812
373,66,24813
374,66,24814
375,66,24815
376,66,24816
1,67,24817
2,67,24818
3,67,24819
4,67,24820
5,67,24821
6,67,24822
7,67,24823
8,67,24824
9,67,24825
10,67,24826
11,67,24827
12,67,24828
13,67,24829
14,67,24830
15,67,24831
16,67,24832
17,67,24833
18,67,24834
19,67,24835
20,67,24836
21,67,24837
22,67,24838
23,67,24839
24,67,24840
25,67,24841
26,67,24842
27,67,24843
28,67,24844
29,67,24845
30,67,24846
31,67,24847
32,67,24848
33,67,24849
34,67,24850
35,67,24851
36,67,24852
37,67,24853
38,67,24854
39,67,24855
40,67,24856
41,67,24857
42,67,24858
43,67,24859
44,67,24860
45,67,24861
46,67,24862
47,67,24863
48,67,24864
49,67,24865
50,67,24866
51,67,24867
52,67,24868
53,67,24869
54,67,24870
55,67,24871
56,67,24872
57,67,24873
58,67,24874
59,67,24875
60,67,24876
61,67,24877
62,67,24878
63,67,24879
64,67,24880
65,67,24881
66,67,24882
67,67,24883
68,67,24884
69,67,24885
70,67,24886
71,67,24887
72,67,24888
73,67,24889
74,67,24890
75,67,24891
76,67,24892
77,67,24893
78,67,24894
79,67,24895
80,67,24896
81,67,24897
82,67,24898
83,67,24899
84,67,24900
85,67,24901
86,67,24902
87,67,24903
88,67,24904
89,67,24905
90,67,24906
91,67,24907
92,67,24908
93,67,24909
94,67,24910
95,67,24911
96,67,24912
97,67,24913
98,67,24914
99,67,24915
100,67,24916
101,67,24917
102,67,24918
103,67,24919
104,67,24920
105,67,24921
106,67,24922
107,67,24923
108,67,24924
109,67,24925
110,67,24926
111,67,24927
112,67,24928
113,67,24929
114,67,24930
115,67,24931
116,67,24932
117,67,24933
118,67,24934
119,67,24935
120,67,24936
121,67,24937
122,67,24938
123,67,24939
124,67,24940
125,67,24941
126,67,24942
127,67,24943
128,67,24944
129,67,24945
130,67,24946
131,67,24947
132,67,24948
133,67,24949
134,67,24950
135,67,24951
136,67,24952
137,67,24953
138,67,24954
139,67,24955
140,67,24956
141,67,24957
142,67,24958
143,67,24959
144,67,24960
145,67,24961
146,67,24962
147,67,24963
148,67,24964
149,67,24965
150,67,24966
151,67,24967
152,67,24968
153,67,24969
154,67,24970
155,67,24971
156,67,24972
157,67,24973
158,67,24974
159,67,24975
160,67,24976
161,67,24977
162,67,24978
163,67,24979
164,67,24980
165,67,24981
166,67,24982
167,67,24983
168,67,24984
169,67,24985
170,67,24986
171,67,24987
172,67,24988
173,67,24989
174,67,24990
175,67,24991
176,67,24992
177,67,24993
178,67,24994
179,67,24995
180,67,24996
181,67,24997
182,67,24998
183,67,24999
184,67,25000
185,67,25001
186,67,25002
187,67,25003
188,67,25004
189,67,25005
190,67,25006
191,67,25007
192,67,25008
193,67,25009
194,67,25010
195,67,25011
196,67,25012
197,67,25013
198,67,25014
199,67,25015
200,67,25016
201,67,25017
202,67,25018
203,67,25019
204,67,25020
205,67,25021
206,67,25022
207,67,25023
208,67,25024
209,67,25025
210,67,25026
211,67,25027
212,67,25028
213,67,25029
214,67,25030
215,67,25031
216,67,25032
217,67,25033
218,67,25034
219,67,25035
220,67,25036
221,67,25037
222,67,25038
223,67,25039
224,67,25040
225,67,25041
226,67,25042
227,67,25043
228,67,25044
229,67,25045
230,67,25046
231,67,25047
232,67,25048
233,67,25049
234,67,25050
235,67,25051
236,67,25052
237,67,25053
238,67,25054
239,67,25055
240,67,25056
241,67,25057
242,67,25058
243,67,25059
244,67,25060
245,67,25061
246,67,25062
247,67,25063
248,67,25064
249,67,25065
250,67,25066
251,67,25067
252,67,25068
253,67,25069
254,67,25070
255,67,25071
256,67,25072
257,67,25073
258,67,25074
259,67,25075
260,67,25076
261,67,25077
262,67,25078
263,67,25079
264,67,25080
265,67,25081
266,67,25082
267,67,25083
268,67,25084
269,67,25085
270,67,25086
271,67,25087
272,67,25088
273,67,25089
274,67,25090
275,67,25091
276,67,25092
277,67,25093
278,67,25094
279,67,25095
280,67,25096
281,67,25097
282,67,25098
283,67,25099
284,67,25100
285,67,25101
286,67,25102
287,67,25103
288,67,25104
289,67,25105
290,67,25106
291,67,25107
292,67,25108
293,67,25109
294,67,25110
295,67,25111
296,67,25112
297,67,25113
298,67,25114
299,67,25115
300,67,25116
301,67,25117
302,67,25118
303,67,25119
304,67,25120
305,67,25121
306,67,25122
307,67,25123
308,67,25124
309,67,25125
310,67,25126
311,67,25127
312,67,25128
313,67,25129
314,67,25130
315,67,25131
316,67,25132
317,67,25133
318,67,25134
319,67,25135
320,67,25136
321,67,25137
322,67,25138
323,67,25139
324,67,25140
325,67,25141
326,67,25142
327,67,25143
328,67,25144
329,67,25145
330,67,25146
331,67,25147
332,67,25148
333,67,25149
334,67,25150
335,67,25151
336,67,25152
337,67,25153
338,67,25154
339,67,25155
340,67,25156
341,67,25157
342,67,25158
343,67,25159
344,67,25160
345,67,25161
346,67,25162
347,67,25163
348,67,25164
349,67,25165
350,67,25166
351,67,25167
352,67,25168
353,67,25169
354,67,25170
355,67,25171
356,67,25172
357,67,25173
358,67,25174
359,67,25175
360,67,25176
361,67,25177
362,67,25178
363,67,25179
364,67,25180
365,67,25181
366,67,25182
367,67,25183
368,67,25184
369,67,25185
370,67,25186
371,67,25187
372,67,25188
373,67,25189
374,67,25190
375,67,25191
376,67,25192
1,68,25193
2,68,25194
3,68,25195
4,68,25196
5,68,25197
6,68,25198
7,68,25199
8,68,25200
9,68,25201
10,68,25202
11,68,25203
12,68,25204
13,68,25205
14,68,25206
15,68,25207
16,68,25208
17,68,25209
18,68,25210
19,68,25211
20,68,25212
21,68,25213
22,68,25214
23,68,25215
24,68,25216
25,68,25217
26,68,25218
27,68,25219
28,68,25220
29,68,25221
30,68,25222
31,68,25223
32,68,25224
33,68,25225
34,68,25226
35,68,25227
36,68,25228
37,68,25229
38,68,25230
39,68,25231
40,68,25232
41,68,25233
42,68,25234
43,68,25235
44,68,25236
45,68,25237
46,68,25238
47,68,25239
48,68,25240
49,68,25241
50,68,25242
51,68,25243
52,68,25244
53,68,25245
54,68,25246
55,68,25247
56,68,25248
57,68,25249
58,68,25250
59,68,25251
60,68,25252
61,68,25253
62,68,25254
63,68,25255
64,68,25256
65,68,25257
66,68,25258
67,68,25259
68,68,25260
69,68,25261
70,68,25262
71,68,25263
72,68,25264
73,68,25265
74,68,25266
75,68,25267
76,68,25268
77,68,25269
78,68,25270
79,68,25271
80,68,25272
81,68,25273
82,68,25274
83,68,25275
84,68,25276
85,68,25277
86,68,25278
87,68,25279
88,68,25280
89,68,25281
90,68,25282
91,68,25283
92,68,25284
93,68,25285
94,68,25286
95,68,25287
96,68,25288
97,68,25289
98,68,25290
99,68,25291
100,68,25292
101,68,25293
102,68,25294
103,68,25295
104,68,25296
105,68,25297
106,68,25298
107,68,25299
108,68,25300
109,68,25301
110,68,25302
111,68,25303
112,68,25304
113,68,25305
114,68,25306
115,68,25307
116,68,25308
117,68,25309
118,68,25310
119,68,25311
120,68,25312
121,68,25313
122,68,25314
123,68,25315
124,68,25316
125,68,25317
126,68,25318
127,68,25319
128,68,25320
129,68,25321
130,68,25322
131,68,25323
132,68,25324
133,68,25325
134,68,25326
135,68,25327
136,68,25328
137,68,25329
138,68,25330
139,68,25331
140,68,25332
141,68,25333
142,68,25334
143,68,25335
144,68,25336
145,68,25337
146,68,25338
147,68,25339
148,68,25340
149,68,25341
150,68,25342
151,68,25343
152,68,25344
153,68,25345
154,68,25346
155,68,25347
156,68,25348
157,68,25349
158,68,25350
159,68,25351
160,68,25352
161,68,25353
162,68,25354
163,68,25355
164,68,25356
165,68,25357
166,68,25358
167,68,25359
168,68,25360
169,68,25361
170,68,25362
171,68,25363
172,68,25364
173,68,25365
174,68,25366
175,68,25367
176,68,25368
177,68,25369
178,68,25370
179,68,25371
180,68,25372
181,68,25373
182,68,25374
183,68,25375
184,68,25376
185,68,25377
186,68,25378
187,68,25379
188,68,25380
189,68,25381
190,68,25382
191,68,25383
192,68,25384
193,68,25385
194,68,25386
195,68,25387
196,68,25388
197,68,25389
198,68,25390
199,68,25391
200,68,25392
201,68,25393
202,68,25394
203,68,25395
204,68,25396
205,68,25397
206,68,25398
207,68,25399
208,68,25400
209,68,25401
210,68,25402
211,68,25403
212,68,25404
213,68,25405
214,68,25406
215,68,25407
216,68,25408
217,68,25409
218,68,25410
219,68,25411
220,68,25412
221,68,25413
222,68,25414
223,68,25415
224,68,25416
225,68,25417
226,68,25418
227,68,25419
228,68,25420
229,68,25421
230,68,25422
231,68,25423
232,68,25424
233,68,25425
234,68,25426
235,68,25427
236,68,25428
237,68,25429
238,68,25430
239,68,25431
240,68,25432
241,68,25433
242,68,25434
243,68,25435
244,68,25436
245,68,25437
246,68,25438
247,68,25439
248,68,25440
249,68,25441
250,68,25442
251,68,25443
252,68,25444
253,68,25445
254,68,25446
255,68,25447
256,68,25448
257,68,25449
258,68,25450
259,68,25451
260,68,25452
261,68,25453
262,68,25454
263,68,25455
264,68,25456
265,68,25457
266,68,25458
267,68,25459
268,68,25460
269,68,25461
270,68,25462
271,68,25463
272,68,25464
273,68,25465
274,68,25466
275,68,25467
276,68,25468
277,68,25469
278,68,25470
279,68,25471
280,68,25472
281,68,25473
282,68,25474
283,68,25475
284,68,25476
285,68,25477
286,68,25478
287,68,25479
288,68,25480
289,68,25481
290,68,25482
291,68,25483
292,68,25484
293,68,25485
294,68,25486
295,68,25487
296,68,25488
297,68,25489
298,68,25490
299,68,25491
300,68,25492
301,68,25493
302,68,25494
303,68,25495
304,68,25496
305,68,25497
306,68,25498
307,68,25499
308,68,25500
309,68,25501
310,68,25502
311,68,25503
312,68,25504
313,68,25505
314,68,25506
315,68,25507
316,68,25508
317,68,25509
318,68,25510
319,68,25511
320,68,25512
321,68,25513
322,68,25514
323,68,25515
324,68,25516
325,68,25517
326,68,25518
327,68,25519
328,68,25520
329,68,25521
330,68,25522
331,68,25523
332,68,25524
333,68,25525
334,68,25526
335,68,25527
336,68,25528
337,68,25529
338,68,25530
339,68,25531
340,68,25532
341,68,25533
342,68,25534
343,68,25535
344,68,25536
345,68,25537
346,68,25538
347,68,25539
348,68,25540
349,68,25541
350,68,25542
351,68,25543
352,68,25544
353,68,25545
354,68,25546
355,68,25547
356,68,25548
357,68,25549
358,68,25550
359,68,25551
360,68,25552
361,68,25553
362,68,25554
363,68,25555
364,68,25556
365,68,25557
366,68,25558
367,68,25559
368,68,25560
369,68,25561
370,68,25562
371,68,25563
372,68,25564
373,68,25565
374,68,25566
375,68,25567
376,68,25568
1,69,25569
2,69,25570
3,69,25571
4,69,25572
5,69,25573
6,69,25574
7,69,25575
8,69,25576
9,69,25577
10,69,25578
11,69,25579
12,69,25580
13,69,25581
14,69,25582
15,69,25583
16,69,25584
17,69,25585
18,69,25586
19,69,25587
20,69,25588
21,69,25589
22,69,25590
23,69,25591
24,69,25592
25,69,25593
26,69,25594
27,69,25595
28,69,25596
29,69,25597
30,69,25598
31,69,25599
32,69,25600
33,69,25601
34,69,25602
35,69,25603
36,69,25604
37,69,25605
38,69,25606
39,69,25607
40,69,25608
41,69,25609
42,69,25610
43,69,25611
44,69,25612
45,69,25613
46,69,25614
47,69,25615
48,69,25616
49,69,25617
50,69,25618
51,69,25619
52,69,25620
53,69,25621
54,69,25622
55,69,25623
56,69,25624
57,69,25625
58,69,25626
59,69,25627
60,69,25628
61,69,25629
62,69,25630
63,69,25631
64,69,25632
65,69,25633
66,69,25634
67,69,25635
68,69,25636
69,69,25637
70,69,25638
71,69,25639
72,69,25640
73,69,25641
74,69,25642
75,69,25643
76,69,25644
77,69,25645
78,69,25646
79,69,25647
80,69,25648
81,69,25649
82,69,25650
83,69,25651
84,69,25652
85,69,25653
86,69,25654
87,69,25655
88,69,25656
89,69,25657
90,69,25658
91,69,25659
92,69,25660
93,69,25661
94,69,25662
95,69,25663
96,69,25664
97,69,25665
98,69,25666
99,69,25667
100,69,25668
101,69,25669
102,69,25670
103,69,25671
104,69,25672
105,69,25673
106,69,25674
107,69,25675
108,69,25676
109,69,25677
110,69,25678
111,69,25679
112,69,25680
113,69,25681
114,69,25682
115,69,25683
116,69,25684
117,69,25685
118,69,25686
119,69,25687
120,69,25688
121,69,25689
122,69,25690
123,69,25691
124,69,25692
125,69,25693
126,69,25694
127,69,25695
128,69,25696
129,69,25697
130,69,25698
131,69,25699
132,69,25700
133,69,25701
134,69,25702
135,69,25703
136,69,25704
137,69,25705
138,69,25706
139,69,25707
140,69,25708
141,69,25709
142,69,25710
143,69,25711
144,69,25712
145,69,25713
146,69,25714
147,69,25715
148,69,25716
149,69,25717
150,69,25718
151,69,25719
152,69,25720
153,69,25721
154,69,25722
155,69,25723
156,69,25724
157,69,25725
158,69,25726
159,69,25727
160,69,25728
161,69,25729
162,69,25730
163,69,25731
164,69,25732
165,69,25733
166,69,25734
167,69,25735
168,69,25736
169,69,25737
170,69,25738
171,69,25739
172,69,25740
173,69,25741
174,69,25742
175,69,25743
176,69,25744
177,69,25745
178,69,25746
179,69,25747
180,69,25748
181,69,25749
182,69,25750
183,69,25751
184,69,25752
185,69,25753
186,69,25754
187,69,25755
188,69,25756
189,69,25757
190,69,25758
191,69,25759
192,69,25760
193,69,25761
194,69,25762
195,69,25763
196,69,25764
197,69,25765
198,69,25766
199,69,25767
200,69,25768
201,69,25769
202,69,25770
203,69,25771
204,69,25772
205,69,25773
206,69,25774
207,69,25775
208,69,25776
209,69,25777
210,69,25778
211,69,25779
212,69,25780
213,69,25781
214,69,25782
215,69,25783
216,69,25784
217,69,25785
218,69,25786
219,69,25787
220,69,25788
221,69,25789
222,69,25790
223,69,25791
224,69,25792
225,69,25793
226,69,25794
227,69,25795
228,69,25796
229,69,25797
230,69,25798
231,69,25799
232,69,25800
233,69,25801
234,69,25802
235,69,25803
236,69,25804
237,69,25805
238,69,25806
239,69,25807
240,69,25808
241,69,25809
242,69,25810
243,69,25811
244,69,25812
245,69,25813
246,69,25814
247,69,25815
248,69,25816
249,69,25817
250,69,25818
251,69,25819
252,69,25820
253,69,25821
254,69,25822
255,69,25823
256,69,25824
257,69,25825
258,69,25826
259,69,25827
260,69,25828
261,69,25829
262,69,25830
263,69,25831
264,69,25832
265,69,25833
266,69,25834
267,69,25835
268,69,25836
269,69,25837
270,69,25838
271,69,25839
272,69,25840
273,69,25841
274,69,25842
275,69,25843
276,69,25844
277,69,25845
278,69,25846
279,69,25847
280,69,25848
281,69,25849
282,69,25850
283,69,25851
284,69,25852
285,69,25853
286,69,25854
287,69,25855
288,69,25856
289,69,25857
290,69,25858
291,69,25859
292,69,25860
293,69,25861
294,69,25862
295,69,25863
296,69,25864
297,69,25865
298,69,25866
299,69,25867
300,69,25868
301,69,25869
302,69,25870
303,69,25871
304,69,25872
305,69,25873
306,69,25874
307,69,25875
308,69,25876
309,69,25877
310,69,25878
311,69,25879
312,69,25880
313,69,25881
314,69,25882
315,69,25883
316,69,25884
317,69,25885
318,69,25886
319,69,25887
320,69,25888
321,69,25889
322,69,25890
323,69,25891
324,69,25892
325,69,25893
326,69,25894
327,69,25895
328,69,25896
329,69,25897
330,69,25898
331,69,25899
332,69,25900
333,69,25901
334,69,25902
335,69,25903
336,69,25904
337,69,25905
338,69,25906
339,69,25907
340,69,25908
341,69,25909
342,69,25910
343,69,25911
344,69,25912
345,69,25913
346,69,25914
347,69,25915
348,69,25916
349,69,25917
350,69,25918
351,69,25919
352,69,25920
353,69,25921
354,69,25922
355,69,25923
356,69,25924
357,69,25925
358,69,25926
359,69,25927
360,69,25928
361,69,25929
362,69,25930
363,69,25931
364,69,25932
365,69,25933
366,69,25934
367,69,25935
368,69,25936
369,69,25937
370,69,25938
371,69,25939
372,69,25940
373,69,25941
374,69,25942
375,69,25943
376,69,25944
1,70,25945
2,70,25946
3,70,25947
4,70,25948
5,70,25949
6,70,25950
7,70,25951
8,70,25952
9,70,25953
10,70,25954
11,70,25955
12,70,25956
13,70,25957
14,70,25958
15,70,25959
16,70,25960
17,70,25961
18,70,25962
19,70,25963
20,70,25964
21,70,25965
22,70,25966
23,70,25967
24,70,25968
25,70,25969
26,70,25970
27,70,25971
28,70,25972
29,70,25973
30,70,25974
31,70,25975
32,70,25976
33,70,25977
34,70,25978
35,70,25979
36,70,25980
37,70,25981
38,70,25982
39,70,25983
40,70,25984
41,70,25985
42,70,25986
43,70,25987
44,70,25988
45,70,25989
46,70,25990
47,70,25991
48,70,25992
49,70,25993
50,70,25994
51,70,25995
52,70,25996
53,70,25997
54,70,25998
55,70,25999
56,70,26000
57,70,26001
58,70,26002
59,70,26003
60,70,26004
61,70,26005
62,70,26006
63,70,26007
64,70,26008
65,70,26009
66,70,26010
67,70,26011
68,70,26012
69,70,26013
70,70,26014
71,70,26015
72,70,26016
73,70,26017
74,70,26018
75,70,26019
76,70,26020
77,70,26021
78,70,26022
79,70,26023
80,70,26024
81,70,26025
82,70,26026
83,70,26027
84,70,26028
85,70,26029
86,70,26030
87,70,26031
88,70,26032
89,70,26033
90,70,26034
91,70,26035
92,70,26036
93,70,26037
94,70,26038
95,70,26039
96,70,26040
97,70,26041
98,70,26042
99,70,26043
100,70,26044
101,70,26045
102,70,26046
103,70,26047
104,70,26048
105,70,26049
106,70,26050
107,70,26051
108,70,26052
109,70,26053
110,70,26054
111,70,26055
112,70,26056
113,70,26057
114,70,26058
115,70,26059
116,70,26060
117,70,26061
118,70,26062
119,70,26063
120,70,26064
121,70,26065
122,70,26066
123,70,26067
124,70,26068
125,70,26069
126,70,26070
127,70,26071
128,70,26072
129,70,26073
130,70,26074
131,70,26075
132,70,26076
133,70,26077
134,70,26078
135,70,26079
136,70,26080
137,70,26081
138,70,26082
139,70,26083
140,70,26084
141,70,26085
142,70,26086
143,70,26087
144,70,26088
145,70,26089
146,70,26090
147,70,26091
148,70,26092
149,70,26093
150,70,26094
151,70,26095
152,70,26096
153,70,26097
154,70,26098
155,70,26099
156,70,26100
157,70,26101
158,70,26102
159,70,26103
160,70,26104
161,70,26105
162,70,26106
163,70,26107
164,70,26108
165,70,26109
166,70,26110
167,70,26111
168,70,26112
169,70,26113
170,70,26114
171,70,26115
172,70,26116
173,70,26117
174,70,26118
175,70,26119
176,70,26120
177,70,26121
178,70,26122
179,70,26123
180,70,26124
181,70,26125
182,70,26126
183,70,26127
184,70,26128
185,70,26129
186,70,26130
187,70,26131
188,70,26132
189,70,26133
190,70,26134
191,70,26135
192,70,26136
193,70,26137
194,70,26138
195,70,26139
196,70,26140
197,70,26141
198,70,26142
199,70,26143
200,70,26144
201,70,26145
202,70,26146
203,70,26147
204,70,26148
205,70,26149
206,70,26150
207,70,26151
208,70,26152
209,70,26153
210,70,26154
211,70,26155
212,70,26156
213,70,26157
214,70,26158
215,70,26159
216,70,26160
217,70,26161
218,70,26162
219,70,26163
220,70,26164
221,70,26165
222,70,26166
223,70,26167
224,70,26168
225,70,26169
226,70,26170
227,70,26171
228,70,26172
229,70,26173
230,70,26174
231,70,26175
232,70,26176
233,70,26177
234,70,26178
235,70,26179
236,70,26180
237,70,26181
238,70,26182
239,70,26183
240,70,26184
241,70,26185
242,70,26186
243,70,26187
244,70,26188
245,70,26189
246,70,26190
247,70,26191
248,70,26192
249,70,26193
250,70,26194
251,70,26195
252,70,26196
253,70,26197
254,70,26198
255,70,26199
256,70,26200
257,70,26201
258,70,26202
259,70,26203
260,70,26204
261,70,26205
262,70,26206
263,70,26207
264,70,26208
265,70,26209
266,70,26210
267,70,26211
268,70,26212
269,70,26213
270,70,26214
271,70,26215
272,70,26216
273,70,26217
274,70,26218
275,70,26219
276,70,26220
277,70,26221
278,70,26222
279,70,26223
280,70,26224
281,70,26225
282,70,26226
283,70,26227
284,70,26228
285,70,26229
286,70,26230
287,70,26231
288,70,26232
289,70,26233
290,70,26234
291,70,26235
292,70,26236
293,70,26237
294,70,26238
295,70,26239
296,70,26240
297,70,26241
298,70,26242
299,70,26243
300,70,26244
301,70,26245
302,70,26246
303,70,26247
304,70,26248
305,70,26249
306,70,26250
307,70,26251
308,70,26252
309,70,26253
310,70,26254
311,70,26255
312,70,26256
313,70,26257
314,70,26258
315,70,26259
316,70,26260
317,70,26261
318,70,26262
319,70,26263
320,70,26264
321,70,26265
322,70,26266
323,70,26267
324,70,26268
325,70,26269
326,70,26270
327,70,26271
328,70,26272
329,70,26273
330,70,26274
331,70,26275
332,70,26276
333,70,26277
334,70,26278
335,70,26279
336,70,26280
337,70,26281
338,70,26282
339,70,26283
340,70,26284
341,70,26285
342,70,26286
343,70,26287
344,70,26288
345,70,26289
346,70,26290
347,70,26291
348,70,26292
349,70,26293
350,70,26294
351,70,26295
352,70,26296
353,70,26297
354,70,26298
355,70,26299
356,70,26300
357,70,26301
358,70,26302
359,70,26303
360,70,26304
361,70,26305
362,70,26306
363,70,26307
364,70,26308
365,70,26309
366,70,26310
367,70,26311
368,70,26312
369,70,26313
370,70,26314
371,70,26315
372,70,26316
373,70,26317
374,70,26318
375,70,26319
376,70,26320
1,71,26321
2,71,26322
3,71,26323
4,71,26324
5,71,26325
6,71,26326
7,71,26327
8,71,26328
9,71,26329
10,71,26330
11,71,26331
12,71,26332
13,71,26333
14,71,26334
15,71,26335
16,71,26336
17,71,26337
18,71,26338
19,71,26339
20,71,26340
21,71,26341
22,71,26342
23,71,26343
24,71,26344
25,71,26345
26,71,26346
27,71,26347
28,71,26348
29,71,26349
30,71,26350
31,71,26351
32,71,26352
33,71,26353
34,71,26354
35,71,26355
36,71,26356
37,71,26357
38,71,26358
39,71,26359
40,71,26360
41,71,26361
42,71,26362
43,71,26363
44,71,26364
45,71,26365
46,71,26366
47,71,26367
48,71,26368
49,71,26369
50,71,26370
51,71,26371
52,71,26372
53,71,26373
54,71,26374
55,71,26375
56,71,26376
57,71,26377
58,71,26378
59,71,26379
60,71,26380
61,71,26381
62,71,26382
63,71,26383
64,71,26384
65,71,26385
66,71,26386
67,71,26387
68,71,26388
69,71,26389
70,71,26390
71,71,26391
72,71,26392
73,71,26393
74,71,26394
75,71,26395
76,71,26396
77,71,26397
78,71,26398
79,71,26399
80,71,26400
81,71,26401
82,71,26402
83,71,26403
84,71,26404
85,71,26405
86,71,26406
87,71,26407
88,71,26408
89,71,26409
90,71,26410
91,71,26411
92,71,26412
93,71,26413
94,71,26414
95,71,26415
96,71,26416
97,71,26417
98,71,26418
99,71,26419
100,71,26420
101,71,26421
102,71,26422
103,71,26423
104,71,26424
105,71,26425
106,71,26426
107,71,26427
108,71,26428
109,71,26429
110,71,26430
111,71,26431
112,71,26432
113,71,26433
114,71,26434
115,71,26435
116,71,26436
117,71,26437
118,71,26438
119,71,26439
120,71,26440
121,71,26441
122,71,26442
123,71,26443
124,71,26444
125,71,26445
126,71,26446
127,71,26447
128,71,26448
129,71,26449
130,71,26450
131,71,26451
132,71,26452
133,71,26453
134,71,26454
135,71,26455
136,71,26456
137,71,26457
138,71,26458
139,71,26459
140,71,26460
141,71,26461
142,71,26462
143,71,26463
144,71,26464
145,71,26465
146,71,26466
147,71,26467
148,71,26468
149,71,26469
150,71,26470
151,71,26471
152,71,26472
153,71,26473
154,71,26474
155,71,26475
156,71,26476
157,71,26477
158,71,26478
159,71,26479
160,71,26480
161,71,26481
162,71,26482
163,71,26483
164,71,26484
165,71,26485
166,71,26486
167,71,26487
168,71,26488
169,71,26489
170,71,26490
171,71,26491
172,71,26492
173,71,26493
174,71,26494
175,71,26495
176,71,26496
177,71,26497
178,71,26498
179,71,26499
180,71,26500
181,71,26501
182,71,26502
183,71,26503
184,71,26504
185,71,26505
186,71,26506
187,71,26507
188,71,26508
189,71,26509
190,71,26510
191,71,26511
192,71,26512
193,71,26513
194,71,26514
195,71,26515
196,71,26516
197,71,26517
198,71,26518
199,71,26519
200,71,26520
201,71,26521
202,71,26522
203,71,26523
204,71,26524
205,71,26525
206,71,26526
207,71,26527
208,71,26528
209,71,26529
210,71,26530
211,71,26531
212,71,26532
213,71,26533
214,71,26534
215,71,26535
216,71,26536
217,71,26537
218,71,26538
219,71,26539
220,71,26540
221,71,26541
222,71,26542
223,71,26543
224,71,26544
225,71,26545
226,71,26546
227,71,26547
228,71,26548
229,71,26549
230,71,26550
231,71,26551
232,71,26552
233,71,26553
234,71,26554
235,71,26555
236,71,26556
237,71,26557
238,71,26558
239,71,26559
240,71,26560
241,71,26561
242,71,26562
243,71,26563
244,71,26564
245,71,26565
246,71,26566
247,71,26567
248,71,26568
249,71,26569
250,71,26570
251,71,26571
252,71,26572
253,71,26573
254,71,26574
255,71,26575
256,71,26576
257,71,26577
258,71,26578
259,71,26579
260,71,26580
261,71,26581
262,71,26582
263,71,26583
264,71,26584
265,71,26585
266,71,26586
267,71,26587
268,71,26588
269,71,26589
270,71,26590
271,71,26591
272,71,26592
273,71,26593
274,71,26594
275,71,26595
276,71,26596
277,71,26597
278,71,26598
279,71,26599
280,71,26600
281,71,26601
282,71,26602
283,71,26603
284,71,26604
285,71,26605
286,71,26606
287,71,26607
288,71,26608
289,71,26609
290,71,26610
291,71,26611
292,71,26612
293,71,26613
294,71,26614
295,71,26615
296,71,26616
297,71,26617
298,71,26618
299,71,26619
300,71,26620
301,71,26621
302,71,26622
303,71,26623
304,71,26624
305,71,26625
306,71,26626
307,71,26627
308,71,26628
309,71,26629
310,71,26630
311,71,26631
312,71,26632
313,71,26633
314,71,26634
315,71,26635
316,71,26636
317,71,26637
318,71,26638
319,71,26639
320,71,26640
321,71,26641
322,71,26642
323,71,26643
324,71,26644
325,71,26645
326,71,26646
327,71,26647
328,71,26648
329,71,26649
330,71,26650
331,71,26651
332,71,26652
333,71,26653
334,71,26654
335,71,26655
336,71,26656
337,71,26657
338,71,26658
339,71,26659
340,71,26660
341,71,26661
342,71,26662
343,71,26663
344,71,26664
345,71,26665
346,71,26666
347,71,26667
348,71,26668
349,71,26669
350,71,26670
351,71,26671
352,71,26672
353,71,26673
354,71,26674
355,71,26675
356,71,26676
357,71,26677
358,71,26678
359,71,26679
360,71,26680
361,71,26681
362,71,26682
363,71,26683
364,71,26684
365,71,26685
366,71,26686
367,71,26687
368,71,26688
369,71,26689
370,71,26690
371,71,26691
372,71,26692
373,71,26693
374,71,26694
375,71,26695
376,71,26696
1,72,26697
2,72,26698
3,72,26699
4,72,26700
5,72,26701
6,72,26702
7,72,26703
8,72,26704
9,72,26705
10,72,26706
11,72,26707
12,72,26708
13,72,26709
14,72,26710
15,72,26711
16,72,26712
17,72,26713
18,72,26714
19,72,26715
20,72,26716
21,72,26717
22,72,26718
23,72,26719
24,72,26720
25,72,26721
26,72,26722
27,72,26723
28,72,26724
29,72,26725
30,72,26726
31,72,26727
32,72,26728
33,72,26729
34,72,26730
35,72,26731
36,72,26732
37,72,26733
38,72,26734
39,72,26735
40,72,26736
41,72,26737
42,72,26738
43,72,26739
44,72,26740
45,72,26741
46,72,26742
47,72,26743
48,72,26744
49,72,26745
50,72,26746
51,72,26747
52,72,26748
53,72,26749
54,72,26750
55,72,26751
56,72,26752
57,72,26753
58,72,26754
59,72,26755
60,72,26756
61,72,26757
62,72,26758
63,72,26759
64,72,26760
65,72,26761
66,72,26762
67,72,26763
68,72,26764
69,72,26765
70,72,26766
71,72,26767
72,72,26768
73,72,26769
74,72,26770
75,72,26771
76,72,26772
77,72,26773
78,72,26774
79,72,26775
80,72,26776
81,72,26777
82,72,26778
83,72,26779
84,72,26780
85,72,26781
86,72,26782
87,72,26783
88,72,26784
89,72,26785
90,72,26786
91,72,26787
92,72,26788
93,72,26789
94,72,26790
95,72,26791
96,72,26792
97,72,26793
98,72,26794
99,72,26795
100,72,26796
101,72,26797
102,72,26798
103,72,26799
104,72,26800
105,72,26801
106,72,26802
107,72,26803
108,72,26804
109,72,26805
110,72,26806
111,72,26807
112,72,26808
113,72,26809
114,72,26810
115,72,26811
116,72,26812
117,72,26813
118,72,26814
119,72,26815
120,72,26816
121,72,26817
122,72,26818
123,72,26819
124,72,26820
125,72,26821
126,72,26822
127,72,26823
128,72,26824
129,72,26825
130,72,26826
131,72,26827
132,72,26828
133,72,26829
134,72,26830
135,72,26831
136,72,26832
137,72,26833
138,72,26834
139,72,26835
140,72,26836
141,72,26837
142,72,26838
143,72,26839
144,72,26840
145,72,26841
146,72,26842
147,72,26843
148,72,26844
149,72,26845
150,72,26846
151,72,26847
152,72,26848
153,72,26849
154,72,26850
155,72,26851
156,72,26852
157,72,26853
158,72,26854
159,72,26855
160,72,26856
161,72,26857
162,72,26858
163,72,26859
164,72,26860
165,72,26861
166,72,26862
167,72,26863
168,72,26864
169,72,26865
170,72,26866
171,72,26867
172,72,26868
173,72,26869
174,72,26870
175,72,26871
176,72,26872
177,72,26873
178,72,26874
179,72,26875
180,72,26876
181,72,26877
182,72,26878
183,72,26879
184,72,26880
185,72,26881
186,72,26882
187,72,26883
188,72,26884
189,72,26885
190,72,26886
191,72,26887
192,72,26888
193,72,26889
194,72,26890
195,72,26891
196,72,26892
197,72,26893
198,72,26894
199,72,26895
200,72,26896
201,72,26897
202,72,26898
203,72,26899
204,72,26900
205,72,26901
206,72,26902
207,72,26903
208,72,26904
209,72,26905
210,72,26906
211,72,26907
212,72,26908
213,72,26909
214,72,26910
215,72,26911
216,72,26912
217,72,26913
218,72,26914
219,72,26915
220,72,26916
221,72,26917
222,72,26918
223,72,26919
224,72,26920
225,72,26921
226,72,26922
227,72,26923
228,72,26924
229,72,26925
230,72,26926
231,72,26927
232,72,26928
233,72,26929
234,72,26930
235,72,26931
236,72,26932
237,72,26933
238,72,26934
239,72,26935
240,72,26936
241,72,26937
242,72,26938
243,72,26939
244,72,26940
245,72,26941
246,72,26942
247,72,26943
248,72,26944
249,72,26945
250,72,26946
251,72,26947
252,72,26948
253,72,26949
254,72,26950
255,72,26951
256,72,26952
257,72,26953
258,72,26954
259,72,26955
260,72,26956
261,72,26957
262,72,26958
263,72,26959
264,72,26960
265,72,26961
266,72,26962
267,72,26963
268,72,26964
269,72,26965
270,72,26966
271,72,26967
272,72,26968
273,72,26969
274,72,26970
275,72,26971
276,72,26972
277,72,26973
278,72,26974
279,72,26975
280,72,26976
281,72,26977
282,72,26978
283,72,26979
284,72,26980
285,72,26981
286,72,26982
287,72,26983
288,72,26984
289,72,26985
290,72,26986
291,72,26987
292,72,26988
293,72,26989
294,72,26990
295,72,26991
296,72,26992
297,72,26993
298,72,26994
299,72,26995
300,72,26996
301,72,26997
302,72,26998
303,72,26999
304,72,27000
305,72,27001
306,72,27002
307,72,27003
308,72,27004
309,72,27005
310,72,27006
311,72,27007
312,72,27008
313,72,27009
314,72,27010
315,72,27011
316,72,27012
317,72,27013
318,72,27014
319,72,27015
320,72,27016
321,72,27017
322,72,27018
323,72,27019
324,72,27020
325,72,27021
326,72,27022
327,72,27023
328,72,27024
329,72,27025
330,72,27026
331,72,27027
332,72,27028
333,72,27029
334,72,27030
335,72,27031
336,72,27032
337,72,27033
338,72,27034
339,72,27035
340,72,27036
341,72,27037
342,72,27038
343,72,27039
344,72,27040
345,72,27041
346,72,27042
347,72,27043
348,72,27044
349,72,27045
350,72,27046
351,72,27047
352,72,27048
353,72,27049
354,72,27050
355,72,27051
356,72,27052
357,72,27053
358,72,27054
359,72,27055
360,72,27056
361,72,27057
362,72,27058
363,72,27059
364,72,27060
365,72,27061
366,72,27062
367,72,27063
368,72,27064
369,72,27065
370,72,27066
371,72,27067
372,72,27068
373,72,27069
374,72,27070
375,72,27071
376,72,27072
1,73,27073
2,73,27074
3,73,27075
4,73,27076
5,73,27077
6,73,27078
7,73,27079
8,73,27080
9,73,27081
10,73,27082
11,73,27083
12,73,27084
13,73,27085
14,73,27086
15,73,27087
16,73,27088
17,73,27089
18,73,27090
19,73,27091
20,73,27092
21,73,27093
22,73,27094
23,73,27095
24,73,27096
25,73,27097
26,73,27098
27,73,27099
28,73,27100
29,73,27101
30,73,27102
31,73,27103
32,73,27104
33,73,27105
34,73,27106
35,73,27107
36,73,27108
37,73,27109
38,73,27110
39,73,27111
40,73,27112
41,73,27113
42,73,27114
43,73,27115
44,73,27116
45,73,27117
46,73,27118
47,73,27119
48,73,27120
49,73,27121
50,73,27122
51,73,27123
52,73,27124
53,73,27125
54,73,27126
55,73,27127
56,73,27128
57,73,27129
58,73,27130
59,73,27131
60,73,27132
61,73,27133
62,73,27134
63,73,27135
64,73,27136
65,73,27137
66,73,27138
67,73,27139
68,73,27140
69,73,27141
70,73,27142
71,73,27143
72,73,27144
73,73,27145
74,73,27146
75,73,27147
76,73,27148
77,73,27149
78,73,27150
79,73,27151
80,73,27152
81,73,27153
82,73,27154
83,73,27155
84,73,27156
85,73,27157
86,73,27158
87,73,27159
88,73,27160
89,73,27161
90,73,27162
91,73,27163
92,73,27164
93,73,27165
94,73,27166
95,73,27167
96,73,27168
97,73,27169
98,73,27170
99,73,27171
100,73,27172
101,73,27173
102,73,27174
103,73,27175
104,73,27176
105,73,27177
106,73,27178
107,73,27179
108,73,27180
109,73,27181
110,73,27182
111,73,27183
112,73,27184
113,73,27185
114,73,27186
115,73,27187
116,73,27188
117,73,27189
118,73,27190
119,73,27191
120,73,27192
121,73,27193
122,73,27194
123,73,27195
124,73,27196
125,73,27197
126,73,27198
127,73,27199
128,73,27200
129,73,27201
130,73,27202
131,73,27203
132,73,27204
133,73,27205
134,73,27206
135,73,27207
136,73,27208
137,73,27209
138,73,27210
139,73,27211
140,73,27212
141,73,27213
142,73,27214
143,73,27215
144,73,27216
145,73,27217
146,73,27218
147,73,27219
148,73,27220
149,73,27221
150,73,27222
151,73,27223
152,73,27224
153,73,27225
154,73,27226
155,73,27227
156,73,27228
157,73,27229
158,73,27230
159,73,27231
160,73,27232
161,73,27233
162,73,27234
163,73,27235
164,73,27236
165,73,27237
166,73,27238
167,73,27239
168,73,27240
169,73,27241
170,73,27242
171,73,27243
172,73,27244
173,73,27245
174,73,27246
175,73,27247
176,73,27248
177,73,27249
178,73,27250
179,73,27251
180,73,27252
181,73,27253
182,73,27254
183,73,27255
184,73,27256
185,73,27257
186,73,27258
187,73,27259
188,73,27260
189,73,27261
190,73,27262
191,73,27263
192,73,27264
193,73,27265
194,73,27266
195,73,27267
196,73,27268
197,73,27269
198,73,27270
199,73,27271
200,73,27272
201,73,27273
202,73,27274
203,73,27275
204,73,27276
205,73,27277
206,73,27278
207,73,27279
208,73,27280
209,73,27281
210,73,27282
211,73,27283
212,73,27284
213,73,27285
214,73,27286
215,73,27287
216,73,27288
217,73,27289
218,73,27290
219,73,27291
220,73,27292
221,73,27293
222,73,27294
223,73,27295
224,73,27296
225,73,27297
226,73,27298
227,73,27299
228,73,27300
229,73,27301
230,73,27302
231,73,27303
232,73,27304
233,73,27305
234,73,27306
235,73,27307
236,73,27308
237,73,27309
238,73,27310
239,73,27311
240,73,27312
241,73,27313
242,73,27314
243,73,27315
244,73,27316
245,73,27317
246,73,27318
247,73,27319
248,73,27320
249,73,27321
250,73,27322
251,73,27323
252,73,27324
253,73,27325
254,73,27326
255,73,27327
256,73,27328
257,73,27329
258,73,27330
259,73,27331
260,73,27332
261,73,27333
262,73,27334
263,73,27335
264,73,27336
265,73,27337
266,73,27338
267,73,27339
268,73,27340
269,73,27341
270,73,27342
271,73,27343
272,73,27344
273,73,27345
274,73,27346
275,73,27347
276,73,27348
277,73,27349
278,73,27350
279,73,27351
280,73,27352
281,73,27353
282,73,27354
283,73,27355
284,73,27356
285,73,27357
286,73,27358
287,73,27359
288,73,27360
289,73,27361
290,73,27362
291,73,27363
292,73,27364
293,73,27365
294,73,27366
295,73,27367
296,73,27368
297,73,27369
298,73,27370
299,73,27371
300,73,27372
301,73,27373
302,73,27374
303,73,27375
304,73,27376
305,73,27377
306,73,27378
307,73,27379
308,73,27380
309,73,27381
310,73,27382
311,73,27383
312,73,27384
313,73,27385
314,73,27386
315,73,27387
316,73,27388
317,73,27389
318,73,27390
319,73,27391
320,73,27392
321,73,27393
322,73,27394
323,73,27395
324,73,27396
325,73,27397
326,73,27398
327,73,27399
328,73,27400
329,73,27401
330,73,27402
331,73,27403
332,73,27404
333,73,27405
334,73,27406
335,73,27407
336,73,27408
337,73,27409
338,73,27410
339,73,27411
340,73,27412
341,73,27413
342,73,27414
343,73,27415
344,73,27416
345,73,27417
346,73,27418
347,73,27419
348,73,27420
349,73,27421
350,73,27422
351,73,27423
352,73,27424
353,73,27425
354,73,27426
355,73,27427
356,73,27428
357,73,27429
358,73,27430
359,73,27431
360,73,27432
361,73,27433
362,73,27434
363,73,27435
364,73,27436
365,73,27437
366,73,27438
367,73,27439
368,73,27440
369,73,27441
370,73,27442
371,73,27443
372,73,27444
373,73,27445
374,73,27446
375,73,27447
376,73,27448
1,74,27449
2,74,27450
3,74,27451
4,74,27452
5,74,27453
6,74,27454
7,74,27455
8,74,27456
9,74,27457
10,74,27458
11,74,27459
12,74,27460
13,74,27461
14,74,27462
15,74,27463
16,74,27464
17,74,27465
18,74,27466
19,74,27467
20,74,27468
21,74,27469
22,74,27470
23,74,27471
24,74,27472
25,74,27473
26,74,27474
27,74,27475
28,74,27476
29,74,27477
30,74,27478
31,74,27479
32,74,27480
33,74,27481
34,74,27482
35,74,27483
36,74,27484
37,74,27485
38,74,27486
39,74,27487
40,74,27488
41,74,27489
42,74,27490
43,74,27491
44,74,27492
45,74,27493
46,74,27494
47,74,27495
48,74,27496
49,74,27497
50,74,27498
51,74,27499
52,74,27500
53,74,27501
54,74,27502
55,74,27503
56,74,27504
57,74,27505
58,74,27506
59,74,27507
60,74,27508
61,74,27509
62,74,27510
63,74,27511
64,74,27512
65,74,27513
66,74,27514
67,74,27515
68,74,27516
69,74,27517
70,74,27518
71,74,27519
72,74,27520
73,74,27521
74,74,27522
75,74,27523
76,74,27524
77,74,27525
78,74,27526
79,74,27527
80,74,27528
81,74,27529
82,74,27530
83,74,27531
84,74,27532
85,74,27533
86,74,27534
87,74,27535
88,74,27536
89,74,27537
90,74,27538
91,74,27539
92,74,27540
93,74,27541
94,74,27542
95,74,27543
96,74,27544
97,74,27545
98,74,27546
99,74,27547
100,74,27548
101,74,27549
102,74,27550
103,74,27551
104,74,27552
105,74,27553
106,74,27554
107,74,27555
108,74,27556
109,74,27557
110,74,27558
111,74,27559
112,74,27560
113,74,27561
114,74,27562
115,74,27563
116,74,27564
117,74,27565
118,74,27566
119,74,27567
120,74,27568
121,74,27569
122,74,27570
123,74,27571
124,74,27572
125,74,27573
126,74,27574
127,74,27575
128,74,27576
129,74,27577
130,74,27578
131,74,27579
132,74,27580
133,74,27581
134,74,27582
135,74,27583
136,74,27584
137,74,27585
138,74,27586
139,74,27587
140,74,27588
141,74,27589
142,74,27590
143,74,27591
144,74,27592
145,74,27593
146,74,27594
147,74,27595
148,74,27596
149,74,27597
150,74,27598
151,74,27599
152,74,27600
153,74,27601
154,74,27602
155,74,27603
156,74,27604
157,74,27605
158,74,27606
159,74,27607
160,74,27608
161,74,27609
162,74,27610
163,74,27611
164,74,27612
165,74,27613
166,74,27614
167,74,27615
168,74,27616
169,74,27617
170,74,27618
171,74,27619
172,74,27620
173,74,27621
174,74,27622
175,74,27623
176,74,27624
177,74,27625
178,74,27626
179,74,27627
180,74,27628
181,74,27629
182,74,27630
183,74,27631
184,74,27632
185,74,27633
186,74,27634
187,74,27635
188,74,27636
189,74,27637
190,74,27638
191,74,27639
192,74,27640
193,74,27641
194,74,27642
195,74,27643
196,74,27644
197,74,27645
198,74,27646
199,74,27647
200,74,27648
201,74,27649
202,74,27650
203,74,27651
204,74,27652
205,74,27653
206,74,27654
207,74,27655
208,74,27656
209,74,27657
210,74,27658
211,74,27659
212,74,27660
213,74,27661
214,74,27662
215,74,27663
216,74,27664
217,74,27665
218,74,27666
219,74,27667
220,74,27668
221,74,27669
222,74,27670
223,74,27671
224,74,27672
225,74,27673
226,74,27674
227,74,27675
228,74,27676
229,74,27677
230,74,27678
231,74,27679
232,74,27680
233,74,27681
234,74,27682
235,74,27683
236,74,27684
237,74,27685
238,74,27686
239,74,27687
240,74,27688
241,74,27689
242,74,27690
243,74,27691
244,74,27692
245,74,27693
246,74,27694
247,74,27695
248,74,27696
249,74,27697
250,74,27698
251,74,27699
252,74,27700
253,74,27701
254,74,27702
255,74,27703
256,74,27704
257,74,27705
258,74,27706
259,74,27707
260,74,27708
261,74,27709
262,74,27710
263,74,27711
264,74,27712
265,74,27713
266,74,27714
267,74,27715
268,74,27716
269,74,27717
270,74,27718
271,74,27719
272,74,27720
273,74,27721
274,74,27722
275,74,27723
276,74,27724
277,74,27725
278,74,27726
279,74,27727
280,74,27728
281,74,27729
282,74,27730
283,74,27731
284,74,27732
285,74,27733
286,74,27734
287,74,27735
288,74,27736
289,74,27737
290,74,27738
291,74,27739
292,74,27740
293,74,27741
294,74,27742
295,74,27743
296,74,27744
297,74,27745
298,74,27746
299,74,27747
300,74,27748
301,74,27749
302,74,27750
303,74,27751
304,74,27752
305,74,27753
306,74,27754
307,74,27755
308,74,27756
309,74,27757
310,74,27758
311,74,27759
312,74,27760
313,74,27761
314,74,27762
315,74,27763
316,74,27764
317,74,27765
318,74,27766
319,74,27767
320,74,27768
321,74,27769
322,74,27770
323,74,27771
324,74,27772
325,74,27773
326,74,27774
327,74,27775
328,74,27776
329,74,27777
330,74,27778
331,74,27779
332,74,27780
333,74,27781
334,74,27782
335,74,27783
336,74,27784
337,74,27785
338,74,27786
339,74,27787
340,74,27788
341,74,27789
342,74,27790
343,74,27791
344,74,27792
345,74,27793
346,74,27794
347,74,27795
348,74,27796
349,74,27797
350,74,27798
351,74,27799
352,74,27800
353,74,27801
354,74,27802
355,74,27803
356,74,27804
357,74,27805
358,74,27806
359,74,27807
360,74,27808
361,74,27809
362,74,27810
363,74,27811
364,74,27812
365,74,27813
366,74,27814
367,74,27815
368,74,27816
369,74,27817
370,74,27818
371,74,27819
372,74,27820
373,74,27821
374,74,27822
375,74,27823
376,74,27824
1,75,27825
2,75,27826
3,75,27827
4,75,27828
5,75,27829
6,75,27830
7,75,27831
8,75,27832
9,75,27833
10,75,27834
11,75,27835
12,75,27836
13,75,27837
14,75,27838
15,75,27839
16,75,27840
17,75,27841
18,75,27842
19,75,27843
20,75,27844
21,75,27845
22,75,27846
23,75,27847
24,75,27848
25,75,27849
26,75,27850
27,75,27851
28,75,27852
29,75,27853
30,75,27854
31,75,27855
32,75,27856
33,75,27857
34,75,27858
35,75,27859
36,75,27860
37,75,27861
38,75,27862
39,75,27863
40,75,27864
41,75,27865
42,75,27866
43,75,27867
44,75,27868
45,75,27869
46,75,27870
47,75,27871
48,75,27872
49,75,27873
50,75,27874
51,75,27875
52,75,27876
53,75,27877
54,75,27878
55,75,27879
56,75,27880
57,75,27881
58,75,27882
59,75,27883
60,75,27884
61,75,27885
62,75,27886
63,75,27887
64,75,27888
65,75,27889
66,75,27890
67,75,27891
68,75,27892
69,75,27893
70,75,27894
71,75,27895
72,75,27896
73,75,27897
74,75,27898
75,75,27899
76,75,27900
77,75,27901
78,75,27902
79,75,27903
80,75,27904
81,75,27905
82,75,27906
83,75,27907
84,75,27908
85,75,27909
86,75,27910
87,75,27911
88,75,27912
89,75,27913
90,75,27914
91,75,27915
92,75,27916
93,75,27917
94,75,27918
95,75,27919
96,75,27920
97,75,27921
98,75,27922
99,75,27923
100,75,27924
101,75,27925
102,75,27926
103,75,27927
104,75,27928
105,75,27929
106,75,27930
107,75,27931
108,75,27932
109,75,27933
110,75,27934
111,75,27935
112,75,27936
113,75,27937
114,75,27938
115,75,27939
116,75,27940
117,75,27941
118,75,27942
119,75,27943
120,75,27944
121,75,27945
122,75,27946
123,75,27947
124,75,27948
125,75,27949
126,75,27950
127,75,27951
128,75,27952
129,75,27953
130,75,27954
131,75,27955
132,75,27956
133,75,27957
134,75,27958
135,75,27959
136,75,27960
137,75,27961
138,75,27962
139,75,27963
140,75,27964
141,75,27965
142,75,27966
143,75,27967
144,75,27968
145,75,27969
146,75,27970
147,75,27971
148,75,27972
149,75,27973
150,75,27974
151,75,27975
152,75,27976
153,75,27977
154,75,27978
155,75,27979
156,75,27980
157,75,27981
158,75,27982
159,75,27983
160,75,27984
161,75,27985
162,75,27986
163,75,27987
164,75,27988
165,75,27989
166,75,27990
167,75,27991
168,75,27992
169,75,27993
170,75,27994
171,75,27995
172,75,27996
173,75,27997
174,75,27998
175,75,27999
176,75,28000
177,75,28001
178,75,28002
179,75,28003
180,75,28004
181,75,28005
182,75,28006
183,75,28007
184,75,28008
185,75,28009
186,75,28010
187,75,28011
188,75,28012
189,75,28013
190,75,28014
191,75,28015
192,75,28016
193,75,28017
194,75,28018
195,75,28019
196,75,28020
197,75,28021
198,75,28022
199,75,28023
200,75,28024
201,75,28025
202,75,28026
203,75,28027
204,75,28028
205,75,28029
206,75,28030
207,75,28031
208,75,28032
209,75,28033
210,75,28034
211,75,28035
212,75,28036
213,75,28037
214,75,28038
215,75,28039
216,75,28040
217,75,28041
218,75,28042
219,75,28043
220,75,28044
221,75,28045
222,75,28046
223,75,28047
224,75,28048
225,75,28049
226,75,28050
227,75,28051
228,75,28052
229,75,28053
230,75,28054
231,75,28055
232,75,28056
233,75,28057
234,75,28058
235,75,28059
236,75,28060
237,75,28061
238,75,28062
239,75,28063
240,75,28064
241,75,28065
242,75,28066
243,75,28067
244,75,28068
245,75,28069
246,75,28070
247,75,28071
248,75,28072
249,75,28073
250,75,28074
251,75,28075
252,75,28076
253,75,28077
254,75,28078
255,75,28079
256,75,28080
257,75,28081
258,75,28082
259,75,28083
260,75,28084
261,75,28085
262,75,28086
263,75,28087
264,75,28088
265,75,28089
266,75,28090
267,75,28091
268,75,28092
269,75,28093
270,75,28094
271,75,28095
272,75,28096
273,75,28097
274,75,28098
275,75,28099
276,75,28100
277,75,28101
278,75,28102
279,75,28103
280,75,28104
281,75,28105
282,75,28106
283,75,28107
284,75,28108
285,75,28109
286,75,28110
287,75,28111
288,75,28112
289,75,28113
290,75,28114
291,75,28115
292,75,28116
293,75,28117
294,75,28118
295,75,28119
296,75,28120
297,75,28121
298,75,28122
299,75,28123
300,75,28124
301,75,28125
302,75,28126
303,75,28127
304,75,28128
305,75,28129
306,75,28130
307,75,28131
308,75,28132
309,75,28133
310,75,28134
311,75,28135
312,75,28136
313,75,28137
314,75,28138
315,75,28139
316,75,28140
317,75,28141
318,75,28142
319,75,28143
320,75,28144
321,75,28145
322,75,28146
323,75,28147
324,75,28148
325,75,28149
326,75,28150
327,75,28151
328,75,28152
329,75,28153
330,75,28154
331,75,28155
332,75,28156
333,75,28157
334,75,28158
335,75,28159
336,75,28160
337,75,28161
338,75,28162
339,75,28163
340,75,28164
341,75,28165
342,75,28166
343,75,28167
344,75,28168
345,75,28169
346,75,28170
347,75,28171
348,75,28172
349,75,28173
350,75,28174
351,75,28175
352,75,28176
353,75,28177
354,75,28178
355,75,28179
356,75,28180
357,75,28181
358,75,28182
359,75,28183
360,75,28184
361,75,28185
362,75,28186
363,75,28187
364,75,28188
365,75,28189
366,75,28190
367,75,28191
368,75,28192
369,75,28193
370,75,28194
371,75,28195
372,75,28196
373,75,28197
374,75,28198
375,75,28199
376,75,28200
1,76,28201
2,76,28202
3,76,28203
4,76,28204
5,76,28205
6,76,28206
7,76,28207
8,76,28208
9,76,28209
10,76,28210
11,76,28211
12,76,28212
13,76,28213
14,76,28214
15,76,28215
16,76,28216
17,76,28217
18,76,28218
19,76,28219
20,76,28220
21,76,28221
22,76,28222
23,76,28223
24,76,28224
25,76,28225
26,76,28226
27,76,28227
28,76,28228
29,76,28229
30,76,28230
31,76,28231
32,76,28232
33,76,28233
34,76,28234
35,76,28235
36,76,28236
37,76,28237
38,76,28238
39,76,28239
40,76,28240
41,76,28241
42,76,28242
43,76,28243
44,76,28244
45,76,28245
46,76,28246
47,76,28247
48,76,28248
49,76,28249
50,76,28250
51,76,28251
52,76,28252
53,76,28253
54,76,28254
55,76,28255
56,76,28256
57,76,28257
58,76,28258
59,76,28259
60,76,28260
61,76,28261
62,76,28262
63,76,28263
64,76,28264
65,76,28265
66,76,28266
67,76,28267
68,76,28268
69,76,28269
70,76,28270
71,76,28271
72,76,28272
73,76,28273
74,76,28274
75,76,28275
76,76,28276
77,76,28277
78,76,28278
79,76,28279
80,76,28280
81,76,28281
82,76,28282
83,76,28283
84,76,28284
85,76,28285
86,76,28286
87,76,28287
88,76,28288
89,76,28289
90,76,28290
91,76,28291
92,76,28292
93,76,28293
94,76,28294
95,76,28295
96,76,28296
97,76,28297
98,76,28298
99,76,28299
100,76,28300
101,76,28301
102,76,28302
103,76,28303
104,76,28304
105,76,28305
106,76,28306
107,76,28307
108,76,28308
109,76,28309
110,76,28310
111,76,28311
112,76,28312
113,76,28313
114,76,28314
115,76,28315
116,76,28316
117,76,28317
118,76,28318
119,76,28319
120,76,28320
121,76,28321
122,76,28322
123,76,28323
124,76,28324
125,76,28325
126,76,28326
127,76,28327
128,76,28328
129,76,28329
130,76,28330
131,76,28331
132,76,28332
133,76,28333
134,76,28334
135,76,28335
136,76,28336
137,76,28337
138,76,28338
139,76,28339
140,76,28340
141,76,28341
142,76,28342
143,76,28343
144,76,28344
145,76,28345
146,76,28346
147,76,28347
148,76,28348
149,76,28349
150,76,28350
151,76,28351
152,76,28352
153,76,28353
154,76,28354
155,76,28355
156,76,28356
157,76,28357
158,76,28358
159,76,28359
160,76,28360
161,76,28361
162,76,28362
163,76,28363
164,76,28364
165,76,28365
166,76,28366
167,76,28367
168,76,28368
169,76,28369
170,76,28370
171,76,28371
172,76,28372
173,76,28373
174,76,28374
175,76,28375
176,76,28376
177,76,28377
178,76,28378
179,76,28379
180,76,28380
181,76,28381
182,76,28382
183,76,28383
184,76,28384
185,76,28385
186,76,28386
187,76,28387
188,76,28388
189,76,28389
190,76,28390
191,76,28391
192,76,28392
193,76,28393
194,76,28394
195,76,28395
196,76,28396
197,76,28397
198,76,28398
199,76,28399
200,76,28400
201,76,28401
202,76,28402
203,76,28403
204,76,28404
205,76,28405
206,76,28406
207,76,28407
208,76,28408
209,76,28409
210,76,28410
211,76,28411
212,76,28412
213,76,28413
214,76,28414
215,76,28415
216,76,28416
217,76,28417
218,76,28418
219,76,28419
220,76,28420
221,76,28421
222,76,28422
223,76,28423
224,76,28424
225,76,28425
226,76,28426
227,76,28427
228,76,28428
229,76,28429
230,76,28430
231,76,28431
232,76,28432
233,76,28433
234,76,28434
235,76,28435
236,76,28436
237,76,28437
238,76,28438
239,76,28439
240,76,28440
241,76,28441
242,76,28442
243,76,28443
244,76,28444
245,76,28445
246,76,28446
247,76,28447
248,76,28448
249,76,28449
250,76,28450
251,76,28451
252,76,28452
253,76,28453
254,76,28454
255,76,28455
256,76,28456
257,76,28457
258,76,28458
259,76,28459
260,76,28460
261,76,28461
262,76,28462
263,76,28463
264,76,28464
265,76,28465
266,76,28466
267,76,28467
268,76,28468
269,76,28469
270,76,28470
271,76,28471
272,76,28472
273,76,28473
274,76,28474
275,76,28475
276,76,28476
277,76,28477
278,76,28478
279,76,28479
280,76,28480
281,76,28481
282,76,28482
283,76,28483
284,76,28484
285,76,28485
286,76,28486
287,76,28487
288,76,28488
289,76,28489
290,76,28490
291,76,28491
292,76,28492
293,76,28493
294,76,28494
295,76,28495
296,76,28496
297,76,28497
298,76,28498
299,76,28499
300,76,28500
301,76,28501
302,76,28502
303,76,28503
304,76,28504
305,76,28505
306,76,28506
307,76,28507
308,76,28508
309,76,28509
310,76,28510
311,76,28511
312,76,28512
313,76,28513
314,76,28514
315,76,28515
316,76,28516
317,76,28517
318,76,28518
319,76,28519
320,76,28520
321,76,28521
322,76,28522
323,76,28523
324,76,28524
325,76,28525
326,76,28526
327,76,28527
328,76,28528
329,76,28529
330,76,28530
331,76,28531
332,76,28532
333,76,28533
334,76,28534
335,76,28535
336,76,28536
337,76,28537
338,76,28538
339,76,28539
340,76,28540
341,76,28541
342,76,28542
343,76,28543
344,76,28544
345,76,28545
346,76,28546
347,76,28547
348,76,28548
349,76,28549
350,76,28550
351,76,28551
352,76,28552
353,76,28553
354,76,28554
355,76,28555
356,76,28556
357,76,28557
358,76,28558
359,76,28559
360,76,28560
361,76,28561
362,76,28562
363,76,28563
364,76,28564
365,76,28565
366,76,28566
367,76,28567
368,76,28568
369,76,28569
370,76,28570
371,76,28571
372,76,28572
373,76,28573
374,76,28574
375,76,28575
376,76,28576
1,77,28577
2,77,28578
3,77,28579
4,77,28580
5,77,28581
6,77,28582
7,77,28583
8,77,28584
9,77,28585
10,77,28586
11,77,28587
12,77,28588
13,77,28589
14,77,28590
15,77,28591
16,77,28592
17,77,28593
18,77,28594
19,77,28595
20,77,28596
21,77,28597
22,77,28598
23,77,28599
24,77,28600
25,77,28601
26,77,28602
27,77,28603
28,77,28604
29,77,28605
30,77,28606
31,77,28607
32,77,28608
33,77,28609
34,77,28610
35,77,28611
36,77,28612
37,77,28613
38,77,28614
39,77,28615
40,77,28616
41,77,28617
42,77,28618
43,77,28619
44,77,28620
45,77,28621
46,77,28622
47,77,28623
48,77,28624
49,77,28625
50,77,28626
51,77,28627
52,77,28628
53,77,28629
54,77,28630
55,77,28631
56,77,28632
57,77,28633
58,77,28634
59,77,28635
60,77,28636
61,77,28637
62,77,28638
63,77,28639
64,77,28640
65,77,28641
66,77,28642
67,77,28643
68,77,28644
69,77,28645
70,77,28646
71,77,28647
72,77,28648
73,77,28649
74,77,28650
75,77,28651
76,77,28652
77,77,28653
78,77,28654
79,77,28655
80,77,28656
81,77,28657
82,77,28658
83,77,28659
84,77,28660
85,77,28661
86,77,28662
87,77,28663
88,77,28664
89,77,28665
90,77,28666
91,77,28667
92,77,28668
93,77,28669
94,77,28670
95,77,28671
96,77,28672
97,77,28673
98,77,28674
99,77,28675
100,77,28676
101,77,28677
102,77,28678
103,77,28679
104,77,28680
105,77,28681
106,77,28682
107,77,28683
108,77,28684
109,77,28685
110,77,28686
111,77,28687
112,77,28688
113,77,28689
114,77,28690
115,77,28691
116,77,28692
117,77,28693
118,77,28694
119,77,28695
120,77,28696
121,77,28697
122,77,28698
123,77,28699
124,77,28700
125,77,28701
126,77,28702
127,77,28703
128,77,28704
129,77,28705
130,77,28706
131,77,28707
132,77,28708
133,77,28709
134,77,28710
135,77,28711
136,77,28712
137,77,28713
138,77,28714
139,77,28715
140,77,28716
141,77,28717
142,77,28718
143,77,28719
144,77,28720
145,77,28721
146,77,28722
147,77,28723
148,77,28724
149,77,28725
150,77,28726
151,77,28727
152,77,28728
153,77,28729
154,77,28730
155,77,28731
156,77,28732
157,77,28733
158,77,28734
159,77,28735
160,77,28736
161,77,28737
162,77,28738
163,77,28739
164,77,28740
165,77,28741
166,77,28742
167,77,28743
168,77,28744
169,77,28745
170,77,28746
171,77,28747
172,77,28748
173,77,28749
174,77,28750
175,77,28751
176,77,28752
177,77,28753
178,77,28754
179,77,28755
180,77,28756
181,77,28757
182,77,28758
183,77,28759
184,77,28760
185,77,28761
186,77,28762
187,77,28763
188,77,28764
189,77,28765
190,77,28766
191,77,28767
192,77,28768
193,77,28769
194,77,28770
195,77,28771
196,77,28772
197,77,28773
198,77,28774
199,77,28775
200,77,28776
201,77,28777
202,77,28778
203,77,28779
204,77,28780
205,77,28781
206,77,28782
207,77,28783
208,77,28784
209,77,28785
210,77,28786
211,77,28787
212,77,28788
213,77,28789
214,77,28790
215,77,28791
216,77,28792
217,77,28793
218,77,28794
219,77,28795
220,77,28796
221,77,28797
222,77,28798
223,77,28799
224,77,28800
225,77,28801
226,77,28802
227,77,28803
228,77,28804
229,77,28805
230,77,28806
231,77,28807
232,77,28808
233,77,28809
234,77,28810
235,77,28811
236,77,28812
237,77,28813
238,77,28814
239,77,28815
240,77,28816
241,77,28817
242,77,28818
243,77,28819
244,77,28820
245,77,28821
246,77,28822
247,77,28823
248,77,28824
249,77,28825
250,77,28826
251,77,28827
252,77,28828
253,77,28829
254,77,28830
255,77,28831
256,77,28832
257,77,28833
258,77,28834
259,77,28835
260,77,28836
261,77,28837
262,77,28838
263,77,28839
264,77,28840
265,77,28841
266,77,28842
267,77,28843
268,77,28844
269,77,28845
270,77,28846
271,77,28847
272,77,28848
273,77,28849
274,77,28850
275,77,28851
276,77,28852
277,77,28853
278,77,28854
279,77,28855
280,77,28856
281,77,28857
282,77,28858
283,77,28859
284,77,28860
285,77,28861
286,77,28862
287,77,28863
288,77,28864
289,77,28865
290,77,28866
291,77,28867
292,77,28868
293,77,28869
294,77,28870
295,77,28871
296,77,28872
297,77,28873
298,77,28874
299,77,28875
300,77,28876
301,77,28877
302,77,28878
303,77,28879
304,77,28880
305,77,28881
306,77,28882
307,77,28883
308,77,28884
309,77,28885
310,77,28886
311,77,28887
312,77,28888
313,77,28889
314,77,28890
315,77,28891
316,77,28892
317,77,28893
318,77,28894
319,77,28895
320,77,28896
321,77,28897
322,77,28898
323,77,28899
324,77,28900
325,77,28901
326,77,28902
327,77,28903
328,77,28904
329,77,28905
330,77,28906
331,77,28907
332,77,28908
333,77,28909
334,77,28910
335,77,28911
336,77,28912
337,77,28913
338,77,28914
339,77,28915
340,77,28916
341,77,28917
342,77,28918
343,77,28919
344,77,28920
345,77,28921
346,77,28922
347,77,28923
348,77,28924
349,77,28925
350,77,28926
351,77,28927
352,77,28928
353,77,28929
354,77,28930
355,77,28931
356,77,28932
357,77,28933
358,77,28934
359,77,28935
360,77,28936
361,77,28937
362,77,28938
363,77,28939
364,77,28940
365,77,28941
366,77,28942
367,77,28943
368,77,28944
369,77,28945
370,77,28946
371,77,28947
372,77,28948
373,77,28949
374,77,28950
375,77,28951
376,77,28952
1,78,28953
2,78,28954
3,78,28955
4,78,28956
5,78,28957
6,78,28958
7,78,28959
8,78,28960
9,78,28961
10,78,28962
11,78,28963
12,78,28964
13,78,28965
14,78,28966
15,78,28967
16,78,28968
17,78,28969
18,78,28970
19,78,28971
20,78,28972
21,78,28973
22,78,28974
23,78,28975
24,78,28976
25,78,28977
26,78,28978
27,78,28979
28,78,28980
29,78,28981
30,78,28982
31,78,28983
32,78,28984
33,78,28985
34,78,28986
35,78,28987
36,78,28988
37,78,28989
38,78,28990
39,78,28991
40,78,28992
41,78,28993
42,78,28994
43,78,28995
44,78,28996
45,78,28997
46,78,28998
47,78,28999
48,78,29000
49,78,29001
50,78,29002
51,78,29003
52,78,29004
53,78,29005
54,78,29006
55,78,29007
56,78,29008
57,78,29009
58,78,29010
59,78,29011
60,78,29012
61,78,29013
62,78,29014
63,78,29015
64,78,29016
65,78,29017
66,78,29018
67,78,29019
68,78,29020
69,78,29021
70,78,29022
71,78,29023
72,78,29024
73,78,29025
74,78,29026
75,78,29027
76,78,29028
77,78,29029
78,78,29030
79,78,29031
80,78,29032
81,78,29033
82,78,29034
83,78,29035
84,78,29036
85,78,29037
86,78,29038
87,78,29039
88,78,29040
89,78,29041
90,78,29042
91,78,29043
92,78,29044
93,78,29045
94,78,29046
95,78,29047
96,78,29048
97,78,29049
98,78,29050
99,78,29051
100,78,29052
101,78,29053
102,78,29054
103,78,29055
104,78,29056
105,78,29057
106,78,29058
107,78,29059
108,78,29060
109,78,29061
110,78,29062
111,78,29063
112,78,29064
113,78,29065
114,78,29066
115,78,29067
116,78,29068
117,78,29069
118,78,29070
119,78,29071
120,78,29072
121,78,29073
122,78,29074
123,78,29075
124,78,29076
125,78,29077
126,78,29078
127,78,29079
128,78,29080
129,78,29081
130,78,29082
131,78,29083
132,78,29084
133,78,29085
134,78,29086
135,78,29087
136,78,29088
137,78,29089
138,78,29090
139,78,29091
140,78,29092
141,78,29093
142,78,29094
143,78,29095
144,78,29096
145,78,29097
146,78,29098
147,78,29099
148,78,29100
149,78,29101
150,78,29102
151,78,29103
152,78,29104
153,78,29105
154,78,29106
155,78,29107
156,78,29108
157,78,29109
158,78,29110
159,78,29111
160,78,29112
161,78,29113
162,78,29114
163,78,29115
164,78,29116
165,78,29117
166,78,29118
167,78,29119
168,78,29120
169,78,29121
170,78,29122
171,78,29123
172,78,29124
173,78,29125
174,78,29126
175,78,29127
176,78,29128
177,78,29129
178,78,29130
179,78,29131
180,78,29132
181,78,29133
182,78,29134
183,78,29135
184,78,29136
185,78,29137
186,78,29138
187,78,29139
188,78,29140
189,78,29141
190,78,29142
191,78,29143
192,78,29144
193,78,29145
194,78,29146
195,78,29147
196,78,29148
197,78,29149
198,78,29150
199,78,29151
200,78,29152
201,78,29153
202,78,29154
203,78,29155
204,78,29156
205,78,29157
206,78,29158
207,78,29159
208,78,29160
209,78,29161
210,78,29162
211,78,29163
212,78,29164
213,78,29165
214,78,29166
215,78,29167
216,78,29168
217,78,29169
218,78,29170
219,78,29171
220,78,29172
221,78,29173
222,78,29174
223,78,29175
224,78,29176
225,78,29177
226,78,29178
227,78,29179
228,78,29180
229,78,29181
230,78,29182
231,78,29183
232,78,29184
233,78,29185
234,78,29186
235,78,29187
236,78,29188
237,78,29189
238,78,29190
239,78,29191
240,78,29192
241,78,29193
242,78,29194
243,78,29195
244,78,29196
245,78,29197
246,78,29198
247,78,29199
248,78,29200
249,78,29201
250,78,29202
251,78,29203
252,78,29204
253,78,29205
254,78,29206
255,78,29207
256,78,29208
257,78,29209
258,78,29210
259,78,29211
260,78,29212
261,78,29213
262,78,29214
263,78,29215
264,78,29216
265,78,29217
266,78,29218
267,78,29219
268,78,29220
269,78,29221
270,78,29222
271,78,29223
272,78,29224
273,78,29225
274,78,29226
275,78,29227
276,78,29228
277,78,29229
278,78,29230
279,78,29231
280,78,29232
281,78,29233
282,78,29234
283,78,29235
284,78,29236
285,78,29237
286,78,29238
287,78,29239
288,78,29240
289,78,29241
290,78,29242
291,78,29243
292,78,29244
293,78,29245
294,78,29246
295,78,29247
296,78,29248
297,78,29249
298,78,29250
299,78,29251
300,78,29252
301,78,29253
302,78,29254
303,78,29255
304,78,29256
305,78,29257
306,78,29258
307,78,29259
308,78,29260
309,78,29261
310,78,29262
311,78,29263
312,78,29264
313,78,29265
314,78,29266
315,78,29267
316,78,29268
317,78,29269
318,78,29270
319,78,29271
320,78,29272
321,78,29273
322,78,29274
323,78,29275
324,78,29276
325,78,29277
326,78,29278
327,78,29279
328,78,29280
329,78,29281
330,78,29282
331,78,29283
332,78,29284
333,78,29285
334,78,29286
335,78,29287
336,78,29288
337,78,29289
338,78,29290
339,78,29291
340,78,29292
341,78,29293
342,78,29294
343,78,29295
344,78,29296
345,78,29297
346,78,29298
347,78,29299
348,78,29300
349,78,29301
350,78,29302
351,78,29303
352,78,29304
353,78,29305
354,78,29306
355,78,29307
356,78,29308
357,78,29309
358,78,29310
359,78,29311
360,78,29312
361,78,29313
362,78,29314
363,78,29315
364,78,29316
365,78,29317
366,78,29318
367,78,29319
368,78,29320
369,78,29321
370,78,29322
371,78,29323
372,78,29324
373,78,29325
374,78,29326
375,78,29327
376,78,29328
1,79,29329
2,79,29330
3,79,29331
4,79,29332
5,79,29333
6,79,29334
7,79,29335
8,79,29336
9,79,29337
10,79,29338
11,79,29339
12,79,29340
13,79,29341
14,79,29342
15,79,29343
16,79,29344
17,79,29345
18,79,29346
19,79,29347
20,79,29348
21,79,29349
22,79,29350
23,79,29351
24,79,29352
25,79,29353
26,79,29354
27,79,29355
28,79,29356
29,79,29357
30,79,29358
31,79,29359
32,79,29360
33,79,29361
34,79,29362
35,79,29363
36,79,29364
37,79,29365
38,79,29366
39,79,29367
40,79,29368
41,79,29369
42,79,29370
43,79,29371
44,79,29372
45,79,29373
46,79,29374
47,79,29375
48,79,29376
49,79,29377
50,79,29378
51,79,29379
52,79,29380
53,79,29381
54,79,29382
55,79,29383
56,79,29384
57,79,29385
58,79,29386
59,79,29387
60,79,29388
61,79,29389
62,79,29390
63,79,29391
64,79,29392
65,79,29393
66,79,29394
67,79,29395
68,79,29396
69,79,29397
70,79,29398
71,79,29399
72,79,29400
73,79,29401
74,79,29402
75,79,29403
76,79,29404
77,79,29405
78,79,29406
79,79,29407
80,79,29408
81,79,29409
82,79,29410
83,79,29411
84,79,29412
85,79,29413
86,79,29414
87,79,29415
88,79,29416
89,79,29417
90,79,29418
91,79,29419
92,79,29420
93,79,29421
94,79,29422
95,79,29423
96,79,29424
97,79,29425
98,79,29426
99,79,29427
100,79,29428
101,79,29429
102,79,29430
103,79,29431
104,79,29432
105,79,29433
106,79,29434
107,79,29435
108,79,29436
109,79,29437
110,79,29438
111,79,29439
112,79,29440
113,79,29441
114,79,29442
115,79,29443
116,79,29444
117,79,29445
118,79,29446
119,79,29447
120,79,29448
121,79,29449
122,79,29450
123,79,29451
124,79,29452
125,79,29453
126,79,29454
127,79,29455
128,79,29456
129,79,29457
130,79,29458
131,79,29459
132,79,29460
133,79,29461
134,79,29462
135,79,29463
136,79,29464
137,79,29465
138,79,29466
139,79,29467
140,79,29468
141,79,29469
142,79,29470
143,79,29471
144,79,29472
145,79,29473
146,79,29474
147,79,29475
148,79,29476
149,79,29477
150,79,29478
151,79,29479
152,79,29480
153,79,29481
154,79,29482
155,79,29483
156,79,29484
157,79,29485
158,79,29486
159,79,29487
160,79,29488
161,79,29489
162,79,29490
163,79,29491
164,79,29492
165,79,29493
166,79,29494
167,79,29495
168,79,29496
169,79,29497
170,79,29498
171,79,29499
172,79,29500
173,79,29501
174,79,29502
175,79,29503
176,79,29504
177,79,29505
178,79,29506
179,79,29507
180,79,29508
181,79,29509
182,79,29510
183,79,29511
184,79,29512
185,79,29513
186,79,29514
187,79,29515
188,79,29516
189,79,29517
190,79,29518
191,79,29519
192,79,29520
193,79,29521
194,79,29522
195,79,29523
196,79,29524
197,79,29525
198,79,29526
199,79,29527
200,79,29528
201,79,29529
202,79,29530
203,79,29531
204,79,29532
205,79,29533
206,79,29534
207,79,29535
208,79,29536
209,79,29537
210,79,29538
211,79,29539
212,79,29540
213,79,29541
214,79,29542
215,79,29543
216,79,29544
217,79,29545
218,79,29546
219,79,29547
220,79,29548
221,79,29549
222,79,29550
223,79,29551
224,79,29552
225,79,29553
226,79,29554
227,79,29555
228,79,29556
229,79,29557
230,79,29558
231,79,29559
232,79,29560
233,79,29561
234,79,29562
235,79,29563
236,79,29564
237,79,29565
238,79,29566
239,79,29567
240,79,29568
241,79,29569
242,79,29570
243,79,29571
244,79,29572
245,79,29573
246,79,29574
247,79,29575
248,79,29576
249,79,29577
250,79,29578
251,79,29579
252,79,29580
253,79,29581
254,79,29582
255,79,29583
256,79,29584
257,79,29585
258,79,29586
259,79,29587
260,79,29588
261,79,29589
262,79,29590
263,79,29591
264,79,29592
265,79,29593
266,79,29594
267,79,29595
268,79,29596
269,79,29597
270,79,29598
271,79,29599
272,79,29600
273,79,29601
274,79,29602
275,79,29603
276,79,29604
277,79,29605
278,79,29606
279,79,29607
280,79,29608
281,79,29609
282,79,29610
283,79,29611
284,79,29612
285,79,29613
286,79,29614
287,79,29615
288,79,29616
289,79,29617
290,79,29618
291,79,29619
292,79,29620
293,79,29621
294,79,29622
295,79,29623
296,79,29624
297,79,29625
298,79,29626
299,79,29627
300,79,29628
301,79,29629
302,79,29630
303,79,29631
304,79,29632
305,79,29633
306,79,29634
307,79,29635
308,79,29636
309,79,29637
310,79,29638
311,79,29639
312,79,29640
313,79,29641
314,79,29642
315,79,29643
316,79,29644
317,79,29645
318,79,29646
319,79,29647
320,79,29648
321,79,29649
322,79,29650
323,79,29651
324,79,29652
325,79,29653
326,79,29654
327,79,29655
328,79,29656
329,79,29657
330,79,29658
331,79,29659
332,79,29660
333,79,29661
334,79,29662
335,79,29663
336,79,29664
337,79,29665
338,79,29666
339,79,29667
340,79,29668
341,79,29669
342,79,29670
343,79,29671
344,79,29672
345,79,29673
346,79,29674
347,79,29675
348,79,29676
349,79,29677
350,79,29678
351,79,29679
352,79,29680
353,79,29681
354,79,29682
355,79,29683
356,79,29684
357,79,29685
358,79,29686
359,79,29687
360,79,29688
361,79,29689
362,79,29690
363,79,29691
364,79,29692
365,79,29693
366,79,29694
367,79,29695
368,79,29696
369,79,29697
370,79,29698
371,79,29699
372,79,29700
373,79,29701
374,79,29702
375,79,29703
376,79,29704
1,80,29705
2,80,29706
3,80,29707
4,80,29708
5,80,29709
6,80,29710
7,80,29711
8,80,29712
9,80,29713
10,80,29714
11,80,29715
12,80,29716
13,80,29717
14,80,29718
15,80,29719
16,80,29720
17,80,29721
18,80,29722
19,80,29723
20,80,29724
21,80,29725
22,80,29726
23,80,29727
24,80,29728
25,80,29729
26,80,29730
27,80,29731
28,80,29732
29,80,29733
30,80,29734
31,80,29735
32,80,29736
33,80,29737
34,80,29738
35,80,29739
36,80,29740
37,80,29741
38,80,29742
39,80,29743
40,80,29744
41,80,29745
42,80,29746
43,80,29747
44,80,29748
45,80,29749
46,80,29750
47,80,29751
48,80,29752
49,80,29753
50,80,29754
51,80,29755
52,80,29756
53,80,29757
54,80,29758
55,80,29759
56,80,29760
57,80,29761
58,80,29762
59,80,29763
60,80,29764
61,80,29765
62,80,29766
63,80,29767
64,80,29768
65,80,29769
66,80,29770
67,80,29771
68,80,29772
69,80,29773
70,80,29774
71,80,29775
72,80,29776
73,80,29777
74,80,29778
75,80,29779
76,80,29780
77,80,29781
78,80,29782
79,80,29783
80,80,29784
81,80,29785
82,80,29786
83,80,29787
84,80,29788
85,80,29789
86,80,29790
87,80,29791
88,80,29792
89,80,29793
90,80,29794
91,80,29795
92,80,29796
93,80,29797
94,80,29798
95,80,29799
96,80,29800
97,80,29801
98,80,29802
99,80,29803
100,80,29804
101,80,29805
102,80,29806
103,80,29807
104,80,29808
105,80,29809
106,80,29810
107,80,29811
108,80,29812
109,80,29813
110,80,29814
111,80,29815
112,80,29816
113,80,29817
114,80,29818
115,80,29819
116,80,29820
117,80,29821
118,80,29822
119,80,29823
120,80,29824
121,80,29825
122,80,29826
123,80,29827
124,80,29828
125,80,29829
126,80,29830
127,80,29831
128,80,29832
129,80,29833
130,80,29834
131,80,29835
132,80,29836
133,80,29837
134,80,29838
135,80,29839
136,80,29840
137,80,29841
138,80,29842
139,80,29843
140,80,29844
141,80,29845
142,80,29846
143,80,29847
144,80,29848
145,80,29849
146,80,29850
147,80,29851
148,80,29852
149,80,29853
150,80,29854
151,80,29855
152,80,29856
153,80,29857
154,80,29858
155,80,29859
156,80,29860
157,80,29861
158,80,29862
159,80,29863
160,80,29864
161,80,29865
162,80,29866
163,80,29867
164,80,29868
165,80,29869
166,80,29870
167,80,29871
168,80,29872
169,80,29873
170,80,29874
171,80,29875
172,80,29876
173,80,29877
174,80,29878
175,80,29879
176,80,29880
177,80,29881
178,80,29882
179,80,29883
180,80,29884
181,80,29885
182,80,29886
183,80,29887
184,80,29888
185,80,29889
186,80,29890
187,80,29891
188,80,29892
189,80,29893
190,80,29894
191,80,29895
192,80,29896
193,80,29897
194,80,29898
195,80,29899
196,80,29900
197,80,29901
198,80,29902
199,80,29903
200,80,29904
201,80,29905
202,80,29906
203,80,29907
204,80,29908
205,80,29909
206,80,29910
207,80,29911
208,80,29912
209,80,29913
210,80,29914
211,80,29915
212,80,29916
213,80,29917
214,80,29918
215,80,29919
216,80,29920
217,80,29921
218,80,29922
219,80,29923
220,80,29924
221,80,29925
222,80,29926
223,80,29927
224,80,29928
225,80,29929
226,80,29930
227,80,29931
228,80,29932
229,80,29933
230,80,29934
231,80,29935
232,80,29936
233,80,29937
234,80,29938
235,80,29939
236,80,29940
237,80,29941
238,80,29942
239,80,29943
240,80,29944
241,80,29945
242,80,29946
243,80,29947
244,80,29948
245,80,29949
246,80,29950
247,80,29951
248,80,29952
249,80,29953
250,80,29954
251,80,29955
252,80,29956
253,80,29957
254,80,29958
255,80,29959
256,80,29960
257,80,29961
258,80,29962
259,80,29963
260,80,29964
261,80,29965
262,80,29966
263,80,29967
264,80,29968
265,80,29969
266,80,29970
267,80,29971
268,80,29972
269,80,29973
270,80,29974
271,80,29975
272,80,29976
273,80,29977
274,80,29978
275,80,29979
276,80,29980
277,80,29981
278,80,29982
279,80,29983
280,80,29984
281,80,29985
282,80,29986
283,80,29987
284,80,29988
285,80,29989
286,80,29990
287,80,29991
288,80,29992
289,80,29993
290,80,29994
291,80,29995
292,80,29996
293,80,29997
294,80,29998
295,80,29999
296,80,30000
297,80,30001
298,80,30002
299,80,30003
300,80,30004
301,80,30005
302,80,30006
303,80,30007
304,80,30008
305,80,30009
306,80,30010
307,80,30011
308,80,30012
309,80,30013
310,80,30014
311,80,30015
312,80,30016
313,80,30017
314,80,30018
315,80,30019
316,80,30020
317,80,30021
318,80,30022
319,80,30023
320,80,30024
321,80,30025
322,80,30026
323,80,30027
324,80,30028
325,80,30029
326,80,30030
327,80,30031
328,80,30032
329,80,30033
330,80,30034
331,80,30035
332,80,30036
333,80,30037
334,80,30038
335,80,30039
336,80,30040
337,80,30041
338,80,30042
339,80,30043
340,80,30044
341,80,30045
342,80,30046
343,80,30047
344,80,30048
345,80,30049
346,80,30050
347,80,30051
348,80,30052
349,80,30053
350,80,30054
351,80,30055
352,80,30056
353,80,30057
354,80,30058
355,80,30059
356,80,30060
357,80,30061
358,80,30062
359,80,30063
360,80,30064
361,80,30065
362,80,30066
363,80,30067
364,80,30068
365,80,30069
366,80,30070
367,80,30071
368,80,30072
369,80,30073
370,80,30074
371,80,30075
372,80,30076
373,80,30077
374,80,30078
375,80,30079
376,80,30080
1,81,30081
2,81,30082
3,81,30083
4,81,30084
5,81,30085
6,81,30086
7,81,30087
8,81,30088
9,81,30089
10,81,30090
11,81,30091
12,81,30092
13,81,30093
14,81,30094
15,81,30095
16,81,30096
17,81,30097
18,81,30098
19,81,30099
20,81,30100
21,81,30101
22,81,30102
23,81,30103
24,81,30104
25,81,30105
26,81,30106
27,81,30107
28,81,30108
29,81,30109
30,81,30110
31,81,30111
32,81,30112
33,81,30113
34,81,30114
35,81,30115
36,81,30116
37,81,30117
38,81,30118
39,81,30119
40,81,30120
41,81,30121
42,81,30122
43,81,30123
44,81,30124
45,81,30125
46,81,30126
47,81,30127
48,81,30128
49,81,30129
50,81,30130
51,81,30131
52,81,30132
53,81,30133
54,81,30134
55,81,30135
56,81,30136
57,81,30137
58,81,30138
59,81,30139
60,81,30140
61,81,30141
62,81,30142
63,81,30143
64,81,30144
65,81,30145
66,81,30146
67,81,30147
68,81,30148
69,81,30149
70,81,30150
71,81,30151
72,81,30152
73,81,30153
74,81,30154
75,81,30155
76,81,30156
77,81,30157
78,81,30158
79,81,30159
80,81,30160
81,81,30161
82,81,30162
83,81,30163
84,81,30164
85,81,30165
86,81,30166
87,81,30167
88,81,30168
89,81,30169
90,81,30170
91,81,30171
92,81,30172
93,81,30173
94,81,30174
95,81,30175
96,81,30176
97,81,30177
98,81,30178
99,81,30179
100,81,30180
101,81,30181
102,81,30182
103,81,30183
104,81,30184
105,81,30185
106,81,30186
107,81,30187
108,81,30188
109,81,30189
110,81,30190
111,81,30191
112,81,30192
113,81,30193
114,81,30194
115,81,30195
116,81,30196
117,81,30197
118,81,30198
119,81,30199
120,81,30200
121,81,30201
122,81,30202
123,81,30203
124,81,30204
125,81,30205
126,81,30206
127,81,30207
128,81,30208
129,81,30209
130,81,30210
131,81,30211
132,81,30212
133,81,30213
134,81,30214
135,81,30215
136,81,30216
137,81,30217
138,81,30218
139,81,30219
140,81,30220
141,81,30221
142,81,30222
143,81,30223
144,81,30224
145,81,30225
146,81,30226
147,81,30227
148,81,30228
149,81,30229
150,81,30230
151,81,30231
152,81,30232
153,81,30233
154,81,30234
155,81,30235
156,81,30236
157,81,30237
158,81,30238
159,81,30239
160,81,30240
161,81,30241
162,81,30242
163,81,30243
164,81,30244
165,81,30245
166,81,30246
167,81,30247
168,81,30248
169,81,30249
170,81,30250
171,81,30251
172,81,30252
173,81,30253
174,81,30254
175,81,30255
176,81,30256
177,81,30257
178,81,30258
179,81,30259
180,81,30260
181,81,30261
182,81,30262
183,81,30263
184,81,30264
185,81,30265
186,81,30266
187,81,30267
188,81,30268
189,81,30269
190,81,30270
191,81,30271
192,81,30272
193,81,30273
194,81,30274
195,81,30275
196,81,30276
197,81,30277
198,81,30278
199,81,30279
200,81,30280
201,81,30281
202,81,30282
203,81,30283
204,81,30284
205,81,30285
206,81,30286
207,81,30287
208,81,30288
209,81,30289
210,81,30290
211,81,30291
212,81,30292
213,81,30293
214,81,30294
215,81,30295
216,81,30296
217,81,30297
218,81,30298
219,81,30299
220,81,30300
221,81,30301
222,81,30302
223,81,30303
224,81,30304
225,81,30305
226,81,30306
227,81,30307
228,81,30308
229,81,30309
230,81,30310
231,81,30311
232,81,30312
233,81,30313
234,81,30314
235,81,30315
236,81,30316
237,81,30317
238,81,30318
239,81,30319
240,81,30320
241,81,30321
242,81,30322
243,81,30323
244,81,30324
245,81,30325
246,81,30326
247,81,30327
248,81,30328
249,81,30329
250,81,30330
251,81,30331
252,81,30332
253,81,30333
254,81,30334
255,81,30335
256,81,30336
257,81,30337
258,81,30338
259,81,30339
260,81,30340
261,81,30341
262,81,30342
263,81,30343
264,81,30344
265,81,30345
266,81,30346
267,81,30347
268,81,30348
269,81,30349
270,81,30350
271,81,30351
272,81,30352
273,81,30353
274,81,30354
275,81,30355
276,81,30356
277,81,30357
278,81,30358
279,81,30359
280,81,30360
281,81,30361
282,81,30362
283,81,30363
284,81,30364
285,81,30365
286,81,30366
287,81,30367
288,81,30368
289,81,30369
290,81,30370
291,81,30371
292,81,30372
293,81,30373
294,81,30374
295,81,30375
296,81,30376
297,81,30377
298,81,30378
299,81,30379
300,81,30380
301,81,30381
302,81,30382
303,81,30383
304,81,30384
305,81,30385
306,81,30386
307,81,30387
308,81,30388
309,81,30389
310,81,30390
311,81,30391
312,81,30392
313,81,30393
314,81,30394
315,81,30395
316,81,30396
317,81,30397
318,81,30398
319,81,30399
320,81,30400
321,81,30401
322,81,30402
323,81,30403
324,81,30404
325,81,30405
326,81,30406
327,81,30407
328,81,30408
329,81,30409
330,81,30410
331,81,30411
332,81,30412
333,81,30413
334,81,30414
335,81,30415
336,81,30416
337,81,30417
338,81,30418
339,81,30419
340,81,30420
341,81,30421
342,81,30422
343,81,30423
344,81,30424
345,81,30425
346,81,30426
347,81,30427
348,81,30428
349,81,30429
350,81,30430
351,81,30431
352,81,30432
353,81,30433
354,81,30434
355,81,30435
356,81,30436
357,81,30437
358,81,30438
359,81,30439
360,81,30440
361,81,30441
362,81,30442
363,81,30443
364,81,30444
365,81,30445
366,81,30446
367,81,30447
368,81,30448
369,81,30449
370,81,30450
371,81,30451
372,81,30452
373,81,30453
374,81,30454
375,81,30455
376,81,30456
1,82,30457
2,82,30458
3,82,30459
4,82,30460
5,82,30461
6,82,30462
7,82,30463
8,82,30464
9,82,30465
10,82,30466
11,82,30467
12,82,30468
13,82,30469
14,82,30470
15,82,30471
16,82,30472
17,82,30473
18,82,30474
19,82,30475
20,82,30476
21,82,30477
22,82,30478
23,82,30479
24,82,30480
25,82,30481
26,82,30482
27,82,30483
28,82,30484
29,82,30485
30,82,30486
31,82,30487
32,82,30488
33,82,30489
34,82,30490
35,82,30491
36,82,30492
37,82,30493
38,82,30494
39,82,30495
40,82,30496
41,82,30497
42,82,30498
43,82,30499
44,82,30500
45,82,30501
46,82,30502
47,82,30503
48,82,30504
49,82,30505
50,82,30506
51,82,30507
52,82,30508
53,82,30509
54,82,30510
55,82,30511
56,82,30512
57,82,30513
58,82,30514
59,82,30515
60,82,30516
61,82,30517
62,82,30518
63,82,30519
64,82,30520
65,82,30521
66,82,30522
67,82,30523
68,82,30524
69,82,30525
70,82,30526
71,82,30527
72,82,30528
73,82,30529
74,82,30530
75,82,30531
76,82,30532
77,82,30533
78,82,30534
79,82,30535
80,82,30536
81,82,30537
82,82,30538
83,82,30539
84,82,30540
85,82,30541
86,82,30542
87,82,30543
88,82,30544
89,82,30545
90,82,30546
91,82,30547
92,82,30548
93,82,30549
94,82,30550
95,82,30551
96,82,30552
97,82,30553
98,82,30554
99,82,30555
100,82,30556
101,82,30557
102,82,30558
103,82,30559
104,82,30560
105,82,30561
106,82,30562
107,82,30563
108,82,30564
109,82,30565
110,82,30566
111,82,30567
112,82,30568
113,82,30569
114,82,30570
115,82,30571
116,82,30572
117,82,30573
118,82,30574
119,82,30575
120,82,30576
121,82,30577
122,82,30578
123,82,30579
124,82,30580
125,82,30581
126,82,30582
127,82,30583
128,82,30584
129,82,30585
130,82,30586
131,82,30587
132,82,30588
133,82,30589
134,82,30590
135,82,30591
136,82,30592
137,82,30593
138,82,30594
139,82,30595
140,82,30596
141,82,30597
142,82,30598
143,82,30599
144,82,30600
145,82,30601
146,82,30602
147,82,30603
148,82,30604
149,82,30605
150,82,30606
151,82,30607
152,82,30608
153,82,30609
154,82,30610
155,82,30611
156,82,30612
157,82,30613
158,82,30614
159,82,30615
160,82,30616
161,82,30617
162,82,30618
163,82,30619
164,82,30620
165,82,30621
166,82,30622
167,82,30623
168,82,30624
169,82,30625
170,82,30626
171,82,30627
172,82,30628
173,82,30629
174,82,30630
175,82,30631
176,82,30632
177,82,30633
178,82,30634
179,82,30635
180,82,30636
181,82,30637
182,82,30638
183,82,30639
184,82,30640
185,82,30641
186,82,30642
187,82,30643
188,82,30644
189,82,30645
190,82,30646
191,82,30647
192,82,30648
193,82,30649
194,82,30650
195,82,30651
196,82,30652
197,82,30653
198,82,30654
199,82,30655
200,82,30656
201,82,30657
202,82,30658
203,82,30659
204,82,30660
205,82,30661
206,82,30662
207,82,30663
208,82,30664
209,82,30665
210,82,30666
211,82,30667
212,82,30668
213,82,30669
214,82,30670
215,82,30671
216,82,30672
217,82,30673
218,82,30674
219,82,30675
220,82,30676
221,82,30677
222,82,30678
223,82,30679
224,82,30680
225,82,30681
226,82,30682
227,82,30683
228,82,30684
229,82,30685
230,82,30686
231,82,30687
232,82,30688
233,82,30689
234,82,30690
235,82,30691
236,82,30692
237,82,30693
238,82,30694
239,82,30695
240,82,30696
241,82,30697
242,82,30698
243,82,30699
244,82,30700
245,82,30701
246,82,30702
247,82,30703
248,82,30704
249,82,30705
250,82,30706
251,82,30707
252,82,30708
253,82,30709
254,82,30710
255,82,30711
256,82,30712
257,82,30713
258,82,30714
259,82,30715
260,82,30716
261,82,30717
262,82,30718
263,82,30719
264,82,30720
265,82,30721
266,82,30722
267,82,30723
268,82,30724
269,82,30725
270,82,30726
271,82,30727
272,82,30728
273,82,30729
274,82,30730
275,82,30731
276,82,30732
277,82,30733
278,82,30734
279,82,30735
280,82,30736
281,82,30737
282,82,30738
283,82,30739
284,82,30740
285,82,30741
286,82,30742
287,82,30743
288,82,30744
289,82,30745
290,82,30746
291,82,30747
292,82,30748
293,82,30749
294,82,30750
295,82,30751
296,82,30752
297,82,30753
298,82,30754
299,82,30755
300,82,30756
301,82,30757
302,82,30758
303,82,30759
304,82,30760
305,82,30761
306,82,30762
307,82,30763
308,82,30764
309,82,30765
310,82,30766
311,82,30767
312,82,30768
313,82,30769
314,82,30770
315,82,30771
316,82,30772
317,82,30773
318,82,30774
319,82,30775
320,82,30776
321,82,30777
322,82,30778
323,82,30779
324,82,30780
325,82,30781
326,82,30782
327,82,30783
328,82,30784
329,82,30785
330,82,30786
331,82,30787
332,82,30788
333,82,30789
334,82,30790
335,82,30791
336,82,30792
337,82,30793
338,82,30794
339,82,30795
340,82,30796
341,82,30797
342,82,30798
343,82,30799
344,82,30800
345,82,30801
346,82,30802
347,82,30803
348,82,30804
349,82,30805
350,82,30806
351,82,30807
352,82,30808
353,82,30809
354,82,30810
355,82,30811
356,82,30812
357,82,30813
358,82,30814
359,82,30815
360,82,30816
361,82,30817
362,82,30818
363,82,30819
364,82,30820
365,82,30821
366,82,30822
367,82,30823
368,82,30824
369,82,30825
370,82,30826
371,82,30827
372,82,30828
373,82,30829
374,82,30830
375,82,30831
376,82,30832
1,83,30833
2,83,30834
3,83,30835
4,83,30836
5,83,30837
6,83,30838
7,83,30839
8,83,30840
9,83,30841
10,83,30842
11,83,30843
12,83,30844
13,83,30845
14,83,30846
15,83,30847
16,83,30848
17,83,30849
18,83,30850
19,83,30851
20,83,30852
21,83,30853
22,83,30854
23,83,30855
24,83,30856
25,83,30857
26,83,30858
27,83,30859
28,83,30860
29,83,30861
30,83,30862
31,83,30863
32,83,30864
33,83,30865
34,83,30866
35,83,30867
36,83,30868
37,83,30869
38,83,30870
39,83,30871
40,83,30872
41,83,30873
42,83,30874
43,83,30875
44,83,30876
45,83,30877
46,83,30878
47,83,30879
48,83,30880
49,83,30881
50,83,30882
51,83,30883
52,83,30884
53,83,30885
54,83,30886
55,83,30887
56,83,30888
57,83,30889
58,83,30890
59,83,30891
60,83,30892
61,83,30893
62,83,30894
63,83,30895
64,83,30896
65,83,30897
66,83,30898
67,83,30899
68,83,30900
69,83,30901
70,83,30902
71,83,30903
72,83,30904
73,83,30905
74,83,30906
75,83,30907
76,83,30908
77,83,30909
78,83,30910
79,83,30911
80,83,30912
81,83,30913
82,83,30914
83,83,30915
84,83,30916
85,83,30917
86,83,30918
87,83,30919
88,83,30920
89,83,30921
90,83,30922
91,83,30923
92,83,30924
93,83,30925
94,83,30926
95,83,30927
96,83,30928
97,83,30929
98,83,30930
99,83,30931
100,83,30932
101,83,30933
102,83,30934
103,83,30935
104,83,30936
105,83,30937
106,83,30938
107,83,30939
108,83,30940
109,83,30941
110,83,30942
111,83,30943
112,83,30944
113,83,30945
114,83,30946
115,83,30947
116,83,30948
117,83,30949
118,83,30950
119,83,30951
120,83,30952
121,83,30953
122,83,30954
123,83,30955
124,83,30956
125,83,30957
126,83,30958
127,83,30959
128,83,30960
129,83,30961
130,83,30962
131,83,30963
132,83,30964
133,83,30965
134,83,30966
135,83,30967
136,83,30968
137,83,30969
138,83,30970
139,83,30971
140,83,30972
141,83,30973
142,83,30974
143,83,30975
144,83,30976
145,83,30977
146,83,30978
147,83,30979
148,83,30980
149,83,30981
150,83,30982
151,83,30983
152,83,30984
153,83,30985
154,83,30986
155,83,30987
156,83,30988
157,83,30989
158,83,30990
159,83,30991
160,83,30992
161,83,30993
162,83,30994
163,83,30995
164,83,30996
165,83,30997
166,83,30998
167,83,30999
168,83,31000
169,83,31001
170,83,31002
171,83,31003
172,83,31004
173,83,31005
174,83,31006
175,83,31007
176,83,31008
177,83,31009
178,83,31010
179,83,31011
180,83,31012
181,83,31013
182,83,31014
183,83,31015
184,83,31016
185,83,31017
186,83,31018
187,83,31019
188,83,31020
189,83,31021
190,83,31022
191,83,31023
192,83,31024
193,83,31025
194,83,31026
195,83,31027
196,83,31028
197,83,31029
198,83,31030
199,83,31031
200,83,31032
201,83,31033
202,83,31034
203,83,31035
204,83,31036
205,83,31037
206,83,31038
207,83,31039
208,83,31040
209,83,31041
210,83,31042
211,83,31043
212,83,31044
213,83,31045
214,83,31046
215,83,31047
216,83,31048
217,83,31049
218,83,31050
219,83,31051
220,83,31052
221,83,31053
222,83,31054
223,83,31055
224,83,31056
225,83,31057
226,83,31058
227,83,31059
228,83,31060
229,83,31061
230,83,31062
231,83,31063
232,83,31064
233,83,31065
234,83,31066
235,83,31067
236,83,31068
237,83,31069
238,83,31070
239,83,31071
240,83,31072
241,83,31073
242,83,31074
243,83,31075
244,83,31076
245,83,31077
246,83,31078
247,83,31079
248,83,31080
249,83,31081
250,83,31082
251,83,31083
252,83,31084
253,83,31085
254,83,31086
255,83,31087
256,83,31088
257,83,31089
258,83,31090
259,83,31091
260,83,31092
261,83,31093
262,83,31094
263,83,31095
264,83,31096
265,83,31097
266,83,31098
267,83,31099
268,83,31100
269,83,31101
270,83,31102
271,83,31103
272,83,31104
273,83,31105
274,83,31106
275,83,31107
276,83,31108
277,83,31109
278,83,31110
279,83,31111
280,83,31112
281,83,31113
282,83,31114
283,83,31115
284,83,31116
285,83,31117
286,83,31118
287,83,31119
288,83,31120
289,83,31121
290,83,31122
291,83,31123
292,83,31124
293,83,31125
294,83,31126
295,83,31127
296,83,31128
297,83,31129
298,83,31130
299,83,31131
300,83,31132
301,83,31133
302,83,31134
303,83,31135
304,83,31136
305,83,31137
306,83,31138
307,83,31139
308,83,31140
309,83,31141
310,83,31142
311,83,31143
312,83,31144
313,83,31145
314,83,31146
315,83,31147
316,83,31148
317,83,31149
318,83,31150
319,83,31151
320,83,31152
321,83,31153
322,83,31154
323,83,31155
324,83,31156
325,83,31157
326,83,31158
327,83,31159
328,83,31160
329,83,31161
330,83,31162
331,83,31163
332,83,31164
333,83,31165
334,83,31166
335,83,31167
336,83,31168
337,83,31169
338,83,31170
339,83,31171
340,83,31172
341,83,31173
342,83,31174
343,83,31175
344,83,31176
345,83,31177
346,83,31178
347,83,31179
348,83,31180
349,83,31181
350,83,31182
351,83,31183
352,83,31184
353,83,31185
354,83,31186
355,83,31187
356,83,31188
357,83,31189
358,83,31190
359,83,31191
360,83,31192
361,83,31193
362,83,31194
363,83,31195
364,83,31196
365,83,31197
366,83,31198
367,83,31199
368,83,31200
369,83,31201
370,83,31202
371,83,31203
372,83,31204
373,83,31205
374,83,31206
375,83,31207
376,83,31208
1,84,31209
2,84,31210
3,84,31211
4,84,31212
5,84,31213
6,84,31214
7,84,31215
8,84,31216
9,84,31217
10,84,31218
11,84,31219
12,84,31220
13,84,31221
14,84,31222
15,84,31223
16,84,31224
17,84,31225
18,84,31226
19,84,31227
20,84,31228
21,84,31229
22,84,31230
23,84,31231
24,84,31232
25,84,31233
26,84,31234
27,84,31235
28,84,31236
29,84,31237
30,84,31238
31,84,31239
32,84,31240
33,84,31241
34,84,31242
35,84,31243
36,84,31244
37,84,31245
38,84,31246
39,84,31247
40,84,31248
41,84,31249
42,84,31250
43,84,31251
44,84,31252
45,84,31253
46,84,31254
47,84,31255
48,84,31256
49,84,31257
50,84,31258
51,84,31259
52,84,31260
53,84,31261
54,84,31262
55,84,31263
56,84,31264
57,84,31265
58,84,31266
59,84,31267
60,84,31268
61,84,31269
62,84,31270
63,84,31271
64,84,31272
65,84,31273
66,84,31274
67,84,31275
68,84,31276
69,84,31277
70,84,31278
71,84,31279
72,84,31280
73,84,31281
74,84,31282
75,84,31283
76,84,31284
77,84,31285
78,84,31286
79,84,31287
80,84,31288
81,84,31289
82,84,31290
83,84,31291
84,84,31292
85,84,31293
86,84,31294
87,84,31295
88,84,31296
89,84,31297
90,84,31298
91,84,31299
92,84,31300
93,84,31301
94,84,31302
95,84,31303
96,84,31304
97,84,31305
98,84,31306
99,84,31307
100,84,31308
101,84,31309
102,84,31310
103,84,31311
104,84,31312
105,84,31313
106,84,31314
107,84,31315
108,84,31316
109,84,31317
110,84,31318
111,84,31319
112,84,31320
113,84,31321
114,84,31322
115,84,31323
116,84,31324
117,84,31325
118,84,31326
119,84,31327
120,84,31328
121,84,31329
122,84,31330
123,84,31331
124,84,31332
125,84,31333
126,84,31334
127,84,31335
128,84,31336
129,84,31337
130,84,31338
131,84,31339
132,84,31340
133,84,31341
134,84,31342
135,84,31343
136,84,31344
137,84,31345
138,84,31346
139,84,31347
140,84,31348
141,84,31349
142,84,31350
143,84,31351
144,84,31352
145,84,31353
146,84,31354
147,84,31355
148,84,31356
149,84,31357
150,84,31358
151,84,31359
152,84,31360
153,84,31361
154,84,31362
155,84,31363
156,84,31364
157,84,31365
158,84,31366
159,84,31367
160,84,31368
161,84,31369
162,84,31370
163,84,31371
164,84,31372
165,84,31373
166,84,31374
167,84,31375
168,84,31376
169,84,31377
170,84,31378
171,84,31379
172,84,31380
173,84,31381
174,84,31382
175,84,31383
176,84,31384
177,84,31385
178,84,31386
179,84,31387
180,84,31388
181,84,31389
182,84,31390
183,84,31391
184,84,31392
185,84,31393
186,84,31394
187,84,31395
188,84,31396
189,84,31397
190,84,31398
191,84,31399
192,84,31400
193,84,31401
194,84,31402
195,84,31403
196,84,31404
197,84,31405
198,84,31406
199,84,31407
200,84,31408
201,84,31409
202,84,31410
203,84,31411
204,84,31412
205,84,31413
206,84,31414
207,84,31415
208,84,31416
209,84,31417
210,84,31418
211,84,31419
212,84,31420
213,84,31421
214,84,31422
215,84,31423
216,84,31424
217,84,31425
218,84,31426
219,84,31427
220,84,31428
221,84,31429
222,84,31430
223,84,31431
224,84,31432
225,84,31433
226,84,31434
227,84,31435
228,84,31436
229,84,31437
230,84,31438
231,84,31439
232,84,31440
233,84,31441
234,84,31442
235,84,31443
236,84,31444
237,84,31445
238,84,31446
239,84,31447
240,84,31448
241,84,31449
242,84,31450
243,84,31451
244,84,31452
245,84,31453
246,84,31454
247,84,31455
248,84,31456
249,84,31457
250,84,31458
251,84,31459
252,84,31460
253,84,31461
254,84,31462
255,84,31463
256,84,31464
257,84,31465
258,84,31466
259,84,31467
260,84,31468
261,84,31469
262,84,31470
263,84,31471
264,84,31472
265,84,31473
266,84,31474
267,84,31475
268,84,31476
269,84,31477
270,84,31478
271,84,31479
272,84,31480
273,84,31481
274,84,31482
275,84,31483
276,84,31484
277,84,31485
278,84,31486
279,84,31487
280,84,31488
281,84,31489
282,84,31490
283,84,31491
284,84,31492
285,84,31493
286,84,31494
287,84,31495
288,84,31496
289,84,31497
290,84,31498
291,84,31499
292,84,31500
293,84,31501
294,84,31502
295,84,31503
296,84,31504
297,84,31505
298,84,31506
299,84,31507
300,84,31508
301,84,31509
302,84,31510
303,84,31511
304,84,31512
305,84,31513
306,84,31514
307,84,31515
308,84,31516
309,84,31517
310,84,31518
311,84,31519
312,84,31520
313,84,31521
314,84,31522
315,84,31523
316,84,31524
317,84,31525
318,84,31526
319,84,31527
320,84,31528
321,84,31529
322,84,31530
323,84,31531
324,84,31532
325,84,31533
326,84,31534
327,84,31535
328,84,31536
329,84,31537
330,84,31538
331,84,31539
332,84,31540
333,84,31541
334,84,31542
335,84,31543
336,84,31544
337,84,31545
338,84,31546
339,84,31547
340,84,31548
341,84,31549
342,84,31550
343,84,31551
344,84,31552
345,84,31553
346,84,31554
347,84,31555
348,84,31556
349,84,31557
350,84,31558
351,84,31559
352,84,31560
353,84,31561
354,84,31562
355,84,31563
356,84,31564
357,84,31565
358,84,31566
359,84,31567
360,84,31568
361,84,31569
362,84,31570
363,84,31571
364,84,31572
365,84,31573
366,84,31574
367,84,31575
368,84,31576
369,84,31577
370,84,31578
371,84,31579
372,84,31580
373,84,31581
374,84,31582
375,84,31583
376,84,31584
1,85,31585
2,85,31586
3,85,31587
4,85,31588
5,85,31589
6,85,31590
7,85,31591
8,85,31592
9,85,31593
10,85,31594
11,85,31595
12,85,31596
13,85,31597
14,85,31598
15,85,31599
16,85,31600
17,85,31601
18,85,31602
19,85,31603
20,85,31604
21,85,31605
22,85,31606
23,85,31607
24,85,31608
25,85,31609
26,85,31610
27,85,31611
28,85,31612
29,85,31613
30,85,31614
31,85,31615
32,85,31616
33,85,31617
34,85,31618
35,85,31619
36,85,31620
37,85,31621
38,85,31622
39,85,31623
40,85,31624
41,85,31625
42,85,31626
43,85,31627
44,85,31628
45,85,31629
46,85,31630
47,85,31631
48,85,31632
49,85,31633
50,85,31634
51,85,31635
52,85,31636
53,85,31637
54,85,31638
55,85,31639
56,85,31640
57,85,31641
58,85,31642
59,85,31643
60,85,31644
61,85,31645
62,85,31646
63,85,31647
64,85,31648
65,85,31649
66,85,31650
67,85,31651
68,85,31652
69,85,31653
70,85,31654
71,85,31655
72,85,31656
73,85,31657
74,85,31658
75,85,31659
76,85,31660
77,85,31661
78,85,31662
79,85,31663
80,85,31664
81,85,31665
82,85,31666
83,85,31667
84,85,31668
85,85,31669
86,85,31670
87,85,31671
88,85,31672
89,85,31673
90,85,31674
91,85,31675
92,85,31676
93,85,31677
94,85,31678
95,85,31679
96,85,31680
97,85,31681
98,85,31682
99,85,31683
100,85,31684
101,85,31685
102,85,31686
103,85,31687
104,85,31688
105,85,31689
106,85,31690
107,85,31691
108,85,31692
109,85,31693
110,85,31694
111,85,31695
112,85,31696
113,85,31697
114,85,31698
115,85,31699
116,85,31700
117,85,31701
118,85,31702
119,85,31703
120,85,31704
121,85,31705
122,85,31706
123,85,31707
124,85,31708
125,85,31709
126,85,31710
127,85,31711
128,85,31712
129,85,31713
130,85,31714
131,85,31715
132,85,31716
133,85,31717
134,85,31718
135,85,31719
136,85,31720
137,85,31721
138,85,31722
139,85,31723
140,85,31724
141,85,31725
142,85,31726
143,85,31727
144,85,31728
145,85,31729
146,85,31730
147,85,31731
148,85,31732
149,85,31733
150,85,31734
151,85,31735
152,85,31736
153,85,31737
154,85,31738
155,85,31739
156,85,31740
157,85,31741
158,85,31742
159,85,31743
160,85,31744
161,85,31745
162,85,31746
163,85,31747
164,85,31748
165,85,31749
166,85,31750
167,85,31751
168,85,31752
169,85,31753
170,85,31754
171,85,31755
172,85,31756
173,85,31757
174,85,31758
175,85,31759
176,85,31760
177,85,31761
178,85,31762
179,85,31763
180,85,31764
181,85,31765
182,85,31766
183,85,31767
184,85,31768
185,85,31769
186,85,31770
187,85,31771
188,85,31772
189,85,31773
190,85,31774
191,85,31775
192,85,31776
193,85,31777
194,85,31778
195,85,31779
196,85,31780
197,85,31781
198,85,31782
199,85,31783
200,85,31784
201,85,31785
202,85,31786
203,85,31787
204,85,31788
205,85,31789
206,85,31790
207,85,31791
208,85,31792
209,85,31793
210,85,31794
211,85,31795
212,85,31796
213,85,31797
214,85,31798
215,85,31799
216,85,31800
217,85,31801
218,85,31802
219,85,31803
220,85,31804
221,85,31805
222,85,31806
223,85,31807
224,85,31808
225,85,31809
226,85,31810
227,85,31811
228,85,31812
229,85,31813
230,85,31814
231,85,31815
232,85,31816
233,85,31817
234,85,31818
235,85,31819
236,85,31820
237,85,31821
238,85,31822
239,85,31823
240,85,31824
241,85,31825
242,85,31826
243,85,31827
244,85,31828
245,85,31829
246,85,31830
247,85,31831
248,85,31832
249,85,31833
250,85,31834
251,85,31835
252,85,31836
253,85,31837
254,85,31838
255,85,31839
256,85,31840
257,85,31841
258,85,31842
259,85,31843
260,85,31844
261,85,31845
262,85,31846
263,85,31847
264,85,31848
265,85,31849
266,85,31850
267,85,31851
268,85,31852
269,85,31853
270,85,31854
271,85,31855
272,85,31856
273,85,31857
274,85,31858
275,85,31859
276,85,31860
277,85,31861
278,85,31862
279,85,31863
280,85,31864
281,85,31865
282,85,31866
283,85,31867
284,85,31868
285,85,31869
286,85,31870
287,85,31871
288,85,31872
289,85,31873
290,85,31874
291,85,31875
292,85,31876
293,85,31877
294,85,31878
295,85,31879
296,85,31880
297,85,31881
298,85,31882
299,85,31883
300,85,31884
301,85,31885
302,85,31886
303,85,31887
304,85,31888
305,85,31889
306,85,31890
307,85,31891
308,85,31892
309,85,31893
310,85,31894
311,85,31895
312,85,31896
313,85,31897
314,85,31898
315,85,31899
316,85,31900
317,85,31901
318,85,31902
319,85,31903
320,85,31904
321,85,31905
322,85,31906
323,85,31907
324,85,31908
325,85,31909
326,85,31910
327,85,31911
328,85,31912
329,85,31913
330,85,31914
331,85,31915
332,85,31916
333,85,31917
334,85,31918
335,85,31919
336,85,31920
337,85,31921
338,85,31922
339,85,31923
340,85,31924
341,85,31925
342,85,31926
343,85,31927
344,85,31928
345,85,31929
346,85,31930
347,85,31931
348,85,31932
349,85,31933
350,85,31934
351,85,31935
352,85,31936
353,85,31937
354,85,31938
355,85,31939
356,85,31940
357,85,31941
358,85,31942
359,85,31943
360,85,31944
361,85,31945
362,85,31946
363,85,31947
364,85,31948
365,85,31949
366,85,31950
367,85,31951
368,85,31952
369,85,31953
370,85,31954
371,85,31955
372,85,31956
373,85,31957
374,85,31958
375,85,31959
376,85,31960
1,86,31961
2,86,31962
3,86,31963
4,86,31964
5,86,31965
6,86,31966
7,86,31967
8,86,31968
9,86,31969
10,86,31970
11,86,31971
12,86,31972
13,86,31973
14,86,31974
15,86,31975
16,86,31976
17,86,31977
18,86,31978
19,86,31979
20,86,31980
21,86,31981
22,86,31982
23,86,31983
24,86,31984
25,86,31985
26,86,31986
27,86,31987
28,86,31988
29,86,31989
30,86,31990
31,86,31991
32,86,31992
33,86,31993
34,86,31994
35,86,31995
36,86,31996
37,86,31997
38,86,31998
39,86,31999
40,86,32000
41,86,32001
42,86,32002
43,86,32003
44,86,32004
45,86,32005
46,86,32006
47,86,32007
48,86,32008
49,86,32009
50,86,32010
51,86,32011
52,86,32012
53,86,32013
54,86,32014
55,86,32015
56,86,32016
57,86,32017
58,86,32018
59,86,32019
60,86,32020
61,86,32021
62,86,32022
63,86,32023
64,86,32024
65,86,32025
66,86,32026
67,86,32027
68,86,32028
69,86,32029
70,86,32030
71,86,32031
72,86,32032
73,86,32033
74,86,32034
75,86,32035
76,86,32036
77,86,32037
78,86,32038
79,86,32039
80,86,32040
81,86,32041
82,86,32042
83,86,32043
84,86,32044
85,86,32045
86,86,32046
87,86,32047
88,86,32048
89,86,32049
90,86,32050
91,86,32051
92,86,32052
93,86,32053
94,86,32054
95,86,32055
96,86,32056
97,86,32057
98,86,32058
99,86,32059
100,86,32060
101,86,32061
102,86,32062
103,86,32063
104,86,32064
105,86,32065
106,86,32066
107,86,32067
108,86,32068
109,86,32069
110,86,32070
111,86,32071
112,86,32072
113,86,32073
114,86,32074
115,86,32075
116,86,32076
117,86,32077
118,86,32078
119,86,32079
120,86,32080
121,86,32081
122,86,32082
123,86,32083
124,86,32084
125,86,32085
126,86,32086
127,86,32087
128,86,32088
129,86,32089
130,86,32090
131,86,32091
132,86,32092
133,86,32093
134,86,32094
135,86,32095
136,86,32096
137,86,32097
138,86,32098
139,86,32099
140,86,32100
141,86,32101
142,86,32102
143,86,32103
144,86,32104
145,86,32105
146,86,32106
147,86,32107
148,86,32108
149,86,32109
150,86,32110
151,86,32111
152,86,32112
153,86,32113
154,86,32114
155,86,32115
156,86,32116
157,86,32117
158,86,32118
159,86,32119
160,86,32120
161,86,32121
162,86,32122
163,86,32123
164,86,32124
165,86,32125
166,86,32126
167,86,32127
168,86,32128
169,86,32129
170,86,32130
171,86,32131
172,86,32132
173,86,32133
174,86,32134
175,86,32135
176,86,32136
177,86,32137
178,86,32138
179,86,32139
180,86,32140
181,86,32141
182,86,32142
183,86,32143
184,86,32144
185,86,32145
186,86,32146
187,86,32147
188,86,32148
189,86,32149
190,86,32150
191,86,32151
192,86,32152
193,86,32153
194,86,32154
195,86,32155
196,86,32156
197,86,32157
198,86,32158
199,86,32159
200,86,32160
201,86,32161
202,86,32162
203,86,32163
204,86,32164
205,86,32165
206,86,32166
207,86,32167
208,86,32168
209,86,32169
210,86,32170
211,86,32171
212,86,32172
213,86,32173
214,86,32174
215,86,32175
216,86,32176
217,86,32177
218,86,32178
219,86,32179
220,86,32180
221,86,32181
222,86,32182
223,86,32183
224,86,32184
225,86,32185
226,86,32186
227,86,32187
228,86,32188
229,86,32189
230,86,32190
231,86,32191
232,86,32192
233,86,32193
234,86,32194
235,86,32195
236,86,32196
237,86,32197
238,86,32198
239,86,32199
240,86,32200
241,86,32201
242,86,32202
243,86,32203
244,86,32204
245,86,32205
246,86,32206
247,86,32207
248,86,32208
249,86,32209
250,86,32210
251,86,32211
252,86,32212
253,86,32213
254,86,32214
255,86,32215
256,86,32216
257,86,32217
258,86,32218
259,86,32219
260,86,32220
261,86,32221
262,86,32222
263,86,32223
264,86,32224
265,86,32225
266,86,32226
267,86,32227
268,86,32228
269,86,32229
270,86,32230
271,86,32231
272,86,32232
273,86,32233
274,86,32234
275,86,32235
276,86,32236
277,86,32237
278,86,32238
279,86,32239
280,86,32240
281,86,32241
282,86,32242
283,86,32243
284,86,32244
285,86,32245
286,86,32246
287,86,32247
288,86,32248
289,86,32249
290,86,32250
291,86,32251
292,86,32252
293,86,32253
294,86,32254
295,86,32255
296,86,32256
297,86,32257
298,86,32258
299,86,32259
300,86,32260
301,86,32261
302,86,32262
303,86,32263
304,86,32264
305,86,32265
306,86,32266
307,86,32267
308,86,32268
309,86,32269
310,86,32270
311,86,32271
312,86,32272
313,86,32273
314,86,32274
315,86,32275
316,86,32276
317,86,32277
318,86,32278
319,86,32279
320,86,32280
321,86,32281
322,86,32282
323,86,32283
324,86,32284
325,86,32285
326,86,32286
327,86,32287
328,86,32288
329,86,32289
330,86,32290
331,86,32291
332,86,32292
333,86,32293
334,86,32294
335,86,32295
336,86,32296
337,86,32297
338,86,32298
339,86,32299
340,86,32300
341,86,32301
342,86,32302
343,86,32303
344,86,32304
345,86,32305
346,86,32306
347,86,32307
348,86,32308
349,86,32309
350,86,32310
351,86,32311
352,86,32312
353,86,32313
354,86,32314
355,86,32315
356,86,32316
357,86,32317
358,86,32318
359,86,32319
360,86,32320
361,86,32321
362,86,32322
363,86,32323
364,86,32324
365,86,32325
366,86,32326
367,86,32327
368,86,32328
369,86,32329
370,86,32330
371,86,32331
372,86,32332
373,86,32333
374,86,32334
375,86,32335
376,86,32336
1,87,32337
2,87,32338
3,87,32339
4,87,32340
5,87,32341
6,87,32342
7,87,32343
8,87,32344
9,87,32345
10,87,32346
11,87,32347
12,87,32348
13,87,32349
14,87,32350
15,87,32351
16,87,32352
17,87,32353
18,87,32354
19,87,32355
20,87,32356
21,87,32357
22,87,32358
23,87,32359
24,87,32360
25,87,32361
26,87,32362
27,87,32363
28,87,32364
29,87,32365
30,87,32366
31,87,32367
32,87,32368
33,87,32369
34,87,32370
35,87,32371
36,87,32372
37,87,32373
38,87,32374
39,87,32375
40,87,32376
41,87,32377
42,87,32378
43,87,32379
44,87,32380
45,87,32381
46,87,32382
47,87,32383
48,87,32384
49,87,32385
50,87,32386
51,87,32387
52,87,32388
53,87,32389
54,87,32390
55,87,32391
56,87,32392
57,87,32393
58,87,32394
59,87,32395
60,87,32396
61,87,32397
62,87,32398
63,87,32399
64,87,32400
65,87,32401
66,87,32402
67,87,32403
68,87,32404
69,87,32405
70,87,32406
71,87,32407
72,87,32408
73,87,32409
74,87,32410
75,87,32411
76,87,32412
77,87,32413
78,87,32414
79,87,32415
80,87,32416
81,87,32417
82,87,32418
83,87,32419
84,87,32420
85,87,32421
86,87,32422
87,87,32423
88,87,32424
89,87,32425
90,87,32426
91,87,32427
92,87,32428
93,87,32429
94,87,32430
95,87,32431
96,87,32432
97,87,32433
98,87,32434
99,87,32435
100,87,32436
101,87,32437
102,87,32438
103,87,32439
104,87,32440
105,87,32441
106,87,32442
107,87,32443
108,87,32444
109,87,32445
110,87,32446
111,87,32447
112,87,32448
113,87,32449
114,87,32450
115,87,32451
116,87,32452
117,87,32453
118,87,32454
119,87,32455
120,87,32456
121,87,32457
122,87,32458
123,87,32459
124,87,32460
125,87,32461
126,87,32462
127,87,32463
128,87,32464
129,87,32465
130,87,32466
131,87,32467
132,87,32468
133,87,32469
134,87,32470
135,87,32471
136,87,32472
137,87,32473
138,87,32474
139,87,32475
140,87,32476
141,87,32477
142,87,32478
143,87,32479
144,87,32480
145,87,32481
146,87,32482
147,87,32483
148,87,32484
149,87,32485
150,87,32486
151,87,32487
152,87,32488
153,87,32489
154,87,32490
155,87,32491
156,87,32492
157,87,32493
158,87,32494
159,87,32495
160,87,32496
161,87,32497
162,87,32498
163,87,32499
164,87,32500
165,87,32501
166,87,32502
167,87,32503
168,87,32504
169,87,32505
170,87,32506
171,87,32507
172,87,32508
173,87,32509
174,87,32510
175,87,32511
176,87,32512
177,87,32513
178,87,32514
179,87,32515
180,87,32516
181,87,32517
182,87,32518
183,87,32519
184,87,32520
185,87,32521
186,87,32522
187,87,32523
188,87,32524
189,87,32525
190,87,32526
191,87,32527
192,87,32528
193,87,32529
194,87,32530
195,87,32531
196,87,32532
197,87,32533
198,87,32534
199,87,32535
200,87,32536
201,87,32537
202,87,32538
203,87,32539
204,87,32540
205,87,32541
206,87,32542
207,87,32543
208,87,32544
209,87,32545
210,87,32546
211,87,32547
212,87,32548
213,87,32549
214,87,32550
215,87,32551
216,87,32552
217,87,32553
218,87,32554
219,87,32555
220,87,32556
221,87,32557
222,87,32558
223,87,32559
224,87,32560
225,87,32561
226,87,32562
227,87,32563
228,87,32564
229,87,32565
230,87,32566
231,87,32567
232,87,32568
233,87,32569
234,87,32570
235,87,32571
236,87,32572
237,87,32573
238,87,32574
239,87,32575
240,87,32576
241,87,32577
242,87,32578
243,87,32579
244,87,32580
245,87,32581
246,87,32582
247,87,32583
248,87,32584
249,87,32585
250,87,32586
251,87,32587
252,87,32588
253,87,32589
254,87,32590
255,87,32591
256,87,32592
257,87,32593
258,87,32594
259,87,32595
260,87,32596
261,87,32597
262,87,32598
263,87,32599
264,87,32600
265,87,32601
266,87,32602
267,87,32603
268,87,32604
269,87,32605
270,87,32606
271,87,32607
272,87,32608
273,87,32609
274,87,32610
275,87,32611
276,87,32612
277,87,32613
278,87,32614
279,87,32615
280,87,32616
281,87,32617
282,87,32618
283,87,32619
284,87,32620
285,87,32621
286,87,32622
287,87,32623
288,87,32624
289,87,32625
290,87,32626
291,87,32627
292,87,32628
293,87,32629
294,87,32630
295,87,32631
296,87,32632
297,87,32633
298,87,32634
299,87,32635
300,87,32636
301,87,32637
302,87,32638
303,87,32639
304,87,32640
305,87,32641
306,87,32642
307,87,32643
308,87,32644
309,87,32645
310,87,32646
311,87,32647
312,87,32648
313,87,32649
314,87,32650
315,87,32651
316,87,32652
317,87,32653
318,87,32654
319,87,32655
320,87,32656
321,87,32657
322,87,32658
323,87,32659
324,87,32660
325,87,32661
326,87,32662
327,87,32663
328,87,32664
329,87,32665
330,87,32666
331,87,32667
332,87,32668
333,87,32669
334,87,32670
335,87,32671
336,87,32672
337,87,32673
338,87,32674
339,87,32675
340,87,32676
341,87,32677
342,87,32678
343,87,32679
344,87,32680
345,87,32681
346,87,32682
347,87,32683
348,87,32684
349,87,32685
350,87,32686
351,87,32687
352,87,32688
353,87,32689
354,87,32690
355,87,32691
356,87,32692
357,87,32693
358,87,32694
359,87,32695
360,87,32696
361,87,32697
362,87,32698
363,87,32699
364,87,32700
365,87,32701
366,87,32702
367,87,32703
368,87,32704
369,87,32705
370,87,32706
371,87,32707
372,87,32708
373,87,32709
374,87,32710
375,87,32711
376,87,32712
1,88,32713
2,88,32714
3,88,32715
4,88,32716
5,88,32717
6,88,32718
7,88,32719
8,88,32720
9,88,32721
10,88,32722
11,88,32723
12,88,32724
13,88,32725
14,88,32726
15,88,32727
16,88,32728
17,88,32729
18,88,32730
19,88,32731
20,88,32732
21,88,32733
22,88,32734
23,88,32735
24,88,32736
25,88,32737
26,88,32738
27,88,32739
28,88,32740
29,88,32741
30,88,32742
31,88,32743
32,88,32744
33,88,32745
34,88,32746
35,88,32747
36,88,32748
37,88,32749
38,88,32750
39,88,32751
40,88,32752
41,88,32753
42,88,32754
43,88,32755
44,88,32756
45,88,32757
46,88,32758
47,88,32759
48,88,32760
49,88,32761
50,88,32762
51,88,32763
52,88,32764
53,88,32765
54,88,32766
55,88,32767
56,88,32768
57,88,32769
58,88,32770
59,88,32771
60,88,32772
61,88,32773
62,88,32774
63,88,32775
64,88,32776
65,88,32777
66,88,32778
67,88,32779
68,88,32780
69,88,32781
70,88,32782
71,88,32783
72,88,32784
73,88,32785
74,88,32786
75,88,32787
76,88,32788
77,88,32789
78,88,32790
79,88,32791
80,88,32792
81,88,32793
82,88,32794
83,88,32795
84,88,32796
85,88,32797
86,88,32798
87,88,32799
88,88,32800
89,88,32801
90,88,32802
91,88,32803
92,88,32804
93,88,32805
94,88,32806
95,88,32807
96,88,32808
97,88,32809
98,88,32810
99,88,32811
100,88,32812
101,88,32813
102,88,32814
103,88,32815
104,88,32816
105,88,32817
106,88,32818
107,88,32819
108,88,32820
109,88,32821
110,88,32822
111,88,32823
112,88,32824
113,88,32825
114,88,32826
115,88,32827
116,88,32828
117,88,32829
118,88,32830
119,88,32831
120,88,32832
121,88,32833
122,88,32834
123,88,32835
124,88,32836
125,88,32837
126,88,32838
127,88,32839
128,88,32840
129,88,32841
130,88,32842
131,88,32843
132,88,32844
133,88,32845
134,88,32846
135,88,32847
136,88,32848
137,88,32849
138,88,32850
139,88,32851
140,88,32852
141,88,32853
142,88,32854
143,88,32855
144,88,32856
145,88,32857
146,88,32858
147,88,32859
148,88,32860
149,88,32861
150,88,32862
151,88,32863
152,88,32864
153,88,32865
154,88,32866
155,88,32867
156,88,32868
157,88,32869
158,88,32870
159,88,32871
160,88,32872
161,88,32873
162,88,32874
163,88,32875
164,88,32876
165,88,32877
166,88,32878
167,88,32879
168,88,32880
169,88,32881
170,88,32882
171,88,32883
172,88,32884
173,88,32885
174,88,32886
175,88,32887
176,88,32888
177,88,32889
178,88,32890
179,88,32891
180,88,32892
181,88,32893
182,88,32894
183,88,32895
184,88,32896
185,88,32897
186,88,32898
187,88,32899
188,88,32900
189,88,32901
190,88,32902
191,88,32903
192,88,32904
193,88,32905
194,88,32906
195,88,32907
196,88,32908
197,88,32909
198,88,32910
199,88,32911
200,88,32912
201,88,32913
202,88,32914
203,88,32915
204,88,32916
205,88,32917
206,88,32918
207,88,32919
208,88,32920
209,88,32921
210,88,32922
211,88,32923
212,88,32924
213,88,32925
214,88,32926
215,88,32927
216,88,32928
217,88,32929
218,88,32930
219,88,32931
220,88,32932
221,88,32933
222,88,32934
223,88,32935
224,88,32936
225,88,32937
226,88,32938
227,88,32939
228,88,32940
229,88,32941
230,88,32942
231,88,32943
232,88,32944
233,88,32945
234,88,32946
235,88,32947
236,88,32948
237,88,32949
238,88,32950
239,88,32951
240,88,32952
241,88,32953
242,88,32954
243,88,32955
244,88,32956
245,88,32957
246,88,32958
247,88,32959
248,88,32960
249,88,32961
250,88,32962
251,88,32963
252,88,32964
253,88,32965
254,88,32966
255,88,32967
256,88,32968
257,88,32969
258,88,32970
259,88,32971
260,88,32972
261,88,32973
262,88,32974
263,88,32975
264,88,32976
265,88,32977
266,88,32978
267,88,32979
268,88,32980
269,88,32981
270,88,32982
271,88,32983
272,88,32984
273,88,32985
274,88,32986
275,88,32987
276,88,32988
277,88,32989
278,88,32990
279,88,32991
280,88,32992
281,88,32993
282,88,32994
283,88,32995
284,88,32996
285,88,32997
286,88,32998
287,88,32999
288,88,33000
289,88,33001
290,88,33002
291,88,33003
292,88,33004
293,88,33005
294,88,33006
295,88,33007
296,88,33008
297,88,33009
298,88,33010
299,88,33011
300,88,33012
301,88,33013
302,88,33014
303,88,33015
304,88,33016
305,88,33017
306,88,33018
307,88,33019
308,88,33020
309,88,33021
310,88,33022
311,88,33023
312,88,33024
313,88,33025
314,88,33026
315,88,33027
316,88,33028
317,88,33029
318,88,33030
319,88,33031
320,88,33032
321,88,33033
322,88,33034
323,88,33035
324,88,33036
325,88,33037
326,88,33038
327,88,33039
328,88,33040
329,88,33041
330,88,33042
331,88,33043
332,88,33044
333,88,33045
334,88,33046
335,88,33047
336,88,33048
337,88,33049
338,88,33050
339,88,33051
340,88,33052
341,88,33053
342,88,33054
343,88,33055
344,88,33056
345,88,33057
346,88,33058
347,88,33059
348,88,33060
349,88,33061
350,88,33062
351,88,33063
352,88,33064
353,88,33065
354,88,33066
355,88,33067
356,88,33068
357,88,33069
358,88,33070
359,88,33071
360,88,33072
361,88,33073
362,88,33074
363,88,33075
364,88,33076
365,88,33077
366,88,33078
367,88,33079
368,88,33080
369,88,33081
370,88,33082
371,88,33083
372,88,33084
373,88,33085
374,88,33086
375,88,33087
376,88,33088
1,89,33089
2,89,33090
3,89,33091
4,89,33092
5,89,33093
6,89,33094
7,89,33095
8,89,33096
9,89,33097
10,89,33098
11,89,33099
12,89,33100
13,89,33101
14,89,33102
15,89,33103
16,89,33104
17,89,33105
18,89,33106
19,89,33107
20,89,33108
21,89,33109
22,89,33110
23,89,33111
24,89,33112
25,89,33113
26,89,33114
27,89,33115
28,89,33116
29,89,33117
30,89,33118
31,89,33119
32,89,33120
33,89,33121
34,89,33122
35,89,33123
36,89,33124
37,89,33125
38,89,33126
39,89,33127
40,89,33128
41,89,33129
42,89,33130
43,89,33131
44,89,33132
45,89,33133
46,89,33134
47,89,33135
48,89,33136
49,89,33137
50,89,33138
51,89,33139
52,89,33140
53,89,33141
54,89,33142
55,89,33143
56,89,33144
57,89,33145
58,89,33146
59,89,33147
60,89,33148
61,89,33149
62,89,33150
63,89,33151
64,89,33152
65,89,33153
66,89,33154
67,89,33155
68,89,33156
69,89,33157
70,89,33158
71,89,33159
72,89,33160
73,89,33161
74,89,33162
75,89,33163
76,89,33164
77,89,33165
78,89,33166
79,89,33167
80,89,33168
81,89,33169
82,89,33170
83,89,33171
84,89,33172
85,89,33173
86,89,33174
87,89,33175
88,89,33176
89,89,33177
90,89,33178
91,89,33179
92,89,33180
93,89,33181
94,89,33182
95,89,33183
96,89,33184
97,89,33185
98,89,33186
99,89,33187
100,89,33188
101,89,33189
102,89,33190
103,89,33191
104,89,33192
105,89,33193
106,89,33194
107,89,33195
108,89,33196
109,89,33197
110,89,33198
111,89,33199
112,89,33200
113,89,33201
114,89,33202
115,89,33203
116,89,33204
117,89,33205
118,89,33206
119,89,33207
120,89,33208
121,89,33209
122,89,33210
123,89,33211
124,89,33212
125,89,33213
126,89,33214
127,89,33215
128,89,33216
129,89,33217
130,89,33218
131,89,33219
132,89,33220
133,89,33221
134,89,33222
135,89,33223
136,89,33224
137,89,33225
138,89,33226
139,89,33227
140,89,33228
141,89,33229
142,89,33230
143,89,33231
144,89,33232
145,89,33233
146,89,33234
147,89,33235
148,89,33236
149,89,33237
150,89,33238
151,89,33239
152,89,33240
153,89,33241
154,89,33242
155,89,33243
156,89,33244
157,89,33245
158,89,33246
159,89,33247
160,89,33248
161,89,33249
162,89,33250
163,89,33251
164,89,33252
165,89,33253
166,89,33254
167,89,33255
168,89,33256
169,89,33257
170,89,33258
171,89,33259
172,89,33260
173,89,33261
174,89,33262
175,89,33263
176,89,33264
177,89,33265
178,89,33266
179,89,33267
180,89,33268
181,89,33269
182,89,33270
183,89,33271
184,89,33272
185,89,33273
186,89,33274
187,89,33275
188,89,33276
189,89,33277
190,89,33278
191,89,33279
192,89,33280
193,89,33281
194,89,33282
195,89,33283
196,89,33284
197,89,33285
198,89,33286
199,89,33287
200,89,33288
201,89,33289
202,89,33290
203,89,33291
204,89,33292
205,89,33293
206,89,33294
207,89,33295
208,89,33296
209,89,33297
210,89,33298
211,89,33299
212,89,33300
213,89,33301
214,89,33302
215,89,33303
216,89,33304
217,89,33305
218,89,33306
219,89,33307
220,89,33308
221,89,33309
222,89,33310
223,89,33311
224,89,33312
225,89,33313
226,89,33314
227,89,33315
228,89,33316
229,89,33317
230,89,33318
231,89,33319
232,89,33320
233,89,33321
234,89,33322
235,89,33323
236,89,33324
237,89,33325
238,89,33326
239,89,33327
240,89,33328
241,89,33329
242,89,33330
243,89,33331
244,89,33332
245,89,33333
246,89,33334
247,89,33335
248,89,33336
249,89,33337
250,89,33338
251,89,33339
252,89,33340
253,89,33341
254,89,33342
255,89,33343
256,89,33344
257,89,33345
258,89,33346
259,89,33347
260,89,33348
261,89,33349
262,89,33350
263,89,33351
264,89,33352
265,89,33353
266,89,33354
267,89,33355
268,89,33356
269,89,33357
270,89,33358
271,89,33359
272,89,33360
273,89,33361
274,89,33362
275,89,33363
276,89,33364
277,89,33365
278,89,33366
279,89,33367
280,89,33368
281,89,33369
282,89,33370
283,89,33371
284,89,33372
285,89,33373
286,89,33374
287,89,33375
288,89,33376
289,89,33377
290,89,33378
291,89,33379
292,89,33380
293,89,33381
294,89,33382
295,89,33383
296,89,33384
297,89,33385
298,89,33386
299,89,33387
300,89,33388
301,89,33389
302,89,33390
303,89,33391
304,89,33392
305,89,33393
306,89,33394
307,89,33395
308,89,33396
309,89,33397
310,89,33398
311,89,33399
312,89,33400
313,89,33401
314,89,33402
315,89,33403
316,89,33404
317,89,33405
318,89,33406
319,89,33407
320,89,33408
321,89,33409
322,89,33410
323,89,33411
324,89,33412
325,89,33413
326,89,33414
327,89,33415
328,89,33416
329,89,33417
330,89,33418
331,89,33419
332,89,33420
333,89,33421
334,89,33422
335,89,33423
336,89,33424
337,89,33425
338,89,33426
339,89,33427
340,89,33428
341,89,33429
342,89,33430
343,89,33431
344,89,33432
345,89,33433
346,89,33434
347,89,33435
348,89,33436
349,89,33437
350,89,33438
351,89,33439
352,89,33440
353,89,33441
354,89,33442
355,89,33443
356,89,33444
357,89,33445
358,89,33446
359,89,33447
360,89,33448
361,89,33449
362,89,33450
363,89,33451
364,89,33452
365,89,33453
366,89,33454
367,89,33455
368,89,33456
369,89,33457
370,89,33458
371,89,33459
372,89,33460
373,89,33461
374,89,33462
375,89,33463
376,89,33464
1,90,33465
2,90,33466
3,90,33467
4,90,33468
5,90,33469
6,90,33470
7,90,33471
8,90,33472
9,90,33473
10,90,33474
11,90,33475
12,90,33476
13,90,33477
14,90,33478
15,90,33479
16,90,33480
17,90,33481
18,90,33482
19,90,33483
20,90,33484
21,90,33485
22,90,33486
23,90,33487
24,90,33488
25,90,33489
26,90,33490
27,90,33491
28,90,33492
29,90,33493
30,90,33494
31,90,33495
32,90,33496
33,90,33497
34,90,33498
35,90,33499
36,90,33500
37,90,33501
38,90,33502
39,90,33503
40,90,33504
41,90,33505
42,90,33506
43,90,33507
44,90,33508
45,90,33509
46,90,33510
47,90,33511
48,90,33512
49,90,33513
50,90,33514
51,90,33515
52,90,33516
53,90,33517
54,90,33518
55,90,33519
56,90,33520
57,90,33521
58,90,33522
59,90,33523
60,90,33524
61,90,33525
62,90,33526
63,90,33527
64,90,33528
65,90,33529
66,90,33530
67,90,33531
68,90,33532
69,90,33533
70,90,33534
71,90,33535
72,90,33536
73,90,33537
74,90,33538
75,90,33539
76,90,33540
77,90,33541
78,90,33542
79,90,33543
80,90,33544
81,90,33545
82,90,33546
83,90,33547
84,90,33548
85,90,33549
86,90,33550
87,90,33551
88,90,33552
89,90,33553
90,90,33554
91,90,33555
92,90,33556
93,90,33557
94,90,33558
95,90,33559
96,90,33560
97,90,33561
98,90,33562
99,90,33563
100,90,33564
101,90,33565
102,90,33566
103,90,33567
104,90,33568
105,90,33569
106,90,33570
107,90,33571
108,90,33572
109,90,33573
110,90,33574
111,90,33575
112,90,33576
113,90,33577
114,90,33578
115,90,33579
116,90,33580
117,90,33581
118,90,33582
119,90,33583
120,90,33584
121,90,33585
122,90,33586
123,90,33587
124,90,33588
125,90,33589
126,90,33590
127,90,33591
128,90,33592
129,90,33593
130,90,33594
131,90,33595
132,90,33596
133,90,33597
134,90,33598
135,90,33599
136,90,33600
137,90,33601
138,90,33602
139,90,33603
140,90,33604
141,90,33605
142,90,33606
143,90,33607
144,90,33608
145,90,33609
146,90,33610
147,90,33611
148,90,33612
149,90,33613
150,90,33614
151,90,33615
152,90,33616
153,90,33617
154,90,33618
155,90,33619
156,90,33620
157,90,33621
158,90,33622
159,90,33623
160,90,33624
161,90,33625
162,90,33626
163,90,33627
164,90,33628
165,90,33629
166,90,33630
167,90,33631
168,90,33632
169,90,33633
170,90,33634
171,90,33635
172,90,33636
173,90,33637
174,90,33638
175,90,33639
176,90,33640
177,90,33641
178,90,33642
179,90,33643
180,90,33644
181,90,33645
182,90,33646
183,90,33647
184,90,33648
185,90,33649
186,90,33650
187,90,33651
188,90,33652
189,90,33653
190,90,33654
191,90,33655
192,90,33656
193,90,33657
194,90,33658
195,90,33659
196,90,33660
197,90,33661
198,90,33662
199,90,33663
200,90,33664
201,90,33665
202,90,33666
203,90,33667
204,90,33668
205,90,33669
206,90,33670
207,90,33671
208,90,33672
209,90,33673
210,90,33674
211,90,33675
212,90,33676
213,90,33677
214,90,33678
215,90,33679
216,90,33680
217,90,33681
218,90,33682
219,90,33683
220,90,33684
221,90,33685
222,90,33686
223,90,33687
224,90,33688
225,90,33689
226,90,33690
227,90,33691
228,90,33692
229,90,33693
230,90,33694
231,90,33695
232,90,33696
233,90,33697
234,90,33698
235,90,33699
236,90,33700
237,90,33701
238,90,33702
239,90,33703
240,90,33704
241,90,33705
242,90,33706
243,90,33707
244,90,33708
245,90,33709
246,90,33710
247,90,33711
248,90,33712
249,90,33713
250,90,33714
251,90,33715
252,90,33716
253,90,33717
254,90,33718
255,90,33719
256,90,33720
257,90,33721
258,90,33722
259,90,33723
260,90,33724
261,90,33725
262,90,33726
263,90,33727
264,90,33728
265,90,33729
266,90,33730
267,90,33731
268,90,33732
269,90,33733
270,90,33734
271,90,33735
272,90,33736
273,90,33737
274,90,33738
275,90,33739
276,90,33740
277,90,33741
278,90,33742
279,90,33743
280,90,33744
281,90,33745
282,90,33746
283,90,33747
284,90,33748
285,90,33749
286,90,33750
287,90,33751
288,90,33752
289,90,33753
290,90,33754
291,90,33755
292,90,33756
293,90,33757
294,90,33758
295,90,33759
296,90,33760
297,90,33761
298,90,33762
299,90,33763
300,90,33764
301,90,33765
302,90,33766
303,90,33767
304,90,33768
305,90,33769
306,90,33770
307,90,33771
308,90,33772
309,90,33773
310,90,33774
311,90,33775
312,90,33776
313,90,33777
314,90,33778
315,90,33779
316,90,33780
317,90,33781
318,90,33782
319,90,33783
320,90,33784
321,90,33785
322,90,33786
323,90,33787
324,90,33788
325,90,33789
326,90,33790
327,90,33791
328,90,33792
329,90,33793
330,90,33794
331,90,33795
332,90,33796
333,90,33797
334,90,33798
335,90,33799
336,90,33800
337,90,33801
338,90,33802
339,90,33803
340,90,33804
341,90,33805
342,90,33806
343,90,33807
344,90,33808
345,90,33809
346,90,33810
347,90,33811
348,90,33812
349,90,33813
350,90,33814
351,90,33815
352,90,33816
353,90,33817
354,90,33818
355,90,33819
356,90,33820
357,90,33821
358,90,33822
359,90,33823
360,90,33824
361,90,33825
362,90,33826
363,90,33827
364,90,33828
365,90,33829
366,90,33830
367,90,33831
368,90,33832
369,90,33833
370,90,33834
371,90,33835
372,90,33836
373,90,33837
374,90,33838
375,90,33839
376,90,33840
1,91,33841
2,91,33842
3,91,33843
4,91,33844
5,91,33845
6,91,33846
7,91,33847
8,91,33848
9,91,33849
10,91,33850
11,91,33851
12,91,33852
13,91,33853
14,91,33854
15,91,33855
16,91,33856
17,91,33857
18,91,33858
19,91,33859
20,91,33860
21,91,33861
22,91,33862
23,91,33863
24,91,33864
25,91,33865
26,91,33866
27,91,33867
28,91,33868
29,91,33869
30,91,33870
31,91,33871
32,91,33872
33,91,33873
34,91,33874
35,91,33875
36,91,33876
37,91,33877
38,91,33878
39,91,33879
40,91,33880
41,91,33881
42,91,33882
43,91,33883
44,91,33884
45,91,33885
46,91,33886
47,91,33887
48,91,33888
49,91,33889
50,91,33890
51,91,33891
52,91,33892
53,91,33893
54,91,33894
55,91,33895
56,91,33896
57,91,33897
58,91,33898
59,91,33899
60,91,33900
61,91,33901
62,91,33902
63,91,33903
64,91,33904
65,91,33905
66,91,33906
67,91,33907
68,91,33908
69,91,33909
70,91,33910
71,91,33911
72,91,33912
73,91,33913
74,91,33914
75,91,33915
76,91,33916
77,91,33917
78,91,33918
79,91,33919
80,91,33920
81,91,33921
82,91,33922
83,91,33923
84,91,33924
85,91,33925
86,91,33926
87,91,33927
88,91,33928
89,91,33929
90,91,33930
91,91,33931
92,91,33932
93,91,33933
94,91,33934
95,91,33935
96,91,33936
97,91,33937
98,91,33938
99,91,33939
100,91,33940
101,91,33941
102,91,33942
103,91,33943
104,91,33944
105,91,33945
106,91,33946
107,91,33947
108,91,33948
109,91,33949
110,91,33950
111,91,33951
112,91,33952
113,91,33953
114,91,33954
115,91,33955
116,91,33956
117,91,33957
118,91,33958
119,91,33959
120,91,33960
121,91,33961
122,91,33962
123,91,33963
124,91,33964
125,91,33965
126,91,33966
127,91,33967
128,91,33968
129,91,33969
130,91,33970
131,91,33971
132,91,33972
133,91,33973
134,91,33974
135,91,33975
136,91,33976
137,91,33977
138,91,33978
139,91,33979
140,91,33980
141,91,33981
142,91,33982
143,91,33983
144,91,33984
145,91,33985
146,91,33986
147,91,33987
148,91,33988
149,91,33989
150,91,33990
151,91,33991
152,91,33992
153,91,33993
154,91,33994
155,91,33995
156,91,33996
157,91,33997
158,91,33998
159,91,33999
160,91,34000
161,91,34001
162,91,34002
163,91,34003
164,91,34004
165,91,34005
166,91,34006
167,91,34007
168,91,34008
169,91,34009
170,91,34010
171,91,34011
172,91,34012
173,91,34013
174,91,34014
175,91,34015
176,91,34016
177,91,34017
178,91,34018
179,91,34019
180,91,34020
181,91,34021
182,91,34022
183,91,34023
184,91,34024
185,91,34025
186,91,34026
187,91,34027
188,91,34028
189,91,34029
190,91,34030
191,91,34031
192,91,34032
193,91,34033
194,91,34034
195,91,34035
196,91,34036
197,91,34037
198,91,34038
199,91,34039
200,91,34040
201,91,34041
202,91,34042
203,91,34043
204,91,34044
205,91,34045
206,91,34046
207,91,34047
208,91,34048
209,91,34049
210,91,34050
211,91,34051
212,91,34052
213,91,34053
214,91,34054
215,91,34055
216,91,34056
217,91,34057
218,91,34058
219,91,34059
220,91,34060
221,91,34061
222,91,34062
223,91,34063
224,91,34064
225,91,34065
226,91,34066
227,91,34067
228,91,34068
229,91,34069
230,91,34070
231,91,34071
232,91,34072
233,91,34073
234,91,34074
235,91,34075
236,91,34076
237,91,34077
238,91,34078
239,91,34079
240,91,34080
241,91,34081
242,91,34082
243,91,34083
244,91,34084
245,91,34085
246,91,34086
247,91,34087
248,91,34088
249,91,34089
250,91,34090
251,91,34091
252,91,34092
253,91,34093
254,91,34094
255,91,34095
256,91,34096
257,91,34097
258,91,34098
259,91,34099
260,91,34100
261,91,34101
262,91,34102
263,91,34103
264,91,34104
265,91,34105
266,91,34106
267,91,34107
268,91,34108
269,91,34109
270,91,34110
271,91,34111
272,91,34112
273,91,34113
274,91,34114
275,91,34115
276,91,34116
277,91,34117
278,91,34118
279,91,34119
280,91,34120
281,91,34121
282,91,34122
283,91,34123
284,91,34124
285,91,34125
286,91,34126
287,91,34127
288,91,34128
289,91,34129
290,91,34130
291,91,34131
292,91,34132
293,91,34133
294,91,34134
295,91,34135
296,91,34136
297,91,34137
298,91,34138
299,91,34139
300,91,34140
301,91,34141
302,91,34142
303,91,34143
304,91,34144
305,91,34145
306,91,34146
307,91,34147
308,91,34148
309,91,34149
310,91,34150
311,91,34151
312,91,34152
313,91,34153
314,91,34154
315,91,34155
316,91,34156
317,91,34157
318,91,34158
319,91,34159
320,91,34160
321,91,34161
322,91,34162
323,91,34163
324,91,34164
325,91,34165
326,91,34166
327,91,34167
328,91,34168
329,91,34169
330,91,34170
331,91,34171
332,91,34172
333,91,34173
334,91,34174
335,91,34175
336,91,34176
337,91,34177
338,91,34178
339,91,34179
340,91,34180
341,91,34181
342,91,34182
343,91,34183
344,91,34184
345,91,34185
346,91,34186
347,91,34187
348,91,34188
349,91,34189
350,91,34190
351,91,34191
352,91,34192
353,91,34193
354,91,34194
355,91,34195
356,91,34196
357,91,34197
358,91,34198
359,91,34199
360,91,34200
361,91,34201
362,91,34202
363,91,34203
364,91,34204
365,91,34205
366,91,34206
367,91,34207
368,91,34208
369,91,34209
370,91,34210
371,91,34211
372,91,34212
373,91,34213
374,91,34214
375,91,34215
376,91,34216
1,92,34217
2,92,34218
3,92,34219
4,92,34220
5,92,34221
6,92,34222
7,92,34223
8,92,34224
9,92,34225
10,92,34226
11,92,34227
12,92,34228
13,92,34229
14,92,34230
15,92,34231
16,92,34232
17,92,34233
18,92,34234
19,92,34235
20,92,34236
21,92,34237
22,92,34238
23,92,34239
24,92,34240
25,92,34241
26,92,34242
27,92,34243
28,92,34244
29,92,34245
30,92,34246
31,92,34247
32,92,34248
33,92,34249
34,92,34250
35,92,34251
36,92,34252
37,92,34253
38,92,34254
39,92,34255
40,92,34256
41,92,34257
42,92,34258
43,92,34259
44,92,34260
45,92,34261
46,92,34262
47,92,34263
48,92,34264
49,92,34265
50,92,34266
51,92,34267
52,92,34268
53,92,34269
54,92,34270
55,92,34271
56,92,34272
57,92,34273
58,92,34274
59,92,34275
60,92,34276
61,92,34277
62,92,34278
63,92,34279
64,92,34280
65,92,34281
66,92,34282
67,92,34283
68,92,34284
69,92,34285
70,92,34286
71,92,34287
72,92,34288
73,92,34289
74,92,34290
75,92,34291
76,92,34292
77,92,34293
78,92,34294
79,92,34295
80,92,34296
81,92,34297
82,92,34298
83,92,34299
84,92,34300
85,92,34301
86,92,34302
87,92,34303
88,92,34304
89,92,34305
90,92,34306
91,92,34307
92,92,34308
93,92,34309
94,92,34310
95,92,34311
96,92,34312
97,92,34313
98,92,34314
99,92,34315
100,92,34316
101,92,34317
102,92,34318
103,92,34319
104,92,34320
105,92,34321
106,92,34322
107,92,34323
108,92,34324
109,92,34325
110,92,34326
111,92,34327
112,92,34328
113,92,34329
114,92,34330
115,92,34331
116,92,34332
117,92,34333
118,92,34334
119,92,34335
120,92,34336
121,92,34337
122,92,34338
123,92,34339
124,92,34340
125,92,34341
126,92,34342
127,92,34343
128,92,34344
129,92,34345
130,92,34346
131,92,34347
132,92,34348
133,92,34349
134,92,34350
135,92,34351
136,92,34352
137,92,34353
138,92,34354
139,92,34355
140,92,34356
141,92,34357
142,92,34358
143,92,34359
144,92,34360
145,92,34361
146,92,34362
147,92,34363
148,92,34364
149,92,34365
150,92,34366
151,92,34367
152,92,34368
153,92,34369
154,92,34370
155,92,34371
156,92,34372
157,92,34373
158,92,34374
159,92,34375
160,92,34376
161,92,34377
162,92,34378
163,92,34379
164,92,34380
165,92,34381
166,92,34382
167,92,34383
168,92,34384
169,92,34385
170,92,34386
171,92,34387
172,92,34388
173,92,34389
174,92,34390
175,92,34391
176,92,34392
177,92,34393
178,92,34394
179,92,34395
180,92,34396
181,92,34397
182,92,34398
183,92,34399
184,92,34400
185,92,34401
186,92,34402
187,92,34403
188,92,34404
189,92,34405
190,92,34406
191,92,34407
192,92,34408
193,92,34409
194,92,34410
195,92,34411
196,92,34412
197,92,34413
198,92,34414
199,92,34415
200,92,34416
201,92,34417
202,92,34418
203,92,34419
204,92,34420
205,92,34421
206,92,34422
207,92,34423
208,92,34424
209,92,34425
210,92,34426
211,92,34427
212,92,34428
213,92,34429
214,92,34430
215,92,34431
216,92,34432
217,92,34433
218,92,34434
219,92,34435
220,92,34436
221,92,34437
222,92,34438
223,92,34439
224,92,34440
225,92,34441
226,92,34442
227,92,34443
228,92,34444
229,92,34445
230,92,34446
231,92,34447
232,92,34448
233,92,34449
234,92,34450
235,92,34451
236,92,34452
237,92,34453
238,92,34454
239,92,34455
240,92,34456
241,92,34457
242,92,34458
243,92,34459
244,92,34460
245,92,34461
246,92,34462
247,92,34463
248,92,34464
249,92,34465
250,92,34466
251,92,34467
252,92,34468
253,92,34469
254,92,34470
255,92,34471
256,92,34472
257,92,34473
258,92,34474
259,92,34475
260,92,34476
261,92,34477
262,92,34478
263,92,34479
264,92,34480
265,92,34481
266,92,34482
267,92,34483
268,92,34484
269,92,34485
270,92,34486
271,92,34487
272,92,34488
273,92,34489
274,92,34490
275,92,34491
276,92,34492
277,92,34493
278,92,34494
279,92,34495
280,92,34496
281,92,34497
282,92,34498
283,92,34499
284,92,34500
285,92,34501
286,92,34502
287,92,34503
288,92,34504
289,92,34505
290,92,34506
291,92,34507
292,92,34508
293,92,34509
294,92,34510
295,92,34511
296,92,34512
297,92,34513
298,92,34514
299,92,34515
300,92,34516
301,92,34517
302,92,34518
303,92,34519
304,92,34520
305,92,34521
306,92,34522
307,92,34523
308,92,34524
309,92,34525
310,92,34526
311,92,34527
312,92,34528
313,92,34529
314,92,34530
315,92,34531
316,92,34532
317,92,34533
318,92,34534
319,92,34535
320,92,34536
321,92,34537
322,92,34538
323,92,34539
324,92,34540
325,92,34541
326,92,34542
327,92,34543
328,92,34544
329,92,34545
330,92,34546
331,92,34547
332,92,34548
333,92,34549
334,92,34550
335,92,34551
336,92,34552
337,92,34553
338,92,34554
339,92,34555
340,92,34556
341,92,34557
342,92,34558
343,92,34559
344,92,34560
345,92,34561
346,92,34562
347,92,34563
348,92,34564
349,92,34565
350,92,34566
351,92,34567
352,92,34568
353,92,34569
354,92,34570
355,92,34571
356,92,34572
357,92,34573
358,92,34574
359,92,34575
360,92,34576
361,92,34577
362,92,34578
363,92,34579
364,92,34580
365,92,34581
366,92,34582
367,92,34583
368,92,34584
369,92,34585
370,92,34586
371,92,34587
372,92,34588
373,92,34589
374,92,34590
375,92,34591
376,92,34592
1,93,34593
2,93,34594
3,93,34595
4,93,34596
5,93,34597
6,93,34598
7,93,34599
8,93,34600
9,93,34601
10,93,34602
11,93,34603
12,93,34604
13,93,34605
14,93,34606
15,93,34607
16,93,34608
17,93,34609
18,93,34610
19,93,34611
20,93,34612
21,93,34613
22,93,34614
23,93,34615
24,93,34616
25,93,34617
26,93,34618
27,93,34619
28,93,34620
29,93,34621
30,93,34622
31,93,34623
32,93,34624
33,93,34625
34,93,34626
35,93,34627
36,93,34628
37,93,34629
38,93,34630
39,93,34631
40,93,34632
41,93,34633
42,93,34634
43,93,34635
44,93,34636
45,93,34637
46,93,34638
47,93,34639
48,93,34640
49,93,34641
50,93,34642
51,93,34643
52,93,34644
53,93,34645
54,93,34646
55,93,34647
56,93,34648
57,93,34649
58,93,34650
59,93,34651
60,93,34652
61,93,34653
62,93,34654
63,93,34655
64,93,34656
65,93,34657
66,93,34658
67,93,34659
68,93,34660
69,93,34661
70,93,34662
71,93,34663
72,93,34664
73,93,34665
74,93,34666
75,93,34667
76,93,34668
77,93,34669
78,93,34670
79,93,34671
80,93,34672
81,93,34673
82,93,34674
83,93,34675
84,93,34676
85,93,34677
86,93,34678
87,93,34679
88,93,34680
89,93,34681
90,93,34682
91,93,34683
92,93,34684
93,93,34685
94,93,34686
95,93,34687
96,93,34688
97,93,34689
98,93,34690
99,93,34691
100,93,34692
101,93,34693
102,93,34694
103,93,34695
104,93,34696
105,93,34697
106,93,34698
107,93,34699
108,93,34700
109,93,34701
110,93,34702
111,93,34703
112,93,34704
113,93,34705
114,93,34706
115,93,34707
116,93,34708
117,93,34709
118,93,34710
119,93,34711
120,93,34712
121,93,34713
122,93,34714
123,93,34715
124,93,34716
125,93,34717
126,93,34718
127,93,34719
128,93,34720
129,93,34721
130,93,34722
131,93,34723
132,93,34724
133,93,34725
134,93,34726
135,93,34727
136,93,34728
137,93,34729
138,93,34730
139,93,34731
140,93,34732
141,93,34733
142,93,34734
143,93,34735
144,93,34736
145,93,34737
146,93,34738
147,93,34739
148,93,34740
149,93,34741
150,93,34742
151,93,34743
152,93,34744
153,93,34745
154,93,34746
155,93,34747
156,93,34748
157,93,34749
158,93,34750
159,93,34751
160,93,34752
161,93,34753
162,93,34754
163,93,34755
164,93,34756
165,93,34757
166,93,34758
167,93,34759
168,93,34760
169,93,34761
170,93,34762
171,93,34763
172,93,34764
173,93,34765
174,93,34766
175,93,34767
176,93,34768
177,93,34769
178,93,34770
179,93,34771
180,93,34772
181,93,34773
182,93,34774
183,93,34775
184,93,34776
185,93,34777
186,93,34778
187,93,34779
188,93,34780
189,93,34781
190,93,34782
191,93,34783
192,93,34784
193,93,34785
194,93,34786
195,93,34787
196,93,34788
197,93,34789
198,93,34790
199,93,34791
200,93,34792
201,93,34793
202,93,34794
203,93,34795
204,93,34796
205,93,34797
206,93,34798
207,93,34799
208,93,34800
209,93,34801
210,93,34802
211,93,34803
212,93,34804
213,93,34805
214,93,34806
215,93,34807
216,93,34808
217,93,34809
218,93,34810
219,93,34811
220,93,34812
221,93,34813
222,93,34814
223,93,34815
224,93,34816
225,93,34817
226,93,34818
227,93,34819
228,93,34820
229,93,34821
230,93,34822
231,93,34823
232,93,34824
233,93,34825
234,93,34826
235,93,34827
236,93,34828
237,93,34829
238,93,34830
239,93,34831
240,93,34832
241,93,34833
242,93,34834
243,93,34835
244,93,34836
245,93,34837
246,93,34838
247,93,34839
248,93,34840
249,93,34841
250,93,34842
251,93,34843
252,93,34844
253,93,34845
254,93,34846
255,93,34847
256,93,34848
257,93,34849
258,93,34850
259,93,34851
260,93,34852
261,93,34853
262,93,34854
263,93,34855
264,93,34856
265,93,34857
266,93,34858
267,93,34859
268,93,34860
269,93,34861
270,93,34862
271,93,34863
272,93,34864
273,93,34865
274,93,34866
275,93,34867
276,93,34868
277,93,34869
278,93,34870
279,93,34871
280,93,34872
281,93,34873
282,93,34874
283,93,34875
284,93,34876
285,93,34877
286,93,34878
287,93,34879
288,93,34880
289,93,34881
290,93,34882
291,93,34883
292,93,34884
293,93,34885
294,93,34886
295,93,34887
296,93,34888
297,93,34889
298,93,34890
299,93,34891
300,93,34892
301,93,34893
302,93,34894
303,93,34895
304,93,34896
305,93,34897
306,93,34898
307,93,34899
308,93,34900
309,93,34901
310,93,34902
311,93,34903
312,93,34904
313,93,34905
314,93,34906
315,93,34907
316,93,34908
317,93,34909
318,93,34910
319,93,34911
320,93,34912
321,93,34913
322,93,34914
323,93,34915
324,93,34916
325,93,34917
326,93,34918
327,93,34919
328,93,34920
329,93,34921
330,93,34922
331,93,34923
332,93,34924
333,93,34925
334,93,34926
335,93,34927
336,93,34928
337,93,34929
338,93,34930
339,93,34931
340,93,34932
341,93,34933
342,93,34934
343,93,34935
344,93,34936
345,93,34937
346,93,34938
347,93,34939
348,93,34940
349,93,34941
350,93,34942
351,93,34943
352,93,34944
353,93,34945
354,93,34946
355,93,34947
356,93,34948
357,93,34949
358,93,34950
359,93,34951
360,93,34952
361,93,34953
362,93,34954
363,93,34955
364,93,34956
365,93,34957
366,93,34958
367,93,34959
368,93,34960
369,93,34961
370,93,34962
371,93,34963
372,93,34964
373,93,34965
374,93,34966
375,93,34967
376,93,34968
1,94,34969
2,94,34970
3,94,34971
4,94,34972
5,94,34973
6,94,34974
7,94,34975
8,94,34976
9,94,34977
10,94,34978
11,94,34979
12,94,34980
13,94,34981
14,94,34982
15,94,34983
16,94,34984
17,94,34985
18,94,34986
19,94,34987
20,94,34988
21,94,34989
22,94,34990
23,94,34991
24,94,34992
25,94,34993
26,94,34994
27,94,34995
28,94,34996
29,94,34997
30,94,34998
31,94,34999
32,94,35000
33,94,35001
34,94,35002
35,94,35003
36,94,35004
37,94,35005
38,94,35006
39,94,35007
40,94,35008
41,94,35009
42,94,35010
43,94,35011
44,94,35012
45,94,35013
46,94,35014
47,94,35015
48,94,35016
49,94,35017
50,94,35018
51,94,35019
52,94,35020
53,94,35021
54,94,35022
55,94,35023
56,94,35024
57,94,35025
58,94,35026
59,94,35027
60,94,35028
61,94,35029
62,94,35030
63,94,35031
64,94,35032
65,94,35033
66,94,35034
67,94,35035
68,94,35036
69,94,35037
70,94,35038
71,94,35039
72,94,35040
73,94,35041
74,94,35042
75,94,35043
76,94,35044
77,94,35045
78,94,35046
79,94,35047
80,94,35048
81,94,35049
82,94,35050
83,94,35051
84,94,35052
85,94,35053
86,94,35054
87,94,35055
88,94,35056
89,94,35057
90,94,35058
91,94,35059
92,94,35060
93,94,35061
94,94,35062
95,94,35063
96,94,35064
97,94,35065
98,94,35066
99,94,35067
100,94,35068
101,94,35069
102,94,35070
103,94,35071
104,94,35072
105,94,35073
106,94,35074
107,94,35075
108,94,35076
109,94,35077
110,94,35078
111,94,35079
112,94,35080
113,94,35081
114,94,35082
115,94,35083
116,94,35084
117,94,35085
118,94,35086
119,94,35087
120,94,35088
121,94,35089
122,94,35090
123,94,35091
124,94,35092
125,94,35093
126,94,35094
127,94,35095
128,94,35096
129,94,35097
130,94,35098
131,94,35099
132,94,35100
133,94,35101
134,94,35102
135,94,35103
136,94,35104
137,94,35105
138,94,35106
139,94,35107
140,94,35108
141,94,35109
142,94,35110
143,94,35111
144,94,35112
145,94,35113
146,94,35114
147,94,35115
148,94,35116
149,94,35117
150,94,35118
151,94,35119
152,94,35120
153,94,35121
154,94,35122
155,94,35123
156,94,35124
157,94,35125
158,94,35126
159,94,35127
160,94,35128
161,94,35129
162,94,35130
163,94,35131
164,94,35132
165,94,35133
166,94,35134
167,94,35135
168,94,35136
169,94,35137
170,94,35138
171,94,35139
172,94,35140
173,94,35141
174,94,35142
175,94,35143
176,94,35144
177,94,35145
178,94,35146
179,94,35147
180,94,35148
181,94,35149
182,94,35150
183,94,35151
184,94,35152
185,94,35153
186,94,35154
187,94,35155
188,94,35156
189,94,35157
190,94,35158
191,94,35159
192,94,35160
193,94,35161
194,94,35162
195,94,35163
196,94,35164
197,94,35165
198,94,35166
199,94,35167
200,94,35168
201,94,35169
202,94,35170
203,94,35171
204,94,35172
205,94,35173
206,94,35174
207,94,35175
208,94,35176
209,94,35177
210,94,35178
211,94,35179
212,94,35180
213,94,35181
214,94,35182
215,94,35183
216,94,35184
217,94,35185
218,94,35186
219,94,35187
220,94,35188
221,94,35189
222,94,35190
223,94,35191
224,94,35192
225,94,35193
226,94,35194
227,94,35195
228,94,35196
229,94,35197
230,94,35198
231,94,35199
232,94,35200
233,94,35201
234,94,35202
235,94,35203
236,94,35204
237,94,35205
238,94,35206
239,94,35207
240,94,35208
241,94,35209
242,94,35210
243,94,35211
244,94,35212
245,94,35213
246,94,35214
247,94,35215
248,94,35216
249,94,35217
250,94,35218
251,94,35219
252,94,35220
253,94,35221
254,94,35222
255,94,35223
256,94,35224
257,94,35225
258,94,35226
259,94,35227
260,94,35228
261,94,35229
262,94,35230
263,94,35231
264,94,35232
265,94,35233
266,94,35234
267,94,35235
268,94,35236
269,94,35237
270,94,35238
271,94,35239
272,94,35240
273,94,35241
274,94,35242
275,94,35243
276,94,35244
277,94,35245
278,94,35246
279,94,35247
280,94,35248
281,94,35249
282,94,35250
283,94,35251
284,94,35252
285,94,35253
286,94,35254
287,94,35255
288,94,35256
289,94,35257
290,94,35258
291,94,35259
292,94,35260
293,94,35261
294,94,35262
295,94,35263
296,94,35264
297,94,35265
298,94,35266
299,94,35267
300,94,35268
301,94,35269
302,94,35270
303,94,35271
304,94,35272
305,94,35273
306,94,35274
307,94,35275
308,94,35276
309,94,35277
310,94,35278
311,94,35279
312,94,35280
313,94,35281
314,94,35282
315,94,35283
316,94,35284
317,94,35285
318,94,35286
319,94,35287
320,94,35288
321,94,35289
322,94,35290
323,94,35291
324,94,35292
325,94,35293
326,94,35294
327,94,35295
328,94,35296
329,94,35297
330,94,35298
331,94,35299
332,94,35300
333,94,35301
334,94,35302
335,94,35303
336,94,35304
337,94,35305
338,94,35306
339,94,35307
340,94,35308
341,94,35309
342,94,35310
343,94,35311
344,94,35312
345,94,35313
346,94,35314
347,94,35315
348,94,35316
349,94,35317
350,94,35318
351,94,35319
352,94,35320
353,94,35321
354,94,35322
355,94,35323
356,94,35324
357,94,35325
358,94,35326
359,94,35327
360,94,35328
361,94,35329
362,94,35330
363,94,35331
364,94,35332
365,94,35333
366,94,35334
367,94,35335
368,94,35336
369,94,35337
370,94,35338
371,94,35339
372,94,35340
373,94,35341
374,94,35342
375,94,35343
376,94,35344
1,95,35345
2,95,35346
3,95,35347
4,95,35348
5,95,35349
6,95,35350
7,95,35351
8,95,35352
9,95,35353
10,95,35354
11,95,35355
12,95,35356
13,95,35357
14,95,35358
15,95,35359
16,95,35360
17,95,35361
18,95,35362
19,95,35363
20,95,35364
21,95,35365
22,95,35366
23,95,35367
24,95,35368
25,95,35369
26,95,35370
27,95,35371
28,95,35372
29,95,35373
30,95,35374
31,95,35375
32,95,35376
33,95,35377
34,95,35378
35,95,35379
36,95,35380
37,95,35381
38,95,35382
39,95,35383
40,95,35384
41,95,35385
42,95,35386
43,95,35387
44,95,35388
45,95,35389
46,95,35390
47,95,35391
48,95,35392
49,95,35393
50,95,35394
51,95,35395
52,95,35396
53,95,35397
54,95,35398
55,95,35399
56,95,35400
57,95,35401
58,95,35402
59,95,35403
60,95,35404
61,95,35405
62,95,35406
63,95,35407
64,95,35408
65,95,35409
66,95,35410
67,95,35411
68,95,35412
69,95,35413
70,95,35414
71,95,35415
72,95,35416
73,95,35417
74,95,35418
75,95,35419
76,95,35420
77,95,35421
78,95,35422
79,95,35423
80,95,35424
81,95,35425
82,95,35426
83,95,35427
84,95,35428
85,95,35429
86,95,35430
87,95,35431
88,95,35432
89,95,35433
90,95,35434
91,95,35435
92,95,35436
93,95,35437
94,95,35438
95,95,35439
96,95,35440
97,95,35441
98,95,35442
99,95,35443
100,95,35444
101,95,35445
102,95,35446
103,95,35447
104,95,35448
105,95,35449
106,95,35450
107,95,35451
108,95,35452
109,95,35453
110,95,35454
111,95,35455
112,95,35456
113,95,35457
114,95,35458
115,95,35459
116,95,35460
117,95,35461
118,95,35462
119,95,35463
120,95,35464
121,95,35465
122,95,35466
123,95,35467
124,95,35468
125,95,35469
126,95,35470
127,95,35471
128,95,35472
129,95,35473
130,95,35474
131,95,35475
132,95,35476
133,95,35477
134,95,35478
135,95,35479
136,95,35480
137,95,35481
138,95,35482
139,95,35483
140,95,35484
141,95,35485
142,95,35486
143,95,35487
144,95,35488
145,95,35489
146,95,35490
147,95,35491
148,95,35492
149,95,35493
150,95,35494
151,95,35495
152,95,35496
153,95,35497
154,95,35498
155,95,35499
156,95,35500
157,95,35501
158,95,35502
159,95,35503
160,95,35504
161,95,35505
162,95,35506
163,95,35507
164,95,35508
165,95,35509
166,95,35510
167,95,35511
168,95,35512
169,95,35513
170,95,35514
171,95,35515
172,95,35516
173,95,35517
174,95,35518
175,95,35519
176,95,35520
177,95,35521
178,95,35522
179,95,35523
180,95,35524
181,95,35525
182,95,35526
183,95,35527
184,95,35528
185,95,35529
186,95,35530
187,95,35531
188,95,35532
189,95,35533
190,95,35534
191,95,35535
192,95,35536
193,95,35537
194,95,35538
195,95,35539
196,95,35540
197,95,35541
198,95,35542
199,95,35543
200,95,35544
201,95,35545
202,95,35546
203,95,35547
204,95,35548
205,95,35549
206,95,35550
207,95,35551
208,95,35552
209,95,35553
210,95,35554
211,95,35555
212,95,35556
213,95,35557
214,95,35558
215,95,35559
216,95,35560
217,95,35561
218,95,35562
219,95,35563
220,95,35564
221,95,35565
222,95,35566
223,95,35567
224,95,35568
225,95,35569
226,95,35570
227,95,35571
228,95,35572
229,95,35573
230,95,35574
231,95,35575
232,95,35576
233,95,35577
234,95,35578
235,95,35579
236,95,35580
237,95,35581
238,95,35582
239,95,35583
240,95,35584
241,95,35585
242,95,35586
243,95,35587
244,95,35588
245,95,35589
246,95,35590
247,95,35591
248,95,35592
249,95,35593
250,95,35594
251,95,35595
252,95,35596
253,95,35597
254,95,35598
255,95,35599
256,95,35600
257,95,35601
258,95,35602
259,95,35603
260,95,35604
261,95,35605
262,95,35606
263,95,35607
264,95,35608
265,95,35609
266,95,35610
267,95,35611
268,95,35612
269,95,35613
270,95,35614
271,95,35615
272,95,35616
273,95,35617
274,95,35618
275,95,35619
276,95,35620
277,95,35621
278,95,35622
279,95,35623
280,95,35624
281,95,35625
282,95,35626
283,95,35627
284,95,35628
285,95,35629
286,95,35630
287,95,35631
288,95,35632
289,95,35633
290,95,35634
291,95,35635
292,95,35636
293,95,35637
294,95,35638
295,95,35639
296,95,35640
297,95,35641
298,95,35642
299,95,35643
300,95,35644
301,95,35645
302,95,35646
303,95,35647
304,95,35648
305,95,35649
306,95,35650
307,95,35651
308,95,35652
309,95,35653
310,95,35654
311,95,35655
312,95,35656
313,95,35657
314,95,35658
315,95,35659
316,95,35660
317,95,35661
318,95,35662
319,95,35663
320,95,35664
321,95,35665
322,95,35666
323,95,35667
324,95,35668
325,95,35669
326,95,35670
327,95,35671
328,95,35672
329,95,35673
330,95,35674
331,95,35675
332,95,35676
333,95,35677
334,95,35678
335,95,35679
336,95,35680
337,95,35681
338,95,35682
339,95,35683
340,95,35684
341,95,35685
342,95,35686
343,95,35687
344,95,35688
345,95,35689
346,95,35690
347,95,35691
348,95,35692
349,95,35693
350,95,35694
351,95,35695
352,95,35696
353,95,35697
354,95,35698
355,95,35699
356,95,35700
357,95,35701
358,95,35702
359,95,35703
360,95,35704
361,95,35705
362,95,35706
363,95,35707
364,95,35708
365,95,35709
366,95,35710
367,95,35711
368,95,35712
369,95,35713
370,95,35714
371,95,35715
372,95,35716
373,95,35717
374,95,35718
375,95,35719
376,95,35720
1,96,35721
2,96,35722
3,96,35723
4,96,35724
5,96,35725
6,96,35726
7,96,35727
8,96,35728
9,96,35729
10,96,35730
11,96,35731
12,96,35732
13,96,35733
14,96,35734
15,96,35735
16,96,35736
17,96,35737
18,96,35738
19,96,35739
20,96,35740
21,96,35741
22,96,35742
23,96,35743
24,96,35744
25,96,35745
26,96,35746
27,96,35747
28,96,35748
29,96,35749
30,96,35750
31,96,35751
32,96,35752
33,96,35753
34,96,35754
35,96,35755
36,96,35756
37,96,35757
38,96,35758
39,96,35759
40,96,35760
41,96,35761
42,96,35762
43,96,35763
44,96,35764
45,96,35765
46,96,35766
47,96,35767
48,96,35768
49,96,35769
50,96,35770
51,96,35771
52,96,35772
53,96,35773
54,96,35774
55,96,35775
56,96,35776
57,96,35777
58,96,35778
59,96,35779
60,96,35780
61,96,35781
62,96,35782
63,96,35783
64,96,35784
65,96,35785
66,96,35786
67,96,35787
68,96,35788
69,96,35789
70,96,35790
71,96,35791
72,96,35792
73,96,35793
74,96,35794
75,96,35795
76,96,35796
77,96,35797
78,96,35798
79,96,35799
80,96,35800
81,96,35801
82,96,35802
83,96,35803
84,96,35804
85,96,35805
86,96,35806
87,96,35807
88,96,35808
89,96,35809
90,96,35810
91,96,35811
92,96,35812
93,96,35813
94,96,35814
95,96,35815
96,96,35816
97,96,35817
98,96,35818
99,96,35819
100,96,35820
101,96,35821
102,96,35822
103,96,35823
104,96,35824
105,96,35825
106,96,35826
107,96,35827
108,96,35828
109,96,35829
110,96,35830
111,96,35831
112,96,35832
113,96,35833
114,96,35834
115,96,35835
116,96,35836
117,96,35837
118,96,35838
119,96,35839
120,96,35840
121,96,35841
122,96,35842
123,96,35843
124,96,35844
125,96,35845
126,96,35846
127,96,35847
128,96,35848
129,96,35849
130,96,35850
131,96,35851
132,96,35852
133,96,35853
134,96,35854
135,96,35855
136,96,35856
137,96,35857
138,96,35858
139,96,35859
140,96,35860
141,96,35861
142,96,35862
143,96,35863
144,96,35864
145,96,35865
146,96,35866
147,96,35867
148,96,35868
149,96,35869
150,96,35870
151,96,35871
152,96,35872
153,96,35873
154,96,35874
155,96,35875
156,96,35876
157,96,35877
158,96,35878
159,96,35879
160,96,35880
161,96,35881
162,96,35882
163,96,35883
164,96,35884
165,96,35885
166,96,35886
167,96,35887
168,96,35888
169,96,35889
170,96,35890
171,96,35891
172,96,35892
173,96,35893
174,96,35894
175,96,35895
176,96,35896
177,96,35897
178,96,35898
179,96,35899
180,96,35900
181,96,35901
182,96,35902
183,96,35903
184,96,35904
185,96,35905
186,96,35906
187,96,35907
188,96,35908
189,96,35909
190,96,35910
191,96,35911
192,96,35912
193,96,35913
194,96,35914
195,96,35915
196,96,35916
197,96,35917
198,96,35918
199,96,35919
200,96,35920
201,96,35921
202,96,35922
203,96,35923
204,96,35924
205,96,35925
206,96,35926
207,96,35927
208,96,35928
209,96,35929
210,96,35930
211,96,35931
212,96,35932
213,96,35933
214,96,35934
215,96,35935
216,96,35936
217,96,35937
218,96,35938
219,96,35939
220,96,35940
221,96,35941
222,96,35942
223,96,35943
224,96,35944
225,96,35945
226,96,35946
227,96,35947
228,96,35948
229,96,35949
230,96,35950
231,96,35951
232,96,35952
233,96,35953
234,96,35954
235,96,35955
236,96,35956
237,96,35957
238,96,35958
239,96,35959
240,96,35960
241,96,35961
242,96,35962
243,96,35963
244,96,35964
245,96,35965
246,96,35966
247,96,35967
248,96,35968
249,96,35969
250,96,35970
251,96,35971
252,96,35972
253,96,35973
254,96,35974
255,96,35975
256,96,35976
257,96,35977
258,96,35978
259,96,35979
260,96,35980
261,96,35981
262,96,35982
263,96,35983
264,96,35984
265,96,35985
266,96,35986
267,96,35987
268,96,35988
269,96,35989
270,96,35990
271,96,35991
272,96,35992
273,96,35993
274,96,35994
275,96,35995
276,96,35996
277,96,35997
278,96,35998
279,96,35999
280,96,36000
281,96,36001
282,96,36002
283,96,36003
284,96,36004
285,96,36005
286,96,36006
287,96,36007
288,96,36008
289,96,36009
290,96,36010
291,96,36011
292,96,36012
293,96,36013
294,96,36014
295,96,36015
296,96,36016
297,96,36017
298,96,36018
299,96,36019
300,96,36020
301,96,36021
302,96,36022
303,96,36023
304,96,36024
305,96,36025
306,96,36026
307,96,36027
308,96,36028
309,96,36029
310,96,36030
311,96,36031
312,96,36032
313,96,36033
314,96,36034
315,96,36035
316,96,36036
317,96,36037
318,96,36038
319,96,36039
320,96,36040
321,96,36041
322,96,36042
323,96,36043
324,96,36044
325,96,36045
326,96,36046
327,96,36047
328,96,36048
329,96,36049
330,96,36050
331,96,36051
332,96,36052
333,96,36053
334,96,36054
335,96,36055
336,96,36056
337,96,36057
338,96,36058
339,96,36059
340,96,36060
341,96,36061
342,96,36062
343,96,36063
344,96,36064
345,96,36065
346,96,36066
347,96,36067
348,96,36068
349,96,36069
350,96,36070
351,96,36071
352,96,36072
353,96,36073
354,96,36074
355,96,36075
356,96,36076
357,96,36077
358,96,36078
359,96,36079
360,96,36080
361,96,36081
362,96,36082
363,96,36083
364,96,36084
365,96,36085
366,96,36086
367,96,36087
368,96,36088
369,96,36089
370,96,36090
371,96,36091
372,96,36092
373,96,36093
374,96,36094
375,96,36095
376,96,36096
