326 89
1,1,1
2,1,2
3,1,3
4,1,4
5,1,5
6,1,6
7,1,7
8,1,8
9,1,9
10,1,10
11,1,11
12,1,12
13,1,13
14,1,14
15,1,15
16,1,16
17,1,17
18,1,18
19,1,19
20,1,20
21,1,21
22,1,22
23,1,23
24,1,24
25,1,25
26,1,26
27,1,27
28,1,28
29,1,29
30,1,30
31,1,31
32,1,32
33,1,33
34,1,34
35,1,35
36,1,36
37,1,37
38,1,38
39,1,39
40,1,40
41,1,41
42,1,42
43,1,43
44,1,44
45,1,45
46,1,46
47,1,47
48,1,48
49,1,49
50,1,50
51,1,51
52,1,52
53,1,53
54,1,54
55,1,55
56,1,56
57,1,57
58,1,58
59,1,59
60,1,60
61,1,61
62,1,62
63,1,63
64,1,64
65,1,65
66,1,66
67,1,67
68,1,68
69,1,69
70,1,70
71,1,71
72,1,72
73,1,73
74,1,74
75,1,75
76,1,76
77,1,77
78,1,78
79,1,79
80,1,80
81,1,81
82,1,82
83,1,83
84,1,84
85,1,85
86,1,86
87,1,87
88,1,88
89,1,89
90,1,90
91,1,91
92,1,92
93,1,93
94,1,94
95,1,95
96,1,96
97,1,97
98,1,98
99,1,99
100,1,100
101,1,101
102,1,102
103,1,103
104,1,104
105,1,105
106,1,106
107,1,107
108,1,108
109,1,109
110,1,110
111,1,111
112,1,112
113,1,113
114,1,114
115,1,115
116,1,116
117,1,117
118,1,118
119,1,119
120,1,120
121,1,121
122,1,122
123,1,123
124,1,124
125,1,125
126,1,126
127,1,127
128,1,128
129,1,129
130,1,130
131,1,131
132,1,132
133,1,133
134,1,134
135,1,135
136,1,136
137,1,137
138,1,138
139,1,139
140,1,140
141,1,141
142,1,142
143,1,143
144,1,144
145,1,145
146,1,146
147,1,147
148,1,148
149,1,149
150,1,150
151,1,151
152,1,152
153,1,153
154,1,154
155,1,155
156,1,156
157,1,157
158,1,158
159,1,159
160,1,160
161,1,161
162,1,162
163,1,163
164,1,164
165,1,165
166,1,166
167,1,167
168,1,168
169,1,169
170,1,170
171,1,171
172,1,172
173,1,173
174,1,174
175,1,175
176,1,176
177,1,177
178,1,178
179,1,179
180,1,180
181,1,181
182,1,182
183,1,183
184,1,184
185,1,185
186,1,186
187,1,187
188,1,188
189,1,189
190,1,190
191,1,191
192,1,192
193,1,193
194,1,194
195,1,195
196,1,196
197,1,197
198,1,198
199,1,199
200,1,200
201,1,201
202,1,202
203,1,203
204,1,204
205,1,205
206,1,206
207,1,207
208,1,208
209,1,209
210,1,210
211,1,211
212,1,212
213,1,213
214,1,214
215,1,215
216,1,216
217,1,217
218,1,218
219,1,219
220,1,220
221,1,221
222,1,222
223,1,223
224,1,224
225,1,225
226,1,226
227,1,227
228,1,228
229,1,229
230,1,230
231,1,231
232,1,232
233,1,233
234,1,234
235,1,235
236,1,236
237,1,237
238,1,238
239,1,239
240,1,240
241,1,241
242,1,242
243,1,243
244,1,244
245,1,245
246,1,246
247,1,247
248,1,248
249,1,249
250,1,250
251,1,251
252,1,252
253,1,253
254,1,254
255,1,255
256,1,256
257,1,257
258,1,258
259,1,259
260,1,260
261,1,261
262,1,262
263,1,263
264,1,264
265,1,265
266,1,266
267,1,267
268,1,268
269,1,269
270,1,270
271,1,271
272,1,272
273,1,273
274,1,274
275,1,275
276,1,276
277,1,277
278,1,278
279,1,279
280,1,280
281,1,281
282,1,282
283,1,283
284,1,284
285,1,285
286,1,286
287,1,287
288,1,288
289,1,289
290,1,290
291,1,291
292,1,292
293,1,293
294,1,294
295,1,295
296,1,296
297,1,297
298,1,298
299,1,299
300,1,300
301,1,301
302,1,302
303,1,303
304,1,304
305,1,305
306,1,306
307,1,307
308,1,308
309,1,309
310,1,310
311,1,311
312,1,312
313,1,313
314,1,314
315,1,315
316,1,316
317,1,317
318,1,318
319,1,319
320,1,320
321,1,321
322,1,322
323,1,323
324,1,324
325,1,325
326,1,326
1,2,327
2,2,328
3,2,329
4,2,330
5,2,331
6,2,332
7,2,333
8,2,334
9,2,335
10,2,336
11,2,337
12,2,338
13,2,339
14,2,340
15,2,341
16,2,342
17,2,343
18,2,344
19,2,345
20,2,346
21,2,347
22,2,348
23,2,349
24,2,350
25,2,351
26,2,352
27,2,353
28,2,354
29,2,355
30,2,356
31,2,357
32,2,358
33,2,359
34,2,360
35,2,361
36,2,362
37,2,363
38,2,364
39,2,365
40,2,366
41,2,367
42,2,368
43,2,369
44,2,370
45,2,371
46,2,372
47,2,373
48,2,374
49,2,375
50,2,376
51,2,377
52,2,378
53,2,379
54,2,380
55,2,381
56,2,382
57,2,383
58,2,384
59,2,385
60,2,386
61,2,387
62,2,388
63,2,389
64,2,390
65,2,391
66,2,392
67,2,393
68,2,394
69,2,395
70,2,396
71,2,397
72,2,398
73,2,399
74,2,400
75,2,401
76,2,402
77,2,403
78,2,404
79,2,405
80,2,406
81,2,407
82,2,408
83,2,409
84,2,410
85,2,411
86,2,412
87,2,413
88,2,414
89,2,415
90,2,416
91,2,417
92,2,418
93,2,419
94,2,420
95,2,421
96,2,422
97,2,423
98,2,424
99,2,425
100,2,426
101,2,427
102,2,428
103,2,429
104,2,430
105,2,431
106,2,432
107,2,433
108,2,434
109,2,435
110,2,436
111,2,437
112,2,438
113,2,439
114,2,440
115,2,441
116,2,442
117,2,443
118,2,444
119,2,445
120,2,446
121,2,447
122,2,448
123,2,449
124,2,450
125,2,451
126,2,452
127,2,453
128,2,454
129,2,455
130,2,456
131,2,457
132,2,458
133,2,459
134,2,460
135,2,461
136,2,462
137,2,463
138,2,464
139,2,465
140,2,466
141,2,467
142,2,468
143,2,469
144,2,470
145,2,471
146,2,472
147,2,473
148,2,474
149,2,475
150,2,476
151,2,477
152,2,478
153,2,479
154,2,480
155,2,481
156,2,482
157,2,483
158,2,484
159,2,485
160,2,486
161,2,487
162,2,488
163,2,489
164,2,490
165,2,491
166,2,492
167,2,493
168,2,494
169,2,495
170,2,496
171,2,497
172,2,498
173,2,499
174,2,500
175,2,501
176,2,502
177,2,503
178,2,504
179,2,505
180,2,506
181,2,507
182,2,508
183,2,509
184,2,510
185,2,511
186,2,512
187,2,513
188,2,514
189,2,515
190,2,516
191,2,517
192,2,518
193,2,519
194,2,520
195,2,521
196,2,522
197,2,523
198,2,524
199,2,525
200,2,526
201,2,527
202,2,528
203,2,529
204,2,530
205,2,531
206,2,532
207,2,533
208,2,534
209,2,535
210,2,536
211,2,537
212,2,538
213,2,539
214,2,540
215,2,541
216,2,542
217,2,543
218,2,544
219,2,545
220,2,546
221,2,547
222,2,548
223,2,549
224,2,550
225,2,551
226,2,552
227,2,553
228,2,554
229,2,555
230,2,556
231,2,557
232,2,558
233,2,559
234,2,560
235,2,561
236,2,562
237,2,563
238,2,564
239,2,565
240,2,566
241,2,567
242,2,568
243,2,569
244,2,570
245,2,571
246,2,572
247,2,573
248,2,574
249,2,575
250,2,576
251,2,577
252,2,578
253,2,579
254,2,580
255,2,581
256,2,582
257,2,583
258,2,584
259,2,585
260,2,586
261,2,587
262,2,588
263,2,589
264,2,590
265,2,591
266,2,592
267,2,593
268,2,594
269,2,595
270,2,596
271,2,597
272,2,598
273,2,599
274,2,600
275,2,601
276,2,602
277,2,603
278,2,604
279,2,605
280,2,606
281,2,607
282,2,608
283,2,609
284,2,610
285,2,611
286,2,612
287,2,613
288,2,614
289,2,615
290,2,616
291,2,617
292,2,618
293,2,619
294,2,620
295,2,621
296,2,622
297,2,623
298,2,624
299,2,625
300,2,626
301,2,627
302,2,628
303,2,629
304,2,630
305,2,631
306,2,632
307,2,633
308,2,634
309,2,635
310,2,636
311,2,637
312,2,638
313,2,639
314,2,640
315,2,641
316,2,642
317,2,643
318,2,644
319,2,645
320,2,646
321,2,647
322,2,648
323,2,649
324,2,650
325,2,651
326,2,652
1,3,653
2,3,654
3,3,655
4,3,656
5,3,657
6,3,658
7,3,659
8,3,660
9,3,661
10,3,662
11,3,663
12,3,664
13,3,665
14,3,666
15,3,667
16,3,668
17,3,669
18,3,670
19,3,671
20,3,672
21,3,673
22,3,674
23,3,675
24,3,676
25,3,677
26,3,678
27,3,679
28,3,680
29,3,681
30,3,682
31,3,683
32,3,684
33,3,685
34,3,686
35,3,687
36,3,688
37,3,689
38,3,690
39,3,691
40,3,692
41,3,693
42,3,694
43,3,695
44,3,696
45,3,697
46,3,698
47,3,699
48,3,700
49,3,701
50,3,702
51,3,703
52,3,704
53,3,705
54,3,706
55,3,707
56,3,708
57,3,709
58,3,710
59,3,711
60,3,712
61,3,713
62,3,714
63,3,715
64,3,716
65,3,717
66,3,718
67,3,719
68,3,720
69,3,721
70,3,722
71,3,723
72,3,724
73,3,725
74,3,726
75,3,727
76,3,728
77,3,729
78,3,730
79,3,731
80,3,732
81,3,733
82,3,734
83,3,735
84,3,736
85,3,737
86,3,738
87,3,739
88,3,740
89,3,741
90,3,742
91,3,743
92,3,744
93,3,745
94,3,746
95,3,747
96,3,748
97,3,749
98,3,750
99,3,751
100,3,752
101,3,753
102,3,754
103,3,755
104,3,756
105,3,757
106,3,758
107,3,759
108,3,760
109,3,761
110,3,762
111,3,763
112,3,764
113,3,765
114,3,766
115,3,767
116,3,768
117,3,769
118,3,770
119,3,771
120,3,772
121,3,773
122,3,774
123,3,775
124,3,776
125,3,777
126,3,778
127,3,779
128,3,780
129,3,781
130,3,782
131,3,783
132,3,784
133,3,785
134,3,786
135,3,787
136,3,788
137,3,789
138,3,790
139,3,791
140,3,792
141,3,793
142,3,794
143,3,795
144,3,796
145,3,797
146,3,798
147,3,799
148,3,800
149,3,801
150,3,802
151,3,803
152,3,804
153,3,805
154,3,806
155,3,807
156,3,808
157,3,809
158,3,810
159,3,811
160,3,812
161,3,813
162,3,814
163,3,815
164,3,816
165,3,817
166,3,818
167,3,819
168,3,820
169,3,821
170,3,822
171,3,823
172,3,824
173,3,825
174,3,826
175,3,827
176,3,828
177,3,829
178,3,830
179,3,831
180,3,832
181,3,833
182,3,834
183,3,835
184,3,836
185,3,837
186,3,838
187,3,839
188,3,840
189,3,841
190,3,842
191,3,843
192,3,844
193,3,845
194,3,846
195,3,847
196,3,848
197,3,849
198,3,850
199,3,851
200,3,852
201,3,853
202,3,854
203,3,855
204,3,856
205,3,857
206,3,858
207,3,859
208,3,860
209,3,861
210,3,862
211,3,863
212,3,864
213,3,865
214,3,866
215,3,867
216,3,868
217,3,869
218,3,870
219,3,871
220,3,872
221,3,873
222,3,874
223,3,875
224,3,876
225,3,877
226,3,878
227,3,879
228,3,880
229,3,881
230,3,882
231,3,883
232,3,884
233,3,885
234,3,886
235,3,887
236,3,888
237,3,889
238,3,890
239,3,891
240,3,892
241,3,893
242,3,894
243,3,895
244,3,896
245,3,897
246,3,898
247,3,899
248,3,900
249,3,901
250,3,902
251,3,903
252,3,904
253,3,905
254,3,906
255,3,907
256,3,908
257,3,909
258,3,910
259,3,911
260,3,912
261,3,913
262,3,914
263,3,915
264,3,916
265,3,917
266,3,918
267,3,919
268,3,920
269,3,921
270,3,922
271,3,923
272,3,924
273,3,925
274,3,926
275,3,927
276,3,928
277,3,929
278,3,930
279,3,931
280,3,932
281,3,933
282,3,934
283,3,935
284,3,936
285,3,937
286,3,938
287,3,939
288,3,940
289,3,941
290,3,942
291,3,943
292,3,944
293,3,945
294,3,946
295,3,947
296,3,948
297,3,949
298,3,950
299,3,951
300,3,952
301,3,953
302,3,954
303,3,955
304,3,956
305,3,957
306,3,958
307,3,959
308,3,960
309,3,961
310,3,962
311,3,963
312,3,964
313,3,965
314,3,966
315,3,967
316,3,968
317,3,969
318,3,970
319,3,971
320,3,972
321,3,973
322,3,974
323,3,975
324,3,976
325,3,977
326,3,978
1,4,979
2,4,980
3,4,981
4,4,982
5,4,983
6,4,984
7,4,985
8,4,986
9,4,987
10,4,988
11,4,989
12,4,990
13,4,991
14,4,992
15,4,993
16,4,994
17,4,995
18,4,996
19,4,997
20,4,998
21,4,999
22,4,1000
23,4,1001
24,4,1002
25,4,1003
26,4,1004
27,4,1005
28,4,1006
29,4,1007
30,4,1008
31,4,1009
32,4,1010
33,4,1011
34,4,1012
35,4,1013
36,4,1014
37,4,1015
38,4,1016
39,4,1017
40,4,1018
41,4,1019
42,4,1020
43,4,1021
44,4,1022
45,4,1023
46,4,1024
47,4,1025
48,4,1026
49,4,1027
50,4,1028
51,4,1029
52,4,1030
53,4,1031
54,4,1032
55,4,1033
56,4,1034
57,4,1035
58,4,1036
59,4,1037
60,4,1038
61,4,1039
62,4,1040
63,4,1041
64,4,1042
65,4,1043
66,4,1044
67,4,1045
68,4,1046
69,4,1047
70,4,1048
71,4,1049
72,4,1050
73,4,1051
74,4,1052
75,4,1053
76,4,1054
77,4,1055
78,4,1056
79,4,1057
80,4,1058
81,4,1059
82,4,1060
83,4,1061
84,4,1062
85,4,1063
86,4,1064
87,4,1065
88,4,1066
89,4,1067
90,4,1068
91,4,1069
92,4,1070
93,4,1071
94,4,1072
95,4,1073
96,4,1074
97,4,1075
98,4,1076
99,4,1077
100,4,1078
101,4,1079
102,4,1080
103,4,1081
104,4,1082
105,4,1083
106,4,1084
107,4,1085
108,4,1086
109,4,1087
110,4,1088
111,4,1089
112,4,1090
113,4,1091
114,4,1092
115,4,1093
116,4,1094
117,4,1095
118,4,1096
119,4,1097
120,4,1098
121,4,1099
122,4,1100
123,4,1101
124,4,1102
125,4,1103
126,4,1104
127,4,1105
128,4,1106
129,4,1107
130,4,1108
131,4,1109
132,4,1110
133,4,1111
134,4,1112
135,4,1113
136,4,1114
137,4,1115
138,4,1116
139,4,1117
140,4,1118
141,4,1119
142,4,1120
143,4,1121
144,4,1122
145,4,1123
146,4,1124
147,4,1125
148,4,1126
149,4,1127
150,4,1128
151,4,1129
152,4,1130
153,4,1131
154,4,1132
155,4,1133
156,4,1134
157,4,1135
158,4,1136
159,4,1137
160,4,1138
161,4,1139
162,4,1140
163,4,1141
164,4,1142
165,4,1143
166,4,1144
167,4,1145
168,4,1146
169,4,1147
170,4,1148
171,4,1149
172,4,1150
173,4,1151
174,4,1152
175,4,1153
176,4,1154
177,4,1155
178,4,1156
179,4,1157
180,4,1158
181,4,1159
182,4,1160
183,4,1161
184,4,1162
185,4,1163
186,4,1164
187,4,1165
188,4,1166
189,4,1167
190,4,1168
191,4,1169
192,4,1170
193,4,1171
194,4,1172
195,4,1173
196,4,1174
197,4,1175
198,4,1176
199,4,1177
200,4,1178
201,4,1179
202,4,1180
203,4,1181
204,4,1182
205,4,1183
206,4,1184
207,4,1185
208,4,1186
209,4,1187
210,4,1188
211,4,1189
212,4,1190
213,4,1191
214,4,1192
215,4,1193
216,4,1194
217,4,1195
218,4,1196
219,4,1197
220,4,1198
221,4,1199
222,4,1200
223,4,1201
224,4,1202
225,4,1203
226,4,1204
227,4,1205
228,4,1206
229,4,1207
230,4,1208
231,4,1209
232,4,1210
233,4,1211
234,4,1212
235,4,1213
236,4,1214
237,4,1215
238,4,1216
239,4,1217
240,4,1218
241,4,1219
242,4,1220
243,4,1221
244,4,1222
245,4,1223
246,4,1224
247,4,1225
248,4,1226
249,4,1227
250,4,1228
251,4,1229
252,4,1230
253,4,1231
254,4,1232
255,4,1233
256,4,1234
257,4,1235
258,4,1236
259,4,1237
260,4,1238
261,4,1239
262,4,1240
263,4,1241
264,4,1242
265,4,1243
266,4,1244
267,4,1245
268,4,1246
269,4,1247
270,4,1248
271,4,1249
272,4,1250
273,4,1251
274,4,1252
275,4,1253
276,4,1254
277,4,1255
278,4,1256
279,4,1257
280,4,1258
281,4,1259
282,4,1260
283,4,1261
284,4,1262
285,4,1263
286,4,1264
287,4,1265
288,4,1266
289,4,1267
290,4,1268
291,4,1269
292,4,1270
293,4,1271
294,4,1272
295,4,1273
296,4,1274
297,4,1275
298,4,1276
299,4,1277
300,4,1278
301,4,1279
302,4,1280
303,4,1281
304,4,1282
305,4,1283
306,4,1284
307,4,1285
308,4,1286
309,4,1287
310,4,1288
311,4,1289
312,4,1290
313,4,1291
314,4,1292
315,4,1293
316,4,1294
317,4,1295
318,4,1296
319,4,1297
320,4,1298
321,4,1299
322,4,1300
323,4,1301
324,4,1302
325,4,1303
326,4,1304
1,5,1305
2,5,1306
3,5,1307
4,5,1308
5,5,1309
6,5,1310
7,5,1311
8,5,1312
9,5,1313
10,5,1314
11,5,1315
12,5,1316
13,5,1317
14,5,1318
15,5,1319
16,5,1320
17,5,1321
18,5,1322
19,5,1323
20,5,1324
21,5,1325
22,5,1326
23,5,1327
24,5,1328
25,5,1329
26,5,1330
27,5,1331
28,5,1332
29,5,1333
30,5,1334
31,5,1335
32,5,1336
33,5,1337
34,5,1338
35,5,1339
36,5,1340
37,5,1341
38,5,1342
39,5,1343
40,5,1344
41,5,1345
42,5,1346
43,5,1347
44,5,1348
45,5,1349
46,5,1350
47,5,1351
48,5,1352
49,5,1353
50,5,1354
51,5,1355
52,5,1356
53,5,1357
54,5,1358
55,5,1359
56,5,1360
57,5,1361
58,5,1362
59,5,1363
60,5,1364
61,5,1365
62,5,1366
63,5,1367
64,5,1368
65,5,1369
66,5,1370
67,5,1371
68,5,1372
69,5,1373
70,5,1374
71,5,1375
72,5,1376
73,5,1377
74,5,1378
75,5,1379
76,5,1380
77,5,1381
78,5,1382
79,5,1383
80,5,1384
81,5,1385
82,5,1386
83,5,1387
84,5,1388
85,5,1389
86,5,1390
87,5,1391
88,5,1392
89,5,1393
90,5,1394
91,5,1395
92,5,1396
93,5,1397
94,5,1398
95,5,1399
96,5,1400
97,5,1401
98,5,1402
99,5,1403
100,5,1404
101,5,1405
102,5,1406
103,5,1407
104,5,1408
105,5,1409
106,5,1410
107,5,1411
108,5,1412
109,5,1413
110,5,1414
111,5,1415
112,5,1416
113,5,1417
114,5,1418
115,5,1419
116,5,1420
117,5,1421
118,5,1422
119,5,1423
120,5,1424
121,5,1425
122,5,1426
123,5,1427
124,5,1428
125,5,1429
126,5,1430
127,5,1431
128,5,1432
129,5,1433
130,5,1434
131,5,1435
132,5,1436
133,5,1437
134,5,1438
135,5,1439
136,5,1440
137,5,1441
138,5,1442
139,5,1443
140,5,1444
141,5,1445
142,5,1446
143,5,1447
144,5,1448
145,5,1449
146,5,1450
147,5,1451
148,5,1452
149,5,1453
150,5,1454
151,5,1455
152,5,1456
153,5,1457
154,5,1458
155,5,1459
156,5,1460
157,5,1461
158,5,1462
159,5,1463
160,5,1464
161,5,1465
162,5,1466
163,5,1467
164,5,1468
165,5,1469
166,5,1470
167,5,1471
168,5,1472
169,5,1473
170,5,1474
171,5,1475
172,5,1476
173,5,1477
174,5,1478
175,5,1479
176,5,1480
177,5,1481
178,5,1482
179,5,1483
180,5,1484
181,5,1485
182,5,1486
183,5,1487
184,5,1488
185,5,1489
186,5,1490
187,5,1491
188,5,1492
189,5,1493
190,5,1494
191,5,1495
192,5,1496
193,5,1497
194,5,1498
195,5,1499
196,5,1500
197,5,1501
198,5,1502
199,5,1503
200,5,1504
201,5,1505
202,5,1506
203,5,1507
204,5,1508
205,5,1509
206,5,1510
207,5,1511
208,5,1512
209,5,1513
210,5,1514
211,5,1515
212,5,1516
213,5,1517
214,5,1518
215,5,1519
216,5,1520
217,5,1521
218,5,1522
219,5,1523
220,5,1524
221,5,1525
222,5,1526
223,5,1527
224,5,1528
225,5,1529
226,5,1530
227,5,1531
228,5,1532
229,5,1533
230,5,1534
231,5,1535
232,5,1536
233,5,1537
234,5,1538
235,5,1539
236,5,1540
237,5,1541
238,5,1542
239,5,1543
240,5,1544
241,5,1545
242,5,1546
243,5,1547
244,5,1548
245,5,1549
246,5,1550
247,5,1551
248,5,1552
249,5,1553
250,5,1554
251,5,1555
252,5,1556
253,5,1557
254,5,1558
255,5,1559
256,5,1560
257,5,1561
258,5,1562
259,5,1563
260,5,1564
261,5,1565
262,5,1566
263,5,1567
264,5,1568
265,5,1569
266,5,1570
267,5,1571
268,5,1572
269,5,1573
270,5,1574
271,5,1575
272,5,1576
273,5,1577
274,5,1578
275,5,1579
276,5,1580
277,5,1581
278,5,1582
279,5,1583
280,5,1584
281,5,1585
282,5,1586
283,5,1587
284,5,1588
285,5,1589
286,5,1590
287,5,1591
288,5,1592
289,5,1593
290,5,1594
291,5,1595
292,5,1596
293,5,1597
294,5,1598
295,5,1599
296,5,1600
297,5,1601
298,5,1602
299,5,1603
300,5,1604
301,5,1605
302,5,1606
303,5,1607
304,5,1608
305,5,1609
306,5,1610
307,5,1611
308,5,1612
309,5,1613
310,5,1614
311,5,1615
312,5,1616
313,5,1617
314,5,1618
315,5,1619
316,5,1620
317,5,1621
318,5,1622
319,5,1623
320,5,1624
321,5,1625
322,5,1626
323,5,1627
324,5,1628
325,5,1629
326,5,1630
1,6,1631
2,6,1632
3,6,1633
4,6,1634
5,6,1635
6,6,1636
7,6,1637
8,6,1638
9,6,1639
10,6,1640
11,6,1641
12,6,1642
13,6,1643
14,6,1644
15,6,1645
16,6,1646
17,6,1647
18,6,1648
19,6,1649
20,6,1650
21,6,1651
22,6,1652
23,6,1653
24,6,1654
25,6,1655
26,6,1656
27,6,1657
28,6,1658
29,6,1659
30,6,1660
31,6,1661
32,6,1662
33,6,1663
34,6,1664
35,6,1665
36,6,1666
37,6,1667
38,6,1668
39,6,1669
40,6,1670
41,6,1671
42,6,1672
43,6,1673
44,6,1674
45,6,1675
46,6,1676
47,6,1677
48,6,1678
49,6,1679
50,6,1680
51,6,1681
52,6,1682
53,6,1683
54,6,1684
55,6,1685
56,6,1686
57,6,1687
58,6,1688
59,6,1689
60,6,1690
61,6,1691
62,6,1692
63,6,1693
64,6,1694
65,6,1695
66,6,1696
67,6,1697
68,6,1698
69,6,1699
70,6,1700
71,6,1701
72,6,1702
73,6,1703
74,6,1704
75,6,1705
76,6,1706
77,6,1707
78,6,1708
79,6,1709
80,6,1710
81,6,1711
82,6,1712
83,6,1713
84,6,1714
85,6,1715
86,6,1716
87,6,1717
88,6,1718
89,6,1719
90,6,1720
91,6,1721
92,6,1722
93,6,1723
94,6,1724
95,6,1725
96,6,1726
97,6,1727
98,6,1728
99,6,1729
100,6,1730
101,6,1731
102,6,1732
103,6,1733
104,6,1734
105,6,1735
106,6,1736
107,6,1737
108,6,1738
109,6,1739
110,6,1740
111,6,1741
112,6,1742
113,6,1743
114,6,1744
115,6,1745
116,6,1746
117,6,1747
118,6,1748
119,6,1749
120,6,1750
121,6,1751
122,6,1752
123,6,1753
124,6,1754
125,6,1755
126,6,1756
127,6,1757
128,6,1758
129,6,1759
130,6,1760
131,6,1761
132,6,1762
133,6,1763
134,6,1764
135,6,1765
136,6,1766
137,6,1767
138,6,1768
139,6,1769
140,6,1770
141,6,1771
142,6,1772
143,6,1773
144,6,1774
145,6,1775
146,6,1776
147,6,1777
148,6,1778
149,6,1779
150,6,1780
151,6,1781
152,6,1782
153,6,1783
154,6,1784
155,6,1785
156,6,1786
157,6,1787
158,6,1788
159,6,1789
160,6,1790
161,6,1791
162,6,1792
163,6,1793
164,6,1794
165,6,1795
166,6,1796
167,6,1797
168,6,1798
169,6,1799
170,6,1800
171,6,1801
172,6,1802
173,6,1803
174,6,1804
175,6,1805
176,6,1806
177,6,1807
178,6,1808
179,6,1809
180,6,1810
181,6,1811
182,6,1812
183,6,1813
184,6,1814
185,6,1815
186,6,1816
187,6,1817
188,6,1818
189,6,1819
190,6,1820
191,6,1821
192,6,1822
193,6,1823
194,6,1824
195,6,1825
196,6,1826
197,6,1827
198,6,1828
199,6,1829
200,6,1830
201,6,1831
202,6,1832
203,6,1833
204,6,1834
205,6,1835
206,6,1836
207,6,1837
208,6,1838
209,6,1839
210,6,1840
211,6,1841
212,6,1842
213,6,1843
214,6,1844
215,6,1845
216,6,1846
217,6,1847
218,6,1848
219,6,1849
220,6,1850
221,6,1851
222,6,1852
223,6,1853
224,6,1854
225,6,1855
226,6,1856
227,6,1857
228,6,1858
229,6,1859
230,6,1860
231,6,1861
232,6,1862
233,6,1863
234,6,1864
235,6,1865
236,6,1866
237,6,1867
238,6,1868
239,6,1869
240,6,1870
241,6,1871
242,6,1872
243,6,1873
244,6,1874
245,6,1875
246,6,1876
247,6,1877
248,6,1878
249,6,1879
250,6,1880
251,6,1881
252,6,1882
253,6,1883
254,6,1884
255,6,1885
256,6,1886
257,6,1887
258,6,1888
259,6,1889
260,6,1890
261,6,1891
262,6,1892
263,6,1893
264,6,1894
265,6,1895
266,6,1896
267,6,1897
268,6,1898
269,6,1899
270,6,1900
271,6,1901
272,6,1902
273,6,1903
274,6,1904
275,6,1905
276,6,1906
277,6,1907
278,6,1908
279,6,1909
280,6,1910
281,6,1911
282,6,1912
283,6,1913
284,6,1914
285,6,1915
286,6,1916
287,6,1917
288,6,1918
289,6,1919
290,6,1920
291,6,1921
292,6,1922
293,6,1923
294,6,1924
295,6,1925
296,6,1926
297,6,1927
298,6,1928
299,6,1929
300,6,1930
301,6,1931
302,6,1932
303,6,1933
304,6,1934
305,6,1935
306,6,1936
307,6,1937
308,6,1938
309,6,1939
310,6,1940
311,6,1941
312,6,1942
313,6,1943
314,6,1944
315,6,1945
316,6,1946
317,6,1947
318,6,1948
319,6,1949
320,6,1950
321,6,1951
322,6,1952
323,6,1953
324,6,1954
325,6,1955
326,6,1956
1,7,1957
2,7,1958
3,7,1959
4,7,1960
5,7,1961
6,7,1962
7,7,1963
8,7,1964
9,7,1965
10,7,1966
11,7,1967
12,7,1968
13,7,1969
14,7,1970
15,7,1971
16,7,1972
17,7,1973
18,7,1974
19,7,1975
20,7,1976
21,7,1977
22,7,1978
23,7,1979
24,7,1980
25,7,1981
26,7,1982
27,7,1983
28,7,1984
29,7,1985
30,7,1986
31,7,1987
32,7,1988
33,7,1989
34,7,1990
35,7,1991
36,7,1992
37,7,1993
38,7,1994
39,7,1995
40,7,1996
41,7,1997
42,7,1998
43,7,1999
44,7,2000
45,7,2001
46,7,2002
47,7,2003
48,7,2004
49,7,2005
50,7,2006
51,7,2007
52,7,2008
53,7,2009
54,7,2010
55,7,2011
56,7,2012
57,7,2013
58,7,2014
59,7,2015
60,7,2016
61,7,2017
62,7,2018
63,7,2019
64,7,2020
65,7,2021
66,7,2022
67,7,2023
68,7,2024
69,7,2025
70,7,2026
71,7,2027
72,7,2028
73,7,2029
74,7,2030
75,7,2031
76,7,2032
77,7,2033
78,7,2034
79,7,2035
80,7,2036
81,7,2037
82,7,2038
83,7,2039
84,7,2040
85,7,2041
86,7,2042
87,7,2043
88,7,2044
89,7,2045
90,7,2046
91,7,2047
92,7,2048
93,7,2049
94,7,2050
95,7,2051
96,7,2052
97,7,2053
98,7,2054
99,7,2055
100,7,2056
101,7,2057
102,7,2058
103,7,2059
104,7,2060
105,7,2061
106,7,2062
107,7,2063
108,7,2064
109,7,2065
110,7,2066
111,7,2067
112,7,2068
113,7,2069
114,7,2070
115,7,2071
116,7,2072
117,7,2073
118,7,2074
119,7,2075
120,7,2076
121,7,2077
122,7,2078
123,7,2079
124,7,2080
125,7,2081
126,7,2082
127,7,2083
128,7,2084
129,7,2085
130,7,2086
131,7,2087
132,7,2088
133,7,2089
134,7,2090
135,7,2091
136,7,2092
137,7,2093
138,7,2094
139,7,2095
140,7,2096
141,7,2097
142,7,2098
143,7,2099
144,7,2100
145,7,2101
146,7,2102
147,7,2103
148,7,2104
149,7,2105
150,7,2106
151,7,2107
152,7,2108
153,7,2109
154,7,2110
155,7,2111
156,7,2112
157,7,2113
158,7,2114
159,7,2115
160,7,2116
161,7,2117
162,7,2118
163,7,2119
164,7,2120
165,7,2121
166,7,2122
167,7,2123
168,7,2124
169,7,2125
170,7,2126
171,7,2127
172,7,2128
173,7,2129
174,7,2130
175,7,2131
176,7,2132
177,7,2133
178,7,2134
179,7,2135
180,7,2136
181,7,2137
182,7,2138
183,7,2139
184,7,2140
185,7,2141
186,7,2142
187,7,2143
188,7,2144
189,7,2145
190,7,2146
191,7,2147
192,7,2148
193,7,2149
194,7,2150
195,7,2151
196,7,2152
197,7,2153
198,7,2154
199,7,2155
200,7,2156
201,7,2157
202,7,2158
203,7,2159
204,7,2160
205,7,2161
206,7,2162
207,7,2163
208,7,2164
209,7,2165
210,7,2166
211,7,2167
212,7,2168
213,7,2169
214,7,2170
215,7,2171
216,7,2172
217,7,2173
218,7,2174
219,7,2175
220,7,2176
221,7,2177
222,7,2178
223,7,2179
224,7,2180
225,7,2181
226,7,2182
227,7,2183
228,7,2184
229,7,2185
230,7,2186
231,7,2187
232,7,2188
233,7,2189
234,7,2190
235,7,2191
236,7,2192
237,7,2193
238,7,2194
239,7,2195
240,7,2196
241,7,2197
242,7,2198
243,7,2199
244,7,2200
245,7,2201
246,7,2202
247,7,2203
248,7,2204
249,7,2205
250,7,2206
251,7,2207
252,7,2208
253,7,2209
254,7,2210
255,7,2211
256,7,2212
257,7,2213
258,7,2214
259,7,2215
260,7,2216
261,7,2217
262,7,2218
263,7,2219
264,7,2220
265,7,2221
266,7,2222
267,7,2223
268,7,2224
269,7,2225
270,7,2226
271,7,2227
272,7,2228
273,7,2229
274,7,2230
275,7,2231
276,7,2232
277,7,2233
278,7,2234
279,7,2235
280,7,2236
281,7,2237
282,7,2238
283,7,2239
284,7,2240
285,7,2241
286,7,2242
287,7,2243
288,7,2244
289,7,2245
290,7,2246
291,7,2247
292,7,2248
293,7,2249
294,7,2250
295,7,2251
296,7,2252
297,7,2253
298,7,2254
299,7,2255
300,7,2256
301,7,2257
302,7,2258
303,7,2259
304,7,2260
305,7,2261
306,7,2262
307,7,2263
308,7,2264
309,7,2265
310,7,2266
311,7,2267
312,7,2268
313,7,2269
314,7,2270
315,7,2271
316,7,2272
317,7,2273
318,7,2274
319,7,2275
320,7,2276
321,7,2277
322,7,2278
323,7,2279
324,7,2280
325,7,2281
326,7,2282
1,8,2283
2,8,2284
3,8,2285
4,8,2286
5,8,2287
6,8,2288
7,8,2289
8,8,2290
9,8,2291
10,8,2292
11,8,2293
12,8,2294
13,8,2295
14,8,2296
15,8,2297
16,8,2298
17,8,2299
18,8,2300
19,8,2301
20,8,2302
21,8,2303
22,8,2304
23,8,2305
24,8,2306
25,8,2307
26,8,2308
27,8,2309
28,8,2310
29,8,2311
30,8,2312
31,8,2313
32,8,2314
33,8,2315
34,8,2316
35,8,2317
36,8,2318
37,8,2319
38,8,2320
39,8,2321
40,8,2322
41,8,2323
42,8,2324
43,8,2325
44,8,2326
45,8,2327
46,8,2328
47,8,2329
48,8,2330
49,8,2331
50,8,2332
51,8,2333
52,8,2334
53,8,2335
54,8,2336
55,8,2337
56,8,2338
57,8,2339
58,8,2340
59,8,2341
60,8,2342
61,8,2343
62,8,2344
63,8,2345
64,8,2346
65,8,2347
66,8,2348
67,8,2349
68,8,2350
69,8,2351
70,8,2352
71,8,2353
72,8,2354
73,8,2355
74,8,2356
75,8,2357
76,8,2358
77,8,2359
78,8,2360
79,8,2361
80,8,2362
81,8,2363
82,8,2364
83,8,2365
84,8,2366
85,8,2367
86,8,2368
87,8,2369
88,8,2370
89,8,2371
90,8,2372
91,8,2373
92,8,2374
93,8,2375
94,8,2376
95,8,2377
96,8,2378
97,8,2379
98,8,2380
99,8,2381
100,8,2382
101,8,2383
102,8,2384
103,8,2385
104,8,2386
105,8,2387
106,8,2388
107,8,2389
108,8,2390
109,8,2391
110,8,2392
111,8,2393
112,8,2394
113,8,2395
114,8,2396
115,8,2397
116,8,2398
117,8,2399
118,8,2400
119,8,2401
120,8,2402
121,8,2403
122,8,2404
123,8,2405
124,8,2406
125,8,2407
126,8,2408
127,8,2409
128,8,2410
129,8,2411
130,8,2412
131,8,2413
132,8,2414
133,8,2415
134,8,2416
135,8,2417
136,8,2418
137,8,2419
138,8,2420
139,8,2421
140,8,2422
141,8,2423
142,8,2424
143,8,2425
144,8,2426
145,8,2427
146,8,2428
147,8,2429
148,8,2430
149,8,2431
150,8,2432
151,8,2433
152,8,2434
153,8,2435
154,8,2436
155,8,2437
156,8,2438
157,8,2439
158,8,2440
159,8,2441
160,8,2442
161,8,2443
162,8,2444
163,8,2445
164,8,2446
165,8,2447
166,8,2448
167,8,2449
168,8,2450
169,8,2451
170,8,2452
171,8,2453
172,8,2454
173,8,2455
174,8,2456
175,8,2457
176,8,2458
177,8,2459
178,8,2460
179,8,2461
180,8,2462
181,8,2463
182,8,2464
183,8,2465
184,8,2466
185,8,2467
186,8,2468
187,8,2469
188,8,2470
189,8,2471
190,8,2472
191,8,2473
192,8,2474
193,8,2475
194,8,2476
195,8,2477
196,8,2478
197,8,2479
198,8,2480
199,8,2481
200,8,2482
201,8,2483
202,8,2484
203,8,2485
204,8,2486
205,8,2487
206,8,2488
207,8,2489
208,8,2490
209,8,2491
210,8,2492
211,8,2493
212,8,2494
213,8,2495
214,8,2496
215,8,2497
216,8,2498
217,8,2499
218,8,2500
219,8,2501
220,8,2502
221,8,2503
222,8,2504
223,8,2505
224,8,2506
225,8,2507
226,8,2508
227,8,2509
228,8,2510
229,8,2511
230,8,2512
231,8,2513
232,8,2514
233,8,2515
234,8,2516
235,8,2517
236,8,2518
237,8,2519
238,8,2520
239,8,2521
240,8,2522
241,8,2523
242,8,2524
243,8,2525
244,8,2526
245,8,2527
246,8,2528
247,8,2529
248,8,2530
249,8,2531
250,8,2532
251,8,2533
252,8,2534
253,8,2535
254,8,2536
255,8,2537
256,8,2538
257,8,2539
258,8,2540
259,8,2541
260,8,2542
261,8,2543
262,8,2544
263,8,2545
264,8,2546
265,8,2547
266,8,2548
267,8,2549
268,8,2550
269,8,2551
270,8,2552
271,8,2553
272,8,2554
273,8,2555
274,8,2556
275,8,2557
276,8,2558
277,8,2559
278,8,2560
279,8,2561
280,8,2562
281,8,2563
282,8,2564
283,8,2565
284,8,2566
285,8,2567
286,8,2568
287,8,2569
288,8,2570
289,8,2571
290,8,2572
291,8,2573
292,8,2574
293,8,2575
294,8,2576
295,8,2577
296,8,2578
297,8,2579
298,8,2580
299,8,2581
300,8,2582
301,8,2583
302,8,2584
303,8,2585
304,8,2586
305,8,2587
306,8,2588
307,8,2589
308,8,2590
309,8,2591
310,8,2592
311,8,2593
312,8,2594
313,8,2595
314,8,2596
315,8,2597
316,8,2598
317,8,2599
318,8,2600
319,8,2601
320,8,2602
321,8,2603
322,8,2604
323,8,2605
324,8,2606
325,8,2607
326,8,2608
1,9,2609
2,9,2610
3,9,2611
4,9,2612
5,9,2613
6,9,2614
7,9,2615
8,9,2616
9,9,2617
10,9,2618
11,9,2619
12,9,2620
13,9,2621
14,9,2622
15,9,2623
16,9,2624
17,9,2625
18,9,2626
19,9,2627
20,9,2628
21,9,2629
22,9,2630
23,9,2631
24,9,2632
25,9,2633
26,9,2634
27,9,2635
28,9,2636
29,9,2637
30,9,2638
31,9,2639
32,9,2640
33,9,2641
34,9,2642
35,9,2643
36,9,2644
37,9,2645
38,9,2646
39,9,2647
40,9,2648
41,9,2649
42,9,2650
43,9,2651
44,9,2652
45,9,2653
46,9,2654
47,9,2655
48,9,2656
49,9,2657
50,9,2658
51,9,2659
52,9,2660
53,9,2661
54,9,2662
55,9,2663
56,9,2664
57,9,2665
58,9,2666
59,9,2667
60,9,2668
61,9,2669
62,9,2670
63,9,2671
64,9,2672
65,9,2673
66,9,2674
67,9,2675
68,9,2676
69,9,2677
70,9,2678
71,9,2679
72,9,2680
73,9,2681
74,9,2682
75,9,2683
76,9,2684
77,9,2685
78,9,2686
79,9,2687
80,9,2688
81,9,2689
82,9,2690
83,9,2691
84,9,2692
85,9,2693
86,9,2694
87,9,2695
88,9,2696
89,9,2697
90,9,2698
91,9,2699
92,9,2700
93,9,2701
94,9,2702
95,9,2703
96,9,2704
97,9,2705
98,9,2706
99,9,2707
100,9,2708
101,9,2709
102,9,2710
103,9,2711
104,9,2712
105,9,2713
106,9,2714
107,9,2715
108,9,2716
109,9,2717
110,9,2718
111,9,2719
112,9,2720
113,9,2721
114,9,2722
115,9,2723
116,9,2724
117,9,2725
118,9,2726
119,9,2727
120,9,2728
121,9,2729
122,9,2730
123,9,2731
124,9,2732
125,9,2733
126,9,2734
127,9,2735
128,9,2736
129,9,2737
130,9,2738
131,9,2739
132,9,2740
133,9,2741
134,9,2742
135,9,2743
136,9,2744
137,9,2745
138,9,2746
139,9,2747
140,9,2748
141,9,2749
142,9,2750
143,9,2751
144,9,2752
145,9,2753
146,9,2754
147,9,2755
148,9,2756
149,9,2757
150,9,2758
151,9,2759
152,9,2760
153,9,2761
154,9,2762
155,9,2763
156,9,2764
157,9,2765
158,9,2766
159,9,2767
160,9,2768
161,9,2769
162,9,2770
163,9,2771
164,9,2772
165,9,2773
166,9,2774
167,9,2775
168,9,2776
169,9,2777
170,9,2778
171,9,2779
172,9,2780
173,9,2781
174,9,2782
175,9,2783
176,9,2784
177,9,2785
178,9,2786
179,9,2787
180,9,2788
181,9,2789
182,9,2790
183,9,2791
184,9,2792
185,9,2793
186,9,2794
187,9,2795
188,9,2796
189,9,2797
190,9,2798
191,9,2799
192,9,2800
193,9,2801
194,9,2802
195,9,2803
196,9,2804
197,9,2805
198,9,2806
199,9,2807
200,9,2808
201,9,2809
202,9,2810
203,9,2811
204,9,2812
205,9,2813
206,9,2814
207,9,2815
208,9,2816
209,9,2817
210,9,2818
211,9,2819
212,9,2820
213,9,2821
214,9,2822
215,9,2823
216,9,2824
217,9,2825
218,9,2826
219,9,2827
220,9,2828
221,9,2829
222,9,2830
223,9,2831
224,9,2832
225,9,2833
226,9,2834
227,9,2835
228,9,2836
229,9,2837
230,9,2838
231,9,2839
232,9,2840
233,9,2841
234,9,2842
235,9,2843
236,9,2844
237,9,2845
238,9,2846
239,9,2847
240,9,2848
241,9,2849
242,9,2850
243,9,2851
244,9,2852
245,9,2853
246,9,2854
247,9,2855
248,9,2856
249,9,2857
250,9,2858
251,9,2859
252,9,2860
253,9,2861
254,9,2862
255,9,2863
256,9,2864
257,9,2865
258,9,2866
259,9,2867
260,9,2868
261,9,2869
262,9,2870
263,9,2871
264,9,2872
265,9,2873
266,9,2874
267,9,2875
268,9,2876
269,9,2877
270,9,2878
271,9,2879
272,9,2880
273,9,2881
274,9,2882
275,9,2883
276,9,2884
277,9,2885
278,9,2886
279,9,2887
280,9,2888
281,9,2889
282,9,2890
283,9,2891
284,9,2892
285,9,2893
286,9,2894
287,9,2895
288,9,2896
289,9,2897
290,9,2898
291,9,2899
292,9,2900
293,9,2901
294,9,2902
295,9,2903
296,9,2904
297,9,2905
298,9,2906
299,9,2907
300,9,2908
301,9,2909
302,9,2910
303,9,2911
304,9,2912
305,9,2913
306,9,2914
307,9,2915
308,9,2916
309,9,2917
310,9,2918
311,9,2919
312,9,2920
313,9,2921
314,9,2922
315,9,2923
316,9,2924
317,9,2925
318,9,2926
319,9,2927
320,9,2928
321,9,2929
322,9,2930
323,9,2931
324,9,2932
325,9,2933
326,9,2934
1,10,2935
2,10,2936
3,10,2937
4,10,2938
5,10,2939
6,10,2940
7,10,2941
8,10,2942
9,10,2943
10,10,2944
11,10,2945
12,10,2946
13,10,2947
14,10,2948
15,10,2949
16,10,2950
17,10,2951
18,10,2952
19,10,2953
20,10,2954
21,10,2955
22,10,2956
23,10,2957
24,10,2958
25,10,2959
26,10,2960
27,10,2961
28,10,2962
29,10,2963
30,10,2964
31,10,2965
32,10,2966
33,10,2967
34,10,2968
35,10,2969
36,10,2970
37,10,2971
38,10,2972
39,10,2973
40,10,2974
41,10,2975
42,10,2976
43,10,2977
44,10,2978
45,10,2979
46,10,2980
47,10,2981
48,10,2982
49,10,2983
50,10,2984
51,10,2985
52,10,2986
53,10,2987
54,10,2988
55,10,2989
56,10,2990
57,10,2991
58,10,2992
59,10,2993
60,10,2994
61,10,2995
62,10,2996
63,10,2997
64,10,2998
65,10,2999
66,10,3000
67,10,3001
68,10,3002
69,10,3003
70,10,3004
71,10,3005
72,10,3006
73,10,3007
74,10,3008
75,10,3009
76,10,3010
77,10,3011
78,10,3012
79,10,3013
80,10,3014
81,10,3015
82,10,3016
83,10,3017
84,10,3018
85,10,3019
86,10,3020
87,10,3021
88,10,3022
89,10,3023
90,10,3024
91,10,3025
92,10,3026
93,10,3027
94,10,3028
95,10,3029
96,10,3030
97,10,3031
98,10,3032
99,10,3033
100,10,3034
101,10,3035
102,10,3036
103,10,3037
104,10,3038
105,10,3039
106,10,3040
107,10,3041
108,10,3042
109,10,3043
110,10,3044
111,10,3045
112,10,3046
113,10,3047
114,10,3048
115,10,3049
116,10,3050
117,10,3051
118,10,3052
119,10,3053
120,10,3054
121,10,3055
122,10,3056
123,10,3057
124,10,3058
125,10,3059
126,10,3060
127,10,3061
128,10,3062
129,10,3063
130,10,3064
131,10,3065
132,10,3066
133,10,3067
134,10,3068
135,10,3069
136,10,3070
137,10,3071
138,10,3072
139,10,3073
140,10,3074
141,10,3075
142,10,3076
143,10,3077
144,10,3078
145,10,3079
146,10,3080
147,10,3081
148,10,3082
149,10,3083
150,10,3084
151,10,3085
152,10,3086
153,10,3087
154,10,3088
155,10,3089
156,10,3090
157,10,3091
158,10,3092
159,10,3093
160,10,3094
161,10,3095
162,10,3096
163,10,3097
164,10,3098
165,10,3099
166,10,3100
167,10,3101
168,10,3102
169,10,3103
170,10,3104
171,10,3105
172,10,3106
173,10,3107
174,10,3108
175,10,3109
176,10,3110
177,10,3111
178,10,3112
179,10,3113
180,10,3114
181,10,3115
182,10,3116
183,10,3117
184,10,3118
185,10,3119
186,10,3120
187,10,3121
188,10,3122
189,10,3123
190,10,3124
191,10,3125
192,10,3126
193,10,3127
194,10,3128
195,10,3129
196,10,3130
197,10,3131
198,10,3132
199,10,3133
200,10,3134
201,10,3135
202,10,3136
203,10,3137
204,10,3138
205,10,3139
206,10,3140
207,10,3141
208,10,3142
209,10,3143
210,10,3144
211,10,3145
212,10,3146
213,10,3147
214,10,3148
215,10,3149
216,10,3150
217,10,3151
218,10,3152
219,10,3153
220,10,3154
221,10,3155
222,10,3156
223,10,3157
224,10,3158
225,10,3159
226,10,3160
227,10,3161
228,10,3162
229,10,3163
230,10,3164
231,10,3165
232,10,3166
233,10,3167
234,10,3168
235,10,3169
236,10,3170
237,10,3171
238,10,3172
239,10,3173
240,10,3174
241,10,3175
242,10,3176
243,10,3177
244,10,3178
245,10,3179
246,10,3180
247,10,3181
248,10,3182
249,10,3183
250,10,3184
251,10,3185
252,10,3186
253,10,3187
254,10,3188
255,10,3189
256,10,3190
257,10,3191
258,10,3192
259,10,3193
260,10,3194
261,10,3195
262,10,3196
263,10,3197
264,10,3198
265,10,3199
266,10,3200
267,10,3201
268,10,3202
269,10,3203
270,10,3204
271,10,3205
272,10,3206
273,10,3207
274,10,3208
275,10,3209
276,10,3210
277,10,3211
278,10,3212
279,10,3213
280,10,3214
281,10,3215
282,10,3216
283,10,3217
284,10,3218
285,10,3219
286,10,3220
287,10,3221
288,10,3222
289,10,3223
290,10,3224
291,10,3225
292,10,3226
293,10,3227
294,10,3228
295,10,3229
296,10,3230
297,10,3231
298,10,3232
299,10,3233
300,10,3234
301,10,3235
302,10,3236
303,10,3237
304,10,3238
305,10,3239
306,10,3240
307,10,3241
308,10,3242
309,10,3243
310,10,3244
311,10,3245
312,10,3246
313,10,3247
314,10,3248
315,10,3249
316,10,3250
317,10,3251
318,10,3252
319,10,3253
320,10,3254
321,10,3255
322,10,3256
323,10,3257
324,10,3258
325,10,3259
326,10,3260
1,11,3261
2,11,3262
3,11,3263
4,11,3264
5,11,3265
6,11,3266
7,11,3267
8,11,3268
9,11,3269
10,11,3270
11,11,3271
12,11,3272
13,11,3273
14,11,3274
15,11,3275
16,11,3276
17,11,3277
18,11,3278
19,11,3279
20,11,3280
21,11,3281
22,11,3282
23,11,3283
24,11,3284
25,11,3285
26,11,3286
27,11,3287
28,11,3288
29,11,3289
30,11,3290
31,11,3291
32,11,3292
33,11,3293
34,11,3294
35,11,3295
36,11,3296
37,11,3297
38,11,3298
39,11,3299
40,11,3300
41,11,3301
42,11,3302
43,11,3303
44,11,3304
45,11,3305
46,11,3306
47,11,3307
48,11,3308
49,11,3309
50,11,3310
51,11,3311
52,11,3312
53,11,3313
54,11,3314
55,11,3315
56,11,3316
57,11,3317
58,11,3318
59,11,3319
60,11,3320
61,11,3321
62,11,3322
63,11,3323
64,11,3324
65,11,3325
66,11,3326
67,11,3327
68,11,3328
69,11,3329
70,11,3330
71,11,3331
72,11,3332
73,11,3333
74,11,3334
75,11,3335
76,11,3336
77,11,3337
78,11,3338
79,11,3339
80,11,3340
81,11,3341
82,11,3342
83,11,3343
84,11,3344
85,11,3345
86,11,3346
87,11,3347
88,11,3348
89,11,3349
90,11,3350
91,11,3351
92,11,3352
93,11,3353
94,11,3354
95,11,3355
96,11,3356
97,11,3357
98,11,3358
99,11,3359
100,11,3360
101,11,3361
102,11,3362
103,11,3363
104,11,3364
105,11,3365
106,11,3366
107,11,3367
108,11,3368
109,11,3369
110,11,3370
111,11,3371
112,11,3372
113,11,3373
114,11,3374
115,11,3375
116,11,3376
117,11,3377
118,11,3378
119,11,3379
120,11,3380
121,11,3381
122,11,3382
123,11,3383
124,11,3384
125,11,3385
126,11,3386
127,11,3387
128,11,3388
129,11,3389
130,11,3390
131,11,3391
132,11,3392
133,11,3393
134,11,3394
135,11,3395
136,11,3396
137,11,3397
138,11,3398
139,11,3399
140,11,3400
141,11,3401
142,11,3402
143,11,3403
144,11,3404
145,11,3405
146,11,3406
147,11,3407
148,11,3408
149,11,3409
150,11,3410
151,11,3411
152,11,3412
153,11,3413
154,11,3414
155,11,3415
156,11,3416
157,11,3417
158,11,3418
159,11,3419
160,11,3420
161,11,3421
162,11,3422
163,11,3423
164,11,3424
165,11,3425
166,11,3426
167,11,3427
168,11,3428
169,11,3429
170,11,3430
171,11,3431
172,11,3432
173,11,3433
174,11,3434
175,11,3435
176,11,3436
177,11,3437
178,11,3438
179,11,3439
180,11,3440
181,11,3441
182,11,3442
183,11,3443
184,11,3444
185,11,3445
186,11,3446
187,11,3447
188,11,3448
189,11,3449
190,11,3450
191,11,3451
192,11,3452
193,11,3453
194,11,3454
195,11,3455
196,11,3456
197,11,3457
198,11,3458
199,11,3459
200,11,3460
201,11,3461
202,11,3462
203,11,3463
204,11,3464
205,11,3465
206,11,3466
207,11,3467
208,11,3468
209,11,3469
210,11,3470
211,11,3471
212,11,3472
213,11,3473
214,11,3474
215,11,3475
216,11,3476
217,11,3477
218,11,3478
219,11,3479
220,11,3480
221,11,3481
222,11,3482
223,11,3483
224,11,3484
225,11,3485
226,11,3486
227,11,3487
228,11,3488
229,11,3489
230,11,3490
231,11,3491
232,11,3492
233,11,3493
234,11,3494
235,11,3495
236,11,3496
237,11,3497
238,11,3498
239,11,3499
240,11,3500
241,11,3501
242,11,3502
243,11,3503
244,11,3504
245,11,3505
246,11,3506
247,11,3507
248,11,3508
249,11,3509
250,11,3510
251,11,3511
252,11,3512
253,11,3513
254,11,3514
255,11,3515
256,11,3516
257,11,3517
258,11,3518
259,11,3519
260,11,3520
261,11,3521
262,11,3522
263,11,3523
264,11,3524
265,11,3525
266,11,3526
267,11,3527
268,11,3528
269,11,3529
270,11,3530
271,11,3531
272,11,3532
273,11,3533
274,11,3534
275,11,3535
276,11,3536
277,11,3537
278,11,3538
279,11,3539
280,11,3540
281,11,3541
282,11,3542
283,11,3543
284,11,3544
285,11,3545
286,11,3546
287,11,3547
288,11,3548
289,11,3549
290,11,3550
291,11,3551
292,11,3552
293,11,3553
294,11,3554
295,11,3555
296,11,3556
297,11,3557
298,11,3558
299,11,3559
300,11,3560
301,11,3561
302,11,3562
303,11,3563
304,11,3564
305,11,3565
306,11,3566
307,11,3567
308,11,3568
309,11,3569
310,11,3570
311,11,3571
312,11,3572
313,11,3573
314,11,3574
315,11,3575
316,11,3576
317,11,3577
318,11,3578
319,11,3579
320,11,3580
321,11,3581
322,11,3582
323,11,3583
324,11,3584
325,11,3585
326,11,3586
1,12,3587
2,12,3588
3,12,3589
4,12,3590
5,12,3591
6,12,3592
7,12,3593
8,12,3594
9,12,3595
10,12,3596
11,12,3597
12,12,3598
13,12,3599
14,12,3600
15,12,3601
16,12,3602
17,12,3603
18,12,3604
19,12,3605
20,12,3606
21,12,3607
22,12,3608
23,12,3609
24,12,3610
25,12,3611
26,12,3612
27,12,3613
28,12,3614
29,12,3615
30,12,3616
31,12,3617
32,12,3618
33,12,3619
34,12,3620
35,12,3621
36,12,3622
37,12,3623
38,12,3624
39,12,3625
40,12,3626
41,12,3627
42,12,3628
43,12,3629
44,12,3630
45,12,3631
46,12,3632
47,12,3633
48,12,3634
49,12,3635
50,12,3636
51,12,3637
52,12,3638
53,12,3639
54,12,3640
55,12,3641
56,12,3642
57,12,3643
58,12,3644
59,12,3645
60,12,3646
61,12,3647
62,12,3648
63,12,3649
64,12,3650
65,12,3651
66,12,3652
67,12,3653
68,12,3654
69,12,3655
70,12,3656
71,12,3657
72,12,3658
73,12,3659
74,12,3660
75,12,3661
76,12,3662
77,12,3663
78,12,3664
79,12,3665
80,12,3666
81,12,3667
82,12,3668
83,12,3669
84,12,3670
85,12,3671
86,12,3672
87,12,3673
88,12,3674
89,12,3675
90,12,3676
91,12,3677
92,12,3678
93,12,3679
94,12,3680
95,12,3681
96,12,3682
97,12,3683
98,12,3684
99,12,3685
100,12,3686
101,12,3687
102,12,3688
103,12,3689
104,12,3690
105,12,3691
106,12,3692
107,12,3693
108,12,3694
109,12,3695
110,12,3696
111,12,3697
112,12,3698
113,12,3699
114,12,3700
115,12,3701
116,12,3702
117,12,3703
118,12,3704
119,12,3705
120,12,3706
121,12,3707
122,12,3708
123,12,3709
124,12,3710
125,12,3711
126,12,3712
127,12,3713
128,12,3714
129,12,3715
130,12,3716
131,12,3717
132,12,3718
133,12,3719
134,12,3720
135,12,3721
136,12,3722
137,12,3723
138,12,3724
139,12,3725
140,12,3726
141,12,3727
142,12,3728
143,12,3729
144,12,3730
145,12,3731
146,12,3732
147,12,3733
148,12,3734
149,12,3735
150,12,3736
151,12,3737
152,12,3738
153,12,3739
154,12,3740
155,12,3741
156,12,3742
157,12,3743
158,12,3744
159,12,3745
160,12,3746
161,12,3747
162,12,3748
163,12,3749
164,12,3750
165,12,3751
166,12,3752
167,12,3753
168,12,3754
169,12,3755
170,12,3756
171,12,3757
172,12,3758
173,12,3759
174,12,3760
175,12,3761
176,12,3762
177,12,3763
178,12,3764
179,12,3765
180,12,3766
181,12,3767
182,12,3768
183,12,3769
184,12,3770
185,12,3771
186,12,3772
187,12,3773
188,12,3774
189,12,3775
190,12,3776
191,12,3777
192,12,3778
193,12,3779
194,12,3780
195,12,3781
196,12,3782
197,12,3783
198,12,3784
199,12,3785
200,12,3786
201,12,3787
202,12,3788
203,12,3789
204,12,3790
205,12,3791
206,12,3792
207,12,3793
208,12,3794
209,12,3795
210,12,3796
211,12,3797
212,12,3798
213,12,3799
214,12,3800
215,12,3801
216,12,3802
217,12,3803
218,12,3804
219,12,3805
220,12,3806
221,12,3807
222,12,3808
223,12,3809
224,12,3810
225,12,3811
226,12,3812
227,12,3813
228,12,3814
229,12,3815
230,12,3816
231,12,3817
232,12,3818
233,12,3819
234,12,3820
235,12,3821
236,12,3822
237,12,3823
238,12,3824
239,12,3825
240,12,3826
241,12,3827
242,12,3828
243,12,3829
244,12,3830
245,12,3831
246,12,3832
247,12,3833
248,12,3834
249,12,3835
250,12,3836
251,12,3837
252,12,3838
253,12,3839
254,12,3840
255,12,3841
256,12,3842
257,12,3843
258,12,3844
259,12,3845
260,12,3846
261,12,3847
262,12,3848
263,12,3849
264,12,3850
265,12,3851
266,12,3852
267,12,3853
268,12,3854
269,12,3855
270,12,3856
271,12,3857
272,12,3858
273,12,3859
274,12,3860
275,12,3861
276,12,3862
277,12,3863
278,12,3864
279,12,3865
280,12,3866
281,12,3867
282,12,3868
283,12,3869
284,12,3870
285,12,3871
286,12,3872
287,12,3873
288,12,3874
289,12,3875
290,12,3876
291,12,3877
292,12,3878
293,12,3879
294,12,3880
295,12,3881
296,12,3882
297,12,3883
298,12,3884
299,12,3885
300,12,3886
301,12,3887
302,12,3888
303,12,3889
304,12,3890
305,12,3891
306,12,3892
307,12,3893
308,12,3894
309,12,3895
310,12,3896
311,12,3897
312,12,3898
313,12,3899
314,12,3900
315,12,3901
316,12,3902
317,12,3903
318,12,3904
319,12,3905
320,12,3906
321,12,3907
322,12,3908
323,12,3909
324,12,3910
325,12,3911
326,12,3912
1,13,3913
2,13,3914
3,13,3915
4,13,3916
5,13,3917
6,13,3918
7,13,3919
8,13,3920
9,13,3921
10,13,3922
11,13,3923
12,13,3924
13,13,3925
14,13,3926
15,13,3927
16,13,3928
17,13,3929
18,13,3930
19,13,3931
20,13,3932
21,13,3933
22,13,3934
23,13,3935
24,13,3936
25,13,3937
26,13,3938
27,13,3939
28,13,3940
29,13,3941
30,13,3942
31,13,3943
32,13,3944
33,13,3945
34,13,3946
35,13,3947
36,13,3948
37,13,3949
38,13,3950
39,13,3951
40,13,3952
41,13,3953
42,13,3954
43,13,3955
44,13,3956
45,13,3957
46,13,3958
47,13,3959
48,13,3960
49,13,3961
50,13,3962
51,13,3963
52,13,3964
53,13,3965
54,13,3966
55,13,3967
56,13,3968
57,13,3969
58,13,3970
59,13,3971
60,13,3972
61,13,3973
62,13,3974
63,13,3975
64,13,3976
65,13,3977
66,13,3978
67,13,3979
68,13,3980
69,13,3981
70,13,3982
71,13,3983
72,13,3984
73,13,3985
74,13,3986
75,13,3987
76,13,3988
77,13,3989
78,13,3990
79,13,3991
80,13,3992
81,13,3993
82,13,3994
83,13,3995
84,13,3996
85,13,3997
86,13,3998
87,13,3999
88,13,4000
89,13,4001
90,13,4002
91,13,4003
92,13,4004
93,13,4005
94,13,4006
95,13,4007
96,13,4008
97,13,4009
98,13,4010
99,13,4011
100,13,4012
101,13,4013
102,13,4014
103,13,4015
104,13,4016
105,13,4017
106,13,4018
107,13,4019
108,13,4020
109,13,4021
110,13,4022
111,13,4023
112,13,4024
113,13,4025
114,13,4026
115,13,4027
116,13,4028
117,13,4029
118,13,4030
119,13,4031
120,13,4032
121,13,4033
122,13,4034
123,13,4035
124,13,4036
125,13,4037
126,13,4038
127,13,4039
128,13,4040
129,13,4041
130,13,4042
131,13,4043
132,13,4044
133,13,4045
134,13,4046
135,13,4047
136,13,4048
137,13,4049
138,13,4050
139,13,4051
140,13,4052
141,13,4053
142,13,4054
143,13,4055
144,13,4056
145,13,4057
146,13,4058
147,13,4059
148,13,4060
149,13,4061
150,13,4062
151,13,4063
152,13,4064
153,13,4065
154,13,4066
155,13,4067
156,13,4068
157,13,4069
158,13,4070
159,13,4071
160,13,4072
161,13,4073
162,13,4074
163,13,4075
164,13,4076
165,13,4077
166,13,4078
167,13,4079
168,13,4080
169,13,4081
170,13,4082
171,13,4083
172,13,4084
173,13,4085
174,13,4086
175,13,4087
176,13,4088
177,13,4089
178,13,4090
179,13,4091
180,13,4092
181,13,4093
182,13,4094
183,13,4095
184,13,4096
185,13,4097
186,13,4098
187,13,4099
188,13,4100
189,13,4101
190,13,4102
191,13,4103
192,13,4104
193,13,4105
194,13,4106
195,13,4107
196,13,4108
197,13,4109
198,13,4110
199,13,4111
200,13,4112
201,13,4113
202,13,4114
203,13,4115
204,13,4116
205,13,4117
206,13,4118
207,13,4119
208,13,4120
209,13,4121
210,13,4122
211,13,4123
212,13,4124
213,13,4125
214,13,4126
215,13,4127
216,13,4128
217,13,4129
218,13,4130
219,13,4131
220,13,4132
221,13,4133
222,13,4134
223,13,4135
224,13,4136
225,13,4137
226,13,4138
227,13,4139
228,13,4140
229,13,4141
230,13,4142
231,13,4143
232,13,4144
233,13,4145
234,13,4146
235,13,4147
236,13,4148
237,13,4149
238,13,4150
239,13,4151
240,13,4152
241,13,4153
242,13,4154
243,13,4155
244,13,4156
245,13,4157
246,13,4158
247,13,4159
248,13,4160
249,13,4161
250,13,4162
251,13,4163
252,13,4164
253,13,4165
254,13,4166
255,13,4167
256,13,4168
257,13,4169
258,13,4170
259,13,4171
260,13,4172
261,13,4173
262,13,4174
263,13,4175
264,13,4176
265,13,4177
266,13,4178
267,13,4179
268,13,4180
269,13,4181
270,13,4182
271,13,4183
272,13,4184
273,13,4185
274,13,4186
275,13,4187
276,13,4188
277,13,4189
278,13,4190
279,13,4191
280,13,4192
281,13,4193
282,13,4194
283,13,4195
284,13,4196
285,13,4197
286,13,4198
287,13,4199
288,13,4200
289,13,4201
290,13,4202
291,13,4203
292,13,4204
293,13,4205
294,13,4206
295,13,4207
296,13,4208
297,13,4209
298,13,4210
299,13,4211
300,13,4212
301,13,4213
302,13,4214
303,13,4215
304,13,4216
305,13,4217
306,13,4218
307,13,4219
308,13,4220
309,13,4221
310,13,4222
311,13,4223
312,13,4224
313,13,4225
314,13,4226
315,13,4227
316,13,4228
317,13,4229
318,13,4230
319,13,4231
320,13,4232
321,13,4233
322,13,4234
323,13,4235
324,13,4236
325,13,4237
326,13,4238
1,14,4239
2,14,4240
3,14,4241
4,14,4242
5,14,4243
6,14,4244
7,14,4245
8,14,4246
9,14,4247
10,14,4248
11,14,4249
12,14,4250
13,14,4251
14,14,4252
15,14,4253
16,14,4254
17,14,4255
18,14,4256
19,14,4257
20,14,4258
21,14,4259
22,14,4260
23,14,4261
24,14,4262
25,14,4263
26,14,4264
27,14,4265
28,14,4266
29,14,4267
30,14,4268
31,14,4269
32,14,4270
33,14,4271
34,14,4272
35,14,4273
36,14,4274
37,14,4275
38,14,4276
39,14,4277
40,14,4278
41,14,4279
42,14,4280
43,14,4281
44,14,4282
45,14,4283
46,14,4284
47,14,4285
48,14,4286
49,14,4287
50,14,4288
51,14,4289
52,14,4290
53,14,4291
54,14,4292
55,14,4293
56,14,4294
57,14,4295
58,14,4296
59,14,4297
60,14,4298
61,14,4299
62,14,4300
63,14,4301
64,14,4302
65,14,4303
66,14,4304
67,14,4305
68,14,4306
69,14,4307
70,14,4308
71,14,4309
72,14,4310
73,14,4311
74,14,4312
75,14,4313
76,14,4314
77,14,4315
78,14,4316
79,14,4317
80,14,4318
81,14,4319
82,14,4320
83,14,4321
84,14,4322
85,14,4323
86,14,4324
87,14,4325
88,14,4326
89,14,4327
90,14,4328
91,14,4329
92,14,4330
93,14,4331
94,14,4332
95,14,4333
96,14,4334
97,14,4335
98,14,4336
99,14,4337
100,14,4338
101,14,4339
102,14,4340
103,14,4341
104,14,4342
105,14,4343
106,14,4344
107,14,4345
108,14,4346
109,14,4347
110,14,4348
111,14,4349
112,14,4350
113,14,4351
114,14,4352
115,14,4353
116,14,4354
117,14,4355
118,14,4356
119,14,4357
120,14,4358
121,14,4359
122,14,4360
123,14,4361
124,14,4362
125,14,4363
126,14,4364
127,14,4365
128,14,4366
129,14,4367
130,14,4368
131,14,4369
132,14,4370
133,14,4371
134,14,4372
135,14,4373
136,14,4374
137,14,4375
138,14,4376
139,14,4377
140,14,4378
141,14,4379
142,14,4380
143,14,4381
144,14,4382
145,14,4383
146,14,4384
147,14,4385
148,14,4386
149,14,4387
150,14,4388
151,14,4389
152,14,4390
153,14,4391
154,14,4392
155,14,4393
156,14,4394
157,14,4395
158,14,4396
159,14,4397
160,14,4398
161,14,4399
162,14,4400
163,14,4401
164,14,4402
165,14,4403
166,14,4404
167,14,4405
168,14,4406
169,14,4407
170,14,4408
171,14,4409
172,14,4410
173,14,4411
174,14,4412
175,14,4413
176,14,4414
177,14,4415
178,14,4416
179,14,4417
180,14,4418
181,14,4419
182,14,4420
183,14,4421
184,14,4422
185,14,4423
186,14,4424
187,14,4425
188,14,4426
189,14,4427
190,14,4428
191,14,4429
192,14,4430
193,14,4431
194,14,4432
195,14,4433
196,14,4434
197,14,4435
198,14,4436
199,14,4437
200,14,4438
201,14,4439
202,14,4440
203,14,4441
204,14,4442
205,14,4443
206,14,4444
207,14,4445
208,14,4446
209,14,4447
210,14,4448
211,14,4449
212,14,4450
213,14,4451
214,14,4452
215,14,4453
216,14,4454
217,14,4455
218,14,4456
219,14,4457
220,14,4458
221,14,4459
222,14,4460
223,14,4461
224,14,4462
225,14,4463
226,14,4464
227,14,4465
228,14,4466
229,14,4467
230,14,4468
231,14,4469
232,14,4470
233,14,4471
234,14,4472
235,14,4473
236,14,4474
237,14,4475
238,14,4476
239,14,4477
240,14,4478
241,14,4479
242,14,4480
243,14,4481
244,14,4482
245,14,4483
246,14,4484
247,14,4485
248,14,4486
249,14,4487
250,14,4488
251,14,4489
252,14,4490
253,14,4491
254,14,4492
255,14,4493
256,14,4494
257,14,4495
258,14,4496
259,14,4497
260,14,4498
261,14,4499
262,14,4500
263,14,4501
264,14,4502
265,14,4503
266,14,4504
267,14,4505
268,14,4506
269,14,4507
270,14,4508
271,14,4509
272,14,4510
273,14,4511
274,14,4512
275,14,4513
276,14,4514
277,14,4515
278,14,4516
279,14,4517
280,14,4518
281,14,4519
282,14,4520
283,14,4521
284,14,4522
285,14,4523
286,14,4524
287,14,4525
288,14,4526
289,14,4527
290,14,4528
291,14,4529
292,14,4530
293,14,4531
294,14,4532
295,14,4533
296,14,4534
297,14,4535
298,14,4536
299,14,4537
300,14,4538
301,14,4539
302,14,4540
303,14,4541
304,14,4542
305,14,4543
306,14,4544
307,14,4545
308,14,4546
309,14,4547
310,14,4548
311,14,4549
312,14,4550
313,14,4551
314,14,4552
315,14,4553
316,14,4554
317,14,4555
318,14,4556
319,14,4557
320,14,4558
321,14,4559
322,14,4560
323,14,4561
324,14,4562
325,14,4563
326,14,4564
1,15,4565
2,15,4566
3,15,4567
4,15,4568
5,15,4569
6,15,4570
7,15,4571
8,15,4572
9,15,4573
10,15,4574
11,15,4575
12,15,4576
13,15,4577
14,15,4578
15,15,4579
16,15,4580
17,15,4581
18,15,4582
19,15,4583
20,15,4584
21,15,4585
22,15,4586
23,15,4587
24,15,4588
25,15,4589
26,15,4590
27,15,4591
28,15,4592
29,15,4593
30,15,4594
31,15,4595
32,15,4596
33,15,4597
34,15,4598
35,15,4599
36,15,4600
37,15,4601
38,15,4602
39,15,4603
40,15,4604
41,15,4605
42,15,4606
43,15,4607
44,15,4608
45,15,4609
46,15,4610
47,15,4611
48,15,4612
49,15,4613
50,15,4614
51,15,4615
52,15,4616
53,15,4617
54,15,4618
55,15,4619
56,15,4620
57,15,4621
58,15,4622
59,15,4623
60,15,4624
61,15,4625
62,15,4626
63,15,4627
64,15,4628
65,15,4629
66,15,4630
67,15,4631
68,15,4632
69,15,4633
70,15,4634
71,15,4635
72,15,4636
73,15,4637
74,15,4638
75,15,4639
76,15,4640
77,15,4641
78,15,4642
79,15,4643
80,15,4644
81,15,4645
82,15,4646
83,15,4647
84,15,4648
85,15,4649
86,15,4650
87,15,4651
88,15,4652
89,15,4653
90,15,4654
91,15,4655
92,15,4656
93,15,4657
94,15,4658
95,15,4659
96,15,4660
97,15,4661
98,15,4662
99,15,4663
100,15,4664
101,15,4665
102,15,4666
103,15,4667
104,15,4668
105,15,4669
106,15,4670
107,15,4671
108,15,4672
109,15,4673
110,15,4674
111,15,4675
112,15,4676
113,15,4677
114,15,4678
115,15,4679
116,15,4680
117,15,4681
118,15,4682
119,15,4683
120,15,4684
121,15,4685
122,15,4686
123,15,4687
124,15,4688
125,15,4689
126,15,4690
127,15,4691
128,15,4692
129,15,4693
130,15,4694
131,15,4695
132,15,4696
133,15,4697
134,15,4698
135,15,4699
136,15,4700
137,15,4701
138,15,4702
139,15,4703
140,15,4704
141,15,4705
142,15,4706
143,15,4707
144,15,4708
145,15,4709
146,15,4710
147,15,4711
148,15,4712
149,15,4713
150,15,4714
151,15,4715
152,15,4716
153,15,4717
154,15,4718
155,15,4719
156,15,4720
157,15,4721
158,15,4722
159,15,4723
160,15,4724
161,15,4725
162,15,4726
163,15,4727
164,15,4728
165,15,4729
166,15,4730
167,15,4731
168,15,4732
169,15,4733
170,15,4734
171,15,4735
172,15,4736
173,15,4737
174,15,4738
175,15,4739
176,15,4740
177,15,4741
178,15,4742
179,15,4743
180,15,4744
181,15,4745
182,15,4746
183,15,4747
184,15,4748
185,15,4749
186,15,4750
187,15,4751
188,15,4752
189,15,4753
190,15,4754
191,15,4755
192,15,4756
193,15,4757
194,15,4758
195,15,4759
196,15,4760
197,15,4761
198,15,4762
199,15,4763
200,15,4764
201,15,4765
202,15,4766
203,15,4767
204,15,4768
205,15,4769
206,15,4770
207,15,4771
208,15,4772
209,15,4773
210,15,4774
211,15,4775
212,15,4776
213,15,4777
214,15,4778
215,15,4779
216,15,4780
217,15,4781
218,15,4782
219,15,4783
220,15,4784
221,15,4785
222,15,4786
223,15,4787
224,15,4788
225,15,4789
226,15,4790
227,15,4791
228,15,4792
229,15,4793
230,15,4794
231,15,4795
232,15,4796
233,15,4797
234,15,4798
235,15,4799
236,15,4800
237,15,4801
238,15,4802
239,15,4803
240,15,4804
241,15,4805
242,15,4806
243,15,4807
244,15,4808
245,15,4809
246,15,4810
247,15,4811
248,15,4812
249,15,4813
250,15,4814
251,15,4815
252,15,4816
253,15,4817
254,15,4818
255,15,4819
256,15,4820
257,15,4821
258,15,4822
259,15,4823
260,15,4824
261,15,4825
262,15,4826
263,15,4827
264,15,4828
265,15,4829
266,15,4830
267,15,4831
268,15,4832
269,15,4833
270,15,4834
271,15,4835
272,15,4836
273,15,4837
274,15,4838
275,15,4839
276,15,4840
277,15,4841
278,15,4842
279,15,4843
280,15,4844
281,15,4845
282,15,4846
283,15,4847
284,15,4848
285,15,4849
286,15,4850
287,15,4851
288,15,4852
289,15,4853
290,15,4854
291,15,4855
292,15,4856
293,15,4857
294,15,4858
295,15,4859
296,15,4860
297,15,4861
298,15,4862
299,15,4863
300,15,4864
301,15,4865
302,15,4866
303,15,4867
304,15,4868
305,15,4869
306,15,4870
307,15,4871
308,15,4872
309,15,4873
310,15,4874
311,15,4875
312,15,4876
313,15,4877
314,15,4878
315,15,4879
316,15,4880
317,15,4881
318,15,4882
319,15,4883
320,15,4884
321,15,4885
322,15,4886
323,15,4887
324,15,4888
325,15,4889
326,15,4890
1,16,4891
2,16,4892
3,16,4893
4,16,4894
5,16,4895
6,16,4896
7,16,4897
8,16,4898
9,16,4899
10,16,4900
11,16,4901
12,16,4902
13,16,4903
14,16,4904
15,16,4905
16,16,4906
17,16,4907
18,16,4908
19,16,4909
20,16,4910
21,16,4911
22,16,4912
23,16,4913
24,16,4914
25,16,4915
26,16,4916
27,16,4917
28,16,4918
29,16,4919
30,16,4920
31,16,4921
32,16,4922
33,16,4923
34,16,4924
35,16,4925
36,16,4926
37,16,4927
38,16,4928
39,16,4929
40,16,4930
41,16,4931
42,16,4932
43,16,4933
44,16,4934
45,16,4935
46,16,4936
47,16,4937
48,16,4938
49,16,4939
50,16,4940
51,16,4941
52,16,4942
53,16,4943
54,16,4944
55,16,4945
56,16,4946
57,16,4947
58,16,4948
59,16,4949
60,16,4950
61,16,4951
62,16,4952
63,16,4953
64,16,4954
65,16,4955
66,16,4956
67,16,4957
68,16,4958
69,16,4959
70,16,4960
71,16,4961
72,16,4962
73,16,4963
74,16,4964
75,16,4965
76,16,4966
77,16,4967
78,16,4968
79,16,4969
80,16,4970
81,16,4971
82,16,4972
83,16,4973
84,16,4974
85,16,4975
86,16,4976
87,16,4977
88,16,4978
89,16,4979
90,16,4980
91,16,4981
92,16,4982
93,16,4983
94,16,4984
95,16,4985
96,16,4986
97,16,4987
98,16,4988
99,16,4989
100,16,4990
101,16,4991
102,16,4992
103,16,4993
104,16,4994
105,16,4995
106,16,4996
107,16,4997
108,16,4998
109,16,4999
110,16,5000
111,16,5001
112,16,5002
113,16,5003
114,16,5004
115,16,5005
116,16,5006
117,16,5007
118,16,5008
119,16,5009
120,16,5010
121,16,5011
122,16,5012
123,16,5013
124,16,5014
125,16,5015
126,16,5016
127,16,5017
128,16,5018
129,16,5019
130,16,5020
131,16,5021
132,16,5022
133,16,5023
134,16,5024
135,16,5025
136,16,5026
137,16,5027
138,16,5028
139,16,5029
140,16,5030
141,16,5031
142,16,5032
143,16,5033
144,16,5034
145,16,5035
146,16,5036
147,16,5037
148,16,5038
149,16,5039
150,16,5040
151,16,5041
152,16,5042
153,16,5043
154,16,5044
155,16,5045
156,16,5046
157,16,5047
158,16,5048
159,16,5049
160,16,5050
161,16,5051
162,16,5052
163,16,5053
164,16,5054
165,16,5055
166,16,5056
167,16,5057
168,16,5058
169,16,5059
170,16,5060
171,16,5061
172,16,5062
173,16,5063
174,16,5064
175,16,5065
176,16,5066
177,16,5067
178,16,5068
179,16,5069
180,16,5070
181,16,5071
182,16,5072
183,16,5073
184,16,5074
185,16,5075
186,16,5076
187,16,5077
188,16,5078
189,16,5079
190,16,5080
191,16,5081
192,16,5082
193,16,5083
194,16,5084
195,16,5085
196,16,5086
197,16,5087
198,16,5088
199,16,5089
200,16,5090
201,16,5091
202,16,5092
203,16,5093
204,16,5094
205,16,5095
206,16,5096
207,16,5097
208,16,5098
209,16,5099
210,16,5100
211,16,5101
212,16,5102
213,16,5103
214,16,5104
215,16,5105
216,16,5106
217,16,5107
218,16,5108
219,16,5109
220,16,5110
221,16,5111
222,16,5112
223,16,5113
224,16,5114
225,16,5115
226,16,5116
227,16,5117
228,16,5118
229,16,5119
230,16,5120
231,16,5121
232,16,5122
233,16,5123
234,16,5124
235,16,5125
236,16,5126
237,16,5127
238,16,5128
239,16,5129
240,16,5130
241,16,5131
242,16,5132
243,16,5133
244,16,5134
245,16,5135
246,16,5136
247,16,5137
248,16,5138
249,16,5139
250,16,5140
251,16,5141
252,16,5142
253,16,5143
254,16,5144
255,16,5145
256,16,5146
257,16,5147
258,16,5148
259,16,5149
260,16,5150
261,16,5151
262,16,5152
263,16,5153
264,16,5154
265,16,5155
266,16,5156
267,16,5157
268,16,5158
269,16,5159
270,16,5160
271,16,5161
272,16,5162
273,16,5163
274,16,5164
275,16,5165
276,16,5166
277,16,5167
278,16,5168
279,16,5169
280,16,5170
281,16,5171
282,16,5172
283,16,5173
284,16,5174
285,16,5175
286,16,5176
287,16,5177
288,16,5178
289,16,5179
290,16,5180
291,16,5181
292,16,5182
293,16,5183
294,16,5184
295,16,5185
296,16,5186
297,16,5187
298,16,5188
299,16,5189
300,16,5190
301,16,5191
302,16,5192
303,16,5193
304,16,5194
305,16,5195
306,16,5196
307,16,5197
308,16,5198
309,16,5199
310,16,5200
311,16,5201
312,16,5202
313,16,5203
314,16,5204
315,16,5205
316,16,5206
317,16,5207
318,16,5208
319,16,5209
320,16,5210
321,16,5211
322,16,5212
323,16,5213
324,16,5214
325,16,5215
326,16,5216
1,17,5217
2,17,5218
3,17,5219
4,17,5220
5,17,5221
6,17,5222
7,17,5223
8,17,5224
9,17,5225
10,17,5226
11,17,5227
12,17,5228
13,17,5229
14,17,5230
15,17,5231
16,17,5232
17,17,5233
18,17,5234
19,17,5235
20,17,5236
21,17,5237
22,17,5238
23,17,5239
24,17,5240
25,17,5241
26,17,5242
27,17,5243
28,17,5244
29,17,5245
30,17,5246
31,17,5247
32,17,5248
33,17,5249
34,17,5250
35,17,5251
36,17,5252
37,17,5253
38,17,5254
39,17,5255
40,17,5256
41,17,5257
42,17,5258
43,17,5259
44,17,5260
45,17,5261
46,17,5262
47,17,5263
48,17,5264
49,17,5265
50,17,5266
51,17,5267
52,17,5268
53,17,5269
54,17,5270
55,17,5271
56,17,5272
57,17,5273
58,17,5274
59,17,5275
60,17,5276
61,17,5277
62,17,5278
63,17,5279
64,17,5280
65,17,5281
66,17,5282
67,17,5283
68,17,5284
69,17,5285
70,17,5286
71,17,5287
72,17,5288
73,17,5289
74,17,5290
75,17,5291
76,17,5292
77,17,5293
78,17,5294
79,17,5295
80,17,5296
81,17,5297
82,17,5298
83,17,5299
84,17,5300
85,17,5301
86,17,5302
87,17,5303
88,17,5304
89,17,5305
90,17,5306
91,17,5307
92,17,5308
93,17,5309
94,17,5310
95,17,5311
96,17,5312
97,17,5313
98,17,5314
99,17,5315
100,17,5316
101,17,5317
102,17,5318
103,17,5319
104,17,5320
105,17,5321
106,17,5322
107,17,5323
108,17,5324
109,17,5325
110,17,5326
111,17,5327
112,17,5328
113,17,5329
114,17,5330
115,17,5331
116,17,5332
117,17,5333
118,17,5334
119,17,5335
120,17,5336
121,17,5337
122,17,5338
123,17,5339
124,17,5340
125,17,5341
126,17,5342
127,17,5343
128,17,5344
129,17,5345
130,17,5346
131,17,5347
132,17,5348
133,17,5349
134,17,5350
135,17,5351
136,17,5352
137,17,5353
138,17,5354
139,17,5355
140,17,5356
141,17,5357
142,17,5358
143,17,5359
144,17,5360
145,17,5361
146,17,5362
147,17,5363
148,17,5364
149,17,5365
150,17,5366
151,17,5367
152,17,5368
153,17,5369
154,17,5370
155,17,5371
156,17,5372
157,17,5373
158,17,5374
159,17,5375
160,17,5376
161,17,5377
162,17,5378
163,17,5379
164,17,5380
165,17,5381
166,17,5382
167,17,5383
168,17,5384
169,17,5385
170,17,5386
171,17,5387
172,17,5388
173,17,5389
174,17,5390
175,17,5391
176,17,5392
177,17,5393
178,17,5394
179,17,5395
180,17,5396
181,17,5397
182,17,5398
183,17,5399
184,17,5400
185,17,5401
186,17,5402
187,17,5403
188,17,5404
189,17,5405
190,17,5406
191,17,5407
192,17,5408
193,17,5409
194,17,5410
195,17,5411
196,17,5412
197,17,5413
198,17,5414
199,17,5415
200,17,5416
201,17,5417
202,17,5418
203,17,5419
204,17,5420
205,17,5421
206,17,5422
207,17,5423
208,17,5424
209,17,5425
210,17,5426
211,17,5427
212,17,5428
213,17,5429
214,17,5430
215,17,5431
216,17,5432
217,17,5433
218,17,5434
219,17,5435
220,17,5436
221,17,5437
222,17,5438
223,17,5439
224,17,5440
225,17,5441
226,17,5442
227,17,5443
228,17,5444
229,17,5445
230,17,5446
231,17,5447
232,17,5448
233,17,5449
234,17,5450
235,17,5451
236,17,5452
237,17,5453
238,17,5454
239,17,5455
240,17,5456
241,17,5457
242,17,5458
243,17,5459
244,17,5460
245,17,5461
246,17,5462
247,17,5463
248,17,5464
249,17,5465
250,17,5466
251,17,5467
252,17,5468
253,17,5469
254,17,5470
255,17,5471
256,17,5472
257,17,5473
258,17,5474
259,17,5475
260,17,5476
261,17,5477
262,17,5478
263,17,5479
264,17,5480
265,17,5481
266,17,5482
267,17,5483
268,17,5484
269,17,5485
270,17,5486
271,17,5487
272,17,5488
273,17,5489
274,17,5490
275,17,5491
276,17,5492
277,17,5493
278,17,5494
279,17,5495
280,17,5496
281,17,5497
282,17,5498
283,17,5499
284,17,5500
285,17,5501
286,17,5502
287,17,5503
288,17,5504
289,17,5505
290,17,5506
291,17,5507
292,17,5508
293,17,5509
294,17,5510
295,17,5511
296,17,5512
297,17,5513
298,17,5514
299,17,5515
300,17,5516
301,17,5517
302,17,5518
303,17,5519
304,17,5520
305,17,5521
306,17,5522
307,17,5523
308,17,5524
309,17,5525
310,17,5526
311,17,5527
312,17,5528
313,17,5529
314,17,5530
315,17,5531
316,17,5532
317,17,5533
318,17,5534
319,17,5535
320,17,5536
321,17,5537
322,17,5538
323,17,5539
324,17,5540
325,17,5541
326,17,5542
1,18,5543
2,18,5544
3,18,5545
4,18,5546
5,18,5547
6,18,5548
7,18,5549
8,18,5550
9,18,5551
10,18,5552
11,18,5553
12,18,5554
13,18,5555
14,18,5556
15,18,5557
16,18,5558
17,18,5559
18,18,5560
19,18,5561
20,18,5562
21,18,5563
22,18,5564
23,18,5565
24,18,5566
25,18,5567
26,18,5568
27,18,5569
28,18,5570
29,18,5571
30,18,5572
31,18,5573
32,18,5574
33,18,5575
34,18,5576
35,18,5577
36,18,5578
37,18,5579
38,18,5580
39,18,5581
40,18,5582
41,18,5583
42,18,5584
43,18,5585
44,18,5586
45,18,5587
46,18,5588
47,18,5589
48,18,5590
49,18,5591
50,18,5592
51,18,5593
52,18,5594
53,18,5595
54,18,5596
55,18,5597
56,18,5598
57,18,5599
58,18,5600
59,18,5601
60,18,5602
61,18,5603
62,18,5604
63,18,5605
64,18,5606
65,18,5607
66,18,5608
67,18,5609
68,18,5610
69,18,5611
70,18,5612
71,18,5613
72,18,5614
73,18,5615
74,18,5616
75,18,5617
76,18,5618
77,18,5619
78,18,5620
79,18,5621
80,18,5622
81,18,5623
82,18,5624
83,18,5625
84,18,5626
85,18,5627
86,18,5628
87,18,5629
88,18,5630
89,18,5631
90,18,5632
91,18,5633
92,18,5634
93,18,5635
94,18,5636
95,18,5637
96,18,5638
97,18,5639
98,18,5640
99,18,5641
100,18,5642
101,18,5643
102,18,5644
103,18,5645
104,18,5646
105,18,5647
106,18,5648
107,18,5649
108,18,5650
109,18,5651
110,18,5652
111,18,5653
112,18,5654
113,18,5655
114,18,5656
115,18,5657
116,18,5658
117,18,5659
118,18,5660
119,18,5661
120,18,5662
121,18,5663
122,18,5664
123,18,5665
124,18,5666
125,18,5667
126,18,5668
127,18,5669
128,18,5670
129,18,5671
130,18,5672
131,18,5673
132,18,5674
133,18,5675
134,18,5676
135,18,5677
136,18,5678
137,18,5679
138,18,5680
139,18,5681
140,18,5682
141,18,5683
142,18,5684
143,18,5685
144,18,5686
145,18,5687
146,18,5688
147,18,5689
148,18,5690
149,18,5691
150,18,5692
151,18,5693
152,18,5694
153,18,5695
154,18,5696
155,18,5697
156,18,5698
157,18,5699
158,18,5700
159,18,5701
160,18,5702
161,18,5703
162,18,5704
163,18,5705
164,18,5706
165,18,5707
166,18,5708
167,18,5709
168,18,5710
169,18,5711
170,18,5712
171,18,5713
172,18,5714
173,18,5715
174,18,5716
175,18,5717
176,18,5718
177,18,5719
178,18,5720
179,18,5721
180,18,5722
181,18,5723
182,18,5724
183,18,5725
184,18,5726
185,18,5727
186,18,5728
187,18,5729
188,18,5730
189,18,5731
190,18,5732
191,18,5733
192,18,5734
193,18,5735
194,18,5736
195,18,5737
196,18,5738
197,18,5739
198,18,5740
199,18,5741
200,18,5742
201,18,5743
202,18,5744
203,18,5745
204,18,5746
205,18,5747
206,18,5748
207,18,5749
208,18,5750
209,18,5751
210,18,5752
211,18,5753
212,18,5754
213,18,5755
214,18,5756
215,18,5757
216,18,5758
217,18,5759
218,18,5760
219,18,5761
220,18,5762
221,18,5763
222,18,5764
223,18,5765
224,18,5766
225,18,5767
226,18,5768
227,18,5769
228,18,5770
229,18,5771
230,18,5772
231,18,5773
232,18,5774
233,18,5775
234,18,5776
235,18,5777
236,18,5778
237,18,5779
238,18,5780
239,18,5781
240,18,5782
241,18,5783
242,18,5784
243,18,5785
244,18,5786
245,18,5787
246,18,5788
247,18,5789
248,18,5790
249,18,5791
250,18,5792
251,18,5793
252,18,5794
253,18,5795
254,18,5796
255,18,5797
256,18,5798
257,18,5799
258,18,5800
259,18,5801
260,18,5802
261,18,5803
262,18,5804
263,18,5805
264,18,5806
265,18,5807
266,18,5808
267,18,5809
268,18,5810
269,18,5811
270,18,5812
271,18,5813
272,18,5814
273,18,5815
274,18,5816
275,18,5817
276,18,5818
277,18,5819
278,18,5820
279,18,5821
280,18,5822
281,18,5823
282,18,5824
283,18,5825
284,18,5826
285,18,5827
286,18,5828
287,18,5829
288,18,5830
289,18,5831
290,18,5832
291,18,5833
292,18,5834
293,18,5835
294,18,5836
295,18,5837
296,18,5838
297,18,5839
298,18,5840
299,18,5841
300,18,5842
301,18,5843
302,18,5844
303,18,5845
304,18,5846
305,18,5847
306,18,5848
307,18,5849
308,18,5850
309,18,5851
310,18,5852
311,18,5853
312,18,5854
313,18,5855
314,18,5856
315,18,5857
316,18,5858
317,18,5859
318,18,5860
319,18,5861
320,18,5862
321,18,5863
322,18,5864
323,18,5865
324,18,5866
325,18,5867
326,18,5868
1,19,5869
2,19,5870
3,19,5871
4,19,5872
5,19,5873
6,19,5874
7,19,5875
8,19,5876
9,19,5877
10,19,5878
11,19,5879
12,19,5880
13,19,5881
14,19,5882
15,19,5883
16,19,5884
17,19,5885
18,19,5886
19,19,5887
20,19,5888
21,19,5889
22,19,5890
23,19,5891
24,19,5892
25,19,5893
26,19,5894
27,19,5895
28,19,5896
29,19,5897
30,19,5898
31,19,5899
32,19,5900
33,19,5901
34,19,5902
35,19,5903
36,19,5904
37,19,5905
38,19,5906
39,19,5907
40,19,5908
41,19,5909
42,19,5910
43,19,5911
44,19,5912
45,19,5913
46,19,5914
47,19,5915
48,19,5916
49,19,5917
50,19,5918
51,19,5919
52,19,5920
53,19,5921
54,19,5922
55,19,5923
56,19,5924
57,19,5925
58,19,5926
59,19,5927
60,19,5928
61,19,5929
62,19,5930
63,19,5931
64,19,5932
65,19,5933
66,19,5934
67,19,5935
68,19,5936
69,19,5937
70,19,5938
71,19,5939
72,19,5940
73,19,5941
74,19,5942
75,19,5943
76,19,5944
77,19,5945
78,19,5946
79,19,5947
80,19,5948
81,19,5949
82,19,5950
83,19,5951
84,19,5952
85,19,5953
86,19,5954
87,19,5955
88,19,5956
89,19,5957
90,19,5958
91,19,5959
92,19,5960
93,19,5961
94,19,5962
95,19,5963
96,19,5964
97,19,5965
98,19,5966
99,19,5967
100,19,5968
101,19,5969
102,19,5970
103,19,5971
104,19,5972
105,19,5973
106,19,5974
107,19,5975
108,19,5976
109,19,5977
110,19,5978
111,19,5979
112,19,5980
113,19,5981
114,19,5982
115,19,5983
116,19,5984
117,19,5985
118,19,5986
119,19,5987
120,19,5988
121,19,5989
122,19,5990
123,19,5991
124,19,5992
125,19,5993
126,19,5994
127,19,5995
128,19,5996
129,19,5997
130,19,5998
131,19,5999
132,19,6000
133,19,6001
134,19,6002
135,19,6003
136,19,6004
137,19,6005
138,19,6006
139,19,6007
140,19,6008
141,19,6009
142,19,6010
143,19,6011
144,19,6012
145,19,6013
146,19,6014
147,19,6015
148,19,6016
149,19,6017
150,19,6018
151,19,6019
152,19,6020
153,19,6021
154,19,6022
155,19,6023
156,19,6024
157,19,6025
158,19,6026
159,19,6027
160,19,6028
161,19,6029
162,19,6030
163,19,6031
164,19,6032
165,19,6033
166,19,6034
167,19,6035
168,19,6036
169,19,6037
170,19,6038
171,19,6039
172,19,6040
173,19,6041
174,19,6042
175,19,6043
176,19,6044
177,19,6045
178,19,6046
179,19,6047
180,19,6048
181,19,6049
182,19,6050
183,19,6051
184,19,6052
185,19,6053
186,19,6054
187,19,6055
188,19,6056
189,19,6057
190,19,6058
191,19,6059
192,19,6060
193,19,6061
194,19,6062
195,19,6063
196,19,6064
197,19,6065
198,19,6066
199,19,6067
200,19,6068
201,19,6069
202,19,6070
203,19,6071
204,19,6072
205,19,6073
206,19,6074
207,19,6075
208,19,6076
209,19,6077
210,19,6078
211,19,6079
212,19,6080
213,19,6081
214,19,6082
215,19,6083
216,19,6084
217,19,6085
218,19,6086
219,19,6087
220,19,6088
221,19,6089
222,19,6090
223,19,6091
224,19,6092
225,19,6093
226,19,6094
227,19,6095
228,19,6096
229,19,6097
230,19,6098
231,19,6099
232,19,6100
233,19,6101
234,19,6102
235,19,6103
236,19,6104
237,19,6105
238,19,6106
239,19,6107
240,19,6108
241,19,6109
242,19,6110
243,19,6111
244,19,6112
245,19,6113
246,19,6114
247,19,6115
248,19,6116
249,19,6117
250,19,6118
251,19,6119
252,19,6120
253,19,6121
254,19,6122
255,19,6123
256,19,6124
257,19,6125
258,19,6126
259,19,6127
260,19,6128
261,19,6129
262,19,6130
263,19,6131
264,19,6132
265,19,6133
266,19,6134
267,19,6135
268,19,6136
269,19,6137
270,19,6138
271,19,6139
272,19,6140
273,19,6141
274,19,6142
275,19,6143
276,19,6144
277,19,6145
278,19,6146
279,19,6147
280,19,6148
281,19,6149
282,19,6150
283,19,6151
284,19,6152
285,19,6153
286,19,6154
287,19,6155
288,19,6156
289,19,6157
290,19,6158
291,19,6159
292,19,6160
293,19,6161
294,19,6162
295,19,6163
296,19,6164
297,19,6165
298,19,6166
299,19,6167
300,19,6168
301,19,6169
302,19,6170
303,19,6171
304,19,6172
305,19,6173
306,19,6174
307,19,6175
308,19,6176
309,19,6177
310,19,6178
311,19,6179
312,19,6180
313,19,6181
314,19,6182
315,19,6183
316,19,6184
317,19,6185
318,19,6186
319,19,6187
320,19,6188
321,19,6189
322,19,6190
323,19,6191
324,19,6192
325,19,6193
326,19,6194
1,20,6195
2,20,6196
3,20,6197
4,20,6198
5,20,6199
6,20,6200
7,20,6201
8,20,6202
9,20,6203
10,20,6204
11,20,6205
12,20,6206
13,20,6207
14,20,6208
15,20,6209
16,20,6210
17,20,6211
18,20,6212
19,20,6213
20,20,6214
21,20,6215
22,20,6216
23,20,6217
24,20,6218
25,20,6219
26,20,6220
27,20,6221
28,20,6222
29,20,6223
30,20,6224
31,20,6225
32,20,6226
33,20,6227
34,20,6228
35,20,6229
36,20,6230
37,20,6231
38,20,6232
39,20,6233
40,20,6234
41,20,6235
42,20,6236
43,20,6237
44,20,6238
45,20,6239
46,20,6240
47,20,6241
48,20,6242
49,20,6243
50,20,6244
51,20,6245
52,20,6246
53,20,6247
54,20,6248
55,20,6249
56,20,6250
57,20,6251
58,20,6252
59,20,6253
60,20,6254
61,20,6255
62,20,6256
63,20,6257
64,20,6258
65,20,6259
66,20,6260
67,20,6261
68,20,6262
69,20,6263
70,20,6264
71,20,6265
72,20,6266
73,20,6267
74,20,6268
75,20,6269
76,20,6270
77,20,6271
78,20,6272
79,20,6273
80,20,6274
81,20,6275
82,20,6276
83,20,6277
84,20,6278
85,20,6279
86,20,6280
87,20,6281
88,20,6282
89,20,6283
90,20,6284
91,20,6285
92,20,6286
93,20,6287
94,20,6288
95,20,6289
96,20,6290
97,20,6291
98,20,6292
99,20,6293
100,20,6294
101,20,6295
102,20,6296
103,20,6297
104,20,6298
105,20,6299
106,20,6300
107,20,6301
108,20,6302
109,20,6303
110,20,6304
111,20,6305
112,20,6306
113,20,6307
114,20,6308
115,20,6309
116,20,6310
117,20,6311
118,20,6312
119,20,6313
120,20,6314
121,20,6315
122,20,6316
123,20,6317
124,20,6318
125,20,6319
126,20,6320
127,20,6321
128,20,6322
129,20,6323
130,20,6324
131,20,6325
132,20,6326
133,20,6327
134,20,6328
135,20,6329
136,20,6330
137,20,6331
138,20,6332
139,20,6333
140,20,6334
141,20,6335
142,20,6336
143,20,6337
144,20,6338
145,20,6339
146,20,6340
147,20,6341
148,20,6342
149,20,6343
150,20,6344
151,20,6345
152,20,6346
153,20,6347
154,20,6348
155,20,6349
156,20,6350
157,20,6351
158,20,6352
159,20,6353
160,20,6354
161,20,6355
162,20,6356
163,20,6357
164,20,6358
165,20,6359
166,20,6360
167,20,6361
168,20,6362
169,20,6363
170,20,6364
171,20,6365
172,20,6366
173,20,6367
174,20,6368
175,20,6369
176,20,6370
177,20,6371
178,20,6372
179,20,6373
180,20,6374
181,20,6375
182,20,6376
183,20,6377
184,20,6378
185,20,6379
186,20,6380
187,20,6381
188,20,6382
189,20,6383
190,20,6384
191,20,6385
192,20,6386
193,20,6387
194,20,6388
195,20,6389
196,20,6390
197,20,6391
198,20,6392
199,20,6393
200,20,6394
201,20,6395
202,20,6396
203,20,6397
204,20,6398
205,20,6399
206,20,6400
207,20,6401
208,20,6402
209,20,6403
210,20,6404
211,20,6405
212,20,6406
213,20,6407
214,20,6408
215,20,6409
216,20,6410
217,20,6411
218,20,6412
219,20,6413
220,20,6414
221,20,6415
222,20,6416
223,20,6417
224,20,6418
225,20,6419
226,20,6420
227,20,6421
228,20,6422
229,20,6423
230,20,6424
231,20,6425
232,20,6426
233,20,6427
234,20,6428
235,20,6429
236,20,6430
237,20,6431
238,20,6432
239,20,6433
240,20,6434
241,20,6435
242,20,6436
243,20,6437
244,20,6438
245,20,6439
246,20,6440
247,20,6441
248,20,6442
249,20,6443
250,20,6444
251,20,6445
252,20,6446
253,20,6447
254,20,6448
255,20,6449
256,20,6450
257,20,6451
258,20,6452
259,20,6453
260,20,6454
261,20,6455
262,20,6456
263,20,6457
264,20,6458
265,20,6459
266,20,6460
267,20,6461
268,20,6462
269,20,6463
270,20,6464
271,20,6465
272,20,6466
273,20,6467
274,20,6468
275,20,6469
276,20,6470
277,20,6471
278,20,6472
279,20,6473
280,20,6474
281,20,6475
282,20,6476
283,20,6477
284,20,6478
285,20,6479
286,20,6480
287,20,6481
288,20,6482
289,20,6483
290,20,6484
291,20,6485
292,20,6486
293,20,6487
294,20,6488
295,20,6489
296,20,6490
297,20,6491
298,20,6492
299,20,6493
300,20,6494
301,20,6495
302,20,6496
303,20,6497
304,20,6498
305,20,6499
306,20,6500
307,20,6501
308,20,6502
309,20,6503
310,20,6504
311,20,6505
312,20,6506
313,20,6507
314,20,6508
315,20,6509
316,20,6510
317,20,6511
318,20,6512
319,20,6513
320,20,6514
321,20,6515
322,20,6516
323,20,6517
324,20,6518
325,20,6519
326,20,6520
1,21,6521
2,21,6522
3,21,6523
4,21,6524
5,21,6525
6,21,6526
7,21,6527
8,21,6528
9,21,6529
10,21,6530
11,21,6531
12,21,6532
13,21,6533
14,21,6534
15,21,6535
16,21,6536
17,21,6537
18,21,6538
19,21,6539
20,21,6540
21,21,6541
22,21,6542
23,21,6543
24,21,6544
25,21,6545
26,21,6546
27,21,6547
28,21,6548
29,21,6549
30,21,6550
31,21,6551
32,21,6552
33,21,6553
34,21,6554
35,21,6555
36,21,6556
37,21,6557
38,21,6558
39,21,6559
40,21,6560
41,21,6561
42,21,6562
43,21,6563
44,21,6564
45,21,6565
46,21,6566
47,21,6567
48,21,6568
49,21,6569
50,21,6570
51,21,6571
52,21,6572
53,21,6573
54,21,6574
55,21,6575
56,21,6576
57,21,6577
58,21,6578
59,21,6579
60,21,6580
61,21,6581
62,21,6582
63,21,6583
64,21,6584
65,21,6585
66,21,6586
67,21,6587
68,21,6588
69,21,6589
70,21,6590
71,21,6591
72,21,6592
73,21,6593
74,21,6594
75,21,6595
76,21,6596
77,21,6597
78,21,6598
79,21,6599
80,21,6600
81,21,6601
82,21,6602
83,21,6603
84,21,6604
85,21,6605
86,21,6606
87,21,6607
88,21,6608
89,21,6609
90,21,6610
91,21,6611
92,21,6612
93,21,6613
94,21,6614
95,21,6615
96,21,6616
97,21,6617
98,21,6618
99,21,6619
100,21,6620
101,21,6621
102,21,6622
103,21,6623
104,21,6624
105,21,6625
106,21,6626
107,21,6627
108,21,6628
109,21,6629
110,21,6630
111,21,6631
112,21,6632
113,21,6633
114,21,6634
115,21,6635
116,21,6636
117,21,6637
118,21,6638
119,21,6639
120,21,6640
121,21,6641
122,21,6642
123,21,6643
124,21,6644
125,21,6645
126,21,6646
127,21,6647
128,21,6648
129,21,6649
130,21,6650
131,21,6651
132,21,6652
133,21,6653
134,21,6654
135,21,6655
136,21,6656
137,21,6657
138,21,6658
139,21,6659
140,21,6660
141,21,6661
142,21,6662
143,21,6663
144,21,6664
145,21,6665
146,21,6666
147,21,6667
148,21,6668
149,21,6669
150,21,6670
151,21,6671
152,21,6672
153,21,6673
154,21,6674
155,21,6675
156,21,6676
157,21,6677
158,21,6678
159,21,6679
160,21,6680
161,21,6681
162,21,6682
163,21,6683
164,21,6684
165,21,6685
166,21,6686
167,21,6687
168,21,6688
169,21,6689
170,21,6690
171,21,6691
172,21,6692
173,21,6693
174,21,6694
175,21,6695
176,21,6696
177,21,6697
178,21,6698
179,21,6699
180,21,6700
181,21,6701
182,21,6702
183,21,6703
184,21,6704
185,21,6705
186,21,6706
187,21,6707
188,21,6708
189,21,6709
190,21,6710
191,21,6711
192,21,6712
193,21,6713
194,21,6714
195,21,6715
196,21,6716
197,21,6717
198,21,6718
199,21,6719
200,21,6720
201,21,6721
202,21,6722
203,21,6723
204,21,6724
205,21,6725
206,21,6726
207,21,6727
208,21,6728
209,21,6729
210,21,6730
211,21,6731
212,21,6732
213,21,6733
214,21,6734
215,21,6735
216,21,6736
217,21,6737
218,21,6738
219,21,6739
220,21,6740
221,21,6741
222,21,6742
223,21,6743
224,21,6744
225,21,6745
226,21,6746
227,21,6747
228,21,6748
229,21,6749
230,21,6750
231,21,6751
232,21,6752
233,21,6753
234,21,6754
235,21,6755
236,21,6756
237,21,6757
238,21,6758
239,21,6759
240,21,6760
241,21,6761
242,21,6762
243,21,6763
244,21,6764
245,21,6765
246,21,6766
247,21,6767
248,21,6768
249,21,6769
250,21,6770
251,21,6771
252,21,6772
253,21,6773
254,21,6774
255,21,6775
256,21,6776
257,21,6777
258,21,6778
259,21,6779
260,21,6780
261,21,6781
262,21,6782
263,21,6783
264,21,6784
265,21,6785
266,21,6786
267,21,6787
268,21,6788
269,21,6789
270,21,6790
271,21,6791
272,21,6792
273,21,6793
274,21,6794
275,21,6795
276,21,6796
277,21,6797
278,21,6798
279,21,6799
280,21,6800
281,21,6801
282,21,6802
283,21,6803
284,21,6804
285,21,6805
286,21,6806
287,21,6807
288,21,6808
289,21,6809
290,21,6810
291,21,6811
292,21,6812
293,21,6813
294,21,6814
295,21,6815
296,21,6816
297,21,6817
298,21,6818
299,21,6819
300,21,6820
301,21,6821
302,21,6822
303,21,6823
304,21,6824
305,21,6825
306,21,6826
307,21,6827
308,21,6828
309,21,6829
310,21,6830
311,21,6831
312,21,6832
313,21,6833
314,21,6834
315,21,6835
316,21,6836
317,21,6837
318,21,6838
319,21,6839
320,21,6840
321,21,6841
322,21,6842
323,21,6843
324,21,6844
325,21,6845
326,21,6846
1,22,6847
2,22,6848
3,22,6849
4,22,6850
5,22,6851
6,22,6852
7,22,6853
8,22,6854
9,22,6855
10,22,6856
11,22,6857
12,22,6858
13,22,6859
14,22,6860
15,22,6861
16,22,6862
17,22,6863
18,22,6864
19,22,6865
20,22,6866
21,22,6867
22,22,6868
23,22,6869
24,22,6870
25,22,6871
26,22,6872
27,22,6873
28,22,6874
29,22,6875
30,22,6876
31,22,6877
32,22,6878
33,22,6879
34,22,6880
35,22,6881
36,22,6882
37,22,6883
38,22,6884
39,22,6885
40,22,6886
41,22,6887
42,22,6888
43,22,6889
44,22,6890
45,22,6891
46,22,6892
47,22,6893
48,22,6894
49,22,6895
50,22,6896
51,22,6897
52,22,6898
53,22,6899
54,22,6900
55,22,6901
56,22,6902
57,22,6903
58,22,6904
59,22,6905
60,22,6906
61,22,6907
62,22,6908
63,22,6909
64,22,6910
65,22,6911
66,22,6912
67,22,6913
68,22,6914
69,22,6915
70,22,6916
71,22,6917
72,22,6918
73,22,6919
74,22,6920
75,22,6921
76,22,6922
77,22,6923
78,22,6924
79,22,6925
80,22,6926
81,22,6927
82,22,6928
83,22,6929
84,22,6930
85,22,6931
86,22,6932
87,22,6933
88,22,6934
89,22,6935
90,22,6936
91,22,6937
92,22,6938
93,22,6939
94,22,6940
95,22,6941
96,22,6942
97,22,6943
98,22,6944
99,22,6945
100,22,6946
101,22,6947
102,22,6948
103,22,6949
104,22,6950
105,22,6951
106,22,6952
107,22,6953
108,22,6954
109,22,6955
110,22,6956
111,22,6957
112,22,6958
113,22,6959
114,22,6960
115,22,6961
116,22,6962
117,22,6963
118,22,6964
119,22,6965
120,22,6966
121,22,6967
122,22,6968
123,22,6969
124,22,6970
125,22,6971
126,22,6972
127,22,6973
128,22,6974
129,22,6975
130,22,6976
131,22,6977
132,22,6978
133,22,6979
134,22,6980
135,22,6981
136,22,6982
137,22,6983
138,22,6984
139,22,6985
140,22,6986
141,22,6987
142,22,6988
143,22,6989
144,22,6990
145,22,6991
146,22,6992
147,22,6993
148,22,6994
149,22,6995
150,22,6996
151,22,6997
152,22,6998
153,22,6999
154,22,7000
155,22,7001
156,22,7002
157,22,7003
158,22,7004
159,22,7005
160,22,7006
161,22,7007
162,22,7008
163,22,7009
164,22,7010
165,22,7011
166,22,7012
167,22,7013
168,22,7014
169,22,7015
170,22,7016
171,22,7017
172,22,7018
173,22,7019
174,22,7020
175,22,7021
176,22,7022
177,22,7023
178,22,7024
179,22,7025
180,22,7026
181,22,7027
182,22,7028
183,22,7029
184,22,7030
185,22,7031
186,22,7032
187,22,7033
188,22,7034
189,22,7035
190,22,7036
191,22,7037
192,22,7038
193,22,7039
194,22,7040
195,22,7041
196,22,7042
197,22,7043
198,22,7044
199,22,7045
200,22,7046
201,22,7047
202,22,7048
203,22,7049
204,22,7050
205,22,7051
206,22,7052
207,22,7053
208,22,7054
209,22,7055
210,22,7056
211,22,7057
212,22,7058
213,22,7059
214,22,7060
215,22,7061
216,22,7062
217,22,7063
218,22,7064
219,22,7065
220,22,7066
221,22,7067
222,22,7068
223,22,7069
224,22,7070
225,22,7071
226,22,7072
227,22,7073
228,22,7074
229,22,7075
230,22,7076
231,22,7077
232,22,7078
233,22,7079
234,22,7080
235,22,7081
236,22,7082
237,22,7083
238,22,7084
239,22,7085
240,22,7086
241,22,7087
242,22,7088
243,22,7089
244,22,7090
245,22,7091
246,22,7092
247,22,7093
248,22,7094
249,22,7095
250,22,7096
251,22,7097
252,22,7098
253,22,7099
254,22,7100
255,22,7101
256,22,7102
257,22,7103
258,22,7104
259,22,7105
260,22,7106
261,22,7107
262,22,7108
263,22,7109
264,22,7110
265,22,7111
266,22,7112
267,22,7113
268,22,7114
269,22,7115
270,22,7116
271,22,7117
272,22,7118
273,22,7119
274,22,7120
275,22,7121
276,22,7122
277,22,7123
278,22,7124
279,22,7125
280,22,7126
281,22,7127
282,22,7128
283,22,7129
284,22,7130
285,22,7131
286,22,7132
287,22,7133
288,22,7134
289,22,7135
290,22,7136
291,22,7137
292,22,7138
293,22,7139
294,22,7140
295,22,7141
296,22,7142
297,22,7143
298,22,7144
299,22,7145
300,22,7146
301,22,7147
302,22,7148
303,22,7149
304,22,7150
305,22,7151
306,22,7152
307,22,7153
308,22,7154
309,22,7155
310,22,7156
311,22,7157
312,22,7158
313,22,7159
314,22,7160
315,22,7161
316,22,7162
317,22,7163
318,22,7164
319,22,7165
320,22,7166
321,22,7167
322,22,7168
323,22,7169
324,22,7170
325,22,7171
326,22,7172
1,23,7173
2,23,7174
3,23,7175
4,23,7176
5,23,7177
6,23,7178
7,23,7179
8,23,7180
9,23,7181
10,23,7182
11,23,7183
12,23,7184
13,23,7185
14,23,7186
15,23,7187
16,23,7188
17,23,7189
18,23,7190
19,23,7191
20,23,7192
21,23,7193
22,23,7194
23,23,7195
24,23,7196
25,23,7197
26,23,7198
27,23,7199
28,23,7200
29,23,7201
30,23,7202
31,23,7203
32,23,7204
33,23,7205
34,23,7206
35,23,7207
36,23,7208
37,23,7209
38,23,7210
39,23,7211
40,23,7212
41,23,7213
42,23,7214
43,23,7215
44,23,7216
45,23,7217
46,23,7218
47,23,7219
48,23,7220
49,23,7221
50,23,7222
51,23,7223
52,23,7224
53,23,7225
54,23,7226
55,23,7227
56,23,7228
57,23,7229
58,23,7230
59,23,7231
60,23,7232
61,23,7233
62,23,7234
63,23,7235
64,23,7236
65,23,7237
66,23,7238
67,23,7239
68,23,7240
69,23,7241
70,23,7242
71,23,7243
72,23,7244
73,23,7245
74,23,7246
75,23,7247
76,23,7248
77,23,7249
78,23,7250
79,23,7251
80,23,7252
81,23,7253
82,23,7254
83,23,7255
84,23,7256
85,23,7257
86,23,7258
87,23,7259
88,23,7260
89,23,7261
90,23,7262
91,23,7263
92,23,7264
93,23,7265
94,23,7266
95,23,7267
96,23,7268
97,23,7269
98,23,7270
99,23,7271
100,23,7272
101,23,7273
102,23,7274
103,23,7275
104,23,7276
105,23,7277
106,23,7278
107,23,7279
108,23,7280
109,23,7281
110,23,7282
111,23,7283
112,23,7284
113,23,7285
114,23,7286
115,23,7287
116,23,7288
117,23,7289
118,23,7290
119,23,7291
120,23,7292
121,23,7293
122,23,7294
123,23,7295
124,23,7296
125,23,7297
126,23,7298
127,23,7299
128,23,7300
129,23,7301
130,23,7302
131,23,7303
132,23,7304
133,23,7305
134,23,7306
135,23,7307
136,23,7308
137,23,7309
138,23,7310
139,23,7311
140,23,7312
141,23,7313
142,23,7314
143,23,7315
144,23,7316
145,23,7317
146,23,7318
147,23,7319
148,23,7320
149,23,7321
150,23,7322
151,23,7323
152,23,7324
153,23,7325
154,23,7326
155,23,7327
156,23,7328
157,23,7329
158,23,7330
159,23,7331
160,23,7332
161,23,7333
162,23,7334
163,23,7335
164,23,7336
165,23,7337
166,23,7338
167,23,7339
168,23,7340
169,23,7341
170,23,7342
171,23,7343
172,23,7344
173,23,7345
174,23,7346
175,23,7347
176,23,7348
177,23,7349
178,23,7350
179,23,7351
180,23,7352
181,23,7353
182,23,7354
183,23,7355
184,23,7356
185,23,7357
186,23,7358
187,23,7359
188,23,7360
189,23,7361
190,23,7362
191,23,7363
192,23,7364
193,23,7365
194,23,7366
195,23,7367
196,23,7368
197,23,7369
198,23,7370
199,23,7371
200,23,7372
201,23,7373
202,23,7374
203,23,7375
204,23,7376
205,23,7377
206,23,7378
207,23,7379
208,23,7380
209,23,7381
210,23,7382
211,23,7383
212,23,7384
213,23,7385
214,23,7386
215,23,7387
216,23,7388
217,23,7389
218,23,7390
219,23,7391
220,23,7392
221,23,7393
222,23,7394
223,23,7395
224,23,7396
225,23,7397
226,23,7398
227,23,7399
228,23,7400
229,23,7401
230,23,7402
231,23,7403
232,23,7404
233,23,7405
234,23,7406
235,23,7407
236,23,7408
237,23,7409
238,23,7410
239,23,7411
240,23,7412
241,23,7413
242,23,7414
243,23,7415
244,23,7416
245,23,7417
246,23,7418
247,23,7419
248,23,7420
249,23,7421
250,23,7422
251,23,7423
252,23,7424
253,23,7425
254,23,7426
255,23,7427
256,23,7428
257,23,7429
258,23,7430
259,23,7431
260,23,7432
261,23,7433
262,23,7434
263,23,7435
264,23,7436
265,23,7437
266,23,7438
267,23,7439
268,23,7440
269,23,7441
270,23,7442
271,23,7443
272,23,7444
273,23,7445
274,23,7446
275,23,7447
276,23,7448
277,23,7449
278,23,7450
279,23,7451
280,23,7452
281,23,7453
282,23,7454
283,23,7455
284,23,7456
285,23,7457
286,23,7458
287,23,7459
288,23,7460
289,23,7461
290,23,7462
291,23,7463
292,23,7464
293,23,7465
294,23,7466
295,23,7467
296,23,7468
297,23,7469
298,23,7470
299,23,7471
300,23,7472
301,23,7473
302,23,7474
303,23,7475
304,23,7476
305,23,7477
306,23,7478
307,23,7479
308,23,7480
309,23,7481
310,23,7482
311,23,7483
312,23,7484
313,23,7485
314,23,7486
315,23,7487
316,23,7488
317,23,7489
318,23,7490
319,23,7491
320,23,7492
321,23,7493
322,23,7494
323,23,7495
324,23,7496
325,23,7497
326,23,7498
1,24,7499
2,24,7500
3,24,7501
4,24,7502
5,24,7503
6,24,7504
7,24,7505
8,24,7506
9,24,7507
10,24,7508
11,24,7509
12,24,7510
13,24,7511
14,24,7512
15,24,7513
16,24,7514
17,24,7515
18,24,7516
19,24,7517
20,24,7518
21,24,7519
22,24,7520
23,24,7521
24,24,7522
25,24,7523
26,24,7524
27,24,7525
28,24,7526
29,24,7527
30,24,7528
31,24,7529
32,24,7530
33,24,7531
34,24,7532
35,24,7533
36,24,7534
37,24,7535
38,24,7536
39,24,7537
40,24,7538
41,24,7539
42,24,7540
43,24,7541
44,24,7542
45,24,7543
46,24,7544
47,24,7545
48,24,7546
49,24,7547
50,24,7548
51,24,7549
52,24,7550
53,24,7551
54,24,7552
55,24,7553
56,24,7554
57,24,7555
58,24,7556
59,24,7557
60,24,7558
61,24,7559
62,24,7560
63,24,7561
64,24,7562
65,24,7563
66,24,7564
67,24,7565
68,24,7566
69,24,7567
70,24,7568
71,24,7569
72,24,7570
73,24,7571
74,24,7572
75,24,7573
76,24,7574
77,24,7575
78,24,7576
79,24,7577
80,24,7578
81,24,7579
82,24,7580
83,24,7581
84,24,7582
85,24,7583
86,24,7584
87,24,7585
88,24,7586
89,24,7587
90,24,7588
91,24,7589
92,24,7590
93,24,7591
94,24,7592
95,24,7593
96,24,7594
97,24,7595
98,24,7596
99,24,7597
100,24,7598
101,24,7599
102,24,7600
103,24,7601
104,24,7602
105,24,7603
106,24,7604
107,24,7605
108,24,7606
109,24,7607
110,24,7608
111,24,7609
112,24,7610
113,24,7611
114,24,7612
115,24,7613
116,24,7614
117,24,7615
118,24,7616
119,24,7617
120,24,7618
121,24,7619
122,24,7620
123,24,7621
124,24,7622
125,24,7623
126,24,7624
127,24,7625
128,24,7626
129,24,7627
130,24,7628
131,24,7629
132,24,7630
133,24,7631
134,24,7632
135,24,7633
136,24,7634
137,24,7635
138,24,7636
139,24,7637
140,24,7638
141,24,7639
142,24,7640
143,24,7641
144,24,7642
145,24,7643
146,24,7644
147,24,7645
148,24,7646
149,24,7647
150,24,7648
151,24,7649
152,24,7650
153,24,7651
154,24,7652
155,24,7653
156,24,7654
157,24,7655
158,24,7656
159,24,7657
160,24,7658
161,24,7659
162,24,7660
163,24,7661
164,24,7662
165,24,7663
166,24,7664
167,24,7665
168,24,7666
169,24,7667
170,24,7668
171,24,7669
172,24,7670
173,24,7671
174,24,7672
175,24,7673
176,24,7674
177,24,7675
178,24,7676
179,24,7677
180,24,7678
181,24,7679
182,24,7680
183,24,7681
184,24,7682
185,24,7683
186,24,7684
187,24,7685
188,24,7686
189,24,7687
190,24,7688
191,24,7689
192,24,7690
193,24,7691
194,24,7692
195,24,7693
196,24,7694
197,24,7695
198,24,7696
199,24,7697
200,24,7698
201,24,7699
202,24,7700
203,24,7701
204,24,7702
205,24,7703
206,24,7704
207,24,7705
208,24,7706
209,24,7707
210,24,7708
211,24,7709
212,24,7710
213,24,7711
214,24,7712
215,24,7713
216,24,7714
217,24,7715
218,24,7716
219,24,7717
220,24,7718
221,24,7719
222,24,7720
223,24,7721
224,24,7722
225,24,7723
226,24,7724
227,24,7725
228,24,7726
229,24,7727
230,24,7728
231,24,7729
232,24,7730
233,24,7731
234,24,7732
235,24,7733
236,24,7734
237,24,7735
238,24,7736
239,24,7737
240,24,7738
241,24,7739
242,24,7740
243,24,7741
244,24,7742
245,24,7743
246,24,7744
247,24,7745
248,24,7746
249,24,7747
250,24,7748
251,24,7749
252,24,7750
253,24,7751
254,24,7752
255,24,7753
256,24,7754
257,24,7755
258,24,7756
259,24,7757
260,24,7758
261,24,7759
262,24,7760
263,24,7761
264,24,7762
265,24,7763
266,24,7764
267,24,7765
268,24,7766
269,24,7767
270,24,7768
271,24,7769
272,24,7770
273,24,7771
274,24,7772
275,24,7773
276,24,7774
277,24,7775
278,24,7776
279,24,7777
280,24,7778
281,24,7779
282,24,7780
283,24,7781
284,24,7782
285,24,7783
286,24,7784
287,24,7785
288,24,7786
289,24,7787
290,24,7788
291,24,7789
292,24,7790
293,24,7791
294,24,7792
295,24,7793
296,24,7794
297,24,7795
298,24,7796
299,24,7797
300,24,7798
301,24,7799
302,24,7800
303,24,7801
304,24,7802
305,24,7803
306,24,7804
307,24,7805
308,24,7806
309,24,7807
310,24,7808
311,24,7809
312,24,7810
313,24,7811
314,24,7812
315,24,7813
316,24,7814
317,24,7815
318,24,7816
319,24,7817
320,24,7818
321,24,7819
322,24,7820
323,24,7821
324,24,7822
325,24,7823
326,24,7824
1,25,7825
2,25,7826
3,25,7827
4,25,7828
5,25,7829
6,25,7830
7,25,7831
8,25,7832
9,25,7833
10,25,7834
11,25,7835
12,25,7836
13,25,7837
14,25,7838
15,25,7839
16,25,7840
17,25,7841
18,25,7842
19,25,7843
20,25,7844
21,25,7845
22,25,7846
23,25,7847
24,25,7848
25,25,7849
26,25,7850
27,25,7851
28,25,7852
29,25,7853
30,25,7854
31,25,7855
32,25,7856
33,25,7857
34,25,7858
35,25,7859
36,25,7860
37,25,7861
38,25,7862
39,25,7863
40,25,7864
41,25,7865
42,25,7866
43,25,7867
44,25,7868
45,25,7869
46,25,7870
47,25,7871
48,25,7872
49,25,7873
50,25,7874
51,25,7875
52,25,7876
53,25,7877
54,25,7878
55,25,7879
56,25,7880
57,25,7881
58,25,7882
59,25,7883
60,25,7884
61,25,7885
62,25,7886
63,25,7887
64,25,7888
65,25,7889
66,25,7890
67,25,7891
68,25,7892
69,25,7893
70,25,7894
71,25,7895
72,25,7896
73,25,7897
74,25,7898
75,25,7899
76,25,7900
77,25,7901
78,25,7902
79,25,7903
80,25,7904
81,25,7905
82,25,7906
83,25,7907
84,25,7908
85,25,7909
86,25,7910
87,25,7911
88,25,7912
89,25,7913
90,25,7914
91,25,7915
92,25,7916
93,25,7917
94,25,7918
95,25,7919
96,25,7920
97,25,7921
98,25,7922
99,25,7923
100,25,7924
101,25,7925
102,25,7926
103,25,7927
104,25,7928
105,25,7929
106,25,7930
107,25,7931
108,25,7932
109,25,7933
110,25,7934
111,25,7935
112,25,7936
113,25,7937
114,25,7938
115,25,7939
116,25,7940
117,25,7941
118,25,7942
119,25,7943
120,25,7944
121,25,7945
122,25,7946
123,25,7947
124,25,7948
125,25,7949
126,25,7950
127,25,7951
128,25,7952
129,25,7953
130,25,7954
131,25,7955
132,25,7956
133,25,7957
134,25,7958
135,25,7959
136,25,7960
137,25,7961
138,25,7962
139,25,7963
140,25,7964
141,25,7965
142,25,7966
143,25,7967
144,25,7968
145,25,7969
146,25,7970
147,25,7971
148,25,7972
149,25,7973
150,25,7974
151,25,7975
152,25,7976
153,25,7977
154,25,7978
155,25,7979
156,25,7980
157,25,7981
158,25,7982
159,25,7983
160,25,7984
161,25,7985
162,25,7986
163,25,7987
164,25,7988
165,25,7989
166,25,7990
167,25,7991
168,25,7992
169,25,7993
170,25,7994
171,25,7995
172,25,7996
173,25,7997
174,25,7998
175,25,7999
176,25,8000
177,25,8001
178,25,8002
179,25,8003
180,25,8004
181,25,8005
182,25,8006
183,25,8007
184,25,8008
185,25,8009
186,25,8010
187,25,8011
188,25,8012
189,25,8013
190,25,8014
191,25,8015
192,25,8016
193,25,8017
194,25,8018
195,25,8019
196,25,8020
197,25,8021
198,25,8022
199,25,8023
200,25,8024
201,25,8025
202,25,8026
203,25,8027
204,25,8028
205,25,8029
206,25,8030
207,25,8031
208,25,8032
209,25,8033
210,25,8034
211,25,8035
212,25,8036
213,25,8037
214,25,8038
215,25,8039
216,25,8040
217,25,8041
218,25,8042
219,25,8043
220,25,8044
221,25,8045
222,25,8046
223,25,8047
224,25,8048
225,25,8049
226,25,8050
227,25,8051
228,25,8052
229,25,8053
230,25,8054
231,25,8055
232,25,8056
233,25,8057
234,25,8058
235,25,8059
236,25,8060
237,25,8061
238,25,8062
239,25,8063
240,25,8064
241,25,8065
242,25,8066
243,25,8067
244,25,8068
245,25,8069
246,25,8070
247,25,8071
248,25,8072
249,25,8073
250,25,8074
251,25,8075
252,25,8076
253,25,8077
254,25,8078
255,25,8079
256,25,8080
257,25,8081
258,25,8082
259,25,8083
260,25,8084
261,25,8085
262,25,8086
263,25,8087
264,25,8088
265,25,8089
266,25,8090
267,25,8091
268,25,8092
269,25,8093
270,25,8094
271,25,8095
272,25,8096
273,25,8097
274,25,8098
275,25,8099
276,25,8100
277,25,8101
278,25,8102
279,25,8103
280,25,8104
281,25,8105
282,25,8106
283,25,8107
284,25,8108
285,25,8109
286,25,8110
287,25,8111
288,25,8112
289,25,8113
290,25,8114
291,25,8115
292,25,8116
293,25,8117
294,25,8118
295,25,8119
296,25,8120
297,25,8121
298,25,8122
299,25,8123
300,25,8124
301,25,8125
302,25,8126
303,25,8127
304,25,8128
305,25,8129
306,25,8130
307,25,8131
308,25,8132
309,25,8133
310,25,8134
311,25,8135
312,25,8136
313,25,8137
314,25,8138
315,25,8139
316,25,8140
317,25,8141
318,25,8142
319,25,8143
320,25,8144
321,25,8145
322,25,8146
323,25,8147
324,25,8148
325,25,8149
326,25,8150
1,26,8151
2,26,8152
3,26,8153
4,26,8154
5,26,8155
6,26,8156
7,26,8157
8,26,8158
9,26,8159
10,26,8160
11,26,8161
12,26,8162
13,26,8163
14,26,8164
15,26,8165
16,26,8166
17,26,8167
18,26,8168
19,26,8169
20,26,8170
21,26,8171
22,26,8172
23,26,8173
24,26,8174
25,26,8175
26,26,8176
27,26,8177
28,26,8178
29,26,8179
30,26,8180
31,26,8181
32,26,8182
33,26,8183
34,26,8184
35,26,8185
36,26,8186
37,26,8187
38,26,8188
39,26,8189
40,26,8190
41,26,8191
42,26,8192
43,26,8193
44,26,8194
45,26,8195
46,26,8196
47,26,8197
48,26,8198
49,26,8199
50,26,8200
51,26,8201
52,26,8202
53,26,8203
54,26,8204
55,26,8205
56,26,8206
57,26,8207
58,26,8208
59,26,8209
60,26,8210
61,26,8211
62,26,8212
63,26,8213
64,26,8214
65,26,8215
66,26,8216
67,26,8217
68,26,8218
69,26,8219
70,26,8220
71,26,8221
72,26,8222
73,26,8223
74,26,8224
75,26,8225
76,26,8226
77,26,8227
78,26,8228
79,26,8229
80,26,8230
81,26,8231
82,26,8232
83,26,8233
84,26,8234
85,26,8235
86,26,8236
87,26,8237
88,26,8238
89,26,8239
90,26,8240
91,26,8241
92,26,8242
93,26,8243
94,26,8244
95,26,8245
96,26,8246
97,26,8247
98,26,8248
99,26,8249
100,26,8250
101,26,8251
102,26,8252
103,26,8253
104,26,8254
105,26,8255
106,26,8256
107,26,8257
108,26,8258
109,26,8259
110,26,8260
111,26,8261
112,26,8262
113,26,8263
114,26,8264
115,26,8265
116,26,8266
117,26,8267
118,26,8268
119,26,8269
120,26,8270
121,26,8271
122,26,8272
123,26,8273
124,26,8274
125,26,8275
126,26,8276
127,26,8277
128,26,8278
129,26,8279
130,26,8280
131,26,8281
132,26,8282
133,26,8283
134,26,8284
135,26,8285
136,26,8286
137,26,8287
138,26,8288
139,26,8289
140,26,8290
141,26,8291
142,26,8292
143,26,8293
144,26,8294
145,26,8295
146,26,8296
147,26,8297
148,26,8298
149,26,8299
150,26,8300
151,26,8301
152,26,8302
153,26,8303
154,26,8304
155,26,8305
156,26,8306
157,26,8307
158,26,8308
159,26,8309
160,26,8310
161,26,8311
162,26,8312
163,26,8313
164,26,8314
165,26,8315
166,26,8316
167,26,8317
168,26,8318
169,26,8319
170,26,8320
171,26,8321
172,26,8322
173,26,8323
174,26,8324
175,26,8325
176,26,8326
177,26,8327
178,26,8328
179,26,8329
180,26,8330
181,26,8331
182,26,8332
183,26,8333
184,26,8334
185,26,8335
186,26,8336
187,26,8337
188,26,8338
189,26,8339
190,26,8340
191,26,8341
192,26,8342
193,26,8343
194,26,8344
195,26,8345
196,26,8346
197,26,8347
198,26,8348
199,26,8349
200,26,8350
201,26,8351
202,26,8352
203,26,8353
204,26,8354
205,26,8355
206,26,8356
207,26,8357
208,26,8358
209,26,8359
210,26,8360
211,26,8361
212,26,8362
213,26,8363
214,26,8364
215,26,8365
216,26,8366
217,26,8367
218,26,8368
219,26,8369
220,26,8370
221,26,8371
222,26,8372
223,26,8373
224,26,8374
225,26,8375
226,26,8376
227,26,8377
228,26,8378
229,26,8379
230,26,8380
231,26,8381
232,26,8382
233,26,8383
234,26,8384
235,26,8385
236,26,8386
237,26,8387
238,26,8388
239,26,8389
240,26,8390
241,26,8391
242,26,8392
243,26,8393
244,26,8394
245,26,8395
246,26,8396
247,26,8397
248,26,8398
249,26,8399
250,26,8400
251,26,8401
252,26,8402
253,26,8403
254,26,8404
255,26,8405
256,26,8406
257,26,8407
258,26,8408
259,26,8409
260,26,8410
261,26,8411
262,26,8412
263,26,8413
264,26,8414
265,26,8415
266,26,8416
267,26,8417
268,26,8418
269,26,8419
270,26,8420
271,26,8421
272,26,8422
273,26,8423
274,26,8424
275,26,8425
276,26,8426
277,26,8427
278,26,8428
279,26,8429
280,26,8430
281,26,8431
282,26,8432
283,26,8433
284,26,8434
285,26,8435
286,26,8436
287,26,8437
288,26,8438
289,26,8439
290,26,8440
291,26,8441
292,26,8442
293,26,8443
294,26,8444
295,26,8445
296,26,8446
297,26,8447
298,26,8448
299,26,8449
300,26,8450
301,26,8451
302,26,8452
303,26,8453
304,26,8454
305,26,8455
306,26,8456
307,26,8457
308,26,8458
309,26,8459
310,26,8460
311,26,8461
312,26,8462
313,26,8463
314,26,8464
315,26,8465
316,26,8466
317,26,8467
318,26,8468
319,26,8469
320,26,8470
321,26,8471
322,26,8472
323,26,8473
324,26,8474
325,26,8475
326,26,8476
1,27,8477
2,27,8478
3,27,8479
4,27,8480
5,27,8481
6,27,8482
7,27,8483
8,27,8484
9,27,8485
10,27,8486
11,27,8487
12,27,8488
13,27,8489
14,27,8490
15,27,8491
16,27,8492
17,27,8493
18,27,8494
19,27,8495
20,27,8496
21,27,8497
22,27,8498
23,27,8499
24,27,8500
25,27,8501
26,27,8502
27,27,8503
28,27,8504
29,27,8505
30,27,8506
31,27,8507
32,27,8508
33,27,8509
34,27,8510
35,27,8511
36,27,8512
37,27,8513
38,27,8514
39,27,8515
40,27,8516
41,27,8517
42,27,8518
43,27,8519
44,27,8520
45,27,8521
46,27,8522
47,27,8523
48,27,8524
49,27,8525
50,27,8526
51,27,8527
52,27,8528
53,27,8529
54,27,8530
55,27,8531
56,27,8532
57,27,8533
58,27,8534
59,27,8535
60,27,8536
61,27,8537
62,27,8538
63,27,8539
64,27,8540
65,27,8541
66,27,8542
67,27,8543
68,27,8544
69,27,8545
70,27,8546
71,27,8547
72,27,8548
73,27,8549
74,27,8550
75,27,8551
76,27,8552
77,27,8553
78,27,8554
79,27,8555
80,27,8556
81,27,8557
82,27,8558
83,27,8559
84,27,8560
85,27,8561
86,27,8562
87,27,8563
88,27,8564
89,27,8565
90,27,8566
91,27,8567
92,27,8568
93,27,8569
94,27,8570
95,27,8571
96,27,8572
97,27,8573
98,27,8574
99,27,8575
100,27,8576
101,27,8577
102,27,8578
103,27,8579
104,27,8580
105,27,8581
106,27,8582
107,27,8583
108,27,8584
109,27,8585
110,27,8586
111,27,8587
112,27,8588
113,27,8589
114,27,8590
115,27,8591
116,27,8592
117,27,8593
118,27,8594
119,27,8595
120,27,8596
121,27,8597
122,27,8598
123,27,8599
124,27,8600
125,27,8601
126,27,8602
127,27,8603
128,27,8604
129,27,8605
130,27,8606
131,27,8607
132,27,8608
133,27,8609
134,27,8610
135,27,8611
136,27,8612
137,27,8613
138,27,8614
139,27,8615
140,27,8616
141,27,8617
142,27,8618
143,27,8619
144,27,8620
145,27,8621
146,27,8622
147,27,8623
148,27,8624
149,27,8625
150,27,8626
151,27,8627
152,27,8628
153,27,8629
154,27,8630
155,27,8631
156,27,8632
157,27,8633
158,27,8634
159,27,8635
160,27,8636
161,27,8637
162,27,8638
163,27,8639
164,27,8640
165,27,8641
166,27,8642
167,27,8643
168,27,8644
169,27,8645
170,27,8646
171,27,8647
172,27,8648
173,27,8649
174,27,8650
175,27,8651
176,27,8652
177,27,8653
178,27,8654
179,27,8655
180,27,8656
181,27,8657
182,27,8658
183,27,8659
184,27,8660
185,27,8661
186,27,8662
187,27,8663
188,27,8664
189,27,8665
190,27,8666
191,27,8667
192,27,8668
193,27,8669
194,27,8670
195,27,8671
196,27,8672
197,27,8673
198,27,8674
199,27,8675
200,27,8676
201,27,8677
202,27,8678
203,27,8679
204,27,8680
205,27,8681
206,27,8682
207,27,8683
208,27,8684
209,27,8685
210,27,8686
211,27,8687
212,27,8688
213,27,8689
214,27,8690
215,27,8691
216,27,8692
217,27,8693
218,27,8694
219,27,8695
220,27,8696
221,27,8697
222,27,8698
223,27,8699
224,27,8700
225,27,8701
226,27,8702
227,27,8703
228,27,8704
229,27,8705
230,27,8706
231,27,8707
232,27,8708
233,27,8709
234,27,8710
235,27,8711
236,27,8712
237,27,8713
238,27,8714
239,27,8715
240,27,8716
241,27,8717
242,27,8718
243,27,8719
244,27,8720
245,27,8721
246,27,8722
247,27,8723
248,27,8724
249,27,8725
250,27,8726
251,27,8727
252,27,8728
253,27,8729
254,27,8730
255,27,8731
256,27,8732
257,27,8733
258,27,8734
259,27,8735
260,27,8736
261,27,8737
262,27,8738
263,27,8739
264,27,8740
265,27,8741
266,27,8742
267,27,8743
268,27,8744
269,27,8745
270,27,8746
271,27,8747
272,27,8748
273,27,8749
274,27,8750
275,27,8751
276,27,8752
277,27,8753
278,27,8754
279,27,8755
280,27,8756
281,27,8757
282,27,8758
283,27,8759
284,27,8760
285,27,8761
286,27,8762
287,27,8763
288,27,8764
289,27,8765
290,27,8766
291,27,8767
292,27,8768
293,27,8769
294,27,8770
295,27,8771
296,27,8772
297,27,8773
298,27,8774
299,27,8775
300,27,8776
301,27,8777
302,27,8778
303,27,8779
304,27,8780
305,27,8781
306,27,8782
307,27,8783
308,27,8784
309,27,8785
310,27,8786
311,27,8787
312,27,8788
313,27,8789
314,27,8790
315,27,8791
316,27,8792
317,27,8793
318,27,8794
319,27,8795
320,27,8796
321,27,8797
322,27,8798
323,27,8799
324,27,8800
325,27,8801
326,27,8802
1,28,8803
2,28,8804
3,28,8805
4,28,8806
5,28,8807
6,28,8808
7,28,8809
8,28,8810
9,28,8811
10,28,8812
11,28,8813
12,28,8814
13,28,8815
14,28,8816
15,28,8817
16,28,8818
17,28,8819
18,28,8820
19,28,8821
20,28,8822
21,28,8823
22,28,8824
23,28,8825
24,28,8826
25,28,8827
26,28,8828
27,28,8829
28,28,8830
29,28,8831
30,28,8832
31,28,8833
32,28,8834
33,28,8835
34,28,8836
35,28,8837
36,28,8838
37,28,8839
38,28,8840
39,28,8841
40,28,8842
41,28,8843
42,28,8844
43,28,8845
44,28,8846
45,28,8847
46,28,8848
47,28,8849
48,28,8850
49,28,8851
50,28,8852
51,28,8853
52,28,8854
53,28,8855
54,28,8856
55,28,8857
56,28,8858
57,28,8859
58,28,8860
59,28,8861
60,28,8862
61,28,8863
62,28,8864
63,28,8865
64,28,8866
65,28,8867
66,28,8868
67,28,8869
68,28,8870
69,28,8871
70,28,8872
71,28,8873
72,28,8874
73,28,8875
74,28,8876
75,28,8877
76,28,8878
77,28,8879
78,28,8880
79,28,8881
80,28,8882
81,28,8883
82,28,8884
83,28,8885
84,28,8886
85,28,8887
86,28,8888
87,28,8889
88,28,8890
89,28,8891
90,28,8892
91,28,8893
92,28,8894
93,28,8895
94,28,8896
95,28,8897
96,28,8898
97,28,8899
98,28,8900
99,28,8901
100,28,8902
101,28,8903
102,28,8904
103,28,8905
104,28,8906
105,28,8907
106,28,8908
107,28,8909
108,28,8910
109,28,8911
110,28,8912
111,28,8913
112,28,8914
113,28,8915
114,28,8916
115,28,8917
116,28,8918
117,28,8919
118,28,8920
119,28,8921
120,28,8922
121,28,8923
122,28,8924
123,28,8925
124,28,8926
125,28,8927
126,28,8928
127,28,8929
128,28,8930
129,28,8931
130,28,8932
131,28,8933
132,28,8934
133,28,8935
134,28,8936
135,28,8937
136,28,8938
137,28,8939
138,28,8940
139,28,8941
140,28,8942
141,28,8943
142,28,8944
143,28,8945
144,28,8946
145,28,8947
146,28,8948
147,28,8949
148,28,8950
149,28,8951
150,28,8952
151,28,8953
152,28,8954
153,28,8955
154,28,8956
155,28,8957
156,28,8958
157,28,8959
158,28,8960
159,28,8961
160,28,8962
161,28,8963
162,28,8964
163,28,8965
164,28,8966
165,28,8967
166,28,8968
167,28,8969
168,28,8970
169,28,8971
170,28,8972
171,28,8973
172,28,8974
173,28,8975
174,28,8976
175,28,8977
176,28,8978
177,28,8979
178,28,8980
179,28,8981
180,28,8982
181,28,8983
182,28,8984
183,28,8985
184,28,8986
185,28,8987
186,28,8988
187,28,8989
188,28,8990
189,28,8991
190,28,8992
191,28,8993
192,28,8994
193,28,8995
194,28,8996
195,28,8997
196,28,8998
197,28,8999
198,28,9000
199,28,9001
200,28,9002
201,28,9003
202,28,9004
203,28,9005
204,28,9006
205,28,9007
206,28,9008
207,28,9009
208,28,9010
209,28,9011
210,28,9012
211,28,9013
212,28,9014
213,28,9015
214,28,9016
215,28,9017
216,28,9018
217,28,9019
218,28,9020
219,28,9021
220,28,9022
221,28,9023
222,28,9024
223,28,9025
224,28,9026
225,28,9027
226,28,9028
227,28,9029
228,28,9030
229,28,9031
230,28,9032
231,28,9033
232,28,9034
233,28,9035
234,28,9036
235,28,9037
236,28,9038
237,28,9039
238,28,9040
239,28,9041
240,28,9042
241,28,9043
242,28,9044
243,28,9045
244,28,9046
245,28,9047
246,28,9048
247,28,9049
248,28,9050
249,28,9051
250,28,9052
251,28,9053
252,28,9054
253,28,9055
254,28,9056
255,28,9057
256,28,9058
257,28,9059
258,28,9060
259,28,9061
260,28,9062
261,28,9063
262,28,9064
263,28,9065
264,28,9066
265,28,9067
266,28,9068
267,28,9069
268,28,9070
269,28,9071
270,28,9072
271,28,9073
272,28,9074
273,28,9075
274,28,9076
275,28,9077
276,28,9078
277,28,9079
278,28,9080
279,28,9081
280,28,9082
281,28,9083
282,28,9084
283,28,9085
284,28,9086
285,28,9087
286,28,9088
287,28,9089
288,28,9090
289,28,9091
290,28,9092
291,28,9093
292,28,9094
293,28,9095
294,28,9096
295,28,9097
296,28,9098
297,28,9099
298,28,9100
299,28,9101
300,28,9102
301,28,9103
302,28,9104
303,28,9105
304,28,9106
305,28,9107
306,28,9108
307,28,9109
308,28,9110
309,28,9111
310,28,9112
311,28,9113
312,28,9114
313,28,9115
314,28,9116
315,28,9117
316,28,9118
317,28,9119
318,28,9120
319,28,9121
320,28,9122
321,28,9123
322,28,9124
323,28,9125
324,28,9126
325,28,9127
326,28,9128
1,29,9129
2,29,9130
3,29,9131
4,29,9132
5,29,9133
6,29,9134
7,29,9135
8,29,9136
9,29,9137
10,29,9138
11,29,9139
12,29,9140
13,29,9141
14,29,9142
15,29,9143
16,29,9144
17,29,9145
18,29,9146
19,29,9147
20,29,9148
21,29,9149
22,29,9150
23,29,9151
24,29,9152
25,29,9153
26,29,9154
27,29,9155
28,29,9156
29,29,9157
30,29,9158
31,29,9159
32,29,9160
33,29,9161
34,29,9162
35,29,9163
36,29,9164
37,29,9165
38,29,9166
39,29,9167
40,29,9168
41,29,9169
42,29,9170
43,29,9171
44,29,9172
45,29,9173
46,29,9174
47,29,9175
48,29,9176
49,29,9177
50,29,9178
51,29,9179
52,29,9180
53,29,9181
54,29,9182
55,29,9183
56,29,9184
57,29,9185
58,29,9186
59,29,9187
60,29,9188
61,29,9189
62,29,9190
63,29,9191
64,29,9192
65,29,9193
66,29,9194
67,29,9195
68,29,9196
69,29,9197
70,29,9198
71,29,9199
72,29,9200
73,29,9201
74,29,9202
75,29,9203
76,29,9204
77,29,9205
78,29,9206
79,29,9207
80,29,9208
81,29,9209
82,29,9210
83,29,9211
84,29,9212
85,29,9213
86,29,9214
87,29,9215
88,29,9216
89,29,9217
90,29,9218
91,29,9219
92,29,9220
93,29,9221
94,29,9222
95,29,9223
96,29,9224
97,29,9225
98,29,9226
99,29,9227
100,29,9228
101,29,9229
102,29,9230
103,29,9231
104,29,9232
105,29,9233
106,29,9234
107,29,9235
108,29,9236
109,29,9237
110,29,9238
111,29,9239
112,29,9240
113,29,9241
114,29,9242
115,29,9243
116,29,9244
117,29,9245
118,29,9246
119,29,9247
120,29,9248
121,29,9249
122,29,9250
123,29,9251
124,29,9252
125,29,9253
126,29,9254
127,29,9255
128,29,9256
129,29,9257
130,29,9258
131,29,9259
132,29,9260
133,29,9261
134,29,9262
135,29,9263
136,29,9264
137,29,9265
138,29,9266
139,29,9267
140,29,9268
141,29,9269
142,29,9270
143,29,9271
144,29,9272
145,29,9273
146,29,9274
147,29,9275
148,29,9276
149,29,9277
150,29,9278
151,29,9279
152,29,9280
153,29,9281
154,29,9282
155,29,9283
156,29,9284
157,29,9285
158,29,9286
159,29,9287
160,29,9288
161,29,9289
162,29,9290
163,29,9291
164,29,9292
165,29,9293
166,29,9294
167,29,9295
168,29,9296
169,29,9297
170,29,9298
171,29,9299
172,29,9300
173,29,9301
174,29,9302
175,29,9303
176,29,9304
177,29,9305
178,29,9306
179,29,9307
180,29,9308
181,29,9309
182,29,9310
183,29,9311
184,29,9312
185,29,9313
186,29,9314
187,29,9315
188,29,9316
189,29,9317
190,29,9318
191,29,9319
192,29,9320
193,29,9321
194,29,9322
195,29,9323
196,29,9324
197,29,9325
198,29,9326
199,29,9327
200,29,9328
201,29,9329
202,29,9330
203,29,9331
204,29,9332
205,29,9333
206,29,9334
207,29,9335
208,29,9336
209,29,9337
210,29,9338
211,29,9339
212,29,9340
213,29,9341
214,29,9342
215,29,9343
216,29,9344
217,29,9345
218,29,9346
219,29,9347
220,29,9348
221,29,9349
222,29,9350
223,29,9351
224,29,9352
225,29,9353
226,29,9354
227,29,9355
228,29,9356
229,29,9357
230,29,9358
231,29,9359
232,29,9360
233,29,9361
234,29,9362
235,29,9363
236,29,9364
237,29,9365
238,29,9366
239,29,9367
240,29,9368
241,29,9369
242,29,9370
243,29,9371
244,29,9372
245,29,9373
246,29,9374
247,29,9375
248,29,9376
249,29,9377
250,29,9378
251,29,9379
252,29,9380
253,29,9381
254,29,9382
255,29,9383
256,29,9384
257,29,9385
258,29,9386
259,29,9387
260,29,9388
261,29,9389
262,29,9390
263,29,9391
264,29,9392
265,29,9393
266,29,9394
267,29,9395
268,29,9396
269,29,9397
270,29,9398
271,29,9399
272,29,9400
273,29,9401
274,29,9402
275,29,9403
276,29,9404
277,29,9405
278,29,9406
279,29,9407
280,29,9408
281,29,9409
282,29,9410
283,29,9411
284,29,9412
285,29,9413
286,29,9414
287,29,9415
288,29,9416
289,29,9417
290,29,9418
291,29,9419
292,29,9420
293,29,9421
294,29,9422
295,29,9423
296,29,9424
297,29,9425
298,29,9426
299,29,9427
300,29,9428
301,29,9429
302,29,9430
303,29,9431
304,29,9432
305,29,9433
306,29,9434
307,29,9435
308,29,9436
309,29,9437
310,29,9438
311,29,9439
312,29,9440
313,29,9441
314,29,9442
315,29,9443
316,29,9444
317,29,9445
318,29,9446
319,29,9447
320,29,9448
321,29,9449
322,29,9450
323,29,9451
324,29,9452
325,29,9453
326,29,9454
1,30,9455
2,30,9456
3,30,9457
4,30,9458
5,30,9459
6,30,9460
7,30,9461
8,30,9462
9,30,9463
10,30,9464
11,30,9465
12,30,9466
13,30,9467
14,30,9468
15,30,9469
16,30,9470
17,30,9471
18,30,9472
19,30,9473
20,30,9474
21,30,9475
22,30,9476
23,30,9477
24,30,9478
25,30,9479
26,30,9480
27,30,9481
28,30,9482
29,30,9483
30,30,9484
31,30,9485
32,30,9486
33,30,9487
34,30,9488
35,30,9489
36,30,9490
37,30,9491
38,30,9492
39,30,9493
40,30,9494
41,30,9495
42,30,9496
43,30,9497
44,30,9498
45,30,9499
46,30,9500
47,30,9501
48,30,9502
49,30,9503
50,30,9504
51,30,9505
52,30,9506
53,30,9507
54,30,9508
55,30,9509
56,30,9510
57,30,9511
58,30,9512
59,30,9513
60,30,9514
61,30,9515
62,30,9516
63,30,9517
64,30,9518
65,30,9519
66,30,9520
67,30,9521
68,30,9522
69,30,9523
70,30,9524
71,30,9525
72,30,9526
73,30,9527
74,30,9528
75,30,9529
76,30,9530
77,30,9531
78,30,9532
79,30,9533
80,30,9534
81,30,9535
82,30,9536
83,30,9537
84,30,9538
85,30,9539
86,30,9540
87,30,9541
88,30,9542
89,30,9543
90,30,9544
91,30,9545
92,30,9546
93,30,9547
94,30,9548
95,30,9549
96,30,9550
97,30,9551
98,30,9552
99,30,9553
100,30,9554
101,30,9555
102,30,9556
103,30,9557
104,30,9558
105,30,9559
106,30,9560
107,30,9561
108,30,9562
109,30,9563
110,30,9564
111,30,9565
112,30,9566
113,30,9567
114,30,9568
115,30,9569
116,30,9570
117,30,9571
118,30,9572
119,30,9573
120,30,9574
121,30,9575
122,30,9576
123,30,9577
124,30,9578
125,30,9579
126,30,9580
127,30,9581
128,30,9582
129,30,9583
130,30,9584
131,30,9585
132,30,9586
133,30,9587
134,30,9588
135,30,9589
136,30,9590
137,30,9591
138,30,9592
139,30,9593
140,30,9594
141,30,9595
142,30,9596
143,30,9597
144,30,9598
145,30,9599
146,30,9600
147,30,9601
148,30,9602
149,30,9603
150,30,9604
151,30,9605
152,30,9606
153,30,9607
154,30,9608
155,30,9609
156,30,9610
157,30,9611
158,30,9612
159,30,9613
160,30,9614
161,30,9615
162,30,9616
163,30,9617
164,30,9618
165,30,9619
166,30,9620
167,30,9621
168,30,9622
169,30,9623
170,30,9624
171,30,9625
172,30,9626
173,30,9627
174,30,9628
175,30,9629
176,30,9630
177,30,9631
178,30,9632
179,30,9633
180,30,9634
181,30,9635
182,30,9636
183,30,9637
184,30,9638
185,30,9639
186,30,9640
187,30,9641
188,30,9642
189,30,9643
190,30,9644
191,30,9645
192,30,9646
193,30,9647
194,30,9648
195,30,9649
196,30,9650
197,30,9651
198,30,9652
199,30,9653
200,30,9654
201,30,9655
202,30,9656
203,30,9657
204,30,9658
205,30,9659
206,30,9660
207,30,9661
208,30,9662
209,30,9663
210,30,9664
211,30,9665
212,30,9666
213,30,9667
214,30,9668
215,30,9669
216,30,9670
217,30,9671
218,30,9672
219,30,9673
220,30,9674
221,30,9675
222,30,9676
223,30,9677
224,30,9678
225,30,9679
226,30,9680
227,30,9681
228,30,9682
229,30,9683
230,30,9684
231,30,9685
232,30,9686
233,30,9687
234,30,9688
235,30,9689
236,30,9690
237,30,9691
238,30,9692
239,30,9693
240,30,9694
241,30,9695
242,30,9696
243,30,9697
244,30,9698
245,30,9699
246,30,9700
247,30,9701
248,30,9702
249,30,9703
250,30,9704
251,30,9705
252,30,9706
253,30,9707
254,30,9708
255,30,9709
256,30,9710
257,30,9711
258,30,9712
259,30,9713
260,30,9714
261,30,9715
262,30,9716
263,30,9717
264,30,9718
265,30,9719
266,30,9720
267,30,9721
268,30,9722
269,30,9723
270,30,9724
271,30,9725
272,30,9726
273,30,9727
274,30,9728
275,30,9729
276,30,9730
277,30,9731
278,30,9732
279,30,9733
280,30,9734
281,30,9735
282,30,9736
283,30,9737
284,30,9738
285,30,9739
286,30,9740
287,30,9741
288,30,9742
289,30,9743
290,30,9744
291,30,9745
292,30,9746
293,30,9747
294,30,9748
295,30,9749
296,30,9750
297,30,9751
298,30,9752
299,30,9753
300,30,9754
301,30,9755
302,30,9756
303,30,9757
304,30,9758
305,30,9759
306,30,9760
307,30,9761
308,30,9762
309,30,9763
310,30,9764
311,30,9765
312,30,9766
313,30,9767
314,30,9768
315,30,9769
316,30,9770
317,30,9771
318,30,9772
319,30,9773
320,30,9774
321,30,9775
322,30,9776
323,30,9777
324,30,9778
325,30,9779
326,30,9780
1,31,9781
2,31,9782
3,31,9783
4,31,9784
5,31,9785
6,31,9786
7,31,9787
8,31,9788
9,31,9789
10,31,9790
11,31,9791
12,31,9792
13,31,9793
14,31,9794
15,31,9795
16,31,9796
17,31,9797
18,31,9798
19,31,9799
20,31,9800
21,31,9801
22,31,9802
23,31,9803
24,31,9804
25,31,9805
26,31,9806
27,31,9807
28,31,9808
29,31,9809
30,31,9810
31,31,9811
32,31,9812
33,31,9813
34,31,9814
35,31,9815
36,31,9816
37,31,9817
38,31,9818
39,31,9819
40,31,9820
41,31,9821
42,31,9822
43,31,9823
44,31,9824
45,31,9825
46,31,9826
47,31,9827
48,31,9828
49,31,9829
50,31,9830
51,31,9831
52,31,9832
53,31,9833
54,31,9834
55,31,9835
56,31,9836
57,31,9837
58,31,9838
59,31,9839
60,31,9840
61,31,9841
62,31,9842
63,31,9843
64,31,9844
65,31,9845
66,31,9846
67,31,9847
68,31,9848
69,31,9849
70,31,9850
71,31,9851
72,31,9852
73,31,9853
74,31,9854
75,31,9855
76,31,9856
77,31,9857
78,31,9858
79,31,9859
80,31,9860
81,31,9861
82,31,9862
83,31,9863
84,31,9864
85,31,9865
86,31,9866
87,31,9867
88,31,9868
89,31,9869
90,31,9870
91,31,9871
92,31,9872
93,31,9873
94,31,9874
95,31,9875
96,31,9876
97,31,9877
98,31,9878
99,31,9879
100,31,9880
101,31,9881
102,31,9882
103,31,9883
104,31,9884
105,31,9885
106,31,9886
107,31,9887
108,31,9888
109,31,9889
110,31,9890
111,31,9891
112,31,9892
113,31,9893
114,31,9894
115,31,9895
116,31,9896
117,31,9897
118,31,9898
119,31,9899
120,31,9900
121,31,9901
122,31,9902
123,31,9903
124,31,9904
125,31,9905
126,31,9906
127,31,9907
128,31,9908
129,31,9909
130,31,9910
131,31,9911
132,31,9912
133,31,9913
134,31,9914
135,31,9915
136,31,9916
137,31,9917
138,31,9918
139,31,9919
140,31,9920
141,31,9921
142,31,9922
143,31,9923
144,31,9924
145,31,9925
146,31,9926
147,31,9927
148,31,9928
149,31,9929
150,31,9930
151,31,9931
152,31,9932
153,31,9933
154,31,9934
155,31,9935
156,31,9936
157,31,9937
158,31,9938
159,31,9939
160,31,9940
161,31,9941
162,31,9942
163,31,9943
164,31,9944
165,31,9945
166,31,9946
167,31,9947
168,31,9948
169,31,9949
170,31,9950
171,31,9951
172,31,9952
173,31,9953
174,31,9954
175,31,9955
176,31,9956
177,31,9957
178,31,9958
179,31,9959
180,31,9960
181,31,9961
182,31,9962
183,31,9963
184,31,9964
185,31,9965
186,31,9966
187,31,9967
188,31,9968
189,31,9969
190,31,9970
191,31,9971
192,31,9972
193,31,9973
194,31,9974
195,31,9975
196,31,9976
197,31,9977
198,31,9978
199,31,9979
200,31,9980
201,31,9981
202,31,9982
203,31,9983
204,31,9984
205,31,9985
206,31,9986
207,31,9987
208,31,9988
209,31,9989
210,31,9990
211,31,9991
212,31,9992
213,31,9993
214,31,9994
215,31,9995
216,31,9996
217,31,9997
218,31,9998
219,31,9999
220,31,10000
221,31,10001
222,31,10002
223,31,10003
224,31,10004
225,31,10005
226,31,10006
227,31,10007
228,31,10008
229,31,10009
230,31,10010
231,31,10011
232,31,10012
233,31,10013
234,31,10014
235,31,10015
236,31,10016
237,31,10017
238,31,10018
239,31,10019
240,31,10020
241,31,10021
242,31,10022
243,31,10023
244,31,10024
245,31,10025
246,31,10026
247,31,10027
248,31,10028
249,31,10029
250,31,10030
251,31,10031
252,31,10032
253,31,10033
254,31,10034
255,31,10035
256,31,10036
257,31,10037
258,31,10038
259,31,10039
260,31,10040
261,31,10041
262,31,10042
263,31,10043
264,31,10044
265,31,10045
266,31,10046
267,31,10047
268,31,10048
269,31,10049
270,31,10050
271,31,10051
272,31,10052
273,31,10053
274,31,10054
275,31,10055
276,31,10056
277,31,10057
278,31,10058
279,31,10059
280,31,10060
281,31,10061
282,31,10062
283,31,10063
284,31,10064
285,31,10065
286,31,10066
287,31,10067
288,31,10068
289,31,10069
290,31,10070
291,31,10071
292,31,10072
293,31,10073
294,31,10074
295,31,10075
296,31,10076
297,31,10077
298,31,10078
299,31,10079
300,31,10080
301,31,10081
302,31,10082
303,31,10083
304,31,10084
305,31,10085
306,31,10086
307,31,10087
308,31,10088
309,31,10089
310,31,10090
311,31,10091
312,31,10092
313,31,10093
314,31,10094
315,31,10095
316,31,10096
317,31,10097
318,31,10098
319,31,10099
320,31,10100
321,31,10101
322,31,10102
323,31,10103
324,31,10104
325,31,10105
326,31,10106
1,32,10107
2,32,10108
3,32,10109
4,32,10110
5,32,10111
6,32,10112
7,32,10113
8,32,10114
9,32,10115
10,32,10116
11,32,10117
12,32,10118
13,32,10119
14,32,10120
15,32,10121
16,32,10122
17,32,10123
18,32,10124
19,32,10125
20,32,10126
21,32,10127
22,32,10128
23,32,10129
24,32,10130
25,32,10131
26,32,10132
27,32,10133
28,32,10134
29,32,10135
30,32,10136
31,32,10137
32,32,10138
33,32,10139
34,32,10140
35,32,10141
36,32,10142
37,32,10143
38,32,10144
39,32,10145
40,32,10146
41,32,10147
42,32,10148
43,32,10149
44,32,10150
45,32,10151
46,32,10152
47,32,10153
48,32,10154
49,32,10155
50,32,10156
51,32,10157
52,32,10158
53,32,10159
54,32,10160
55,32,10161
56,32,10162
57,32,10163
58,32,10164
59,32,10165
60,32,10166
61,32,10167
62,32,10168
63,32,10169
64,32,10170
65,32,10171
66,32,10172
67,32,10173
68,32,10174
69,32,10175
70,32,10176
71,32,10177
72,32,10178
73,32,10179
74,32,10180
75,32,10181
76,32,10182
77,32,10183
78,32,10184
79,32,10185
80,32,10186
81,32,10187
82,32,10188
83,32,10189
84,32,10190
85,32,10191
86,32,10192
87,32,10193
88,32,10194
89,32,10195
90,32,10196
91,32,10197
92,32,10198
93,32,10199
94,32,10200
95,32,10201
96,32,10202
97,32,10203
98,32,10204
99,32,10205
100,32,10206
101,32,10207
102,32,10208
103,32,10209
104,32,10210
105,32,10211
106,32,10212
107,32,10213
108,32,10214
109,32,10215
110,32,10216
111,32,10217
112,32,10218
113,32,10219
114,32,10220
115,32,10221
116,32,10222
117,32,10223
118,32,10224
119,32,10225
120,32,10226
121,32,10227
122,32,10228
123,32,10229
124,32,10230
125,32,10231
126,32,10232
127,32,10233
128,32,10234
129,32,10235
130,32,10236
131,32,10237
132,32,10238
133,32,10239
134,32,10240
135,32,10241
136,32,10242
137,32,10243
138,32,10244
139,32,10245
140,32,10246
141,32,10247
142,32,10248
143,32,10249
144,32,10250
145,32,10251
146,32,10252
147,32,10253
148,32,10254
149,32,10255
150,32,10256
151,32,10257
152,32,10258
153,32,10259
154,32,10260
155,32,10261
156,32,10262
157,32,10263
158,32,10264
159,32,10265
160,32,10266
161,32,10267
162,32,10268
163,32,10269
164,32,10270
165,32,10271
166,32,10272
167,32,10273
168,32,10274
169,32,10275
170,32,10276
171,32,10277
172,32,10278
173,32,10279
174,32,10280
175,32,10281
176,32,10282
177,32,10283
178,32,10284
179,32,10285
180,32,10286
181,32,10287
182,32,10288
183,32,10289
184,32,10290
185,32,10291
186,32,10292
187,32,10293
188,32,10294
189,32,10295
190,32,10296
191,32,10297
192,32,10298
193,32,10299
194,32,10300
195,32,10301
196,32,10302
197,32,10303
198,32,10304
199,32,10305
200,32,10306
201,32,10307
202,32,10308
203,32,10309
204,32,10310
205,32,10311
206,32,10312
207,32,10313
208,32,10314
209,32,10315
210,32,10316
211,32,10317
212,32,10318
213,32,10319
214,32,10320
215,32,10321
216,32,10322
217,32,10323
218,32,10324
219,32,10325
220,32,10326
221,32,10327
222,32,10328
223,32,10329
224,32,10330
225,32,10331
226,32,10332
227,32,10333
228,32,10334
229,32,10335
230,32,10336
231,32,10337
232,32,10338
233,32,10339
234,32,10340
235,32,10341
236,32,10342
237,32,10343
238,32,10344
239,32,10345
240,32,10346
241,32,10347
242,32,10348
243,32,10349
244,32,10350
245,32,10351
246,32,10352
247,32,10353
248,32,10354
249,32,10355
250,32,10356
251,32,10357
252,32,10358
253,32,10359
254,32,10360
255,32,10361
256,32,10362
257,32,10363
258,32,10364
259,32,10365
260,32,10366
261,32,10367
262,32,10368
263,32,10369
264,32,10370
265,32,10371
266,32,10372
267,32,10373
268,32,10374
269,32,10375
270,32,10376
271,32,10377
272,32,10378
273,32,10379
274,32,10380
275,32,10381
276,32,10382
277,32,10383
278,32,10384
279,32,10385
280,32,10386
281,32,10387
282,32,10388
283,32,10389
284,32,10390
285,32,10391
286,32,10392
287,32,10393
288,32,10394
289,32,10395
290,32,10396
291,32,10397
292,32,10398
293,32,10399
294,32,10400
295,32,10401
296,32,10402
297,32,10403
298,32,10404
299,32,10405
300,32,10406
301,32,10407
302,32,10408
303,32,10409
304,32,10410
305,32,10411
306,32,10412
307,32,10413
308,32,10414
309,32,10415
310,32,10416
311,32,10417
312,32,10418
313,32,10419
314,32,10420
315,32,10421
316,32,10422
317,32,10423
318,32,10424
319,32,10425
320,32,10426
321,32,10427
322,32,10428
323,32,10429
324,32,10430
325,32,10431
326,32,10432
1,33,10433
2,33,10434
3,33,10435
4,33,10436
5,33,10437
6,33,10438
7,33,10439
8,33,10440
9,33,10441
10,33,10442
11,33,10443
12,33,10444
13,33,10445
14,33,10446
15,33,10447
16,33,10448
17,33,10449
18,33,10450
19,33,10451
20,33,10452
21,33,10453
22,33,10454
23,33,10455
24,33,10456
25,33,10457
26,33,10458
27,33,10459
28,33,10460
29,33,10461
30,33,10462
31,33,10463
32,33,10464
33,33,10465
34,33,10466
35,33,10467
36,33,10468
37,33,10469
38,33,10470
39,33,10471
40,33,10472
41,33,10473
42,33,10474
43,33,10475
44,33,10476
45,33,10477
46,33,10478
47,33,10479
48,33,10480
49,33,10481
50,33,10482
51,33,10483
52,33,10484
53,33,10485
54,33,10486
55,33,10487
56,33,10488
57,33,10489
58,33,10490
59,33,10491
60,33,10492
61,33,10493
62,33,10494
63,33,10495
64,33,10496
65,33,10497
66,33,10498
67,33,10499
68,33,10500
69,33,10501
70,33,10502
71,33,10503
72,33,10504
73,33,10505
74,33,10506
75,33,10507
76,33,10508
77,33,10509
78,33,10510
79,33,10511
80,33,10512
81,33,10513
82,33,10514
83,33,10515
84,33,10516
85,33,10517
86,33,10518
87,33,10519
88,33,10520
89,33,10521
90,33,10522
91,33,10523
92,33,10524
93,33,10525
94,33,10526
95,33,10527
96,33,10528
97,33,10529
98,33,10530
99,33,10531
100,33,10532
101,33,10533
102,33,10534
103,33,10535
104,33,10536
105,33,10537
106,33,10538
107,33,10539
108,33,10540
109,33,10541
110,33,10542
111,33,10543
112,33,10544
113,33,10545
114,33,10546
115,33,10547
116,33,10548
117,33,10549
118,33,10550
119,33,10551
120,33,10552
121,33,10553
122,33,10554
123,33,10555
124,33,10556
125,33,10557
126,33,10558
127,33,10559
128,33,10560
129,33,10561
130,33,10562
131,33,10563
132,33,10564
133,33,10565
134,33,10566
135,33,10567
136,33,10568
137,33,10569
138,33,10570
139,33,10571
140,33,10572
141,33,10573
142,33,10574
143,33,10575
144,33,10576
145,33,10577
146,33,10578
147,33,10579
148,33,10580
149,33,10581
150,33,10582
151,33,10583
152,33,10584
153,33,10585
154,33,10586
155,33,10587
156,33,10588
157,33,10589
158,33,10590
159,33,10591
160,33,10592
161,33,10593
162,33,10594
163,33,10595
164,33,10596
165,33,10597
166,33,10598
167,33,10599
168,33,10600
169,33,10601
170,33,10602
171,33,10603
172,33,10604
173,33,10605
174,33,10606
175,33,10607
176,33,10608
177,33,10609
178,33,10610
179,33,10611
180,33,10612
181,33,10613
182,33,10614
183,33,10615
184,33,10616
185,33,10617
186,33,10618
187,33,10619
188,33,10620
189,33,10621
190,33,10622
191,33,10623
192,33,10624
193,33,10625
194,33,10626
195,33,10627
196,33,10628
197,33,10629
198,33,10630
199,33,10631
200,33,10632
201,33,10633
202,33,10634
203,33,10635
204,33,10636
205,33,10637
206,33,10638
207,33,10639
208,33,10640
209,33,10641
210,33,10642
211,33,10643
212,33,10644
213,33,10645
214,33,10646
215,33,10647
216,33,10648
217,33,10649
218,33,10650
219,33,10651
220,33,10652
221,33,10653
222,33,10654
223,33,10655
224,33,10656
225,33,10657
226,33,10658
227,33,10659
228,33,10660
229,33,10661
230,33,10662
231,33,10663
232,33,10664
233,33,10665
234,33,10666
235,33,10667
236,33,10668
237,33,10669
238,33,10670
239,33,10671
240,33,10672
241,33,10673
242,33,10674
243,33,10675
244,33,10676
245,33,10677
246,33,10678
247,33,10679
248,33,10680
249,33,10681
250,33,10682
251,33,10683
252,33,10684
253,33,10685
254,33,10686
255,33,10687
256,33,10688
257,33,10689
258,33,10690
259,33,10691
260,33,10692
261,33,10693
262,33,10694
263,33,10695
264,33,10696
265,33,10697
266,33,10698
267,33,10699
268,33,10700
269,33,10701
270,33,10702
271,33,10703
272,33,10704
273,33,10705
274,33,10706
275,33,10707
276,33,10708
277,33,10709
278,33,10710
279,33,10711
280,33,10712
281,33,10713
282,33,10714
283,33,10715
284,33,10716
285,33,10717
286,33,10718
287,33,10719
288,33,10720
289,33,10721
290,33,10722
291,33,10723
292,33,10724
293,33,10725
294,33,10726
295,33,10727
296,33,10728
297,33,10729
298,33,10730
299,33,10731
300,33,10732
301,33,10733
302,33,10734
303,33,10735
304,33,10736
305,33,10737
306,33,10738
307,33,10739
308,33,10740
309,33,10741
310,33,10742
311,33,10743
312,33,10744
313,33,10745
314,33,10746
315,33,10747
316,33,10748
317,33,10749
318,33,10750
319,33,10751
320,33,10752
321,33,10753
322,33,10754
323,33,10755
324,33,10756
325,33,10757
326,33,10758
1,34,10759
2,34,10760
3,34,10761
4,34,10762
5,34,10763
6,34,10764
7,34,10765
8,34,10766
9,34,10767
10,34,10768
11,34,10769
12,34,10770
13,34,10771
14,34,10772
15,34,10773
16,34,10774
17,34,10775
18,34,10776
19,34,10777
20,34,10778
21,34,10779
22,34,10780
23,34,10781
24,34,10782
25,34,10783
26,34,10784
27,34,10785
28,34,10786
29,34,10787
30,34,10788
31,34,10789
32,34,10790
33,34,10791
34,34,10792
35,34,10793
36,34,10794
37,34,10795
38,34,10796
39,34,10797
40,34,10798
41,34,10799
42,34,10800
43,34,10801
44,34,10802
45,34,10803
46,34,10804
47,34,10805
48,34,10806
49,34,10807
50,34,10808
51,34,10809
52,34,10810
53,34,10811
54,34,10812
55,34,10813
56,34,10814
57,34,10815
58,34,10816
59,34,10817
60,34,10818
61,34,10819
62,34,10820
63,34,10821
64,34,10822
65,34,10823
66,34,10824
67,34,10825
68,34,10826
69,34,10827
70,34,10828
71,34,10829
72,34,10830
73,34,10831
74,34,10832
75,34,10833
76,34,10834
77,34,10835
78,34,10836
79,34,10837
80,34,10838
81,34,10839
82,34,10840
83,34,10841
84,34,10842
85,34,10843
86,34,10844
87,34,10845
88,34,10846
89,34,10847
90,34,10848
91,34,10849
92,34,10850
93,34,10851
94,34,10852
95,34,10853
96,34,10854
97,34,10855
98,34,10856
99,34,10857
100,34,10858
101,34,10859
102,34,10860
103,34,10861
104,34,10862
105,34,10863
106,34,10864
107,34,10865
108,34,10866
109,34,10867
110,34,10868
111,34,10869
112,34,10870
113,34,10871
114,34,10872
115,34,10873
116,34,10874
117,34,10875
118,34,10876
119,34,10877
120,34,10878
121,34,10879
122,34,10880
123,34,10881
124,34,10882
125,34,10883
126,34,10884
127,34,10885
128,34,10886
129,34,10887
130,34,10888
131,34,10889
132,34,10890
133,34,10891
134,34,10892
135,34,10893
136,34,10894
137,34,10895
138,34,10896
139,34,10897
140,34,10898
141,34,10899
142,34,10900
143,34,10901
144,34,10902
145,34,10903
146,34,10904
147,34,10905
148,34,10906
149,34,10907
150,34,10908
151,34,10909
152,34,10910
153,34,10911
154,34,10912
155,34,10913
156,34,10914
157,34,10915
158,34,10916
159,34,10917
160,34,10918
161,34,10919
162,34,10920
163,34,10921
164,34,10922
165,34,10923
166,34,10924
167,34,10925
168,34,10926
169,34,10927
170,34,10928
171,34,10929
172,34,10930
173,34,10931
174,34,10932
175,34,10933
176,34,10934
177,34,10935
178,34,10936
179,34,10937
180,34,10938
181,34,10939
182,34,10940
183,34,10941
184,34,10942
185,34,10943
186,34,10944
187,34,10945
188,34,10946
189,34,10947
190,34,10948
191,34,10949
192,34,10950
193,34,10951
194,34,10952
195,34,10953
196,34,10954
197,34,10955
198,34,10956
199,34,10957
200,34,10958
201,34,10959
202,34,10960
203,34,10961
204,34,10962
205,34,10963
206,34,10964
207,34,10965
208,34,10966
209,34,10967
210,34,10968
211,34,10969
212,34,10970
213,34,10971
214,34,10972
215,34,10973
216,34,10974
217,34,10975
218,34,10976
219,34,10977
220,34,10978
221,34,10979
222,34,10980
223,34,10981
224,34,10982
225,34,10983
226,34,10984
227,34,10985
228,34,10986
229,34,10987
230,34,10988
231,34,10989
232,34,10990
233,34,10991
234,34,10992
235,34,10993
236,34,10994
237,34,10995
238,34,10996
239,34,10997
240,34,10998
241,34,10999
242,34,11000
243,34,11001
244,34,11002
245,34,11003
246,34,11004
247,34,11005
248,34,11006
249,34,11007
250,34,11008
251,34,11009
252,34,11010
253,34,11011
254,34,11012
255,34,11013
256,34,11014
257,34,11015
258,34,11016
259,34,11017
260,34,11018
261,34,11019
262,34,11020
263,34,11021
264,34,11022
265,34,11023
266,34,11024
267,34,11025
268,34,11026
269,34,11027
270,34,11028
271,34,11029
272,34,11030
273,34,11031
274,34,11032
275,34,11033
276,34,11034
277,34,11035
278,34,11036
279,34,11037
280,34,11038
281,34,11039
282,34,11040
283,34,11041
284,34,11042
285,34,11043
286,34,11044
287,34,11045
288,34,11046
289,34,11047
290,34,11048
291,34,11049
292,34,11050
293,34,11051
294,34,11052
295,34,11053
296,34,11054
297,34,11055
298,34,11056
299,34,11057
300,34,11058
301,34,11059
302,34,11060
303,34,11061
304,34,11062
305,34,11063
306,34,11064
307,34,11065
308,34,11066
309,34,11067
310,34,11068
311,34,11069
312,34,11070
313,34,11071
314,34,11072
315,34,11073
316,34,11074
317,34,11075
318,34,11076
319,34,11077
320,34,11078
321,34,11079
322,34,11080
323,34,11081
324,34,11082
325,34,11083
326,34,11084
1,35,11085
2,35,11086
3,35,11087
4,35,11088
5,35,11089
6,35,11090
7,35,11091
8,35,11092
9,35,11093
10,35,11094
11,35,11095
12,35,11096
13,35,11097
14,35,11098
15,35,11099
16,35,11100
17,35,11101
18,35,11102
19,35,11103
20,35,11104
21,35,11105
22,35,11106
23,35,11107
24,35,11108
25,35,11109
26,35,11110
27,35,11111
28,35,11112
29,35,11113
30,35,11114
31,35,11115
32,35,11116
33,35,11117
34,35,11118
35,35,11119
36,35,11120
37,35,11121
38,35,11122
39,35,11123
40,35,11124
41,35,11125
42,35,11126
43,35,11127
44,35,11128
45,35,11129
46,35,11130
47,35,11131
48,35,11132
49,35,11133
50,35,11134
51,35,11135
52,35,11136
53,35,11137
54,35,11138
55,35,11139
56,35,11140
57,35,11141
58,35,11142
59,35,11143
60,35,11144
61,35,11145
62,35,11146
63,35,11147
64,35,11148
65,35,11149
66,35,11150
67,35,11151
68,35,11152
69,35,11153
70,35,11154
71,35,11155
72,35,11156
73,35,11157
74,35,11158
75,35,11159
76,35,11160
77,35,11161
78,35,11162
79,35,11163
80,35,11164
81,35,11165
82,35,11166
83,35,11167
84,35,11168
85,35,11169
86,35,11170
87,35,11171
88,35,11172
89,35,11173
90,35,11174
91,35,11175
92,35,11176
93,35,11177
94,35,11178
95,35,11179
96,35,11180
97,35,11181
98,35,11182
99,35,11183
100,35,11184
101,35,11185
102,35,11186
103,35,11187
104,35,11188
105,35,11189
106,35,11190
107,35,11191
108,35,11192
109,35,11193
110,35,11194
111,35,11195
112,35,11196
113,35,11197
114,35,11198
115,35,11199
116,35,11200
117,35,11201
118,35,11202
119,35,11203
120,35,11204
121,35,11205
122,35,11206
123,35,11207
124,35,11208
125,35,11209
126,35,11210
127,35,11211
128,35,11212
129,35,11213
130,35,11214
131,35,11215
132,35,11216
133,35,11217
134,35,11218
135,35,11219
136,35,11220
137,35,11221
138,35,11222
139,35,11223
140,35,11224
141,35,11225
142,35,11226
143,35,11227
144,35,11228
145,35,11229
146,35,11230
147,35,11231
148,35,11232
149,35,11233
150,35,11234
151,35,11235
152,35,11236
153,35,11237
154,35,11238
155,35,11239
156,35,11240
157,35,11241
158,35,11242
159,35,11243
160,35,11244
161,35,11245
162,35,11246
163,35,11247
164,35,11248
165,35,11249
166,35,11250
167,35,11251
168,35,11252
169,35,11253
170,35,11254
171,35,11255
172,35,11256
173,35,11257
174,35,11258
175,35,11259
176,35,11260
177,35,11261
178,35,11262
179,35,11263
180,35,11264
181,35,11265
182,35,11266
183,35,11267
184,35,11268
185,35,11269
186,35,11270
187,35,11271
188,35,11272
189,35,11273
190,35,11274
191,35,11275
192,35,11276
193,35,11277
194,35,11278
195,35,11279
196,35,11280
197,35,11281
198,35,11282
199,35,11283
200,35,11284
201,35,11285
202,35,11286
203,35,11287
204,35,11288
205,35,11289
206,35,11290
207,35,11291
208,35,11292
209,35,11293
210,35,11294
211,35,11295
212,35,11296
213,35,11297
214,35,11298
215,35,11299
216,35,11300
217,35,11301
218,35,11302
219,35,11303
220,35,11304
221,35,11305
222,35,11306
223,35,11307
224,35,11308
225,35,11309
226,35,11310
227,35,11311
228,35,11312
229,35,11313
230,35,11314
231,35,11315
232,35,11316
233,35,11317
234,35,11318
235,35,11319
236,35,11320
237,35,11321
238,35,11322
239,35,11323
240,35,11324
241,35,11325
242,35,11326
243,35,11327
244,35,11328
245,35,11329
246,35,11330
247,35,11331
248,35,11332
249,35,11333
250,35,11334
251,35,11335
252,35,11336
253,35,11337
254,35,11338
255,35,11339
256,35,11340
257,35,11341
258,35,11342
259,35,11343
260,35,11344
261,35,11345
262,35,11346
263,35,11347
264,35,11348
265,35,11349
266,35,11350
267,35,11351
268,35,11352
269,35,11353
270,35,11354
271,35,11355
272,35,11356
273,35,11357
274,35,11358
275,35,11359
276,35,11360
277,35,11361
278,35,11362
279,35,11363
280,35,11364
281,35,11365
282,35,11366
283,35,11367
284,35,11368
285,35,11369
286,35,11370
287,35,11371
288,35,11372
289,35,11373
290,35,11374
291,35,11375
292,35,11376
293,35,11377
294,35,11378
295,35,11379
296,35,11380
297,35,11381
298,35,11382
299,35,11383
300,35,11384
301,35,11385
302,35,11386
303,35,11387
304,35,11388
305,35,11389
306,35,11390
307,35,11391
308,35,11392
309,35,11393
310,35,11394
311,35,11395
312,35,11396
313,35,11397
314,35,11398
315,35,11399
316,35,11400
317,35,11401
318,35,11402
319,35,11403
320,35,11404
321,35,11405
322,35,11406
323,35,11407
324,35,11408
325,35,11409
326,35,11410
1,36,11411
2,36,11412
3,36,11413
4,36,11414
5,36,11415
6,36,11416
7,36,11417
8,36,11418
9,36,11419
10,36,11420
11,36,11421
12,36,11422
13,36,11423
14,36,11424
15,36,11425
16,36,11426
17,36,11427
18,36,11428
19,36,11429
20,36,11430
21,36,11431
22,36,11432
23,36,11433
24,36,11434
25,36,11435
26,36,11436
27,36,11437
28,36,11438
29,36,11439
30,36,11440
31,36,11441
32,36,11442
33,36,11443
34,36,11444
35,36,11445
36,36,11446
37,36,11447
38,36,11448
39,36,11449
40,36,11450
41,36,11451
42,36,11452
43,36,11453
44,36,11454
45,36,11455
46,36,11456
47,36,11457
48,36,11458
49,36,11459
50,36,11460
51,36,11461
52,36,11462
53,36,11463
54,36,11464
55,36,11465
56,36,11466
57,36,11467
58,36,11468
59,36,11469
60,36,11470
61,36,11471
62,36,11472
63,36,11473
64,36,11474
65,36,11475
66,36,11476
67,36,11477
68,36,11478
69,36,11479
70,36,11480
71,36,11481
72,36,11482
73,36,11483
74,36,11484
75,36,11485
76,36,11486
77,36,11487
78,36,11488
79,36,11489
80,36,11490
81,36,11491
82,36,11492
83,36,11493
84,36,11494
85,36,11495
86,36,11496
87,36,11497
88,36,11498
89,36,11499
90,36,11500
91,36,11501
92,36,11502
93,36,11503
94,36,11504
95,36,11505
96,36,11506
97,36,11507
98,36,11508
99,36,11509
100,36,11510
101,36,11511
102,36,11512
103,36,11513
104,36,11514
105,36,11515
106,36,11516
107,36,11517
108,36,11518
109,36,11519
110,36,11520
111,36,11521
112,36,11522
113,36,11523
114,36,11524
115,36,11525
116,36,11526
117,36,11527
118,36,11528
119,36,11529
120,36,11530
121,36,11531
122,36,11532
123,36,11533
124,36,11534
125,36,11535
126,36,11536
127,36,11537
128,36,11538
129,36,11539
130,36,11540
131,36,11541
132,36,11542
133,36,11543
134,36,11544
135,36,11545
136,36,11546
137,36,11547
138,36,11548
139,36,11549
140,36,11550
141,36,11551
142,36,11552
143,36,11553
144,36,11554
145,36,11555
146,36,11556
147,36,11557
148,36,11558
149,36,11559
150,36,11560
151,36,11561
152,36,11562
153,36,11563
154,36,11564
155,36,11565
156,36,11566
157,36,11567
158,36,11568
159,36,11569
160,36,11570
161,36,11571
162,36,11572
163,36,11573
164,36,11574
165,36,11575
166,36,11576
167,36,11577
168,36,11578
169,36,11579
170,36,11580
171,36,11581
172,36,11582
173,36,11583
174,36,11584
175,36,11585
176,36,11586
177,36,11587
178,36,11588
179,36,11589
180,36,11590
181,36,11591
182,36,11592
183,36,11593
184,36,11594
185,36,11595
186,36,11596
187,36,11597
188,36,11598
189,36,11599
190,36,11600
191,36,11601
192,36,11602
193,36,11603
194,36,11604
195,36,11605
196,36,11606
197,36,11607
198,36,11608
199,36,11609
200,36,11610
201,36,11611
202,36,11612
203,36,11613
204,36,11614
205,36,11615
206,36,11616
207,36,11617
208,36,11618
209,36,11619
210,36,11620
211,36,11621
212,36,11622
213,36,11623
214,36,11624
215,36,11625
216,36,11626
217,36,11627
218,36,11628
219,36,11629
220,36,11630
221,36,11631
222,36,11632
223,36,11633
224,36,11634
225,36,11635
226,36,11636
227,36,11637
228,36,11638
229,36,11639
230,36,11640
231,36,11641
232,36,11642
233,36,11643
234,36,11644
235,36,11645
236,36,11646
237,36,11647
238,36,11648
239,36,11649
240,36,11650
241,36,11651
242,36,11652
243,36,11653
244,36,11654
245,36,11655
246,36,11656
247,36,11657
248,36,11658
249,36,11659
250,36,11660
251,36,11661
252,36,11662
253,36,11663
254,36,11664
255,36,11665
256,36,11666
257,36,11667
258,36,11668
259,36,11669
260,36,11670
261,36,11671
262,36,11672
263,36,11673
264,36,11674
265,36,11675
266,36,11676
267,36,11677
268,36,11678
269,36,11679
270,36,11680
271,36,11681
272,36,11682
273,36,11683
274,36,11684
275,36,11685
276,36,11686
277,36,11687
278,36,11688
279,36,11689
280,36,11690
281,36,11691
282,36,11692
283,36,11693
284,36,11694
285,36,11695
286,36,11696
287,36,11697
288,36,11698
289,36,11699
290,36,11700
291,36,11701
292,36,11702
293,36,11703
294,36,11704
295,36,11705
296,36,11706
297,36,11707
298,36,11708
299,36,11709
300,36,11710
301,36,11711
302,36,11712
303,36,11713
304,36,11714
305,36,11715
306,36,11716
307,36,11717
308,36,11718
309,36,11719
310,36,11720
311,36,11721
312,36,11722
313,36,11723
314,36,11724
315,36,11725
316,36,11726
317,36,11727
318,36,11728
319,36,11729
320,36,11730
321,36,11731
322,36,11732
323,36,11733
324,36,11734
325,36,11735
326,36,11736
1,37,11737
2,37,11738
3,37,11739
4,37,11740
5,37,11741
6,37,11742
7,37,11743
8,37,11744
9,37,11745
10,37,11746
11,37,11747
12,37,11748
13,37,11749
14,37,11750
15,37,11751
16,37,11752
17,37,11753
18,37,11754
19,37,11755
20,37,11756
21,37,11757
22,37,11758
23,37,11759
24,37,11760
25,37,11761
26,37,11762
27,37,11763
28,37,11764
29,37,11765
30,37,11766
31,37,11767
32,37,11768
33,37,11769
34,37,11770
35,37,11771
36,37,11772
37,37,11773
38,37,11774
39,37,11775
40,37,11776
41,37,11777
42,37,11778
43,37,11779
44,37,11780
45,37,11781
46,37,11782
47,37,11783
48,37,11784
49,37,11785
50,37,11786
51,37,11787
52,37,11788
53,37,11789
54,37,11790
55,37,11791
56,37,11792
57,37,11793
58,37,11794
59,37,11795
60,37,11796
61,37,11797
62,37,11798
63,37,11799
64,37,11800
65,37,11801
66,37,11802
67,37,11803
68,37,11804
69,37,11805
70,37,11806
71,37,11807
72,37,11808
73,37,11809
74,37,11810
75,37,11811
76,37,11812
77,37,11813
78,37,11814
79,37,11815
80,37,11816
81,37,11817
82,37,11818
83,37,11819
84,37,11820
85,37,11821
86,37,11822
87,37,11823
88,37,11824
89,37,11825
90,37,11826
91,37,11827
92,37,11828
93,37,11829
94,37,11830
95,37,11831
96,37,11832
97,37,11833
98,37,11834
99,37,11835
100,37,11836
101,37,11837
102,37,11838
103,37,11839
104,37,11840
105,37,11841
106,37,11842
107,37,11843
108,37,11844
109,37,11845
110,37,11846
111,37,11847
112,37,11848
113,37,11849
114,37,11850
115,37,11851
116,37,11852
117,37,11853
118,37,11854
119,37,11855
120,37,11856
121,37,11857
122,37,11858
123,37,11859
124,37,11860
125,37,11861
126,37,11862
127,37,11863
128,37,11864
129,37,11865
130,37,11866
131,37,11867
132,37,11868
133,37,11869
134,37,11870
135,37,11871
136,37,11872
137,37,11873
138,37,11874
139,37,11875
140,37,11876
141,37,11877
142,37,11878
143,37,11879
144,37,11880
145,37,11881
146,37,11882
147,37,11883
148,37,11884
149,37,11885
150,37,11886
151,37,11887
152,37,11888
153,37,11889
154,37,11890
155,37,11891
156,37,11892
157,37,11893
158,37,11894
159,37,11895
160,37,11896
161,37,11897
162,37,11898
163,37,11899
164,37,11900
165,37,11901
166,37,11902
167,37,11903
168,37,11904
169,37,11905
170,37,11906
171,37,11907
172,37,11908
173,37,11909
174,37,11910
175,37,11911
176,37,11912
177,37,11913
178,37,11914
179,37,11915
180,37,11916
181,37,11917
182,37,11918
183,37,11919
184,37,11920
185,37,11921
186,37,11922
187,37,11923
188,37,11924
189,37,11925
190,37,11926
191,37,11927
192,37,11928
193,37,11929
194,37,11930
195,37,11931
196,37,11932
197,37,11933
198,37,11934
199,37,11935
200,37,11936
201,37,11937
202,37,11938
203,37,11939
204,37,11940
205,37,11941
206,37,11942
207,37,11943
208,37,11944
209,37,11945
210,37,11946
211,37,11947
212,37,11948
213,37,11949
214,37,11950
215,37,11951
216,37,11952
217,37,11953
218,37,11954
219,37,11955
220,37,11956
221,37,11957
222,37,11958
223,37,11959
224,37,11960
225,37,11961
226,37,11962
227,37,11963
228,37,11964
229,37,11965
230,37,11966
231,37,11967
232,37,11968
233,37,11969
234,37,11970
235,37,11971
236,37,11972
237,37,11973
238,37,11974
239,37,11975
240,37,11976
241,37,11977
242,37,11978
243,37,11979
244,37,11980
245,37,11981
246,37,11982
247,37,11983
248,37,11984
249,37,11985
250,37,11986
251,37,11987
252,37,11988
253,37,11989
254,37,11990
255,37,11991
256,37,11992
257,37,11993
258,37,11994
259,37,11995
260,37,11996
261,37,11997
262,37,11998
263,37,11999
264,37,12000
265,37,12001
266,37,12002
267,37,12003
268,37,12004
269,37,12005
270,37,12006
271,37,12007
272,37,12008
273,37,12009
274,37,12010
275,37,12011
276,37,12012
277,37,12013
278,37,12014
279,37,12015
280,37,12016
281,37,12017
282,37,12018
283,37,12019
284,37,12020
285,37,12021
286,37,12022
287,37,12023
288,37,12024
289,37,12025
290,37,12026
291,37,12027
292,37,12028
293,37,12029
294,37,12030
295,37,12031
296,37,12032
297,37,12033
298,37,12034
299,37,12035
300,37,12036
301,37,12037
302,37,12038
303,37,12039
304,37,12040
305,37,12041
306,37,12042
307,37,12043
308,37,12044
309,37,12045
310,37,12046
311,37,12047
312,37,12048
313,37,12049
314,37,12050
315,37,12051
316,37,12052
317,37,12053
318,37,12054
319,37,12055
320,37,12056
321,37,12057
322,37,12058
323,37,12059
324,37,12060
325,37,12061
326,37,12062
1,38,12063
2,38,12064
3,38,12065
4,38,12066
5,38,12067
6,38,12068
7,38,12069
8,38,12070
9,38,12071
10,38,12072
11,38,12073
12,38,12074
13,38,12075
14,38,12076
15,38,12077
16,38,12078
17,38,12079
18,38,12080
19,38,12081
20,38,12082
21,38,12083
22,38,12084
23,38,12085
24,38,12086
25,38,12087
26,38,12088
27,38,12089
28,38,12090
29,38,12091
30,38,12092
31,38,12093
32,38,12094
33,38,12095
34,38,12096
35,38,12097
36,38,12098
37,38,12099
38,38,12100
39,38,12101
40,38,12102
41,38,12103
42,38,12104
43,38,12105
44,38,12106
45,38,12107
46,38,12108
47,38,12109
48,38,12110
49,38,12111
50,38,12112
51,38,12113
52,38,12114
53,38,12115
54,38,12116
55,38,12117
56,38,12118
57,38,12119
58,38,12120
59,38,12121
60,38,12122
61,38,12123
62,38,12124
63,38,12125
64,38,12126
65,38,12127
66,38,12128
67,38,12129
68,38,12130
69,38,12131
70,38,12132
71,38,12133
72,38,12134
73,38,12135
74,38,12136
75,38,12137
76,38,12138
77,38,12139
78,38,12140
79,38,12141
80,38,12142
81,38,12143
82,38,12144
83,38,12145
84,38,12146
85,38,12147
86,38,12148
87,38,12149
88,38,12150
89,38,12151
90,38,12152
91,38,12153
92,38,12154
93,38,12155
94,38,12156
95,38,12157
96,38,12158
97,38,12159
98,38,12160
99,38,12161
100,38,12162
101,38,12163
102,38,12164
103,38,12165
104,38,12166
105,38,12167
106,38,12168
107,38,12169
108,38,12170
109,38,12171
110,38,12172
111,38,12173
112,38,12174
113,38,12175
114,38,12176
115,38,12177
116,38,12178
117,38,12179
118,38,12180
119,38,12181
120,38,12182
121,38,12183
122,38,12184
123,38,12185
124,38,12186
125,38,12187
126,38,12188
127,38,12189
128,38,12190
129,38,12191
130,38,12192
131,38,12193
132,38,12194
133,38,12195
134,38,12196
135,38,12197
136,38,12198
137,38,12199
138,38,12200
139,38,12201
140,38,12202
141,38,12203
142,38,12204
143,38,12205
144,38,12206
145,38,12207
146,38,12208
147,38,12209
148,38,12210
149,38,12211
150,38,12212
151,38,12213
152,38,12214
153,38,12215
154,38,12216
155,38,12217
156,38,12218
157,38,12219
158,38,12220
159,38,12221
160,38,12222
161,38,12223
162,38,12224
163,38,12225
164,38,12226
165,38,12227
166,38,12228
167,38,12229
168,38,12230
169,38,12231
170,38,12232
171,38,12233
172,38,12234
173,38,12235
174,38,12236
175,38,12237
176,38,12238
177,38,12239
178,38,12240
179,38,12241
180,38,12242
181,38,12243
182,38,12244
183,38,12245
184,38,12246
185,38,12247
186,38,12248
187,38,12249
188,38,12250
189,38,12251
190,38,12252
191,38,12253
192,38,12254
193,38,12255
194,38,12256
195,38,12257
196,38,12258
197,38,12259
198,38,12260
199,38,12261
200,38,12262
201,38,12263
202,38,12264
203,38,12265
204,38,12266
205,38,12267
206,38,12268
207,38,12269
208,38,12270
209,38,12271
210,38,12272
211,38,12273
212,38,12274
213,38,12275
214,38,12276
215,38,12277
216,38,12278
217,38,12279
218,38,12280
219,38,12281
220,38,12282
221,38,12283
222,38,12284
223,38,12285
224,38,12286
225,38,12287
226,38,12288
227,38,12289
228,38,12290
229,38,12291
230,38,12292
231,38,12293
232,38,12294
233,38,12295
234,38,12296
235,38,12297
236,38,12298
237,38,12299
238,38,12300
239,38,12301
240,38,12302
241,38,12303
242,38,12304
243,38,12305
244,38,12306
245,38,12307
246,38,12308
247,38,12309
248,38,12310
249,38,12311
250,38,12312
251,38,12313
252,38,12314
253,38,12315
254,38,12316
255,38,12317
256,38,12318
257,38,12319
258,38,12320
259,38,12321
260,38,12322
261,38,12323
262,38,12324
263,38,12325
264,38,12326
265,38,12327
266,38,12328
267,38,12329
268,38,12330
269,38,12331
270,38,12332
271,38,12333
272,38,12334
273,38,12335
274,38,12336
275,38,12337
276,38,12338
277,38,12339
278,38,12340
279,38,12341
280,38,12342
281,38,12343
282,38,12344
283,38,12345
284,38,12346
285,38,12347
286,38,12348
287,38,12349
288,38,12350
289,38,12351
290,38,12352
291,38,12353
292,38,12354
293,38,12355
294,38,12356
295,38,12357
296,38,12358
297,38,12359
298,38,12360
299,38,12361
300,38,12362
301,38,12363
302,38,12364
303,38,12365
304,38,12366
305,38,12367
306,38,12368
307,38,12369
308,38,12370
309,38,12371
310,38,12372
311,38,12373
312,38,12374
313,38,12375
314,38,12376
315,38,12377
316,38,12378
317,38,12379
318,38,12380
319,38,12381
320,38,12382
321,38,12383
322,38,12384
323,38,12385
324,38,12386
325,38,12387
326,38,12388
1,39,12389
2,39,12390
3,39,12391
4,39,12392
5,39,12393
6,39,12394
7,39,12395
8,39,12396
9,39,12397
10,39,12398
11,39,12399
12,39,12400
13,39,12401
14,39,12402
15,39,12403
16,39,12404
17,39,12405
18,39,12406
19,39,12407
20,39,12408
21,39,12409
22,39,12410
23,39,12411
24,39,12412
25,39,12413
26,39,12414
27,39,12415
28,39,12416
29,39,12417
30,39,12418
31,39,12419
32,39,12420
33,39,12421
34,39,12422
35,39,12423
36,39,12424
37,39,12425
38,39,12426
39,39,12427
40,39,12428
41,39,12429
42,39,12430
43,39,12431
44,39,12432
45,39,12433
46,39,12434
47,39,12435
48,39,12436
49,39,12437
50,39,12438
51,39,12439
52,39,12440
53,39,12441
54,39,12442
55,39,12443
56,39,12444
57,39,12445
58,39,12446
59,39,12447
60,39,12448
61,39,12449
62,39,12450
63,39,12451
64,39,12452
65,39,12453
66,39,12454
67,39,12455
68,39,12456
69,39,12457
70,39,12458
71,39,12459
72,39,12460
73,39,12461
74,39,12462
75,39,12463
76,39,12464
77,39,12465
78,39,12466
79,39,12467
80,39,12468
81,39,12469
82,39,12470
83,39,12471
84,39,12472
85,39,12473
86,39,12474
87,39,12475
88,39,12476
89,39,12477
90,39,12478
91,39,12479
92,39,12480
93,39,12481
94,39,12482
95,39,12483
96,39,12484
97,39,12485
98,39,12486
99,39,12487
100,39,12488
101,39,12489
102,39,12490
103,39,12491
104,39,12492
105,39,12493
106,39,12494
107,39,12495
108,39,12496
109,39,12497
110,39,12498
111,39,12499
112,39,12500
113,39,12501
114,39,12502
115,39,12503
116,39,12504
117,39,12505
118,39,12506
119,39,12507
120,39,12508
121,39,12509
122,39,12510
123,39,12511
124,39,12512
125,39,12513
126,39,12514
127,39,12515
128,39,12516
129,39,12517
130,39,12518
131,39,12519
132,39,12520
133,39,12521
134,39,12522
135,39,12523
136,39,12524
137,39,12525
138,39,12526
139,39,12527
140,39,12528
141,39,12529
142,39,12530
143,39,12531
144,39,12532
145,39,12533
146,39,12534
147,39,12535
148,39,12536
149,39,12537
150,39,12538
151,39,12539
152,39,12540
153,39,12541
154,39,12542
155,39,12543
156,39,12544
157,39,12545
158,39,12546
159,39,12547
160,39,12548
161,39,12549
162,39,12550
163,39,12551
164,39,12552
165,39,12553
166,39,12554
167,39,12555
168,39,12556
169,39,12557
170,39,12558
171,39,12559
172,39,12560
173,39,12561
174,39,12562
175,39,12563
176,39,12564
177,39,12565
178,39,12566
179,39,12567
180,39,12568
181,39,12569
182,39,12570
183,39,12571
184,39,12572
185,39,12573
186,39,12574
187,39,12575
188,39,12576
189,39,12577
190,39,12578
191,39,12579
192,39,12580
193,39,12581
194,39,12582
195,39,12583
196,39,12584
197,39,12585
198,39,12586
199,39,12587
200,39,12588
201,39,12589
202,39,12590
203,39,12591
204,39,12592
205,39,12593
206,39,12594
207,39,12595
208,39,12596
209,39,12597
210,39,12598
211,39,12599
212,39,12600
213,39,12601
214,39,12602
215,39,12603
216,39,12604
217,39,12605
218,39,12606
219,39,12607
220,39,12608
221,39,12609
222,39,12610
223,39,12611
224,39,12612
225,39,12613
226,39,12614
227,39,12615
228,39,12616
229,39,12617
230,39,12618
231,39,12619
232,39,12620
233,39,12621
234,39,12622
235,39,12623
236,39,12624
237,39,12625
238,39,12626
239,39,12627
240,39,12628
241,39,12629
242,39,12630
243,39,12631
244,39,12632
245,39,12633
246,39,12634
247,39,12635
248,39,12636
249,39,12637
250,39,12638
251,39,12639
252,39,12640
253,39,12641
254,39,12642
255,39,12643
256,39,12644
257,39,12645
258,39,12646
259,39,12647
260,39,12648
261,39,12649
262,39,12650
263,39,12651
264,39,12652
265,39,12653
266,39,12654
267,39,12655
268,39,12656
269,39,12657
270,39,12658
271,39,12659
272,39,12660
273,39,12661
274,39,12662
275,39,12663
276,39,12664
277,39,12665
278,39,12666
279,39,12667
280,39,12668
281,39,12669
282,39,12670
283,39,12671
284,39,12672
285,39,12673
286,39,12674
287,39,12675
288,39,12676
289,39,12677
290,39,12678
291,39,12679
292,39,12680
293,39,12681
294,39,12682
295,39,12683
296,39,12684
297,39,12685
298,39,12686
299,39,12687
300,39,12688
301,39,12689
302,39,12690
303,39,12691
304,39,12692
305,39,12693
306,39,12694
307,39,12695
308,39,12696
309,39,12697
310,39,12698
311,39,12699
312,39,12700
313,39,12701
314,39,12702
315,39,12703
316,39,12704
317,39,12705
318,39,12706
319,39,12707
320,39,12708
321,39,12709
322,39,12710
323,39,12711
324,39,12712
325,39,12713
326,39,12714
1,40,12715
2,40,12716
3,40,12717
4,40,12718
5,40,12719
6,40,12720
7,40,12721
8,40,12722
9,40,12723
10,40,12724
11,40,12725
12,40,12726
13,40,12727
14,40,12728
15,40,12729
16,40,12730
17,40,12731
18,40,12732
19,40,12733
20,40,12734
21,40,12735
22,40,12736
23,40,12737
24,40,12738
25,40,12739
26,40,12740
27,40,12741
28,40,12742
29,40,12743
30,40,12744
31,40,12745
32,40,12746
33,40,12747
34,40,12748
35,40,12749
36,40,12750
37,40,12751
38,40,12752
39,40,12753
40,40,12754
41,40,12755
42,40,12756
43,40,12757
44,40,12758
45,40,12759
46,40,12760
47,40,12761
48,40,12762
49,40,12763
50,40,12764
51,40,12765
52,40,12766
53,40,12767
54,40,12768
55,40,12769
56,40,12770
57,40,12771
58,40,12772
59,40,12773
60,40,12774
61,40,12775
62,40,12776
63,40,12777
64,40,12778
65,40,12779
66,40,12780
67,40,12781
68,40,12782
69,40,12783
70,40,12784
71,40,12785
72,40,12786
73,40,12787
74,40,12788
75,40,12789
76,40,12790
77,40,12791
78,40,12792
79,40,12793
80,40,12794
81,40,12795
82,40,12796
83,40,12797
84,40,12798
85,40,12799
86,40,12800
87,40,12801
88,40,12802
89,40,12803
90,40,12804
91,40,12805
92,40,12806
93,40,12807
94,40,12808
95,40,12809
96,40,12810
97,40,12811
98,40,12812
99,40,12813
100,40,12814
101,40,12815
102,40,12816
103,40,12817
104,40,12818
105,40,12819
106,40,12820
107,40,12821
108,40,12822
109,40,12823
110,40,12824
111,40,12825
112,40,12826
113,40,12827
114,40,12828
115,40,12829
116,40,12830
117,40,12831
118,40,12832
119,40,12833
120,40,12834
121,40,12835
122,40,12836
123,40,12837
124,40,12838
125,40,12839
126,40,12840
127,40,12841
128,40,12842
129,40,12843
130,40,12844
131,40,12845
132,40,12846
133,40,12847
134,40,12848
135,40,12849
136,40,12850
137,40,12851
138,40,12852
139,40,12853
140,40,12854
141,40,12855
142,40,12856
143,40,12857
144,40,12858
145,40,12859
146,40,12860
147,40,12861
148,40,12862
149,40,12863
150,40,12864
151,40,12865
152,40,12866
153,40,12867
154,40,12868
155,40,12869
156,40,12870
157,40,12871
158,40,12872
159,40,12873
160,40,12874
161,40,12875
162,40,12876
163,40,12877
164,40,12878
165,40,12879
166,40,12880
167,40,12881
168,40,12882
169,40,12883
170,40,12884
171,40,12885
172,40,12886
173,40,12887
174,40,12888
175,40,12889
176,40,12890
177,40,12891
178,40,12892
179,40,12893
180,40,12894
181,40,12895
182,40,12896
183,40,12897
184,40,12898
185,40,12899
186,40,12900
187,40,12901
188,40,12902
189,40,12903
190,40,12904
191,40,12905
192,40,12906
193,40,12907
194,40,12908
195,40,12909
196,40,12910
197,40,12911
198,40,12912
199,40,12913
200,40,12914
201,40,12915
202,40,12916
203,40,12917
204,40,12918
205,40,12919
206,40,12920
207,40,12921
208,40,12922
209,40,12923
210,40,12924
211,40,12925
212,40,12926
213,40,12927
214,40,12928
215,40,12929
216,40,12930
217,40,12931
218,40,12932
219,40,12933
220,40,12934
221,40,12935
222,40,12936
223,40,12937
224,40,12938
225,40,12939
226,40,12940
227,40,12941
228,40,12942
229,40,12943
230,40,12944
231,40,12945
232,40,12946
233,40,12947
234,40,12948
235,40,12949
236,40,12950
237,40,12951
238,40,12952
239,40,12953
240,40,12954
241,40,12955
242,40,12956
243,40,12957
244,40,12958
245,40,12959
246,40,12960
247,40,12961
248,40,12962
249,40,12963
250,40,12964
251,40,12965
252,40,12966
253,40,12967
254,40,12968
255,40,12969
256,40,12970
257,40,12971
258,40,12972
259,40,12973
260,40,12974
261,40,12975
262,40,12976
263,40,12977
264,40,12978
265,40,12979
266,40,12980
267,40,12981
268,40,12982
269,40,12983
270,40,12984
271,40,12985
272,40,12986
273,40,12987
274,40,12988
275,40,12989
276,40,12990
277,40,12991
278,40,12992
279,40,12993
280,40,12994
281,40,12995
282,40,12996
283,40,12997
284,40,12998
285,40,12999
286,40,13000
287,40,13001
288,40,13002
289,40,13003
290,40,13004
291,40,13005
292,40,13006
293,40,13007
294,40,13008
295,40,13009
296,40,13010
297,40,13011
298,40,13012
299,40,13013
300,40,13014
301,40,13015
302,40,13016
303,40,13017
304,40,13018
305,40,13019
306,40,13020
307,40,13021
308,40,13022
309,40,13023
310,40,13024
311,40,13025
312,40,13026
313,40,13027
314,40,13028
315,40,13029
316,40,13030
317,40,13031
318,40,13032
319,40,13033
320,40,13034
321,40,13035
322,40,13036
323,40,13037
324,40,13038
325,40,13039
326,40,13040
1,41,13041
2,41,13042
3,41,13043
4,41,13044
5,41,13045
6,41,13046
7,41,13047
8,41,13048
9,41,13049
10,41,13050
11,41,13051
12,41,13052
13,41,13053
14,41,13054
15,41,13055
16,41,13056
17,41,13057
18,41,13058
19,41,13059
20,41,13060
21,41,13061
22,41,13062
23,41,13063
24,41,13064
25,41,13065
26,41,13066
27,41,13067
28,41,13068
29,41,13069
30,41,13070
31,41,13071
32,41,13072
33,41,13073
34,41,13074
35,41,13075
36,41,13076
37,41,13077
38,41,13078
39,41,13079
40,41,13080
41,41,13081
42,41,13082
43,41,13083
44,41,13084
45,41,13085
46,41,13086
47,41,13087
48,41,13088
49,41,13089
50,41,13090
51,41,13091
52,41,13092
53,41,13093
54,41,13094
55,41,13095
56,41,13096
57,41,13097
58,41,13098
59,41,13099
60,41,13100
61,41,13101
62,41,13102
63,41,13103
64,41,13104
65,41,13105
66,41,13106
67,41,13107
68,41,13108
69,41,13109
70,41,13110
71,41,13111
72,41,13112
73,41,13113
74,41,13114
75,41,13115
76,41,13116
77,41,13117
78,41,13118
79,41,13119
80,41,13120
81,41,13121
82,41,13122
83,41,13123
84,41,13124
85,41,13125
86,41,13126
87,41,13127
88,41,13128
89,41,13129
90,41,13130
91,41,13131
92,41,13132
93,41,13133
94,41,13134
95,41,13135
96,41,13136
97,41,13137
98,41,13138
99,41,13139
100,41,13140
101,41,13141
102,41,13142
103,41,13143
104,41,13144
105,41,13145
106,41,13146
107,41,13147
108,41,13148
109,41,13149
110,41,13150
111,41,13151
112,41,13152
113,41,13153
114,41,13154
115,41,13155
116,41,13156
117,41,13157
118,41,13158
119,41,13159
120,41,13160
121,41,13161
122,41,13162
123,41,13163
124,41,13164
125,41,13165
126,41,13166
127,41,13167
128,41,13168
129,41,13169
130,41,13170
131,41,13171
132,41,13172
133,41,13173
134,41,13174
135,41,13175
136,41,13176
137,41,13177
138,41,13178
139,41,13179
140,41,13180
141,41,13181
142,41,13182
143,41,13183
144,41,13184
145,41,13185
146,41,13186
147,41,13187
148,41,13188
149,41,13189
150,41,13190
151,41,13191
152,41,13192
153,41,13193
154,41,13194
155,41,13195
156,41,13196
157,41,13197
158,41,13198
159,41,13199
160,41,13200
161,41,13201
162,41,13202
163,41,13203
164,41,13204
165,41,13205
166,41,13206
167,41,13207
168,41,13208
169,41,13209
170,41,13210
171,41,13211
172,41,13212
173,41,13213
174,41,13214
175,41,13215
176,41,13216
177,41,13217
178,41,13218
179,41,13219
180,41,13220
181,41,13221
182,41,13222
183,41,13223
184,41,13224
185,41,13225
186,41,13226
187,41,13227
188,41,13228
189,41,13229
190,41,13230
191,41,13231
192,41,13232
193,41,13233
194,41,13234
195,41,13235
196,41,13236
197,41,13237
198,41,13238
199,41,13239
200,41,13240
201,41,13241
202,41,13242
203,41,13243
204,41,13244
205,41,13245
206,41,13246
207,41,13247
208,41,13248
209,41,13249
210,41,13250
211,41,13251
212,41,13252
213,41,13253
214,41,13254
215,41,13255
216,41,13256
217,41,13257
218,41,13258
219,41,13259
220,41,13260
221,41,13261
222,41,13262
223,41,13263
224,41,13264
225,41,13265
226,41,13266
227,41,13267
228,41,13268
229,41,13269
230,41,13270
231,41,13271
232,41,13272
233,41,13273
234,41,13274
235,41,13275
236,41,13276
237,41,13277
238,41,13278
239,41,13279
240,41,13280
241,41,13281
242,41,13282
243,41,13283
244,41,13284
245,41,13285
246,41,13286
247,41,13287
248,41,13288
249,41,13289
250,41,13290
251,41,13291
252,41,13292
253,41,13293
254,41,13294
255,41,13295
256,41,13296
257,41,13297
258,41,13298
259,41,13299
260,41,13300
261,41,13301
262,41,13302
263,41,13303
264,41,13304
265,41,13305
266,41,13306
267,41,13307
268,41,13308
269,41,13309
270,41,13310
271,41,13311
272,41,13312
273,41,13313
274,41,13314
275,41,13315
276,41,13316
277,41,13317
278,41,13318
279,41,13319
280,41,13320
281,41,13321
282,41,13322
283,41,13323
284,41,13324
285,41,13325
286,41,13326
287,41,13327
288,41,13328
289,41,13329
290,41,13330
291,41,13331
292,41,13332
293,41,13333
294,41,13334
295,41,13335
296,41,13336
297,41,13337
298,41,13338
299,41,13339
300,41,13340
301,41,13341
302,41,13342
303,41,13343
304,41,13344
305,41,13345
306,41,13346
307,41,13347
308,41,13348
309,41,13349
310,41,13350
311,41,13351
312,41,13352
313,41,13353
314,41,13354
315,41,13355
316,41,13356
317,41,13357
318,41,13358
319,41,13359
320,41,13360
321,41,13361
322,41,13362
323,41,13363
324,41,13364
325,41,13365
326,41,13366
1,42,13367
2,42,13368
3,42,13369
4,42,13370
5,42,13371
6,42,13372
7,42,13373
8,42,13374
9,42,13375
10,42,13376
11,42,13377
12,42,13378
13,42,13379
14,42,13380
15,42,13381
16,42,13382
17,42,13383
18,42,13384
19,42,13385
20,42,13386
21,42,13387
22,42,13388
23,42,13389
24,42,13390
25,42,13391
26,42,13392
27,42,13393
28,42,13394
29,42,13395
30,42,13396
31,42,13397
32,42,13398
33,42,13399
34,42,13400
35,42,13401
36,42,13402
37,42,13403
38,42,13404
39,42,13405
40,42,13406
41,42,13407
42,42,13408
43,42,13409
44,42,13410
45,42,13411
46,42,13412
47,42,13413
48,42,13414
49,42,13415
50,42,13416
51,42,13417
52,42,13418
53,42,13419
54,42,13420
55,42,13421
56,42,13422
57,42,13423
58,42,13424
59,42,13425
60,42,13426
61,42,13427
62,42,13428
63,42,13429
64,42,13430
65,42,13431
66,42,13432
67,42,13433
68,42,13434
69,42,13435
70,42,13436
71,42,13437
72,42,13438
73,42,13439
74,42,13440
75,42,13441
76,42,13442
77,42,13443
78,42,13444
79,42,13445
80,42,13446
81,42,13447
82,42,13448
83,42,13449
84,42,13450
85,42,13451
86,42,13452
87,42,13453
88,42,13454
89,42,13455
90,42,13456
91,42,13457
92,42,13458
93,42,13459
94,42,13460
95,42,13461
96,42,13462
97,42,13463
98,42,13464
99,42,13465
100,42,13466
101,42,13467
102,42,13468
103,42,13469
104,42,13470
105,42,13471
106,42,13472
107,42,13473
108,42,13474
109,42,13475
110,42,13476
111,42,13477
112,42,13478
113,42,13479
114,42,13480
115,42,13481
116,42,13482
117,42,13483
118,42,13484
119,42,13485
120,42,13486
121,42,13487
122,42,13488
123,42,13489
124,42,13490
125,42,13491
126,42,13492
127,42,13493
128,42,13494
129,42,13495
130,42,13496
131,42,13497
132,42,13498
133,42,13499
134,42,13500
135,42,13501
136,42,13502
137,42,13503
138,42,13504
139,42,13505
140,42,13506
141,42,13507
142,42,13508
143,42,13509
144,42,13510
145,42,13511
146,42,13512
147,42,13513
148,42,13514
149,42,13515
150,42,13516
151,42,13517
152,42,13518
153,42,13519
154,42,13520
155,42,13521
156,42,13522
157,42,13523
158,42,13524
159,42,13525
160,42,13526
161,42,13527
162,42,13528
163,42,13529
164,42,13530
165,42,13531
166,42,13532
167,42,13533
168,42,13534
169,42,13535
170,42,13536
171,42,13537
172,42,13538
173,42,13539
174,42,13540
175,42,13541
176,42,13542
177,42,13543
178,42,13544
179,42,13545
180,42,13546
181,42,13547
182,42,13548
183,42,13549
184,42,13550
185,42,13551
186,42,13552
187,42,13553
188,42,13554
189,42,13555
190,42,13556
191,42,13557
192,42,13558
193,42,13559
194,42,13560
195,42,13561
196,42,13562
197,42,13563
198,42,13564
199,42,13565
200,42,13566
201,42,13567
202,42,13568
203,42,13569
204,42,13570
205,42,13571
206,42,13572
207,42,13573
208,42,13574
209,42,13575
210,42,13576
211,42,13577
212,42,13578
213,42,13579
214,42,13580
215,42,13581
216,42,13582
217,42,13583
218,42,13584
219,42,13585
220,42,13586
221,42,13587
222,42,13588
223,42,13589
224,42,13590
225,42,13591
226,42,13592
227,42,13593
228,42,13594
229,42,13595
230,42,13596
231,42,13597
232,42,13598
233,42,13599
234,42,13600
235,42,13601
236,42,13602
237,42,13603
238,42,13604
239,42,13605
240,42,13606
241,42,13607
242,42,13608
243,42,13609
244,42,13610
245,42,13611
246,42,13612
247,42,13613
248,42,13614
249,42,13615
250,42,13616
251,42,13617
252,42,13618
253,42,13619
254,42,13620
255,42,13621
256,42,13622
257,42,13623
258,42,13624
259,42,13625
260,42,13626
261,42,13627
262,42,13628
263,42,13629
264,42,13630
265,42,13631
266,42,13632
267,42,13633
268,42,13634
269,42,13635
270,42,13636
271,42,13637
272,42,13638
273,42,13639
274,42,13640
275,42,13641
276,42,13642
277,42,13643
278,42,13644
279,42,13645
280,42,13646
281,42,13647
282,42,13648
283,42,13649
284,42,13650
285,42,13651
286,42,13652
287,42,13653
288,42,13654
289,42,13655
290,42,13656
291,42,13657
292,42,13658
293,42,13659
294,42,13660
295,42,13661
296,42,13662
297,42,13663
298,42,13664
299,42,13665
300,42,13666
301,42,13667
302,42,13668
303,42,13669
304,42,13670
305,42,13671
306,42,13672
307,42,13673
308,42,13674
309,42,13675
310,42,13676
311,42,13677
312,42,13678
313,42,13679
314,42,13680
315,42,13681
316,42,13682
317,42,13683
318,42,13684
319,42,13685
320,42,13686
321,42,13687
322,42,13688
323,42,13689
324,42,13690
325,42,13691
326,42,13692
1,43,13693
2,43,13694
3,43,13695
4,43,13696
5,43,13697
6,43,13698
7,43,13699
8,43,13700
9,43,13701
10,43,13702
11,43,13703
12,43,13704
13,43,13705
14,43,13706
15,43,13707
16,43,13708
17,43,13709
18,43,13710
19,43,13711
20,43,13712
21,43,13713
22,43,13714
23,43,13715
24,43,13716
25,43,13717
26,43,13718
27,43,13719
28,43,13720
29,43,13721
30,43,13722
31,43,13723
32,43,13724
33,43,13725
34,43,13726
35,43,13727
36,43,13728
37,43,13729
38,43,13730
39,43,13731
40,43,13732
41,43,13733
42,43,13734
43,43,13735
44,43,13736
45,43,13737
46,43,13738
47,43,13739
48,43,13740
49,43,13741
50,43,13742
51,43,13743
52,43,13744
53,43,13745
54,43,13746
55,43,13747
56,43,13748
57,43,13749
58,43,13750
59,43,13751
60,43,13752
61,43,13753
62,43,13754
63,43,13755
64,43,13756
65,43,13757
66,43,13758
67,43,13759
68,43,13760
69,43,13761
70,43,13762
71,43,13763
72,43,13764
73,43,13765
74,43,13766
75,43,13767
76,43,13768
77,43,13769
78,43,13770
79,43,13771
80,43,13772
81,43,13773
82,43,13774
83,43,13775
84,43,13776
85,43,13777
86,43,13778
87,43,13779
88,43,13780
89,43,13781
90,43,13782
91,43,13783
92,43,13784
93,43,13785
94,43,13786
95,43,13787
96,43,13788
97,43,13789
98,43,13790
99,43,13791
100,43,13792
101,43,13793
102,43,13794
103,43,13795
104,43,13796
105,43,13797
106,43,13798
107,43,13799
108,43,13800
109,43,13801
110,43,13802
111,43,13803
112,43,13804
113,43,13805
114,43,13806
115,43,13807
116,43,13808
117,43,13809
118,43,13810
119,43,13811
120,43,13812
121,43,13813
122,43,13814
123,43,13815
124,43,13816
125,43,13817
126,43,13818
127,43,13819
128,43,13820
129,43,13821
130,43,13822
131,43,13823
132,43,13824
133,43,13825
134,43,13826
135,43,13827
136,43,13828
137,43,13829
138,43,13830
139,43,13831
140,43,13832
141,43,13833
142,43,13834
143,43,13835
144,43,13836
145,43,13837
146,43,13838
147,43,13839
148,43,13840
149,43,13841
150,43,13842
151,43,13843
152,43,13844
153,43,13845
154,43,13846
155,43,13847
156,43,13848
157,43,13849
158,43,13850
159,43,13851
160,43,13852
161,43,13853
162,43,13854
163,43,13855
164,43,13856
165,43,13857
166,43,13858
167,43,13859
168,43,13860
169,43,13861
170,43,13862
171,43,13863
172,43,13864
173,43,13865
174,43,13866
175,43,13867
176,43,13868
177,43,13869
178,43,13870
179,43,13871
180,43,13872
181,43,13873
182,43,13874
183,43,13875
184,43,13876
185,43,13877
186,43,13878
187,43,13879
188,43,13880
189,43,13881
190,43,13882
191,43,13883
192,43,13884
193,43,13885
194,43,13886
195,43,13887
196,43,13888
197,43,13889
198,43,13890
199,43,13891
200,43,13892
201,43,13893
202,43,13894
203,43,13895
204,43,13896
205,43,13897
206,43,13898
207,43,13899
208,43,13900
209,43,13901
210,43,13902
211,43,13903
212,43,13904
213,43,13905
214,43,13906
215,43,13907
216,43,13908
217,43,13909
218,43,13910
219,43,13911
220,43,13912
221,43,13913
222,43,13914
223,43,13915
224,43,13916
225,43,13917
226,43,13918
227,43,13919
228,43,13920
229,43,13921
230,43,13922
231,43,13923
232,43,13924
233,43,13925
234,43,13926
235,43,13927
236,43,13928
237,43,13929
238,43,13930
239,43,13931
240,43,13932
241,43,13933
242,43,13934
243,43,13935
244,43,13936
245,43,13937
246,43,13938
247,43,13939
248,43,13940
249,43,13941
250,43,13942
251,43,13943
252,43,13944
253,43,13945
254,43,13946
255,43,13947
256,43,13948
257,43,13949
258,43,13950
259,43,13951
260,43,13952
261,43,13953
262,43,13954
263,43,13955
264,43,13956
265,43,13957
266,43,13958
267,43,13959
268,43,13960
269,43,13961
270,43,13962
271,43,13963
272,43,13964
273,43,13965
274,43,13966
275,43,13967
276,43,13968
277,43,13969
278,43,13970
279,43,13971
280,43,13972
281,43,13973
282,43,13974
283,43,13975
284,43,13976
285,43,13977
286,43,13978
287,43,13979
288,43,13980
289,43,13981
290,43,13982
291,43,13983
292,43,13984
293,43,13985
294,43,13986
295,43,13987
296,43,13988
297,43,13989
298,43,13990
299,43,13991
300,43,13992
301,43,13993
302,43,13994
303,43,13995
304,43,13996
305,43,13997
306,43,13998
307,43,13999
308,43,14000
309,43,14001
310,43,14002
311,43,14003
312,43,14004
313,43,14005
314,43,14006
315,43,14007
316,43,14008
317,43,14009
318,43,14010
319,43,14011
320,43,14012
321,43,14013
322,43,14014
323,43,14015
324,43,14016
325,43,14017
326,43,14018
1,44,14019
2,44,14020
3,44,14021
4,44,14022
5,44,14023
6,44,14024
7,44,14025
8,44,14026
9,44,14027
10,44,14028
11,44,14029
12,44,14030
13,44,14031
14,44,14032
15,44,14033
16,44,14034
17,44,14035
18,44,14036
19,44,14037
20,44,14038
21,44,14039
22,44,14040
23,44,14041
24,44,14042
25,44,14043
26,44,14044
27,44,14045
28,44,14046
29,44,14047
30,44,14048
31,44,14049
32,44,14050
33,44,14051
34,44,14052
35,44,14053
36,44,14054
37,44,14055
38,44,14056
39,44,14057
40,44,14058
41,44,14059
42,44,14060
43,44,14061
44,44,14062
45,44,14063
46,44,14064
47,44,14065
48,44,14066
49,44,14067
50,44,14068
51,44,14069
52,44,14070
53,44,14071
54,44,14072
55,44,14073
56,44,14074
57,44,14075
58,44,14076
59,44,14077
60,44,14078
61,44,14079
62,44,14080
63,44,14081
64,44,14082
65,44,14083
66,44,14084
67,44,14085
68,44,14086
69,44,14087
70,44,14088
71,44,14089
72,44,14090
73,44,14091
74,44,14092
75,44,14093
76,44,14094
77,44,14095
78,44,14096
79,44,14097
80,44,14098
81,44,14099
82,44,14100
83,44,14101
84,44,14102
85,44,14103
86,44,14104
87,44,14105
88,44,14106
89,44,14107
90,44,14108
91,44,14109
92,44,14110
93,44,14111
94,44,14112
95,44,14113
96,44,14114
97,44,14115
98,44,14116
99,44,14117
100,44,14118
101,44,14119
102,44,14120
103,44,14121
104,44,14122
105,44,14123
106,44,14124
107,44,14125
108,44,14126
109,44,14127
110,44,14128
111,44,14129
112,44,14130
113,44,14131
114,44,14132
115,44,14133
116,44,14134
117,44,14135
118,44,14136
119,44,14137
120,44,14138
121,44,14139
122,44,14140
123,44,14141
124,44,14142
125,44,14143
126,44,14144
127,44,14145
128,44,14146
129,44,14147
130,44,14148
131,44,14149
132,44,14150
133,44,14151
134,44,14152
135,44,14153
136,44,14154
137,44,14155
138,44,14156
139,44,14157
140,44,14158
141,44,14159
142,44,14160
143,44,14161
144,44,14162
145,44,14163
146,44,14164
147,44,14165
148,44,14166
149,44,14167
150,44,14168
151,44,14169
152,44,14170
153,44,14171
154,44,14172
155,44,14173
156,44,14174
157,44,14175
158,44,14176
159,44,14177
160,44,14178
161,44,14179
162,44,14180
163,44,14181
164,44,14182
165,44,14183
166,44,14184
167,44,14185
168,44,14186
169,44,14187
170,44,14188
171,44,14189
172,44,14190
173,44,14191
174,44,14192
175,44,14193
176,44,14194
177,44,14195
178,44,14196
179,44,14197
180,44,14198
181,44,14199
182,44,14200
183,44,14201
184,44,14202
185,44,14203
186,44,14204
187,44,14205
188,44,14206
189,44,14207
190,44,14208
191,44,14209
192,44,14210
193,44,14211
194,44,14212
195,44,14213
196,44,14214
197,44,14215
198,44,14216
199,44,14217
200,44,14218
201,44,14219
202,44,14220
203,44,14221
204,44,14222
205,44,14223
206,44,14224
207,44,14225
208,44,14226
209,44,14227
210,44,14228
211,44,14229
212,44,14230
213,44,14231
214,44,14232
215,44,14233
216,44,14234
217,44,14235
218,44,14236
219,44,14237
220,44,14238
221,44,14239
222,44,14240
223,44,14241
224,44,14242
225,44,14243
226,44,14244
227,44,14245
228,44,14246
229,44,14247
230,44,14248
231,44,14249
232,44,14250
233,44,14251
234,44,14252
235,44,14253
236,44,14254
237,44,14255
238,44,14256
239,44,14257
240,44,14258
241,44,14259
242,44,14260
243,44,14261
244,44,14262
245,44,14263
246,44,14264
247,44,14265
248,44,14266
249,44,14267
250,44,14268
251,44,14269
252,44,14270
253,44,14271
254,44,14272
255,44,14273
256,44,14274
257,44,14275
258,44,14276
259,44,14277
260,44,14278
261,44,14279
262,44,14280
263,44,14281
264,44,14282
265,44,14283
266,44,14284
267,44,14285
268,44,14286
269,44,14287
270,44,14288
271,44,14289
272,44,14290
273,44,14291
274,44,14292
275,44,14293
276,44,14294
277,44,14295
278,44,14296
279,44,14297
280,44,14298
281,44,14299
282,44,14300
283,44,14301
284,44,14302
285,44,14303
286,44,14304
287,44,14305
288,44,14306
289,44,14307
290,44,14308
291,44,14309
292,44,14310
293,44,14311
294,44,14312
295,44,14313
296,44,14314
297,44,14315
298,44,14316
299,44,14317
300,44,14318
301,44,14319
302,44,14320
303,44,14321
304,44,14322
305,44,14323
306,44,14324
307,44,14325
308,44,14326
309,44,14327
310,44,14328
311,44,14329
312,44,14330
313,44,14331
314,44,14332
315,44,14333
316,44,14334
317,44,14335
318,44,14336
319,44,14337
320,44,14338
321,44,14339
322,44,14340
323,44,14341
324,44,14342
325,44,14343
326,44,14344
1,45,14345
2,45,14346
3,45,14347
4,45,14348
5,45,14349
6,45,14350
7,45,14351
8,45,14352
9,45,14353
10,45,14354
11,45,14355
12,45,14356
13,45,14357
14,45,14358
15,45,14359
16,45,14360
17,45,14361
18,45,14362
19,45,14363
20,45,14364
21,45,14365
22,45,14366
23,45,14367
24,45,14368
25,45,14369
26,45,14370
27,45,14371
28,45,14372
29,45,14373
30,45,14374
31,45,14375
32,45,14376
33,45,14377
34,45,14378
35,45,14379
36,45,14380
37,45,14381
38,45,14382
39,45,14383
40,45,14384
41,45,14385
42,45,14386
43,45,14387
44,45,14388
45,45,14389
46,45,14390
47,45,14391
48,45,14392
49,45,14393
50,45,14394
51,45,14395
52,45,14396
53,45,14397
54,45,14398
55,45,14399
56,45,14400
57,45,14401
58,45,14402
59,45,14403
60,45,14404
61,45,14405
62,45,14406
63,45,14407
64,45,14408
65,45,14409
66,45,14410
67,45,14411
68,45,14412
69,45,14413
70,45,14414
71,45,14415
72,45,14416
73,45,14417
74,45,14418
75,45,14419
76,45,14420
77,45,14421
78,45,14422
79,45,14423
80,45,14424
81,45,14425
82,45,14426
83,45,14427
84,45,14428
85,45,14429
86,45,14430
87,45,14431
88,45,14432
89,45,14433
90,45,14434
91,45,14435
92,45,14436
93,45,14437
94,45,14438
95,45,14439
96,45,14440
97,45,14441
98,45,14442
99,45,14443
100,45,14444
101,45,14445
102,45,14446
103,45,14447
104,45,14448
105,45,14449
106,45,14450
107,45,14451
108,45,14452
109,45,14453
110,45,14454
111,45,14455
112,45,14456
113,45,14457
114,45,14458
115,45,14459
116,45,14460
117,45,14461
118,45,14462
119,45,14463
120,45,14464
121,45,14465
122,45,14466
123,45,14467
124,45,14468
125,45,14469
126,45,14470
127,45,14471
128,45,14472
129,45,14473
130,45,14474
131,45,14475
132,45,14476
133,45,14477
134,45,14478
135,45,14479
136,45,14480
137,45,14481
138,45,14482
139,45,14483
140,45,14484
141,45,14485
142,45,14486
143,45,14487
144,45,14488
145,45,14489
146,45,14490
147,45,14491
148,45,14492
149,45,14493
150,45,14494
151,45,14495
152,45,14496
153,45,14497
154,45,14498
155,45,14499
156,45,14500
157,45,14501
158,45,14502
159,45,14503
160,45,14504
161,45,14505
162,45,14506
163,45,14507
164,45,14508
165,45,14509
166,45,14510
167,45,14511
168,45,14512
169,45,14513
170,45,14514
171,45,14515
172,45,14516
173,45,14517
174,45,14518
175,45,14519
176,45,14520
177,45,14521
178,45,14522
179,45,14523
180,45,14524
181,45,14525
182,45,14526
183,45,14527
184,45,14528
185,45,14529
186,45,14530
187,45,14531
188,45,14532
189,45,14533
190,45,14534
191,45,14535
192,45,14536
193,45,14537
194,45,14538
195,45,14539
196,45,14540
197,45,14541
198,45,14542
199,45,14543
200,45,14544
201,45,14545
202,45,14546
203,45,14547
204,45,14548
205,45,14549
206,45,14550
207,45,14551
208,45,14552
209,45,14553
210,45,14554
211,45,14555
212,45,14556
213,45,14557
214,45,14558
215,45,14559
216,45,14560
217,45,14561
218,45,14562
219,45,14563
220,45,14564
221,45,14565
222,45,14566
223,45,14567
224,45,14568
225,45,14569
226,45,14570
227,45,14571
228,45,14572
229,45,14573
230,45,14574
231,45,14575
232,45,14576
233,45,14577
234,45,14578
235,45,14579
236,45,14580
237,45,14581
238,45,14582
239,45,14583
240,45,14584
241,45,14585
242,45,14586
243,45,14587
244,45,14588
245,45,14589
246,45,14590
247,45,14591
248,45,14592
249,45,14593
250,45,14594
251,45,14595
252,45,14596
253,45,14597
254,45,14598
255,45,14599
256,45,14600
257,45,14601
258,45,14602
259,45,14603
260,45,14604
261,45,14605
262,45,14606
263,45,14607
264,45,14608
265,45,14609
266,45,14610
267,45,14611
268,45,14612
269,45,14613
270,45,14614
271,45,14615
272,45,14616
273,45,14617
274,45,14618
275,45,14619
276,45,14620
277,45,14621
278,45,14622
279,45,14623
280,45,14624
281,45,14625
282,45,14626
283,45,14627
284,45,14628
285,45,14629
286,45,14630
287,45,14631
288,45,14632
289,45,14633
290,45,14634
291,45,14635
292,45,14636
293,45,14637
294,45,14638
295,45,14639
296,45,14640
297,45,14641
298,45,14642
299,45,14643
300,45,14644
301,45,14645
302,45,14646
303,45,14647
304,45,14648
305,45,14649
306,45,14650
307,45,14651
308,45,14652
309,45,14653
310,45,14654
311,45,14655
312,45,14656
313,45,14657
314,45,14658
315,45,14659
316,45,14660
317,45,14661
318,45,14662
319,45,14663
320,45,14664
321,45,14665
322,45,14666
323,45,14667
324,45,14668
325,45,14669
326,45,14670
1,46,14671
2,46,14672
3,46,14673
4,46,14674
5,46,14675
6,46,14676
7,46,14677
8,46,14678
9,46,14679
10,46,14680
11,46,14681
12,46,14682
13,46,14683
14,46,14684
15,46,14685
16,46,14686
17,46,14687
18,46,14688
19,46,14689
20,46,14690
21,46,14691
22,46,14692
23,46,14693
24,46,14694
25,46,14695
26,46,14696
27,46,14697
28,46,14698
29,46,14699
30,46,14700
31,46,14701
32,46,14702
33,46,14703
34,46,14704
35,46,14705
36,46,14706
37,46,14707
38,46,14708
39,46,14709
40,46,14710
41,46,14711
42,46,14712
43,46,14713
44,46,14714
45,46,14715
46,46,14716
47,46,14717
48,46,14718
49,46,14719
50,46,14720
51,46,14721
52,46,14722
53,46,14723
54,46,14724
55,46,14725
56,46,14726
57,46,14727
58,46,14728
59,46,14729
60,46,14730
61,46,14731
62,46,14732
63,46,14733
64,46,14734
65,46,14735
66,46,14736
67,46,14737
68,46,14738
69,46,14739
70,46,14740
71,46,14741
72,46,14742
73,46,14743
74,46,14744
75,46,14745
76,46,14746
77,46,14747
78,46,14748
79,46,14749
80,46,14750
81,46,14751
82,46,14752
83,46,14753
84,46,14754
85,46,14755
86,46,14756
87,46,14757
88,46,14758
89,46,14759
90,46,14760
91,46,14761
92,46,14762
93,46,14763
94,46,14764
95,46,14765
96,46,14766
97,46,14767
98,46,14768
99,46,14769
100,46,14770
101,46,14771
102,46,14772
103,46,14773
104,46,14774
105,46,14775
106,46,14776
107,46,14777
108,46,14778
109,46,14779
110,46,14780
111,46,14781
112,46,14782
113,46,14783
114,46,14784
115,46,14785
116,46,14786
117,46,14787
118,46,14788
119,46,14789
120,46,14790
121,46,14791
122,46,14792
123,46,14793
124,46,14794
125,46,14795
126,46,14796
127,46,14797
128,46,14798
129,46,14799
130,46,14800
131,46,14801
132,46,14802
133,46,14803
134,46,14804
135,46,14805
136,46,14806
137,46,14807
138,46,14808
139,46,14809
140,46,14810
141,46,14811
142,46,14812
143,46,14813
144,46,14814
145,46,14815
146,46,14816
147,46,14817
148,46,14818
149,46,14819
150,46,14820
151,46,14821
152,46,14822
153,46,14823
154,46,14824
155,46,14825
156,46,14826
157,46,14827
158,46,14828
159,46,14829
160,46,14830
161,46,14831
162,46,14832
163,46,14833
164,46,14834
165,46,14835
166,46,14836
167,46,14837
168,46,14838
169,46,14839
170,46,14840
171,46,14841
172,46,14842
173,46,14843
174,46,14844
175,46,14845
176,46,14846
177,46,14847
178,46,14848
179,46,14849
180,46,14850
181,46,14851
182,46,14852
183,46,14853
184,46,14854
185,46,14855
186,46,14856
187,46,14857
188,46,14858
189,46,14859
190,46,14860
191,46,14861
192,46,14862
193,46,14863
194,46,14864
195,46,14865
196,46,14866
197,46,14867
198,46,14868
199,46,14869
200,46,14870
201,46,14871
202,46,14872
203,46,14873
204,46,14874
205,46,14875
206,46,14876
207,46,14877
208,46,14878
209,46,14879
210,46,14880
211,46,14881
212,46,14882
213,46,14883
214,46,14884
215,46,14885
216,46,14886
217,46,14887
218,46,14888
219,46,14889
220,46,14890
221,46,14891
222,46,14892
223,46,14893
224,46,14894
225,46,14895
226,46,14896
227,46,14897
228,46,14898
229,46,14899
230,46,14900
231,46,14901
232,46,14902
233,46,14903
234,46,14904
235,46,14905
236,46,14906
237,46,14907
238,46,14908
239,46,14909
240,46,14910
241,46,14911
242,46,14912
243,46,14913
244,46,14914
245,46,14915
246,46,14916
247,46,14917
248,46,14918
249,46,14919
250,46,14920
251,46,14921
252,46,14922
253,46,14923
254,46,14924
255,46,14925
256,46,14926
257,46,14927
258,46,14928
259,46,14929
260,46,14930
261,46,14931
262,46,14932
263,46,14933
264,46,14934
265,46,14935
266,46,14936
267,46,14937
268,46,14938
269,46,14939
270,46,14940
271,46,14941
272,46,14942
273,46,14943
274,46,14944
275,46,14945
276,46,14946
277,46,14947
278,46,14948
279,46,14949
280,46,14950
281,46,14951
282,46,14952
283,46,14953
284,46,14954
285,46,14955
286,46,14956
287,46,14957
288,46,14958
289,46,14959
290,46,14960
291,46,14961
292,46,14962
293,46,14963
294,46,14964
295,46,14965
296,46,14966
297,46,14967
298,46,14968
299,46,14969
300,46,14970
301,46,14971
302,46,14972
303,46,14973
304,46,14974
305,46,14975
306,46,14976
307,46,14977
308,46,14978
309,46,14979
310,46,14980
311,46,14981
312,46,14982
313,46,14983
314,46,14984
315,46,14985
316,46,14986
317,46,14987
318,46,14988
319,46,14989
320,46,14990
321,46,14991
322,46,14992
323,46,14993
324,46,14994
325,46,14995
326,46,14996
1,47,14997
2,47,14998
3,47,14999
4,47,15000
5,47,15001
6,47,15002
7,47,15003
8,47,15004
9,47,15005
10,47,15006
11,47,15007
12,47,15008
13,47,15009
14,47,15010
15,47,15011
16,47,15012
17,47,15013
18,47,15014
19,47,15015
20,47,15016
21,47,15017
22,47,15018
23,47,15019
24,47,15020
25,47,15021
26,47,15022
27,47,15023
28,47,15024
29,47,15025
30,47,15026
31,47,15027
32,47,15028
33,47,15029
34,47,15030
35,47,15031
36,47,15032
37,47,15033
38,47,15034
39,47,15035
40,47,15036
41,47,15037
42,47,15038
43,47,15039
44,47,15040
45,47,15041
46,47,15042
47,47,15043
48,47,15044
49,47,15045
50,47,15046
51,47,15047
52,47,15048
53,47,15049
54,47,15050
55,47,15051
56,47,15052
57,47,15053
58,47,15054
59,47,15055
60,47,15056
61,47,15057
62,47,15058
63,47,15059
64,47,15060
65,47,15061
66,47,15062
67,47,15063
68,47,15064
69,47,15065
70,47,15066
71,47,15067
72,47,15068
73,47,15069
74,47,15070
75,47,15071
76,47,15072
77,47,15073
78,47,15074
79,47,15075
80,47,15076
81,47,15077
82,47,15078
83,47,15079
84,47,15080
85,47,15081
86,47,15082
87,47,15083
88,47,15084
89,47,15085
90,47,15086
91,47,15087
92,47,15088
93,47,15089
94,47,15090
95,47,15091
96,47,15092
97,47,15093
98,47,15094
99,47,15095
100,47,15096
101,47,15097
102,47,15098
103,47,15099
104,47,15100
105,47,15101
106,47,15102
107,47,15103
108,47,15104
109,47,15105
110,47,15106
111,47,15107
112,47,15108
113,47,15109
114,47,15110
115,47,15111
116,47,15112
117,47,15113
118,47,15114
119,47,15115
120,47,15116
121,47,15117
122,47,15118
123,47,15119
124,47,15120
125,47,15121
126,47,15122
127,47,15123
128,47,15124
129,47,15125
130,47,15126
131,47,15127
132,47,15128
133,47,15129
134,47,15130
135,47,15131
136,47,15132
137,47,15133
138,47,15134
139,47,15135
140,47,15136
141,47,15137
142,47,15138
143,47,15139
144,47,15140
145,47,15141
146,47,15142
147,47,15143
148,47,15144
149,47,15145
150,47,15146
151,47,15147
152,47,15148
153,47,15149
154,47,15150
155,47,15151
156,47,15152
157,47,15153
158,47,15154
159,47,15155
160,47,15156
161,47,15157
162,47,15158
163,47,15159
164,47,15160
165,47,15161
166,47,15162
167,47,15163
168,47,15164
169,47,15165
170,47,15166
171,47,15167
172,47,15168
173,47,15169
174,47,15170
175,47,15171
176,47,15172
177,47,15173
178,47,15174
179,47,15175
180,47,15176
181,47,15177
182,47,15178
183,47,15179
184,47,15180
185,47,15181
186,47,15182
187,47,15183
188,47,15184
189,47,15185
190,47,15186
191,47,15187
192,47,15188
193,47,15189
194,47,15190
195,47,15191
196,47,15192
197,47,15193
198,47,15194
199,47,15195
200,47,15196
201,47,15197
202,47,15198
203,47,15199
204,47,15200
205,47,15201
206,47,15202
207,47,15203
208,47,15204
209,47,15205
210,47,15206
211,47,15207
212,47,15208
213,47,15209
214,47,15210
215,47,15211
216,47,15212
217,47,15213
218,47,15214
219,47,15215
220,47,15216
221,47,15217
222,47,15218
223,47,15219
224,47,15220
225,47,15221
226,47,15222
227,47,15223
228,47,15224
229,47,15225
230,47,15226
231,47,15227
232,47,15228
233,47,15229
234,47,15230
235,47,15231
236,47,15232
237,47,15233
238,47,15234
239,47,15235
240,47,15236
241,47,15237
242,47,15238
243,47,15239
244,47,15240
245,47,15241
246,47,15242
247,47,15243
248,47,15244
249,47,15245
250,47,15246
251,47,15247
252,47,15248
253,47,15249
254,47,15250
255,47,15251
256,47,15252
257,47,15253
258,47,15254
259,47,15255
260,47,15256
261,47,15257
262,47,15258
263,47,15259
264,47,15260
265,47,15261
266,47,15262
267,47,15263
268,47,15264
269,47,15265
270,47,15266
271,47,15267
272,47,15268
273,47,15269
274,47,15270
275,47,15271
276,47,15272
277,47,15273
278,47,15274
279,47,15275
280,47,15276
281,47,15277
282,47,15278
283,47,15279
284,47,15280
285,47,15281
286,47,15282
287,47,15283
288,47,15284
289,47,15285
290,47,15286
291,47,15287
292,47,15288
293,47,15289
294,47,15290
295,47,15291
296,47,15292
297,47,15293
298,47,15294
299,47,15295
300,47,15296
301,47,15297
302,47,15298
303,47,15299
304,47,15300
305,47,15301
306,47,15302
307,47,15303
308,47,15304
309,47,15305
310,47,15306
311,47,15307
312,47,15308
313,47,15309
314,47,15310
315,47,15311
316,47,15312
317,47,15313
318,47,15314
319,47,15315
320,47,15316
321,47,15317
322,47,15318
323,47,15319
324,47,15320
325,47,15321
326,47,15322
1,48,15323
2,48,15324
3,48,15325
4,48,15326
5,48,15327
6,48,15328
7,48,15329
8,48,15330
9,48,15331
10,48,15332
11,48,15333
12,48,15334
13,48,15335
14,48,15336
15,48,15337
16,48,15338
17,48,15339
18,48,15340
19,48,15341
20,48,15342
21,48,15343
22,48,15344
23,48,15345
24,48,15346
25,48,15347
26,48,15348
27,48,15349
28,48,15350
29,48,15351
30,48,15352
31,48,15353
32,48,15354
33,48,15355
34,48,15356
35,48,15357
36,48,15358
37,48,15359
38,48,15360
39,48,15361
40,48,15362
41,48,15363
42,48,15364
43,48,15365
44,48,15366
45,48,15367
46,48,15368
47,48,15369
48,48,15370
49,48,15371
50,48,15372
51,48,15373
52,48,15374
53,48,15375
54,48,15376
55,48,15377
56,48,15378
57,48,15379
58,48,15380
59,48,15381
60,48,15382
61,48,15383
62,48,15384
63,48,15385
64,48,15386
65,48,15387
66,48,15388
67,48,15389
68,48,15390
69,48,15391
70,48,15392
71,48,15393
72,48,15394
73,48,15395
74,48,15396
75,48,15397
76,48,15398
77,48,15399
78,48,15400
79,48,15401
80,48,15402
81,48,15403
82,48,15404
83,48,15405
84,48,15406
85,48,15407
86,48,15408
87,48,15409
88,48,15410
89,48,15411
90,48,15412
91,48,15413
92,48,15414
93,48,15415
94,48,15416
95,48,15417
96,48,15418
97,48,15419
98,48,15420
99,48,15421
100,48,15422
101,48,15423
102,48,15424
103,48,15425
104,48,15426
105,48,15427
106,48,15428
107,48,15429
108,48,15430
109,48,15431
110,48,15432
111,48,15433
112,48,15434
113,48,15435
114,48,15436
115,48,15437
116,48,15438
117,48,15439
118,48,15440
119,48,15441
120,48,15442
121,48,15443
122,48,15444
123,48,15445
124,48,15446
125,48,15447
126,48,15448
127,48,15449
128,48,15450
129,48,15451
130,48,15452
131,48,15453
132,48,15454
133,48,15455
134,48,15456
135,48,15457
136,48,15458
137,48,15459
138,48,15460
139,48,15461
140,48,15462
141,48,15463
142,48,15464
143,48,15465
144,48,15466
145,48,15467
146,48,15468
147,48,15469
148,48,15470
149,48,15471
150,48,15472
151,48,15473
152,48,15474
153,48,15475
154,48,15476
155,48,15477
156,48,15478
157,48,15479
158,48,15480
159,48,15481
160,48,15482
161,48,15483
162,48,15484
163,48,15485
164,48,15486
165,48,15487
166,48,15488
167,48,15489
168,48,15490
169,48,15491
170,48,15492
171,48,15493
172,48,15494
173,48,15495
174,48,15496
175,48,15497
176,48,15498
177,48,15499
178,48,15500
179,48,15501
180,48,15502
181,48,15503
182,48,15504
183,48,15505
184,48,15506
185,48,15507
186,48,15508
187,48,15509
188,48,15510
189,48,15511
190,48,15512
191,48,15513
192,48,15514
193,48,15515
194,48,15516
195,48,15517
196,48,15518
197,48,15519
198,48,15520
199,48,15521
200,48,15522
201,48,15523
202,48,15524
203,48,15525
204,48,15526
205,48,15527
206,48,15528
207,48,15529
208,48,15530
209,48,15531
210,48,15532
211,48,15533
212,48,15534
213,48,15535
214,48,15536
215,48,15537
216,48,15538
217,48,15539
218,48,15540
219,48,15541
220,48,15542
221,48,15543
222,48,15544
223,48,15545
224,48,15546
225,48,15547
226,48,15548
227,48,15549
228,48,15550
229,48,15551
230,48,15552
231,48,15553
232,48,15554
233,48,15555
234,48,15556
235,48,15557
236,48,15558
237,48,15559
238,48,15560
239,48,15561
240,48,15562
241,48,15563
242,48,15564
243,48,15565
244,48,15566
245,48,15567
246,48,15568
247,48,15569
248,48,15570
249,48,15571
250,48,15572
251,48,15573
252,48,15574
253,48,15575
254,48,15576
255,48,15577
256,48,15578
257,48,15579
258,48,15580
259,48,15581
260,48,15582
261,48,15583
262,48,15584
263,48,15585
264,48,15586
265,48,15587
266,48,15588
267,48,15589
268,48,15590
269,48,15591
270,48,15592
271,48,15593
272,48,15594
273,48,15595
274,48,15596
275,48,15597
276,48,15598
277,48,15599
278,48,15600
279,48,15601
280,48,15602
281,48,15603
282,48,15604
283,48,15605
284,48,15606
285,48,15607
286,48,15608
287,48,15609
288,48,15610
289,48,15611
290,48,15612
291,48,15613
292,48,15614
293,48,15615
294,48,15616
295,48,15617
296,48,15618
297,48,15619
298,48,15620
299,48,15621
300,48,15622
301,48,15623
302,48,15624
303,48,15625
304,48,15626
305,48,15627
306,48,15628
307,48,15629
308,48,15630
309,48,15631
310,48,15632
311,48,15633
312,48,15634
313,48,15635
314,48,15636
315,48,15637
316,48,15638
317,48,15639
318,48,15640
319,48,15641
320,48,15642
321,48,15643
322,48,15644
323,48,15645
324,48,15646
325,48,15647
326,48,15648
1,49,15649
2,49,15650
3,49,15651
4,49,15652
5,49,15653
6,49,15654
7,49,15655
8,49,15656
9,49,15657
10,49,15658
11,49,15659
12,49,15660
13,49,15661
14,49,15662
15,49,15663
16,49,15664
17,49,15665
18,49,15666
19,49,15667
20,49,15668
21,49,15669
22,49,15670
23,49,15671
24,49,15672
25,49,15673
26,49,15674
27,49,15675
28,49,15676
29,49,15677
30,49,15678
31,49,15679
32,49,15680
33,49,15681
34,49,15682
35,49,15683
36,49,15684
37,49,15685
38,49,15686
39,49,15687
40,49,15688
41,49,15689
42,49,15690
43,49,15691
44,49,15692
45,49,15693
46,49,15694
47,49,15695
48,49,15696
49,49,15697
50,49,15698
51,49,15699
52,49,15700
53,49,15701
54,49,15702
55,49,15703
56,49,15704
57,49,15705
58,49,15706
59,49,15707
60,49,15708
61,49,15709
62,49,15710
63,49,15711
64,49,15712
65,49,15713
66,49,15714
67,49,15715
68,49,15716
69,49,15717
70,49,15718
71,49,15719
72,49,15720
73,49,15721
74,49,15722
75,49,15723
76,49,15724
77,49,15725
78,49,15726
79,49,15727
80,49,15728
81,49,15729
82,49,15730
83,49,15731
84,49,15732
85,49,15733
86,49,15734
87,49,15735
88,49,15736
89,49,15737
90,49,15738
91,49,15739
92,49,15740
93,49,15741
94,49,15742
95,49,15743
96,49,15744
97,49,15745
98,49,15746
99,49,15747
100,49,15748
101,49,15749
102,49,15750
103,49,15751
104,49,15752
105,49,15753
106,49,15754
107,49,15755
108,49,15756
109,49,15757
110,49,15758
111,49,15759
112,49,15760
113,49,15761
114,49,15762
115,49,15763
116,49,15764
117,49,15765
118,49,15766
119,49,15767
120,49,15768
121,49,15769
122,49,15770
123,49,15771
124,49,15772
125,49,15773
126,49,15774
127,49,15775
128,49,15776
129,49,15777
130,49,15778
131,49,15779
132,49,15780
133,49,15781
134,49,15782
135,49,15783
136,49,15784
137,49,15785
138,49,15786
139,49,15787
140,49,15788
141,49,15789
142,49,15790
143,49,15791
144,49,15792
145,49,15793
146,49,15794
147,49,15795
148,49,15796
149,49,15797
150,49,15798
151,49,15799
152,49,15800
153,49,15801
154,49,15802
155,49,15803
156,49,15804
157,49,15805
158,49,15806
159,49,15807
160,49,15808
161,49,15809
162,49,15810
163,49,15811
164,49,15812
165,49,15813
166,49,15814
167,49,15815
168,49,15816
169,49,15817
170,49,15818
171,49,15819
172,49,15820
173,49,15821
174,49,15822
175,49,15823
176,49,15824
177,49,15825
178,49,15826
179,49,15827
180,49,15828
181,49,15829
182,49,15830
183,49,15831
184,49,15832
185,49,15833
186,49,15834
187,49,15835
188,49,15836
189,49,15837
190,49,15838
191,49,15839
192,49,15840
193,49,15841
194,49,15842
195,49,15843
196,49,15844
197,49,15845
198,49,15846
199,49,15847
200,49,15848
201,49,15849
202,49,15850
203,49,15851
204,49,15852
205,49,15853
206,49,15854
207,49,15855
208,49,15856
209,49,15857
210,49,15858
211,49,15859
212,49,15860
213,49,15861
214,49,15862
215,49,15863
216,49,15864
217,49,15865
218,49,15866
219,49,15867
220,49,15868
221,49,15869
222,49,15870
223,49,15871
224,49,15872
225,49,15873
226,49,15874
227,49,15875
228,49,15876
229,49,15877
230,49,15878
231,49,15879
232,49,15880
233,49,15881
234,49,15882
235,49,15883
236,49,15884
237,49,15885
238,49,15886
239,49,15887
240,49,15888
241,49,15889
242,49,15890
243,49,15891
244,49,15892
245,49,15893
246,49,15894
247,49,15895
248,49,15896
249,49,15897
250,49,15898
251,49,15899
252,49,15900
253,49,15901
254,49,15902
255,49,15903
256,49,15904
257,49,15905
258,49,15906
259,49,15907
260,49,15908
261,49,15909
262,49,15910
263,49,15911
264,49,15912
265,49,15913
266,49,15914
267,49,15915
268,49,15916
269,49,15917
270,49,15918
271,49,15919
272,49,15920
273,49,15921
274,49,15922
275,49,15923
276,49,15924
277,49,15925
278,49,15926
279,49,15927
280,49,15928
281,49,15929
282,49,15930
283,49,15931
284,49,15932
285,49,15933
286,49,15934
287,49,15935
288,49,15936
289,49,15937
290,49,15938
291,49,15939
292,49,15940
293,49,15941
294,49,15942
295,49,15943
296,49,15944
297,49,15945
298,49,15946
299,49,15947
300,49,15948
301,49,15949
302,49,15950
303,49,15951
304,49,15952
305,49,15953
306,49,15954
307,49,15955
308,49,15956
309,49,15957
310,49,15958
311,49,15959
312,49,15960
313,49,15961
314,49,15962
315,49,15963
316,49,15964
317,49,15965
318,49,15966
319,49,15967
320,49,15968
321,49,15969
322,49,15970
323,49,15971
324,49,15972
325,49,15973
326,49,15974
1,50,15975
2,50,15976
3,50,15977
4,50,15978
5,50,15979
6,50,15980
7,50,15981
8,50,15982
9,50,15983
10,50,15984
11,50,15985
12,50,15986
13,50,15987
14,50,15988
15,50,15989
16,50,15990
17,50,15991
18,50,15992
19,50,15993
20,50,15994
21,50,15995
22,50,15996
23,50,15997
24,50,15998
25,50,15999
26,50,16000
27,50,16001
28,50,16002
29,50,16003
30,50,16004
31,50,16005
32,50,16006
33,50,16007
34,50,16008
35,50,16009
36,50,16010
37,50,16011
38,50,16012
39,50,16013
40,50,16014
41,50,16015
42,50,16016
43,50,16017
44,50,16018
45,50,16019
46,50,16020
47,50,16021
48,50,16022
49,50,16023
50,50,16024
51,50,16025
52,50,16026
53,50,16027
54,50,16028
55,50,16029
56,50,16030
57,50,16031
58,50,16032
59,50,16033
60,50,16034
61,50,16035
62,50,16036
63,50,16037
64,50,16038
65,50,16039
66,50,16040
67,50,16041
68,50,16042
69,50,16043
70,50,16044
71,50,16045
72,50,16046
73,50,16047
74,50,16048
75,50,16049
76,50,16050
77,50,16051
78,50,16052
79,50,16053
80,50,16054
81,50,16055
82,50,16056
83,50,16057
84,50,16058
85,50,16059
86,50,16060
87,50,16061
88,50,16062
89,50,16063
90,50,16064
91,50,16065
92,50,16066
93,50,16067
94,50,16068
95,50,16069
96,50,16070
97,50,16071
98,50,16072
99,50,16073
100,50,16074
101,50,16075
102,50,16076
103,50,16077
104,50,16078
105,50,16079
106,50,16080
107,50,16081
108,50,16082
109,50,16083
110,50,16084
111,50,16085
112,50,16086
113,50,16087
114,50,16088
115,50,16089
116,50,16090
117,50,16091
118,50,16092
119,50,16093
120,50,16094
121,50,16095
122,50,16096
123,50,16097
124,50,16098
125,50,16099
126,50,16100
127,50,16101
128,50,16102
129,50,16103
130,50,16104
131,50,16105
132,50,16106
133,50,16107
134,50,16108
135,50,16109
136,50,16110
137,50,16111
138,50,16112
139,50,16113
140,50,16114
141,50,16115
142,50,16116
143,50,16117
144,50,16118
145,50,16119
146,50,16120
147,50,16121
148,50,16122
149,50,16123
150,50,16124
151,50,16125
152,50,16126
153,50,16127
154,50,16128
155,50,16129
156,50,16130
157,50,16131
158,50,16132
159,50,16133
160,50,16134
161,50,16135
162,50,16136
163,50,16137
164,50,16138
165,50,16139
166,50,16140
167,50,16141
168,50,16142
169,50,16143
170,50,16144
171,50,16145
172,50,16146
173,50,16147
174,50,16148
175,50,16149
176,50,16150
177,50,16151
178,50,16152
179,50,16153
180,50,16154
181,50,16155
182,50,16156
183,50,16157
184,50,16158
185,50,16159
186,50,16160
187,50,16161
188,50,16162
189,50,16163
190,50,16164
191,50,16165
192,50,16166
193,50,16167
194,50,16168
195,50,16169
196,50,16170
197,50,16171
198,50,16172
199,50,16173
200,50,16174
201,50,16175
202,50,16176
203,50,16177
204,50,16178
205,50,16179
206,50,16180
207,50,16181
208,50,16182
209,50,16183
210,50,16184
211,50,16185
212,50,16186
213,50,16187
214,50,16188
215,50,16189
216,50,16190
217,50,16191
218,50,16192
219,50,16193
220,50,16194
221,50,16195
222,50,16196
223,50,16197
224,50,16198
225,50,16199
226,50,16200
227,50,16201
228,50,16202
229,50,16203
230,50,16204
231,50,16205
232,50,16206
233,50,16207
234,50,16208
235,50,16209
236,50,16210
237,50,16211
238,50,16212
239,50,16213
240,50,16214
241,50,16215
242,50,16216
243,50,16217
244,50,16218
245,50,16219
246,50,16220
247,50,16221
248,50,16222
249,50,16223
250,50,16224
251,50,16225
252,50,16226
253,50,16227
254,50,16228
255,50,16229
256,50,16230
257,50,16231
258,50,16232
259,50,16233
260,50,16234
261,50,16235
262,50,16236
263,50,16237
264,50,16238
265,50,16239
266,50,16240
267,50,16241
268,50,16242
269,50,16243
270,50,16244
271,50,16245
272,50,16246
273,50,16247
274,50,16248
275,50,16249
276,50,16250
277,50,16251
278,50,16252
279,50,16253
280,50,16254
281,50,16255
282,50,16256
283,50,16257
284,50,16258
285,50,16259
286,50,16260
287,50,16261
288,50,16262
289,50,16263
290,50,16264
291,50,16265
292,50,16266
293,50,16267
294,50,16268
295,50,16269
296,50,16270
297,50,16271
298,50,16272
299,50,16273
300,50,16274
301,50,16275
302,50,16276
303,50,16277
304,50,16278
305,50,16279
306,50,16280
307,50,16281
308,50,16282
309,50,16283
310,50,16284
311,50,16285
312,50,16286
313,50,16287
314,50,16288
315,50,16289
316,50,16290
317,50,16291
318,50,16292
319,50,16293
320,50,16294
321,50,16295
322,50,16296
323,50,16297
324,50,16298
325,50,16299
326,50,16300
1,51,16301
2,51,16302
3,51,16303
4,51,16304
5,51,16305
6,51,16306
7,51,16307
8,51,16308
9,51,16309
10,51,16310
11,51,16311
12,51,16312
13,51,16313
14,51,16314
15,51,16315
16,51,16316
17,51,16317
18,51,16318
19,51,16319
20,51,16320
21,51,16321
22,51,16322
23,51,16323
24,51,16324
25,51,16325
26,51,16326
27,51,16327
28,51,16328
29,51,16329
30,51,16330
31,51,16331
32,51,16332
33,51,16333
34,51,16334
35,51,16335
36,51,16336
37,51,16337
38,51,16338
39,51,16339
40,51,16340
41,51,16341
42,51,16342
43,51,16343
44,51,16344
45,51,16345
46,51,16346
47,51,16347
48,51,16348
49,51,16349
50,51,16350
51,51,16351
52,51,16352
53,51,16353
54,51,16354
55,51,16355
56,51,16356
57,51,16357
58,51,16358
59,51,16359
60,51,16360
61,51,16361
62,51,16362
63,51,16363
64,51,16364
65,51,16365
66,51,16366
67,51,16367
68,51,16368
69,51,16369
70,51,16370
71,51,16371
72,51,16372
73,51,16373
74,51,16374
75,51,16375
76,51,16376
77,51,16377
78,51,16378
79,51,16379
80,51,16380
81,51,16381
82,51,16382
83,51,16383
84,51,16384
85,51,16385
86,51,16386
87,51,16387
88,51,16388
89,51,16389
90,51,16390
91,51,16391
92,51,16392
93,51,16393
94,51,16394
95,51,16395
96,51,16396
97,51,16397
98,51,16398
99,51,16399
100,51,16400
101,51,16401
102,51,16402
103,51,16403
104,51,16404
105,51,16405
106,51,16406
107,51,16407
108,51,16408
109,51,16409
110,51,16410
111,51,16411
112,51,16412
113,51,16413
114,51,16414
115,51,16415
116,51,16416
117,51,16417
118,51,16418
119,51,16419
120,51,16420
121,51,16421
122,51,16422
123,51,16423
124,51,16424
125,51,16425
126,51,16426
127,51,16427
128,51,16428
129,51,16429
130,51,16430
131,51,16431
132,51,16432
133,51,16433
134,51,16434
135,51,16435
136,51,16436
137,51,16437
138,51,16438
139,51,16439
140,51,16440
141,51,16441
142,51,16442
143,51,16443
144,51,16444
145,51,16445
146,51,16446
147,51,16447
148,51,16448
149,51,16449
150,51,16450
151,51,16451
152,51,16452
153,51,16453
154,51,16454
155,51,16455
156,51,16456
157,51,16457
158,51,16458
159,51,16459
160,51,16460
161,51,16461
162,51,16462
163,51,16463
164,51,16464
165,51,16465
166,51,16466
167,51,16467
168,51,16468
169,51,16469
170,51,16470
171,51,16471
172,51,16472
173,51,16473
174,51,16474
175,51,16475
176,51,16476
177,51,16477
178,51,16478
179,51,16479
180,51,16480
181,51,16481
182,51,16482
183,51,16483
184,51,16484
185,51,16485
186,51,16486
187,51,16487
188,51,16488
189,51,16489
190,51,16490
191,51,16491
192,51,16492
193,51,16493
194,51,16494
195,51,16495
196,51,16496
197,51,16497
198,51,16498
199,51,16499
200,51,16500
201,51,16501
202,51,16502
203,51,16503
204,51,16504
205,51,16505
206,51,16506
207,51,16507
208,51,16508
209,51,16509
210,51,16510
211,51,16511
212,51,16512
213,51,16513
214,51,16514
215,51,16515
216,51,16516
217,51,16517
218,51,16518
219,51,16519
220,51,16520
221,51,16521
222,51,16522
223,51,16523
224,51,16524
225,51,16525
226,51,16526
227,51,16527
228,51,16528
229,51,16529
230,51,16530
231,51,16531
232,51,16532
233,51,16533
234,51,16534
235,51,16535
236,51,16536
237,51,16537
238,51,16538
239,51,16539
240,51,16540
241,51,16541
242,51,16542
243,51,16543
244,51,16544
245,51,16545
246,51,16546
247,51,16547
248,51,16548
249,51,16549
250,51,16550
251,51,16551
252,51,16552
253,51,16553
254,51,16554
255,51,16555
256,51,16556
257,51,16557
258,51,16558
259,51,16559
260,51,16560
261,51,16561
262,51,16562
263,51,16563
264,51,16564
265,51,16565
266,51,16566
267,51,16567
268,51,16568
269,51,16569
270,51,16570
271,51,16571
272,51,16572
273,51,16573
274,51,16574
275,51,16575
276,51,16576
277,51,16577
278,51,16578
279,51,16579
280,51,16580
281,51,16581
282,51,16582
283,51,16583
284,51,16584
285,51,16585
286,51,16586
287,51,16587
288,51,16588
289,51,16589
290,51,16590
291,51,16591
292,51,16592
293,51,16593
294,51,16594
295,51,16595
296,51,16596
297,51,16597
298,51,16598
299,51,16599
300,51,16600
301,51,16601
302,51,16602
303,51,16603
304,51,16604
305,51,16605
306,51,16606
307,51,16607
308,51,16608
309,51,16609
310,51,16610
311,51,16611
312,51,16612
313,51,16613
314,51,16614
315,51,16615
316,51,16616
317,51,16617
318,51,16618
319,51,16619
320,51,16620
321,51,16621
322,51,16622
323,51,16623
324,51,16624
325,51,16625
326,51,16626
1,52,16627
2,52,16628
3,52,16629
4,52,16630
5,52,16631
6,52,16632
7,52,16633
8,52,16634
9,52,16635
10,52,16636
11,52,16637
12,52,16638
13,52,16639
14,52,16640
15,52,16641
16,52,16642
17,52,16643
18,52,16644
19,52,16645
20,52,16646
21,52,16647
22,52,16648
23,52,16649
24,52,16650
25,52,16651
26,52,16652
27,52,16653
28,52,16654
29,52,16655
30,52,16656
31,52,16657
32,52,16658
33,52,16659
34,52,16660
35,52,16661
36,52,16662
37,52,16663
38,52,16664
39,52,16665
40,52,16666
41,52,16667
42,52,16668
43,52,16669
44,52,16670
45,52,16671
46,52,16672
47,52,16673
48,52,16674
49,52,16675
50,52,16676
51,52,16677
52,52,16678
53,52,16679
54,52,16680
55,52,16681
56,52,16682
57,52,16683
58,52,16684
59,52,16685
60,52,16686
61,52,16687
62,52,16688
63,52,16689
64,52,16690
65,52,16691
66,52,16692
67,52,16693
68,52,16694
69,52,16695
70,52,16696
71,52,16697
72,52,16698
73,52,16699
74,52,16700
75,52,16701
76,52,16702
77,52,16703
78,52,16704
79,52,16705
80,52,16706
81,52,16707
82,52,16708
83,52,16709
84,52,16710
85,52,16711
86,52,16712
87,52,16713
88,52,16714
89,52,16715
90,52,16716
91,52,16717
92,52,16718
93,52,16719
94,52,16720
95,52,16721
96,52,16722
97,52,16723
98,52,16724
99,52,16725
100,52,16726
101,52,16727
102,52,16728
103,52,16729
104,52,16730
105,52,16731
106,52,16732
107,52,16733
108,52,16734
109,52,16735
110,52,16736
111,52,16737
112,52,16738
113,52,16739
114,52,16740
115,52,16741
116,52,16742
117,52,16743
118,52,16744
119,52,16745
120,52,16746
121,52,16747
122,52,16748
123,52,16749
124,52,16750
125,52,16751
126,52,16752
127,52,16753
128,52,16754
129,52,16755
130,52,16756
131,52,16757
132,52,16758
133,52,16759
134,52,16760
135,52,16761
136,52,16762
137,52,16763
138,52,16764
139,52,16765
140,52,16766
141,52,16767
142,52,16768
143,52,16769
144,52,16770
145,52,16771
146,52,16772
147,52,16773
148,52,16774
149,52,16775
150,52,16776
151,52,16777
152,52,16778
153,52,16779
154,52,16780
155,52,16781
156,52,16782
157,52,16783
158,52,16784
159,52,16785
160,52,16786
161,52,16787
162,52,16788
163,52,16789
164,52,16790
165,52,16791
166,52,16792
167,52,16793
168,52,16794
169,52,16795
170,52,16796
171,52,16797
172,52,16798
173,52,16799
174,52,16800
175,52,16801
176,52,16802
177,52,16803
178,52,16804
179,52,16805
180,52,16806
181,52,16807
182,52,16808
183,52,16809
184,52,16810
185,52,16811
186,52,16812
187,52,16813
188,52,16814
189,52,16815
190,52,16816
191,52,16817
192,52,16818
193,52,16819
194,52,16820
195,52,16821
196,52,16822
197,52,16823
198,52,16824
199,52,16825
200,52,16826
201,52,16827
202,52,16828
203,52,16829
204,52,16830
205,52,16831
206,52,16832
207,52,16833
208,52,16834
209,52,16835
210,52,16836
211,52,16837
212,52,16838
213,52,16839
214,52,16840
215,52,16841
216,52,16842
217,52,16843
218,52,16844
219,52,16845
220,52,16846
221,52,16847
222,52,16848
223,52,16849
224,52,16850
225,52,16851
226,52,16852
227,52,16853
228,52,16854
229,52,16855
230,52,16856
231,52,16857
232,52,16858
233,52,16859
234,52,16860
235,52,16861
236,52,16862
237,52,16863
238,52,16864
239,52,16865
240,52,16866
241,52,16867
242,52,16868
243,52,16869
244,52,16870
245,52,16871
246,52,16872
247,52,16873
248,52,16874
249,52,16875
250,52,16876
251,52,16877
252,52,16878
253,52,16879
254,52,16880
255,52,16881
256,52,16882
257,52,16883
258,52,16884
259,52,16885
260,52,16886
261,52,16887
262,52,16888
263,52,16889
264,52,16890
265,52,16891
266,52,16892
267,52,16893
268,52,16894
269,52,16895
270,52,16896
271,52,16897
272,52,16898
273,52,16899
274,52,16900
275,52,16901
276,52,16902
277,52,16903
278,52,16904
279,52,16905
280,52,16906
281,52,16907
282,52,16908
283,52,16909
284,52,16910
285,52,16911
286,52,16912
287,52,16913
288,52,16914
289,52,16915
290,52,16916
291,52,16917
292,52,16918
293,52,16919
294,52,16920
295,52,16921
296,52,16922
297,52,16923
298,52,16924
299,52,16925
300,52,16926
301,52,16927
302,52,16928
303,52,16929
304,52,16930
305,52,16931
306,52,16932
307,52,16933
308,52,16934
309,52,16935
310,52,16936
311,52,16937
312,52,16938
313,52,16939
314,52,16940
315,52,16941
316,52,16942
317,52,16943
318,52,16944
319,52,16945
320,52,16946
321,52,16947
322,52,16948
323,52,16949
324,52,16950
325,52,16951
326,52,16952
1,53,16953
2,53,16954
3,53,16955
4,53,16956
5,53,16957
6,53,16958
7,53,16959
8,53,16960
9,53,16961
10,53,16962
11,53,16963
12,53,16964
13,53,16965
14,53,16966
15,53,16967
16,53,16968
17,53,16969
18,53,16970
19,53,16971
20,53,16972
21,53,16973
22,53,16974
23,53,16975
24,53,16976
25,53,16977
26,53,16978
27,53,16979
28,53,16980
29,53,16981
30,53,16982
31,53,16983
32,53,16984
33,53,16985
34,53,16986
35,53,16987
36,53,16988
37,53,16989
38,53,16990
39,53,16991
40,53,16992
41,53,16993
42,53,16994
43,53,16995
44,53,16996
45,53,16997
46,53,16998
47,53,16999
48,53,17000
49,53,17001
50,53,17002
51,53,17003
52,53,17004
53,53,17005
54,53,17006
55,53,17007
56,53,17008
57,53,17009
58,53,17010
59,53,17011
60,53,17012
61,53,17013
62,53,17014
63,53,17015
64,53,17016
65,53,17017
66,53,17018
67,53,17019
68,53,17020
69,53,17021
70,53,17022
71,53,17023
72,53,17024
73,53,17025
74,53,17026
75,53,17027
76,53,17028
77,53,17029
78,53,17030
79,53,17031
80,53,17032
81,53,17033
82,53,17034
83,53,17035
84,53,17036
85,53,17037
86,53,17038
87,53,17039
88,53,17040
89,53,17041
90,53,17042
91,53,17043
92,53,17044
93,53,17045
94,53,17046
95,53,17047
96,53,17048
97,53,17049
98,53,17050
99,53,17051
100,53,17052
101,53,17053
102,53,17054
103,53,17055
104,53,17056
105,53,17057
106,53,17058
107,53,17059
108,53,17060
109,53,17061
110,53,17062
111,53,17063
112,53,17064
113,53,17065
114,53,17066
115,53,17067
116,53,17068
117,53,17069
118,53,17070
119,53,17071
120,53,17072
121,53,17073
122,53,17074
123,53,17075
124,53,17076
125,53,17077
126,53,17078
127,53,17079
128,53,17080
129,53,17081
130,53,17082
131,53,17083
132,53,17084
133,53,17085
134,53,17086
135,53,17087
136,53,17088
137,53,17089
138,53,17090
139,53,17091
140,53,17092
141,53,17093
142,53,17094
143,53,17095
144,53,17096
145,53,17097
146,53,17098
147,53,17099
148,53,17100
149,53,17101
150,53,17102
151,53,17103
152,53,17104
153,53,17105
154,53,17106
155,53,17107
156,53,17108
157,53,17109
158,53,17110
159,53,17111
160,53,17112
161,53,17113
162,53,17114
163,53,17115
164,53,17116
165,53,17117
166,53,17118
167,53,17119
168,53,17120
169,53,17121
170,53,17122
171,53,17123
172,53,17124
173,53,17125
174,53,17126
175,53,17127
176,53,17128
177,53,17129
178,53,17130
179,53,17131
180,53,17132
181,53,17133
182,53,17134
183,53,17135
184,53,17136
185,53,17137
186,53,17138
187,53,17139
188,53,17140
189,53,17141
190,53,17142
191,53,17143
192,53,17144
193,53,17145
194,53,17146
195,53,17147
196,53,17148
197,53,17149
198,53,17150
199,53,17151
200,53,17152
201,53,17153
202,53,17154
203,53,17155
204,53,17156
205,53,17157
206,53,17158
207,53,17159
208,53,17160
209,53,17161
210,53,17162
211,53,17163
212,53,17164
213,53,17165
214,53,17166
215,53,17167
216,53,17168
217,53,17169
218,53,17170
219,53,17171
220,53,17172
221,53,17173
222,53,17174
223,53,17175
224,53,17176
225,53,17177
226,53,17178
227,53,17179
228,53,17180
229,53,17181
230,53,17182
231,53,17183
232,53,17184
233,53,17185
234,53,17186
235,53,17187
236,53,17188
237,53,17189
238,53,17190
239,53,17191
240,53,17192
241,53,17193
242,53,17194
243,53,17195
244,53,17196
245,53,17197
246,53,17198
247,53,17199
248,53,17200
249,53,17201
250,53,17202
251,53,17203
252,53,17204
253,53,17205
254,53,17206
255,53,17207
256,53,17208
257,53,17209
258,53,17210
259,53,17211
260,53,17212
261,53,17213
262,53,17214
263,53,17215
264,53,17216
265,53,17217
266,53,17218
267,53,17219
268,53,17220
269,53,17221
270,53,17222
271,53,17223
272,53,17224
273,53,17225
274,53,17226
275,53,17227
276,53,17228
277,53,17229
278,53,17230
279,53,17231
280,53,17232
281,53,17233
282,53,17234
283,53,17235
284,53,17236
285,53,17237
286,53,17238
287,53,17239
288,53,17240
289,53,17241
290,53,17242
291,53,17243
292,53,17244
293,53,17245
294,53,17246
295,53,17247
296,53,17248
297,53,17249
298,53,17250
299,53,17251
300,53,17252
301,53,17253
302,53,17254
303,53,17255
304,53,17256
305,53,17257
306,53,17258
307,53,17259
308,53,17260
309,53,17261
310,53,17262
311,53,17263
312,53,17264
313,53,17265
314,53,17266
315,53,17267
316,53,17268
317,53,17269
318,53,17270
319,53,17271
320,53,17272
321,53,17273
322,53,17274
323,53,17275
324,53,17276
325,53,17277
326,53,17278
1,54,17279
2,54,17280
3,54,17281
4,54,17282
5,54,17283
6,54,17284
7,54,17285
8,54,17286
9,54,17287
10,54,17288
11,54,17289
12,54,17290
13,54,17291
14,54,17292
15,54,17293
16,54,17294
17,54,17295
18,54,17296
19,54,17297
20,54,17298
21,54,17299
22,54,17300
23,54,17301
24,54,17302
25,54,17303
26,54,17304
27,54,17305
28,54,17306
29,54,17307
30,54,17308
31,54,17309
32,54,17310
33,54,17311
34,54,17312
35,54,17313
36,54,17314
37,54,17315
38,54,17316
39,54,17317
40,54,17318
41,54,17319
42,54,17320
43,54,17321
44,54,17322
45,54,17323
46,54,17324
47,54,17325
48,54,17326
49,54,17327
50,54,17328
51,54,17329
52,54,17330
53,54,17331
54,54,17332
55,54,17333
56,54,17334
57,54,17335
58,54,17336
59,54,17337
60,54,17338
61,54,17339
62,54,17340
63,54,17341
64,54,17342
65,54,17343
66,54,17344
67,54,17345
68,54,17346
69,54,17347
70,54,17348
71,54,17349
72,54,17350
73,54,17351
74,54,17352
75,54,17353
76,54,17354
77,54,17355
78,54,17356
79,54,17357
80,54,17358
81,54,17359
82,54,17360
83,54,17361
84,54,17362
85,54,17363
86,54,17364
87,54,17365
88,54,17366
89,54,17367
90,54,17368
91,54,17369
92,54,17370
93,54,17371
94,54,17372
95,54,17373
96,54,17374
97,54,17375
98,54,17376
99,54,17377
100,54,17378
101,54,17379
102,54,17380
103,54,17381
104,54,17382
105,54,17383
106,54,17384
107,54,17385
108,54,17386
109,54,17387
110,54,17388
111,54,17389
112,54,17390
113,54,17391
114,54,17392
115,54,17393
116,54,17394
117,54,17395
118,54,17396
119,54,17397
120,54,17398
121,54,17399
122,54,17400
123,54,17401
124,54,17402
125,54,17403
126,54,17404
127,54,17405
128,54,17406
129,54,17407
130,54,17408
131,54,17409
132,54,17410
133,54,17411
134,54,17412
135,54,17413
136,54,17414
137,54,17415
138,54,17416
139,54,17417
140,54,17418
141,54,17419
142,54,17420
143,54,17421
144,54,17422
145,54,17423
146,54,17424
147,54,17425
148,54,17426
149,54,17427
150,54,17428
151,54,17429
152,54,17430
153,54,17431
154,54,17432
155,54,17433
156,54,17434
157,54,17435
158,54,17436
159,54,17437
160,54,17438
161,54,17439
162,54,17440
163,54,17441
164,54,17442
165,54,17443
166,54,17444
167,54,17445
168,54,17446
169,54,17447
170,54,17448
171,54,17449
172,54,17450
173,54,17451
174,54,17452
175,54,17453
176,54,17454
177,54,17455
178,54,17456
179,54,17457
180,54,17458
181,54,17459
182,54,17460
183,54,17461
184,54,17462
185,54,17463
186,54,17464
187,54,17465
188,54,17466
189,54,17467
190,54,17468
191,54,17469
192,54,17470
193,54,17471
194,54,17472
195,54,17473
196,54,17474
197,54,17475
198,54,17476
199,54,17477
200,54,17478
201,54,17479
202,54,17480
203,54,17481
204,54,17482
205,54,17483
206,54,17484
207,54,17485
208,54,17486
209,54,17487
210,54,17488
211,54,17489
212,54,17490
213,54,17491
214,54,17492
215,54,17493
216,54,17494
217,54,17495
218,54,17496
219,54,17497
220,54,17498
221,54,17499
222,54,17500
223,54,17501
224,54,17502
225,54,17503
226,54,17504
227,54,17505
228,54,17506
229,54,17507
230,54,17508
231,54,17509
232,54,17510
233,54,17511
234,54,17512
235,54,17513
236,54,17514
237,54,17515
238,54,17516
239,54,17517
240,54,17518
241,54,17519
242,54,17520
243,54,17521
244,54,17522
245,54,17523
246,54,17524
247,54,17525
248,54,17526
249,54,17527
250,54,17528
251,54,17529
252,54,17530
253,54,17531
254,54,17532
255,54,17533
256,54,17534
257,54,17535
258,54,17536
259,54,17537
260,54,17538
261,54,17539
262,54,17540
263,54,17541
264,54,17542
265,54,17543
266,54,17544
267,54,17545
268,54,17546
269,54,17547
270,54,17548
271,54,17549
272,54,17550
273,54,17551
274,54,17552
275,54,17553
276,54,17554
277,54,17555
278,54,17556
279,54,17557
280,54,17558
281,54,17559
282,54,17560
283,54,17561
284,54,17562
285,54,17563
286,54,17564
287,54,17565
288,54,17566
289,54,17567
290,54,17568
291,54,17569
292,54,17570
293,54,17571
294,54,17572
295,54,17573
296,54,17574
297,54,17575
298,54,17576
299,54,17577
300,54,17578
301,54,17579
302,54,17580
303,54,17581
304,54,17582
305,54,17583
306,54,17584
307,54,17585
308,54,17586
309,54,17587
310,54,17588
311,54,17589
312,54,17590
313,54,17591
314,54,17592
315,54,17593
316,54,17594
317,54,17595
318,54,17596
319,54,17597
320,54,17598
321,54,17599
322,54,17600
323,54,17601
324,54,17602
325,54,17603
326,54,17604
1,55,17605
2,55,17606
3,55,17607
4,55,17608
5,55,17609
6,55,17610
7,55,17611
8,55,17612
9,55,17613
10,55,17614
11,55,17615
12,55,17616
13,55,17617
14,55,17618
15,55,17619
16,55,17620
17,55,17621
18,55,17622
19,55,17623
20,55,17624
21,55,17625
22,55,17626
23,55,17627
24,55,17628
25,55,17629
26,55,17630
27,55,17631
28,55,17632
29,55,17633
30,55,17634
31,55,17635
32,55,17636
33,55,17637
34,55,17638
35,55,17639
36,55,17640
37,55,17641
38,55,17642
39,55,17643
40,55,17644
41,55,17645
42,55,17646
43,55,17647
44,55,17648
45,55,17649
46,55,17650
47,55,17651
48,55,17652
49,55,17653
50,55,17654
51,55,17655
52,55,17656
53,55,17657
54,55,17658
55,55,17659
56,55,17660
57,55,17661
58,55,17662
59,55,17663
60,55,17664
61,55,17665
62,55,17666
63,55,17667
64,55,17668
65,55,17669
66,55,17670
67,55,17671
68,55,17672
69,55,17673
70,55,17674
71,55,17675
72,55,17676
73,55,17677
74,55,17678
75,55,17679
76,55,17680
77,55,17681
78,55,17682
79,55,17683
80,55,17684
81,55,17685
82,55,17686
83,55,17687
84,55,17688
85,55,17689
86,55,17690
87,55,17691
88,55,17692
89,55,17693
90,55,17694
91,55,17695
92,55,17696
93,55,17697
94,55,17698
95,55,17699
96,55,17700
97,55,17701
98,55,17702
99,55,17703
100,55,17704
101,55,17705
102,55,17706
103,55,17707
104,55,17708
105,55,17709
106,55,17710
107,55,17711
108,55,17712
109,55,17713
110,55,17714
111,55,17715
112,55,17716
113,55,17717
114,55,17718
115,55,17719
116,55,17720
117,55,17721
118,55,17722
119,55,17723
120,55,17724
121,55,17725
122,55,17726
123,55,17727
124,55,17728
125,55,17729
126,55,17730
127,55,17731
128,55,17732
129,55,17733
130,55,17734
131,55,17735
132,55,17736
133,55,17737
134,55,17738
135,55,17739
136,55,17740
137,55,17741
138,55,17742
139,55,17743
140,55,17744
141,55,17745
142,55,17746
143,55,17747
144,55,17748
145,55,17749
146,55,17750
147,55,17751
148,55,17752
149,55,17753
150,55,17754
151,55,17755
152,55,17756
153,55,17757
154,55,17758
155,55,17759
156,55,17760
157,55,17761
158,55,17762
159,55,17763
160,55,17764
161,55,17765
162,55,17766
163,55,17767
164,55,17768
165,55,17769
166,55,17770
167,55,17771
168,55,17772
169,55,17773
170,55,17774
171,55,17775
172,55,17776
173,55,17777
174,55,17778
175,55,17779
176,55,17780
177,55,17781
178,55,17782
179,55,17783
180,55,17784
181,55,17785
182,55,17786
183,55,17787
184,55,17788
185,55,17789
186,55,17790
187,55,17791
188,55,17792
189,55,17793
190,55,17794
191,55,17795
192,55,17796
193,55,17797
194,55,17798
195,55,17799
196,55,17800
197,55,17801
198,55,17802
199,55,17803
200,55,17804
201,55,17805
202,55,17806
203,55,17807
204,55,17808
205,55,17809
206,55,17810
207,55,17811
208,55,17812
209,55,17813
210,55,17814
211,55,17815
212,55,17816
213,55,17817
214,55,17818
215,55,17819
216,55,17820
217,55,17821
218,55,17822
219,55,17823
220,55,17824
221,55,17825
222,55,17826
223,55,17827
224,55,17828
225,55,17829
226,55,17830
227,55,17831
228,55,17832
229,55,17833
230,55,17834
231,55,17835
232,55,17836
233,55,17837
234,55,17838
235,55,17839
236,55,17840
237,55,17841
238,55,17842
239,55,17843
240,55,17844
241,55,17845
242,55,17846
243,55,17847
244,55,17848
245,55,17849
246,55,17850
247,55,17851
248,55,17852
249,55,17853
250,55,17854
251,55,17855
252,55,17856
253,55,17857
254,55,17858
255,55,17859
256,55,17860
257,55,17861
258,55,17862
259,55,17863
260,55,17864
261,55,17865
262,55,17866
263,55,17867
264,55,17868
265,55,17869
266,55,17870
267,55,17871
268,55,17872
269,55,17873
270,55,17874
271,55,17875
272,55,17876
273,55,17877
274,55,17878
275,55,17879
276,55,17880
277,55,17881
278,55,17882
279,55,17883
280,55,17884
281,55,17885
282,55,17886
283,55,17887
284,55,17888
285,55,17889
286,55,17890
287,55,17891
288,55,17892
289,55,17893
290,55,17894
291,55,17895
292,55,17896
293,55,17897
294,55,17898
295,55,17899
296,55,17900
297,55,17901
298,55,17902
299,55,17903
300,55,17904
301,55,17905
302,55,17906
303,55,17907
304,55,17908
305,55,17909
306,55,17910
307,55,17911
308,55,17912
309,55,17913
310,55,17914
311,55,17915
312,55,17916
313,55,17917
314,55,17918
315,55,17919
316,55,17920
317,55,17921
318,55,17922
319,55,17923
320,55,17924
321,55,17925
322,55,17926
323,55,17927
324,55,17928
325,55,17929
326,55,17930
1,56,17931
2,56,17932
3,56,17933
4,56,17934
5,56,17935
6,56,17936
7,56,17937
8,56,17938
9,56,17939
10,56,17940
11,56,17941
12,56,17942
13,56,17943
14,56,17944
15,56,17945
16,56,17946
17,56,17947
18,56,17948
19,56,17949
20,56,17950
21,56,17951
22,56,17952
23,56,17953
24,56,17954
25,56,17955
26,56,17956
27,56,17957
28,56,17958
29,56,17959
30,56,17960
31,56,17961
32,56,17962
33,56,17963
34,56,17964
35,56,17965
36,56,17966
37,56,17967
38,56,17968
39,56,17969
40,56,17970
41,56,17971
42,56,17972
43,56,17973
44,56,17974
45,56,17975
46,56,17976
47,56,17977
48,56,17978
49,56,17979
50,56,17980
51,56,17981
52,56,17982
53,56,17983
54,56,17984
55,56,17985
56,56,17986
57,56,17987
58,56,17988
59,56,17989
60,56,17990
61,56,17991
62,56,17992
63,56,17993
64,56,17994
65,56,17995
66,56,17996
67,56,17997
68,56,17998
69,56,17999
70,56,18000
71,56,18001
72,56,18002
73,56,18003
74,56,18004
75,56,18005
76,56,18006
77,56,18007
78,56,18008
79,56,18009
80,56,18010
81,56,18011
82,56,18012
83,56,18013
84,56,18014
85,56,18015
86,56,18016
87,56,18017
88,56,18018
89,56,18019
90,56,18020
91,56,18021
92,56,18022
93,56,18023
94,56,18024
95,56,18025
96,56,18026
97,56,18027
98,56,18028
99,56,18029
100,56,18030
101,56,18031
102,56,18032
103,56,18033
104,56,18034
105,56,18035
106,56,18036
107,56,18037
108,56,18038
109,56,18039
110,56,18040
111,56,18041
112,56,18042
113,56,18043
114,56,18044
115,56,18045
116,56,18046
117,56,18047
118,56,18048
119,56,18049
120,56,18050
121,56,18051
122,56,18052
123,56,18053
124,56,18054
125,56,18055
126,56,18056
127,56,18057
128,56,18058
129,56,18059
130,56,18060
131,56,18061
132,56,18062
133,56,18063
134,56,18064
135,56,18065
136,56,18066
137,56,18067
138,56,18068
139,56,18069
140,56,18070
141,56,18071
142,56,18072
143,56,18073
144,56,18074
145,56,18075
146,56,18076
147,56,18077
148,56,18078
149,56,18079
150,56,18080
151,56,18081
152,56,18082
153,56,18083
154,56,18084
155,56,18085
156,56,18086
157,56,18087
158,56,18088
159,56,18089
160,56,18090
161,56,18091
162,56,18092
163,56,18093
164,56,18094
165,56,18095
166,56,18096
167,56,18097
168,56,18098
169,56,18099
170,56,18100
171,56,18101
172,56,18102
173,56,18103
174,56,18104
175,56,18105
176,56,18106
177,56,18107
178,56,18108
179,56,18109
180,56,18110
181,56,18111
182,56,18112
183,56,18113
184,56,18114
185,56,18115
186,56,18116
187,56,18117
188,56,18118
189,56,18119
190,56,18120
191,56,18121
192,56,18122
193,56,18123
194,56,18124
195,56,18125
196,56,18126
197,56,18127
198,56,18128
199,56,18129
200,56,18130
201,56,18131
202,56,18132
203,56,18133
204,56,18134
205,56,18135
206,56,18136
207,56,18137
208,56,18138
209,56,18139
210,56,18140
211,56,18141
212,56,18142
213,56,18143
214,56,18144
215,56,18145
216,56,18146
217,56,18147
218,56,18148
219,56,18149
220,56,18150
221,56,18151
222,56,18152
223,56,18153
224,56,18154
225,56,18155
226,56,18156
227,56,18157
228,56,18158
229,56,18159
230,56,18160
231,56,18161
232,56,18162
233,56,18163
234,56,18164
235,56,18165
236,56,18166
237,56,18167
238,56,18168
239,56,18169
240,56,18170
241,56,18171
242,56,18172
243,56,18173
244,56,18174
245,56,18175
246,56,18176
247,56,18177
248,56,18178
249,56,18179
250,56,18180
251,56,18181
252,56,18182
253,56,18183
254,56,18184
255,56,18185
256,56,18186
257,56,18187
258,56,18188
259,56,18189
260,56,18190
261,56,18191
262,56,18192
263,56,18193
264,56,18194
265,56,18195
266,56,18196
267,56,18197
268,56,18198
269,56,18199
270,56,18200
271,56,18201
272,56,18202
273,56,18203
274,56,18204
275,56,18205
276,56,18206
277,56,18207
278,56,18208
279,56,18209
280,56,18210
281,56,18211
282,56,18212
283,56,18213
284,56,18214
285,56,18215
286,56,18216
287,56,18217
288,56,18218
289,56,18219
290,56,18220
291,56,18221
292,56,18222
293,56,18223
294,56,18224
295,56,18225
296,56,18226
297,56,18227
298,56,18228
299,56,18229
300,56,18230
301,56,18231
302,56,18232
303,56,18233
304,56,18234
305,56,18235
306,56,18236
307,56,18237
308,56,18238
309,56,18239
310,56,18240
311,56,18241
312,56,18242
313,56,18243
314,56,18244
315,56,18245
316,56,18246
317,56,18247
318,56,18248
319,56,18249
320,56,18250
321,56,18251
322,56,18252
323,56,18253
324,56,18254
325,56,18255
326,56,18256
1,57,18257
2,57,18258
3,57,18259
4,57,18260
5,57,18261
6,57,18262
7,57,18263
8,57,18264
9,57,18265
10,57,18266
11,57,18267
12,57,18268
13,57,18269
14,57,18270
15,57,18271
16,57,18272
17,57,18273
18,57,18274
19,57,18275
20,57,18276
21,57,18277
22,57,18278
23,57,18279
24,57,18280
25,57,18281
26,57,18282
27,57,18283
28,57,18284
29,57,18285
30,57,18286
31,57,18287
32,57,18288
33,57,18289
34,57,18290
35,57,18291
36,57,18292
37,57,18293
38,57,18294
39,57,18295
40,57,18296
41,57,18297
42,57,18298
43,57,18299
44,57,18300
45,57,18301
46,57,18302
47,57,18303
48,57,18304
49,57,18305
50,57,18306
51,57,18307
52,57,18308
53,57,18309
54,57,18310
55,57,18311
56,57,18312
57,57,18313
58,57,18314
59,57,18315
60,57,18316
61,57,18317
62,57,18318
63,57,18319
64,57,18320
65,57,18321
66,57,18322
67,57,18323
68,57,18324
69,57,18325
70,57,18326
71,57,18327
72,57,18328
73,57,18329
74,57,18330
75,57,18331
76,57,18332
77,57,18333
78,57,18334
79,57,18335
80,57,18336
81,57,18337
82,57,18338
83,57,18339
84,57,18340
85,57,18341
86,57,18342
87,57,18343
88,57,18344
89,57,18345
90,57,18346
91,57,18347
92,57,18348
93,57,18349
94,57,18350
95,57,18351
96,57,18352
97,57,18353
98,57,18354
99,57,18355
100,57,18356
101,57,18357
102,57,18358
103,57,18359
104,57,18360
105,57,18361
106,57,18362
107,57,18363
108,57,18364
109,57,18365
110,57,18366
111,57,18367
112,57,18368
113,57,18369
114,57,18370
115,57,18371
116,57,18372
117,57,18373
118,57,18374
119,57,18375
120,57,18376
121,57,18377
122,57,18378
123,57,18379
124,57,18380
125,57,18381
126,57,18382
127,57,18383
128,57,18384
129,57,18385
130,57,18386
131,57,18387
132,57,18388
133,57,18389
134,57,18390
135,57,18391
136,57,18392
137,57,18393
138,57,18394
139,57,18395
140,57,18396
141,57,18397
142,57,18398
143,57,18399
144,57,18400
145,57,18401
146,57,18402
147,57,18403
148,57,18404
149,57,18405
150,57,18406
151,57,18407
152,57,18408
153,57,18409
154,57,18410
155,57,18411
156,57,18412
157,57,18413
158,57,18414
159,57,18415
160,57,18416
161,57,18417
162,57,18418
163,57,18419
164,57,18420
165,57,18421
166,57,18422
167,57,18423
168,57,18424
169,57,18425
170,57,18426
171,57,18427
172,57,18428
173,57,18429
174,57,18430
175,57,18431
176,57,18432
177,57,18433
178,57,18434
179,57,18435
180,57,18436
181,57,18437
182,57,18438
183,57,18439
184,57,18440
185,57,18441
186,57,18442
187,57,18443
188,57,18444
189,57,18445
190,57,18446
191,57,18447
192,57,18448
193,57,18449
194,57,18450
195,57,18451
196,57,18452
197,57,18453
198,57,18454
199,57,18455
200,57,18456
201,57,18457
202,57,18458
203,57,18459
204,57,18460
205,57,18461
206,57,18462
207,57,18463
208,57,18464
209,57,18465
210,57,18466
211,57,18467
212,57,18468
213,57,18469
214,57,18470
215,57,18471
216,57,18472
217,57,18473
218,57,18474
219,57,18475
220,57,18476
221,57,18477
222,57,18478
223,57,18479
224,57,18480
225,57,18481
226,57,18482
227,57,18483
228,57,18484
229,57,18485
230,57,18486
231,57,18487
232,57,18488
233,57,18489
234,57,18490
235,57,18491
236,57,18492
237,57,18493
238,57,18494
239,57,18495
240,57,18496
241,57,18497
242,57,18498
243,57,18499
244,57,18500
245,57,18501
246,57,18502
247,57,18503
248,57,18504
249,57,18505
250,57,18506
251,57,18507
252,57,18508
253,57,18509
254,57,18510
255,57,18511
256,57,18512
257,57,18513
258,57,18514
259,57,18515
260,57,18516
261,57,18517
262,57,18518
263,57,18519
264,57,18520
265,57,18521
266,57,18522
267,57,18523
268,57,18524
269,57,18525
270,57,18526
271,57,18527
272,57,18528
273,57,18529
274,57,18530
275,57,18531
276,57,18532
277,57,18533
278,57,18534
279,57,18535
280,57,18536
281,57,18537
282,57,18538
283,57,18539
284,57,18540
285,57,18541
286,57,18542
287,57,18543
288,57,18544
289,57,18545
290,57,18546
291,57,18547
292,57,18548
293,57,18549
294,57,18550
295,57,18551
296,57,18552
297,57,18553
298,57,18554
299,57,18555
300,57,18556
301,57,18557
302,57,18558
303,57,18559
304,57,18560
305,57,18561
306,57,18562
307,57,18563
308,57,18564
309,57,18565
310,57,18566
311,57,18567
312,57,18568
313,57,18569
314,57,18570
315,57,18571
316,57,18572
317,57,18573
318,57,18574
319,57,18575
320,57,18576
321,57,18577
322,57,18578
323,57,18579
324,57,18580
325,57,18581
326,57,18582
1,58,18583
2,58,18584
3,58,18585
4,58,18586
5,58,18587
6,58,18588
7,58,18589
8,58,18590
9,58,18591
10,58,18592
11,58,18593
12,58,18594
13,58,18595
14,58,18596
15,58,18597
16,58,18598
17,58,18599
18,58,18600
19,58,18601
20,58,18602
21,58,18603
22,58,18604
23,58,18605
24,58,18606
25,58,18607
26,58,18608
27,58,18609
28,58,18610
29,58,18611
30,58,18612
31,58,18613
32,58,18614
33,58,18615
34,58,18616
35,58,18617
36,58,18618
37,58,18619
38,58,18620
39,58,18621
40,58,18622
41,58,18623
42,58,18624
43,58,18625
44,58,18626
45,58,18627
46,58,18628
47,58,18629
48,58,18630
49,58,18631
50,58,18632
51,58,18633
52,58,18634
53,58,18635
54,58,18636
55,58,18637
56,58,18638
57,58,18639
58,58,18640
59,58,18641
60,58,18642
61,58,18643
62,58,18644
63,58,18645
64,58,18646
65,58,18647
66,58,18648
67,58,18649
68,58,18650
69,58,18651
70,58,18652
71,58,18653
72,58,18654
73,58,18655
74,58,18656
75,58,18657
76,58,18658
77,58,18659
78,58,18660
79,58,18661
80,58,18662
81,58,18663
82,58,18664
83,58,18665
84,58,18666
85,58,18667
86,58,18668
87,58,18669
88,58,18670
89,58,18671
90,58,18672
91,58,18673
92,58,18674
93,58,18675
94,58,18676
95,58,18677
96,58,18678
97,58,18679
98,58,18680
99,58,18681
100,58,18682
101,58,18683
102,58,18684
103,58,18685
104,58,18686
105,58,18687
106,58,18688
107,58,18689
108,58,18690
109,58,18691
110,58,18692
111,58,18693
112,58,18694
113,58,18695
114,58,18696
115,58,18697
116,58,18698
117,58,18699
118,58,18700
119,58,18701
120,58,18702
121,58,18703
122,58,18704
123,58,18705
124,58,18706
125,58,18707
126,58,18708
127,58,18709
128,58,18710
129,58,18711
130,58,18712
131,58,18713
132,58,18714
133,58,18715
134,58,18716
135,58,18717
136,58,18718
137,58,18719
138,58,18720
139,58,18721
140,58,18722
141,58,18723
142,58,18724
143,58,18725
144,58,18726
145,58,18727
146,58,18728
147,58,18729
148,58,18730
149,58,18731
150,58,18732
151,58,18733
152,58,18734
153,58,18735
154,58,18736
155,58,18737
156,58,18738
157,58,18739
158,58,18740
159,58,18741
160,58,18742
161,58,18743
162,58,18744
163,58,18745
164,58,18746
165,58,18747
166,58,18748
167,58,18749
168,58,18750
169,58,18751
170,58,18752
171,58,18753
172,58,18754
173,58,18755
174,58,18756
175,58,18757
176,58,18758
177,58,18759
178,58,18760
179,58,18761
180,58,18762
181,58,18763
182,58,18764
183,58,18765
184,58,18766
185,58,18767
186,58,18768
187,58,18769
188,58,18770
189,58,18771
190,58,18772
191,58,18773
192,58,18774
193,58,18775
194,58,18776
195,58,18777
196,58,18778
197,58,18779
198,58,18780
199,58,18781
200,58,18782
201,58,18783
202,58,18784
203,58,18785
204,58,18786
205,58,18787
206,58,18788
207,58,18789
208,58,18790
209,58,18791
210,58,18792
211,58,18793
212,58,18794
213,58,18795
214,58,18796
215,58,18797
216,58,18798
217,58,18799
218,58,18800
219,58,18801
220,58,18802
221,58,18803
222,58,18804
223,58,18805
224,58,18806
225,58,18807
226,58,18808
227,58,18809
228,58,18810
229,58,18811
230,58,18812
231,58,18813
232,58,18814
233,58,18815
234,58,18816
235,58,18817
236,58,18818
237,58,18819
238,58,18820
239,58,18821
240,58,18822
241,58,18823
242,58,18824
243,58,18825
244,58,18826
245,58,18827
246,58,18828
247,58,18829
248,58,18830
249,58,18831
250,58,18832
251,58,18833
252,58,18834
253,58,18835
254,58,18836
255,58,18837
256,58,18838
257,58,18839
258,58,18840
259,58,18841
260,58,18842
261,58,18843
262,58,18844
263,58,18845
264,58,18846
265,58,18847
266,58,18848
267,58,18849
268,58,18850
269,58,18851
270,58,18852
271,58,18853
272,58,18854
273,58,18855
274,58,18856
275,58,18857
276,58,18858
277,58,18859
278,58,18860
279,58,18861
280,58,18862
281,58,18863
282,58,18864
283,58,18865
284,58,18866
285,58,18867
286,58,18868
287,58,18869
288,58,18870
289,58,18871
290,58,18872
291,58,18873
292,58,18874
293,58,18875
294,58,18876
295,58,18877
296,58,18878
297,58,18879
298,58,18880
299,58,18881
300,58,18882
301,58,18883
302,58,18884
303,58,18885
304,58,18886
305,58,18887
306,58,18888
307,58,18889
308,58,18890
309,58,18891
310,58,18892
311,58,18893
312,58,18894
313,58,18895
314,58,18896
315,58,18897
316,58,18898
317,58,18899
318,58,18900
319,58,18901
320,58,18902
321,58,18903
322,58,18904
323,58,18905
324,58,18906
325,58,18907
326,58,18908
1,59,18909
2,59,18910
3,59,18911
4,59,18912
5,59,18913
6,59,18914
7,59,18915
8,59,18916
9,59,18917
10,59,18918
11,59,18919
12,59,18920
13,59,18921
14,59,18922
15,59,18923
16,59,18924
17,59,18925
18,59,18926
19,59,18927
20,59,18928
21,59,18929
22,59,18930
23,59,18931
24,59,18932
25,59,18933
26,59,18934
27,59,18935
28,59,18936
29,59,18937
30,59,18938
31,59,18939
32,59,18940
33,59,18941
34,59,18942
35,59,18943
36,59,18944
37,59,18945
38,59,18946
39,59,18947
40,59,18948
41,59,18949
42,59,18950
43,59,18951
44,59,18952
45,59,18953
46,59,18954
47,59,18955
48,59,18956
49,59,18957
50,59,18958
51,59,18959
52,59,18960
53,59,18961
54,59,18962
55,59,18963
56,59,18964
57,59,18965
58,59,18966
59,59,18967
60,59,18968
61,59,18969
62,59,18970
63,59,18971
64,59,18972
65,59,18973
66,59,18974
67,59,18975
68,59,18976
69,59,18977
70,59,18978
71,59,18979
72,59,18980
73,59,18981
74,59,18982
75,59,18983
76,59,18984
77,59,18985
78,59,18986
79,59,18987
80,59,18988
81,59,18989
82,59,18990
83,59,18991
84,59,18992
85,59,18993
86,59,18994
87,59,18995
88,59,18996
89,59,18997
90,59,18998
91,59,18999
92,59,19000
93,59,19001
94,59,19002
95,59,19003
96,59,19004
97,59,19005
98,59,19006
99,59,19007
100,59,19008
101,59,19009
102,59,19010
103,59,19011
104,59,19012
105,59,19013
106,59,19014
107,59,19015
108,59,19016
109,59,19017
110,59,19018
111,59,19019
112,59,19020
113,59,19021
114,59,19022
115,59,19023
116,59,19024
117,59,19025
118,59,19026
119,59,19027
120,59,19028
121,59,19029
122,59,19030
123,59,19031
124,59,19032
125,59,19033
126,59,19034
127,59,19035
128,59,19036
129,59,19037
130,59,19038
131,59,19039
132,59,19040
133,59,19041
134,59,19042
135,59,19043
136,59,19044
137,59,19045
138,59,19046
139,59,19047
140,59,19048
141,59,19049
142,59,19050
143,59,19051
144,59,19052
145,59,19053
146,59,19054
147,59,19055
148,59,19056
149,59,19057
150,59,19058
151,59,19059
152,59,19060
153,59,19061
154,59,19062
155,59,19063
156,59,19064
157,59,19065
158,59,19066
159,59,19067
160,59,19068
161,59,19069
162,59,19070
163,59,19071
164,59,19072
165,59,19073
166,59,19074
167,59,19075
168,59,19076
169,59,19077
170,59,19078
171,59,19079
172,59,19080
173,59,19081
174,59,19082
175,59,19083
176,59,19084
177,59,19085
178,59,19086
179,59,19087
180,59,19088
181,59,19089
182,59,19090
183,59,19091
184,59,19092
185,59,19093
186,59,19094
187,59,19095
188,59,19096
189,59,19097
190,59,19098
191,59,19099
192,59,19100
193,59,19101
194,59,19102
195,59,19103
196,59,19104
197,59,19105
198,59,19106
199,59,19107
200,59,19108
201,59,19109
202,59,19110
203,59,19111
204,59,19112
205,59,19113
206,59,19114
207,59,19115
208,59,19116
209,59,19117
210,59,19118
211,59,19119
212,59,19120
213,59,19121
214,59,19122
215,59,19123
216,59,19124
217,59,19125
218,59,19126
219,59,19127
220,59,19128
221,59,19129
222,59,19130
223,59,19131
224,59,19132
225,59,19133
226,59,19134
227,59,19135
228,59,19136
229,59,19137
230,59,19138
231,59,19139
232,59,19140
233,59,19141
234,59,19142
235,59,19143
236,59,19144
237,59,19145
238,59,19146
239,59,19147
240,59,19148
241,59,19149
242,59,19150
243,59,19151
244,59,19152
245,59,19153
246,59,19154
247,59,19155
248,59,19156
249,59,19157
250,59,19158
251,59,19159
252,59,19160
253,59,19161
254,59,19162
255,59,19163
256,59,19164
257,59,19165
258,59,19166
259,59,19167
260,59,19168
261,59,19169
262,59,19170
263,59,19171
264,59,19172
265,59,19173
266,59,19174
267,59,19175
268,59,19176
269,59,19177
270,59,19178
271,59,19179
272,59,19180
273,59,19181
274,59,19182
275,59,19183
276,59,19184
277,59,19185
278,59,19186
279,59,19187
280,59,19188
281,59,19189
282,59,19190
283,59,19191
284,59,19192
285,59,19193
286,59,19194
287,59,19195
288,59,19196
289,59,19197
290,59,19198
291,59,19199
292,59,19200
293,59,19201
294,59,19202
295,59,19203
296,59,19204
297,59,19205
298,59,19206
299,59,19207
300,59,19208
301,59,19209
302,59,19210
303,59,19211
304,59,19212
305,59,19213
306,59,19214
307,59,19215
308,59,19216
309,59,19217
310,59,19218
311,59,19219
312,59,19220
313,59,19221
314,59,19222
315,59,19223
316,59,19224
317,59,19225
318,59,19226
319,59,19227
320,59,19228
321,59,19229
322,59,19230
323,59,19231
324,59,19232
325,59,19233
326,59,19234
1,60,19235
2,60,19236
3,60,19237
4,60,19238
5,60,19239
6,60,19240
7,60,19241
8,60,19242
9,60,19243
10,60,19244
11,60,19245
12,60,19246
13,60,19247
14,60,19248
15,60,19249
16,60,19250
17,60,19251
18,60,19252
19,60,19253
20,60,19254
21,60,19255
22,60,19256
23,60,19257
24,60,19258
25,60,19259
26,60,19260
27,60,19261
28,60,19262
29,60,19263
30,60,19264
31,60,19265
32,60,19266
33,60,19267
34,60,19268
35,60,19269
36,60,19270
37,60,19271
38,60,19272
39,60,19273
40,60,19274
41,60,19275
42,60,19276
43,60,19277
44,60,19278
45,60,19279
46,60,19280
47,60,19281
48,60,19282
49,60,19283
50,60,19284
51,60,19285
52,60,19286
53,60,19287
54,60,19288
55,60,19289
56,60,19290
57,60,19291
58,60,19292
59,60,19293
60,60,19294
61,60,19295
62,60,19296
63,60,19297
64,60,19298
65,60,19299
66,60,19300
67,60,19301
68,60,19302
69,60,19303
70,60,19304
71,60,19305
72,60,19306
73,60,19307
74,60,19308
75,60,19309
76,60,19310
77,60,19311
78,60,19312
79,60,19313
80,60,19314
81,60,19315
82,60,19316
83,60,19317
84,60,19318
85,60,19319
86,60,19320
87,60,19321
88,60,19322
89,60,19323
90,60,19324
91,60,19325
92,60,19326
93,60,19327
94,60,19328
95,60,19329
96,60,19330
97,60,19331
98,60,19332
99,60,19333
100,60,19334
101,60,19335
102,60,19336
103,60,19337
104,60,19338
105,60,19339
106,60,19340
107,60,19341
108,60,19342
109,60,19343
110,60,19344
111,60,19345
112,60,19346
113,60,19347
114,60,19348
115,60,19349
116,60,19350
117,60,19351
118,60,19352
119,60,19353
120,60,19354
121,60,19355
122,60,19356
123,60,19357
124,60,19358
125,60,19359
126,60,19360
127,60,19361
128,60,19362
129,60,19363
130,60,19364
131,60,19365
132,60,19366
133,60,19367
134,60,19368
135,60,19369
136,60,19370
137,60,19371
138,60,19372
139,60,19373
140,60,19374
141,60,19375
142,60,19376
143,60,19377
144,60,19378
145,60,19379
146,60,19380
147,60,19381
148,60,19382
149,60,19383
150,60,19384
151,60,19385
152,60,19386
153,60,19387
154,60,19388
155,60,19389
156,60,19390
157,60,19391
158,60,19392
159,60,19393
160,60,19394
161,60,19395
162,60,19396
163,60,19397
164,60,19398
165,60,19399
166,60,19400
167,60,19401
168,60,19402
169,60,19403
170,60,19404
171,60,19405
172,60,19406
173,60,19407
174,60,19408
175,60,19409
176,60,19410
177,60,19411
178,60,19412
179,60,19413
180,60,19414
181,60,19415
182,60,19416
183,60,19417
184,60,19418
185,60,19419
186,60,19420
187,60,19421
188,60,19422
189,60,19423
190,60,19424
191,60,19425
192,60,19426
193,60,19427
194,60,19428
195,60,19429
196,60,19430
197,60,19431
198,60,19432
199,60,19433
200,60,19434
201,60,19435
202,60,19436
203,60,19437
204,60,19438
205,60,19439
206,60,19440
207,60,19441
208,60,19442
209,60,19443
210,60,19444
211,60,19445
212,60,19446
213,60,19447
214,60,19448
215,60,19449
216,60,19450
217,60,19451
218,60,19452
219,60,19453
220,60,19454
221,60,19455
222,60,19456
223,60,19457
224,60,19458
225,60,19459
226,60,19460
227,60,19461
228,60,19462
229,60,19463
230,60,19464
231,60,19465
232,60,19466
233,60,19467
234,60,19468
235,60,19469
236,60,19470
237,60,19471
238,60,19472
239,60,19473
240,60,19474
241,60,19475
242,60,19476
243,60,19477
244,60,19478
245,60,19479
246,60,19480
247,60,19481
248,60,19482
249,60,19483
250,60,19484
251,60,19485
252,60,19486
253,60,19487
254,60,19488
255,60,19489
256,60,19490
257,60,19491
258,60,19492
259,60,19493
260,60,19494
261,60,19495
262,60,19496
263,60,19497
264,60,19498
265,60,19499
266,60,19500
267,60,19501
268,60,19502
269,60,19503
270,60,19504
271,60,19505
272,60,19506
273,60,19507
274,60,19508
275,60,19509
276,60,19510
277,60,19511
278,60,19512
279,60,19513
280,60,19514
281,60,19515
282,60,19516
283,60,19517
284,60,19518
285,60,19519
286,60,19520
287,60,19521
288,60,19522
289,60,19523
290,60,19524
291,60,19525
292,60,19526
293,60,19527
294,60,19528
295,60,19529
296,60,19530
297,60,19531
298,60,19532
299,60,19533
300,60,19534
301,60,19535
302,60,19536
303,60,19537
304,60,19538
305,60,19539
306,60,19540
307,60,19541
308,60,19542
309,60,19543
310,60,19544
311,60,19545
312,60,19546
313,60,19547
314,60,19548
315,60,19549
316,60,19550
317,60,19551
318,60,19552
319,60,19553
320,60,19554
321,60,19555
322,60,19556
323,60,19557
324,60,19558
325,60,19559
326,60,19560
1,61,19561
2,61,19562
3,61,19563
4,61,19564
5,61,19565
6,61,19566
7,61,19567
8,61,19568
9,61,19569
10,61,19570
11,61,19571
12,61,19572
13,61,19573
14,61,19574
15,61,19575
16,61,19576
17,61,19577
18,61,19578
19,61,19579
20,61,19580
21,61,19581
22,61,19582
23,61,19583
24,61,19584
25,61,19585
26,61,19586
27,61,19587
28,61,19588
29,61,19589
30,61,19590
31,61,19591
32,61,19592
33,61,19593
34,61,19594
35,61,19595
36,61,19596
37,61,19597
38,61,19598
39,61,19599
40,61,19600
41,61,19601
42,61,19602
43,61,19603
44,61,19604
45,61,19605
46,61,19606
47,61,19607
48,61,19608
49,61,19609
50,61,19610
51,61,19611
52,61,19612
53,61,19613
54,61,19614
55,61,19615
56,61,19616
57,61,19617
58,61,19618
59,61,19619
60,61,19620
61,61,19621
62,61,19622
63,61,19623
64,61,19624
65,61,19625
66,61,19626
67,61,19627
68,61,19628
69,61,19629
70,61,19630
71,61,19631
72,61,19632
73,61,19633
74,61,19634
75,61,19635
76,61,19636
77,61,19637
78,61,19638
79,61,19639
80,61,19640
81,61,19641
82,61,19642
83,61,19643
84,61,19644
85,61,19645
86,61,19646
87,61,19647
88,61,19648
89,61,19649
90,61,19650
91,61,19651
92,61,19652
93,61,19653
94,61,19654
95,61,19655
96,61,19656
97,61,19657
98,61,19658
99,61,19659
100,61,19660
101,61,19661
102,61,19662
103,61,19663
104,61,19664
105,61,19665
106,61,19666
107,61,19667
108,61,19668
109,61,19669
110,61,19670
111,61,19671
112,61,19672
113,61,19673
114,61,19674
115,61,19675
116,61,19676
117,61,19677
118,61,19678
119,61,19679
120,61,19680
121,61,19681
122,61,19682
123,61,19683
124,61,19684
125,61,19685
126,61,19686
127,61,19687
128,61,19688
129,61,19689
130,61,19690
131,61,19691
132,61,19692
133,61,19693
134,61,19694
135,61,19695
136,61,19696
137,61,19697
138,61,19698
139,61,19699
140,61,19700
141,61,19701
142,61,19702
143,61,19703
144,61,19704
145,61,19705
146,61,19706
147,61,19707
148,61,19708
149,61,19709
150,61,19710
151,61,19711
152,61,19712
153,61,19713
154,61,19714
155,61,19715
156,61,19716
157,61,19717
158,61,19718
159,61,19719
160,61,19720
161,61,19721
162,61,19722
163,61,19723
164,61,19724
165,61,19725
166,61,19726
167,61,19727
168,61,19728
169,61,19729
170,61,19730
171,61,19731
172,61,19732
173,61,19733
174,61,19734
175,61,19735
176,61,19736
177,61,19737
178,61,19738
179,61,19739
180,61,19740
181,61,19741
182,61,19742
183,61,19743
184,61,19744
185,61,19745
186,61,19746
187,61,19747
188,61,19748
189,61,19749
190,61,19750
191,61,19751
192,61,19752
193,61,19753
194,61,19754
195,61,19755
196,61,19756
197,61,19757
198,61,19758
199,61,19759
200,61,19760
201,61,19761
202,61,19762
203,61,19763
204,61,19764
205,61,19765
206,61,19766
207,61,19767
208,61,19768
209,61,19769
210,61,19770
211,61,19771
212,61,19772
213,61,19773
214,61,19774
215,61,19775
216,61,19776
217,61,19777
218,61,19778
219,61,19779
220,61,19780
221,61,19781
222,61,19782
223,61,19783
224,61,19784
225,61,19785
226,61,19786
227,61,19787
228,61,19788
229,61,19789
230,61,19790
231,61,19791
232,61,19792
233,61,19793
234,61,19794
235,61,19795
236,61,19796
237,61,19797
238,61,19798
239,61,19799
240,61,19800
241,61,19801
242,61,19802
243,61,19803
244,61,19804
245,61,19805
246,61,19806
247,61,19807
248,61,19808
249,61,19809
250,61,19810
251,61,19811
252,61,19812
253,61,19813
254,61,19814
255,61,19815
256,61,19816
257,61,19817
258,61,19818
259,61,19819
260,61,19820
261,61,19821
262,61,19822
263,61,19823
264,61,19824
265,61,19825
266,61,19826
267,61,19827
268,61,19828
269,61,19829
270,61,19830
271,61,19831
272,61,19832
273,61,19833
274,61,19834
275,61,19835
276,61,19836
277,61,19837
278,61,19838
279,61,19839
280,61,19840
281,61,19841
282,61,19842
283,61,19843
284,61,19844
285,61,19845
286,61,19846
287,61,19847
288,61,19848
289,61,19849
290,61,19850
291,61,19851
292,61,19852
293,61,19853
294,61,19854
295,61,19855
296,61,19856
297,61,19857
298,61,19858
299,61,19859
300,61,19860
301,61,19861
302,61,19862
303,61,19863
304,61,19864
305,61,19865
306,61,19866
307,61,19867
308,61,19868
309,61,19869
310,61,19870
311,61,19871
312,61,19872
313,61,19873
314,61,19874
315,61,19875
316,61,19876
317,61,19877
318,61,19878
319,61,19879
320,61,19880
321,61,19881
322,61,19882
323,61,19883
324,61,19884
325,61,19885
326,61,19886
1,62,19887
2,62,19888
3,62,19889
4,62,19890
5,62,19891
6,62,19892
7,62,19893
8,62,19894
9,62,19895
10,62,19896
11,62,19897
12,62,19898
13,62,19899
14,62,19900
15,62,19901
16,62,19902
17,62,19903
18,62,19904
19,62,19905
20,62,19906
21,62,19907
22,62,19908
23,62,19909
24,62,19910
25,62,19911
26,62,19912
27,62,19913
28,62,19914
29,62,19915
30,62,19916
31,62,19917
32,62,19918
33,62,19919
34,62,19920
35,62,19921
36,62,19922
37,62,19923
38,62,19924
39,62,19925
40,62,19926
41,62,19927
42,62,19928
43,62,19929
44,62,19930
45,62,19931
46,62,19932
47,62,19933
48,62,19934
49,62,19935
50,62,19936
51,62,19937
52,62,19938
53,62,19939
54,62,19940
55,62,19941
56,62,19942
57,62,19943
58,62,19944
59,62,19945
60,62,19946
61,62,19947
62,62,19948
63,62,19949
64,62,19950
65,62,19951
66,62,19952
67,62,19953
68,62,19954
69,62,19955
70,62,19956
71,62,19957
72,62,19958
73,62,19959
74,62,19960
75,62,19961
76,62,19962
77,62,19963
78,62,19964
79,62,19965
80,62,19966
81,62,19967
82,62,19968
83,62,19969
84,62,19970
85,62,19971
86,62,19972
87,62,19973
88,62,19974
89,62,19975
90,62,19976
91,62,19977
92,62,19978
93,62,19979
94,62,19980
95,62,19981
96,62,19982
97,62,19983
98,62,19984
99,62,19985
100,62,19986
101,62,19987
102,62,19988
103,62,19989
104,62,19990
105,62,19991
106,62,19992
107,62,19993
108,62,19994
109,62,19995
110,62,19996
111,62,19997
112,62,19998
113,62,19999
114,62,20000
115,62,20001
116,62,20002
117,62,20003
118,62,20004
119,62,20005
120,62,20006
121,62,20007
122,62,20008
123,62,20009
124,62,20010
125,62,20011
126,62,20012
127,62,20013
128,62,20014
129,62,20015
130,62,20016
131,62,20017
132,62,20018
133,62,20019
134,62,20020
135,62,20021
136,62,20022
137,62,20023
138,62,20024
139,62,20025
140,62,20026
141,62,20027
142,62,20028
143,62,20029
144,62,20030
145,62,20031
146,62,20032
147,62,20033
148,62,20034
149,62,20035
150,62,20036
151,62,20037
152,62,20038
153,62,20039
154,62,20040
155,62,20041
156,62,20042
157,62,20043
158,62,20044
159,62,20045
160,62,20046
161,62,20047
162,62,20048
163,62,20049
164,62,20050
165,62,20051
166,62,20052
167,62,20053
168,62,20054
169,62,20055
170,62,20056
171,62,20057
172,62,20058
173,62,20059
174,62,20060
175,62,20061
176,62,20062
177,62,20063
178,62,20064
179,62,20065
180,62,20066
181,62,20067
182,62,20068
183,62,20069
184,62,20070
185,62,20071
186,62,20072
187,62,20073
188,62,20074
189,62,20075
190,62,20076
191,62,20077
192,62,20078
193,62,20079
194,62,20080
195,62,20081
196,62,20082
197,62,20083
198,62,20084
199,62,20085
200,62,20086
201,62,20087
202,62,20088
203,62,20089
204,62,20090
205,62,20091
206,62,20092
207,62,20093
208,62,20094
209,62,20095
210,62,20096
211,62,20097
212,62,20098
213,62,20099
214,62,20100
215,62,20101
216,62,20102
217,62,20103
218,62,20104
219,62,20105
220,62,20106
221,62,20107
222,62,20108
223,62,20109
224,62,20110
225,62,20111
226,62,20112
227,62,20113
228,62,20114
229,62,20115
230,62,20116
231,62,20117
232,62,20118
233,62,20119
234,62,20120
235,62,20121
236,62,20122
237,62,20123
238,62,20124
239,62,20125
240,62,20126
241,62,20127
242,62,20128
243,62,20129
244,62,20130
245,62,20131
246,62,20132
247,62,20133
248,62,20134
249,62,20135
250,62,20136
251,62,20137
252,62,20138
253,62,20139
254,62,20140
255,62,20141
256,62,20142
257,62,20143
258,62,20144
259,62,20145
260,62,20146
261,62,20147
262,62,20148
263,62,20149
264,62,20150
265,62,20151
266,62,20152
267,62,20153
268,62,20154
269,62,20155
270,62,20156
271,62,20157
272,62,20158
273,62,20159
274,62,20160
275,62,20161
276,62,20162
277,62,20163
278,62,20164
279,62,20165
280,62,20166
281,62,20167
282,62,20168
283,62,20169
284,62,20170
285,62,20171
286,62,20172
287,62,20173
288,62,20174
289,62,20175
290,62,20176
291,62,20177
292,62,20178
293,62,20179
294,62,20180
295,62,20181
296,62,20182
297,62,20183
298,62,20184
299,62,20185
300,62,20186
301,62,20187
302,62,20188
303,62,20189
304,62,20190
305,62,20191
306,62,20192
307,62,20193
308,62,20194
309,62,20195
310,62,20196
311,62,20197
312,62,20198
313,62,20199
314,62,20200
315,62,20201
316,62,20202
317,62,20203
318,62,20204
319,62,20205
320,62,20206
321,62,20207
322,62,20208
323,62,20209
324,62,20210
325,62,20211
326,62,20212
1,63,20213
2,63,20214
3,63,20215
4,63,20216
5,63,20217
6,63,20218
7,63,20219
8,63,20220
9,63,20221
10,63,20222
11,63,20223
12,63,20224
13,63,20225
14,63,20226
15,63,20227
16,63,20228
17,63,20229
18,63,20230
19,63,20231
20,63,20232
21,63,20233
22,63,20234
23,63,20235
24,63,20236
25,63,20237
26,63,20238
27,63,20239
28,63,20240
29,63,20241
30,63,20242
31,63,20243
32,63,20244
33,63,20245
34,63,20246
35,63,20247
36,63,20248
37,63,20249
38,63,20250
39,63,20251
40,63,20252
41,63,20253
42,63,20254
43,63,20255
44,63,20256
45,63,20257
46,63,20258
47,63,20259
48,63,20260
49,63,20261
50,63,20262
51,63,20263
52,63,20264
53,63,20265
54,63,20266
55,63,20267
56,63,20268
57,63,20269
58,63,20270
59,63,20271
60,63,20272
61,63,20273
62,63,20274
63,63,20275
64,63,20276
65,63,20277
66,63,20278
67,63,20279
68,63,20280
69,63,20281
70,63,20282
71,63,20283
72,63,20284
73,63,20285
74,63,20286
75,63,20287
76,63,20288
77,63,20289
78,63,20290
79,63,20291
80,63,20292
81,63,20293
82,63,20294
83,63,20295
84,63,20296
85,63,20297
86,63,20298
87,63,20299
88,63,20300
89,63,20301
90,63,20302
91,63,20303
92,63,20304
93,63,20305
94,63,20306
95,63,20307
96,63,20308
97,63,20309
98,63,20310
99,63,20311
100,63,20312
101,63,20313
102,63,20314
103,63,20315
104,63,20316
105,63,20317
106,63,20318
107,63,20319
108,63,20320
109,63,20321
110,63,20322
111,63,20323
112,63,20324
113,63,20325
114,63,20326
115,63,20327
116,63,20328
117,63,20329
118,63,20330
119,63,20331
120,63,20332
121,63,20333
122,63,20334
123,63,20335
124,63,20336
125,63,20337
126,63,20338
127,63,20339
128,63,20340
129,63,20341
130,63,20342
131,63,20343
132,63,20344
133,63,20345
134,63,20346
135,63,20347
136,63,20348
137,63,20349
138,63,20350
139,63,20351
140,63,20352
141,63,20353
142,63,20354
143,63,20355
144,63,20356
145,63,20357
146,63,20358
147,63,20359
148,63,20360
149,63,20361
150,63,20362
151,63,20363
152,63,20364
153,63,20365
154,63,20366
155,63,20367
156,63,20368
157,63,20369
158,63,20370
159,63,20371
160,63,20372
161,63,20373
162,63,20374
163,63,20375
164,63,20376
165,63,20377
166,63,20378
167,63,20379
168,63,20380
169,63,20381
170,63,20382
171,63,20383
172,63,20384
173,63,20385
174,63,20386
175,63,20387
176,63,20388
177,63,20389
178,63,20390
179,63,20391
180,63,20392
181,63,20393
182,63,20394
183,63,20395
184,63,20396
185,63,20397
186,63,20398
187,63,20399
188,63,20400
189,63,20401
190,63,20402
191,63,20403
192,63,20404
193,63,20405
194,63,20406
195,63,20407
196,63,20408
197,63,20409
198,63,20410
199,63,20411
200,63,20412
201,63,20413
202,63,20414
203,63,20415
204,63,20416
205,63,20417
206,63,20418
207,63,20419
208,63,20420
209,63,20421
210,63,20422
211,63,20423
212,63,20424
213,63,20425
214,63,20426
215,63,20427
216,63,20428
217,63,20429
218,63,20430
219,63,20431
220,63,20432
221,63,20433
222,63,20434
223,63,20435
224,63,20436
225,63,20437
226,63,20438
227,63,20439
228,63,20440
229,63,20441
230,63,20442
231,63,20443
232,63,20444
233,63,20445
234,63,20446
235,63,20447
236,63,20448
237,63,20449
238,63,20450
239,63,20451
240,63,20452
241,63,20453
242,63,20454
243,63,20455
244,63,20456
245,63,20457
246,63,20458
247,63,20459
248,63,20460
249,63,20461
250,63,20462
251,63,20463
252,63,20464
253,63,20465
254,63,20466
255,63,20467
256,63,20468
257,63,20469
258,63,20470
259,63,20471
260,63,20472
261,63,20473
262,63,20474
263,63,20475
264,63,20476
265,63,20477
266,63,20478
267,63,20479
268,63,20480
269,63,20481
270,63,20482
271,63,20483
272,63,20484
273,63,20485
274,63,20486
275,63,20487
276,63,20488
277,63,20489
278,63,20490
279,63,20491
280,63,20492
281,63,20493
282,63,20494
283,63,20495
284,63,20496
285,63,20497
286,63,20498
287,63,20499
288,63,20500
289,63,20501
290,63,20502
291,63,20503
292,63,20504
293,63,20505
294,63,20506
295,63,20507
296,63,20508
297,63,20509
298,63,20510
299,63,20511
300,63,20512
301,63,20513
302,63,20514
303,63,20515
304,63,20516
305,63,20517
306,63,20518
307,63,20519
308,63,20520
309,63,20521
310,63,20522
311,63,20523
312,63,20524
313,63,20525
314,63,20526
315,63,20527
316,63,20528
317,63,20529
318,63,20530
319,63,20531
320,63,20532
321,63,20533
322,63,20534
323,63,20535
324,63,20536
325,63,20537
326,63,20538
1,64,20539
2,64,20540
3,64,20541
4,64,20542
5,64,20543
6,64,20544
7,64,20545
8,64,20546
9,64,20547
10,64,20548
11,64,20549
12,64,20550
13,64,20551
14,64,20552
15,64,20553
16,64,20554
17,64,20555
18,64,20556
19,64,20557
20,64,20558
21,64,20559
22,64,20560
23,64,20561
24,64,20562
25,64,20563
26,64,20564
27,64,20565
28,64,20566
29,64,20567
30,64,20568
31,64,20569
32,64,20570
33,64,20571
34,64,20572
35,64,20573
36,64,20574
37,64,20575
38,64,20576
39,64,20577
40,64,20578
41,64,20579
42,64,20580
43,64,20581
44,64,20582
45,64,20583
46,64,20584
47,64,20585
48,64,20586
49,64,20587
50,64,20588
51,64,20589
52,64,20590
53,64,20591
54,64,20592
55,64,20593
56,64,20594
57,64,20595
58,64,20596
59,64,20597
60,64,20598
61,64,20599
62,64,20600
63,64,20601
64,64,20602
65,64,20603
66,64,20604
67,64,20605
68,64,20606
69,64,20607
70,64,20608
71,64,20609
72,64,20610
73,64,20611
74,64,20612
75,64,20613
76,64,20614
77,64,20615
78,64,20616
79,64,20617
80,64,20618
81,64,20619
82,64,20620
83,64,20621
84,64,20622
85,64,20623
86,64,20624
87,64,20625
88,64,20626
89,64,20627
90,64,20628
91,64,20629
92,64,20630
93,64,20631
94,64,20632
95,64,20633
96,64,20634
97,64,20635
98,64,20636
99,64,20637
100,64,20638
101,64,20639
102,64,20640
103,64,20641
104,64,20642
105,64,20643
106,64,20644
107,64,20645
108,64,20646
109,64,20647
110,64,20648
111,64,20649
112,64,20650
113,64,20651
114,64,20652
115,64,20653
116,64,20654
117,64,20655
118,64,20656
119,64,20657
120,64,20658
121,64,20659
122,64,20660
123,64,20661
124,64,20662
125,64,20663
126,64,20664
127,64,20665
128,64,20666
129,64,20667
130,64,20668
131,64,20669
132,64,20670
133,64,20671
134,64,20672
135,64,20673
136,64,20674
137,64,20675
138,64,20676
139,64,20677
140,64,20678
141,64,20679
142,64,20680
143,64,20681
144,64,20682
145,64,20683
146,64,20684
147,64,20685
148,64,20686
149,64,20687
150,64,20688
151,64,20689
152,64,20690
153,64,20691
154,64,20692
155,64,20693
156,64,20694
157,64,20695
158,64,20696
159,64,20697
160,64,20698
161,64,20699
162,64,20700
163,64,20701
164,64,20702
165,64,20703
166,64,20704
167,64,20705
168,64,20706
169,64,20707
170,64,20708
171,64,20709
172,64,20710
173,64,20711
174,64,20712
175,64,20713
176,64,20714
177,64,20715
178,64,20716
179,64,20717
180,64,20718
181,64,20719
182,64,20720
183,64,20721
184,64,20722
185,64,20723
186,64,20724
187,64,20725
188,64,20726
189,64,20727
190,64,20728
191,64,20729
192,64,20730
193,64,20731
194,64,20732
195,64,20733
196,64,20734
197,64,20735
198,64,20736
199,64,20737
200,64,20738
201,64,20739
202,64,20740
203,64,20741
204,64,20742
205,64,20743
206,64,20744
207,64,20745
208,64,20746
209,64,20747
210,64,20748
211,64,20749
212,64,20750
213,64,20751
214,64,20752
215,64,20753
216,64,20754
217,64,20755
218,64,20756
219,64,20757
220,64,20758
221,64,20759
222,64,20760
223,64,20761
224,64,20762
225,64,20763
226,64,20764
227,64,20765
228,64,20766
229,64,20767
230,64,20768
231,64,20769
232,64,20770
233,64,20771
234,64,20772
235,64,20773
236,64,20774
237,64,20775
238,64,20776
239,64,20777
240,64,20778
241,64,20779
242,64,20780
243,64,20781
244,64,20782
245,64,20783
246,64,20784
247,64,20785
248,64,20786
249,64,20787
250,64,20788
251,64,20789
252,64,20790
253,64,20791
254,64,20792
255,64,20793
256,64,20794
257,64,20795
258,64,20796
259,64,20797
260,64,20798
261,64,20799
262,64,20800
263,64,20801
264,64,20802
265,64,20803
266,64,20804
267,64,20805
268,64,20806
269,64,20807
270,64,20808
271,64,20809
272,64,20810
273,64,20811
274,64,20812
275,64,20813
276,64,20814
277,64,20815
278,64,20816
279,64,20817
280,64,20818
281,64,20819
282,64,20820
283,64,20821
284,64,20822
285,64,20823
286,64,20824
287,64,20825
288,64,20826
289,64,20827
290,64,20828
291,64,20829
292,64,20830
293,64,20831
294,64,20832
295,64,20833
296,64,20834
297,64,20835
298,64,20836
299,64,20837
300,64,20838
301,64,20839
302,64,20840
303,64,20841
304,64,20842
305,64,20843
306,64,20844
307,64,20845
308,64,20846
309,64,20847
310,64,20848
311,64,20849
312,64,20850
313,64,20851
314,64,20852
315,64,20853
316,64,20854
317,64,20855
318,64,20856
319,64,20857
320,64,20858
321,64,20859
322,64,20860
323,64,20861
324,64,20862
325,64,20863
326,64,20864
1,65,20865
2,65,20866
3,65,20867
4,65,20868
5,65,20869
6,65,20870
7,65,20871
8,65,20872
9,65,20873
10,65,20874
11,65,20875
12,65,20876
13,65,20877
14,65,20878
15,65,20879
16,65,20880
17,65,20881
18,65,20882
19,65,20883
20,65,20884
21,65,20885
22,65,20886
23,65,20887
24,65,20888
25,65,20889
26,65,20890
27,65,20891
28,65,20892
29,65,20893
30,65,20894
31,65,20895
32,65,20896
33,65,20897
34,65,20898
35,65,20899
36,65,20900
37,65,20901
38,65,20902
39,65,20903
40,65,20904
41,65,20905
42,65,20906
43,65,20907
44,65,20908
45,65,20909
46,65,20910
47,65,20911
48,65,20912
49,65,20913
50,65,20914
51,65,20915
52,65,20916
53,65,20917
54,65,20918
55,65,20919
56,65,20920
57,65,20921
58,65,20922
59,65,20923
60,65,20924
61,65,20925
62,65,20926
63,65,20927
64,65,20928
65,65,20929
66,65,20930
67,65,20931
68,65,20932
69,65,20933
70,65,20934
71,65,20935
72,65,20936
73,65,20937
74,65,20938
75,65,20939
76,65,20940
77,65,20941
78,65,20942
79,65,20943
80,65,20944
81,65,20945
82,65,20946
83,65,20947
84,65,20948
85,65,20949
86,65,20950
87,65,20951
88,65,20952
89,65,20953
90,65,20954
91,65,20955
92,65,20956
93,65,20957
94,65,20958
95,65,20959
96,65,20960
97,65,20961
98,65,20962
99,65,20963
100,65,20964
101,65,20965
102,65,20966
103,65,20967
104,65,20968
105,65,20969
106,65,20970
107,65,20971
108,65,20972
109,65,20973
110,65,20974
111,65,20975
112,65,20976
113,65,20977
114,65,20978
115,65,20979
116,65,20980
117,65,20981
118,65,20982
119,65,20983
120,65,20984
121,65,20985
122,65,20986
123,65,20987
124,65,20988
125,65,20989
126,65,20990
127,65,20991
128,65,20992
129,65,20993
130,65,20994
131,65,20995
132,65,20996
133,65,20997
134,65,20998
135,65,20999
136,65,21000
137,65,21001
138,65,21002
139,65,21003
140,65,21004
141,65,21005
142,65,21006
143,65,21007
144,65,21008
145,65,21009
146,65,21010
147,65,21011
148,65,21012
149,65,21013
150,65,21014
151,65,21015
152,65,21016
153,65,21017
154,65,21018
155,65,21019
156,65,21020
157,65,21021
158,65,21022
159,65,21023
160,65,21024
161,65,21025
162,65,21026
163,65,21027
164,65,21028
165,65,21029
166,65,21030
167,65,21031
168,65,21032
169,65,21033
170,65,21034
171,65,21035
172,65,21036
173,65,21037
174,65,21038
175,65,21039
176,65,21040
177,65,21041
178,65,21042
179,65,21043
180,65,21044
181,65,21045
182,65,21046
183,65,21047
184,65,21048
185,65,21049
186,65,21050
187,65,21051
188,65,21052
189,65,21053
190,65,21054
191,65,21055
192,65,21056
193,65,21057
194,65,21058
195,65,21059
196,65,21060
197,65,21061
198,65,21062
199,65,21063
200,65,21064
201,65,21065
202,65,21066
203,65,21067
204,65,21068
205,65,21069
206,65,21070
207,65,21071
208,65,21072
209,65,21073
210,65,21074
211,65,21075
212,65,21076
213,65,21077
214,65,21078
215,65,21079
216,65,21080
217,65,21081
218,65,21082
219,65,21083
220,65,21084
221,65,21085
222,65,21086
223,65,21087
224,65,21088
225,65,21089
226,65,21090
227,65,21091
228,65,21092
229,65,21093
230,65,21094
231,65,21095
232,65,21096
233,65,21097
234,65,21098
235,65,21099
236,65,21100
237,65,21101
238,65,21102
239,65,21103
240,65,21104
241,65,21105
242,65,21106
243,65,21107
244,65,21108
245,65,21109
246,65,21110
247,65,21111
248,65,21112
249,65,21113
250,65,21114
251,65,21115
252,65,21116
253,65,21117
254,65,21118
255,65,21119
256,65,21120
257,65,21121
258,65,21122
259,65,21123
260,65,21124
261,65,21125
262,65,21126
263,65,21127
264,65,21128
265,65,21129
266,65,21130
267,65,21131
268,65,21132
269,65,21133
270,65,21134
271,65,21135
272,65,21136
273,65,21137
274,65,21138
275,65,21139
276,65,21140
277,65,21141
278,65,21142
279,65,21143
280,65,21144
281,65,21145
282,65,21146
283,65,21147
284,65,21148
285,65,21149
286,65,21150
287,65,21151
288,65,21152
289,65,21153
290,65,21154
291,65,21155
292,65,21156
293,65,21157
294,65,21158
295,65,21159
296,65,21160
297,65,21161
298,65,21162
299,65,21163
300,65,21164
301,65,21165
302,65,21166
303,65,21167
304,65,21168
305,65,21169
306,65,21170
307,65,21171
308,65,21172
309,65,21173
310,65,21174
311,65,21175
312,65,21176
313,65,21177
314,65,21178
315,65,21179
316,65,21180
317,65,21181
318,65,21182
319,65,21183
320,65,21184
321,65,21185
322,65,21186
323,65,21187
324,65,21188
325,65,21189
326,65,21190
1,66,21191
2,66,21192
3,66,21193
4,66,21194
5,66,21195
6,66,21196
7,66,21197
8,66,21198
9,66,21199
10,66,21200
11,66,21201
12,66,21202
13,66,21203
14,66,21204
15,66,21205
16,66,21206
17,66,21207
18,66,21208
19,66,21209
20,66,21210
21,66,21211
22,66,21212
23,66,21213
24,66,21214
25,66,21215
26,66,21216
27,66,21217
28,66,21218
29,66,21219
30,66,21220
31,66,21221
32,66,21222
33,66,21223
34,66,21224
35,66,21225
36,66,21226
37,66,21227
38,66,21228
39,66,21229
40,66,21230
41,66,21231
42,66,21232
43,66,21233
44,66,21234
45,66,21235
46,66,21236
47,66,21237
48,66,21238
49,66,21239
50,66,21240
51,66,21241
52,66,21242
53,66,21243
54,66,21244
55,66,21245
56,66,21246
57,66,21247
58,66,21248
59,66,21249
60,66,21250
61,66,21251
62,66,21252
63,66,21253
64,66,21254
65,66,21255
66,66,21256
67,66,21257
68,66,21258
69,66,21259
70,66,21260
71,66,21261
72,66,21262
73,66,21263
74,66,21264
75,66,21265
76,66,21266
77,66,21267
78,66,21268
79,66,21269
80,66,21270
81,66,21271
82,66,21272
83,66,21273
84,66,21274
85,66,21275
86,66,21276
87,66,21277
88,66,21278
89,66,21279
90,66,21280
91,66,21281
92,66,21282
93,66,21283
94,66,21284
95,66,21285
96,66,21286
97,66,21287
98,66,21288
99,66,21289
100,66,21290
101,66,21291
102,66,21292
103,66,21293
104,66,21294
105,66,21295
106,66,21296
107,66,21297
108,66,21298
109,66,21299
110,66,21300
111,66,21301
112,66,21302
113,66,21303
114,66,21304
115,66,21305
116,66,21306
117,66,21307
118,66,21308
119,66,21309
120,66,21310
121,66,21311
122,66,21312
123,66,21313
124,66,21314
125,66,21315
126,66,21316
127,66,21317
128,66,21318
129,66,21319
130,66,21320
131,66,21321
132,66,21322
133,66,21323
134,66,21324
135,66,21325
136,66,21326
137,66,21327
138,66,21328
139,66,21329
140,66,21330
141,66,21331
142,66,21332
143,66,21333
144,66,21334
145,66,21335
146,66,21336
147,66,21337
148,66,21338
149,66,21339
150,66,21340
151,66,21341
152,66,21342
153,66,21343
154,66,21344
155,66,21345
156,66,21346
157,66,21347
158,66,21348
159,66,21349
160,66,21350
161,66,21351
162,66,21352
163,66,21353
164,66,21354
165,66,21355
166,66,21356
167,66,21357
168,66,21358
169,66,21359
170,66,21360
171,66,21361
172,66,21362
173,66,21363
174,66,21364
175,66,21365
176,66,21366
177,66,21367
178,66,21368
179,66,21369
180,66,21370
181,66,21371
182,66,21372
183,66,21373
184,66,21374
185,66,21375
186,66,21376
187,66,21377
188,66,21378
189,66,21379
190,66,21380
191,66,21381
192,66,21382
193,66,21383
194,66,21384
195,66,21385
196,66,21386
197,66,21387
198,66,21388
199,66,21389
200,66,21390
201,66,21391
202,66,21392
203,66,21393
204,66,21394
205,66,21395
206,66,21396
207,66,21397
208,66,21398
209,66,21399
210,66,21400
211,66,21401
212,66,21402
213,66,21403
214,66,21404
215,66,21405
216,66,21406
217,66,21407
218,66,21408
219,66,21409
220,66,21410
221,66,21411
222,66,21412
223,66,21413
224,66,21414
225,66,21415
226,66,21416
227,66,21417
228,66,21418
229,66,21419
230,66,21420
231,66,21421
232,66,21422
233,66,21423
234,66,21424
235,66,21425
236,66,21426
237,66,21427
238,66,21428
239,66,21429
240,66,21430
241,66,21431
242,66,21432
243,66,21433
244,66,21434
245,66,21435
246,66,21436
247,66,21437
248,66,21438
249,66,21439
250,66,21440
251,66,21441
252,66,21442
253,66,21443
254,66,21444
255,66,21445
256,66,21446
257,66,21447
258,66,21448
259,66,21449
260,66,21450
261,66,21451
262,66,21452
263,66,21453
264,66,21454
265,66,21455
266,66,21456
267,66,21457
268,66,21458
269,66,21459
270,66,21460
271,66,21461
272,66,21462
273,66,21463
274,66,21464
275,66,21465
276,66,21466
277,66,21467
278,66,21468
279,66,21469
280,66,21470
281,66,21471
282,66,21472
283,66,21473
284,66,21474
285,66,21475
286,66,21476
287,66,21477
288,66,21478
289,66,21479
290,66,21480
291,66,21481
292,66,21482
293,66,21483
294,66,21484
295,66,21485
296,66,21486
297,66,21487
298,66,21488
299,66,21489
300,66,21490
301,66,21491
302,66,21492
303,66,21493
304,66,21494
305,66,21495
306,66,21496
307,66,21497
308,66,21498
309,66,21499
310,66,21500
311,66,21501
312,66,21502
313,66,21503
314,66,21504
315,66,21505
316,66,21506
317,66,21507
318,66,21508
319,66,21509
320,66,21510
321,66,21511
322,66,21512
323,66,21513
324,66,21514
325,66,21515
326,66,21516
1,67,21517
2,67,21518
3,67,21519
4,67,21520
5,67,21521
6,67,21522
7,67,21523
8,67,21524
9,67,21525
10,67,21526
11,67,21527
12,67,21528
13,67,21529
14,67,21530
15,67,21531
16,67,21532
17,67,21533
18,67,21534
19,67,21535
20,67,21536
21,67,21537
22,67,21538
23,67,21539
24,67,21540
25,67,21541
26,67,21542
27,67,21543
28,67,21544
29,67,21545
30,67,21546
31,67,21547
32,67,21548
33,67,21549
34,67,21550
35,67,21551
36,67,21552
37,67,21553
38,67,21554
39,67,21555
40,67,21556
41,67,21557
42,67,21558
43,67,21559
44,67,21560
45,67,21561
46,67,21562
47,67,21563
48,67,21564
49,67,21565
50,67,21566
51,67,21567
52,67,21568
53,67,21569
54,67,21570
55,67,21571
56,67,21572
57,67,21573
58,67,21574
59,67,21575
60,67,21576
61,67,21577
62,67,21578
63,67,21579
64,67,21580
65,67,21581
66,67,21582
67,67,21583
68,67,21584
69,67,21585
70,67,21586
71,67,21587
72,67,21588
73,67,21589
74,67,21590
75,67,21591
76,67,21592
77,67,21593
78,67,21594
79,67,21595
80,67,21596
81,67,21597
82,67,21598
83,67,21599
84,67,21600
85,67,21601
86,67,21602
87,67,21603
88,67,21604
89,67,21605
90,67,21606
91,67,21607
92,67,21608
93,67,21609
94,67,21610
95,67,21611
96,67,21612
97,67,21613
98,67,21614
99,67,21615
100,67,21616
101,67,21617
102,67,21618
103,67,21619
104,67,21620
105,67,21621
106,67,21622
107,67,21623
108,67,21624
109,67,21625
110,67,21626
111,67,21627
112,67,21628
113,67,21629
114,67,21630
115,67,21631
116,67,21632
117,67,21633
118,67,21634
119,67,21635
120,67,21636
121,67,21637
122,67,21638
123,67,21639
124,67,21640
125,67,21641
126,67,21642
127,67,21643
128,67,21644
129,67,21645
130,67,21646
131,67,21647
132,67,21648
133,67,21649
134,67,21650
135,67,21651
136,67,21652
137,67,21653
138,67,21654
139,67,21655
140,67,21656
141,67,21657
142,67,21658
143,67,21659
144,67,21660
145,67,21661
146,67,21662
147,67,21663
148,67,21664
149,67,21665
150,67,21666
151,67,21667
152,67,21668
153,67,21669
154,67,21670
155,67,21671
156,67,21672
157,67,21673
158,67,21674
159,67,21675
160,67,21676
161,67,21677
162,67,21678
163,67,21679
164,67,21680
165,67,21681
166,67,21682
167,67,21683
168,67,21684
169,67,21685
170,67,21686
171,67,21687
172,67,21688
173,67,21689
174,67,21690
175,67,21691
176,67,21692
177,67,21693
178,67,21694
179,67,21695
180,67,21696
181,67,21697
182,67,21698
183,67,21699
184,67,21700
185,67,21701
186,67,21702
187,67,21703
188,67,21704
189,67,21705
190,67,21706
191,67,21707
192,67,21708
193,67,21709
194,67,21710
195,67,21711
196,67,21712
197,67,21713
198,67,21714
199,67,21715
200,67,21716
201,67,21717
202,67,21718
203,67,21719
204,67,21720
205,67,21721
206,67,21722
207,67,21723
208,67,21724
209,67,21725
210,67,21726
211,67,21727
212,67,21728
213,67,21729
214,67,21730
215,67,21731
216,67,21732
217,67,21733
218,67,21734
219,67,21735
220,67,21736
221,67,21737
222,67,21738
223,67,21739
224,67,21740
225,67,21741
226,67,21742
227,67,21743
228,67,21744
229,67,21745
230,67,21746
231,67,21747
232,67,21748
233,67,21749
234,67,21750
235,67,21751
236,67,21752
237,67,21753
238,67,21754
239,67,21755
240,67,21756
241,67,21757
242,67,21758
243,67,21759
244,67,21760
245,67,21761
246,67,21762
247,67,21763
248,67,21764
249,67,21765
250,67,21766
251,67,21767
252,67,21768
253,67,21769
254,67,21770
255,67,21771
256,67,21772
257,67,21773
258,67,21774
259,67,21775
260,67,21776
261,67,21777
262,67,21778
263,67,21779
264,67,21780
265,67,21781
266,67,21782
267,67,21783
268,67,21784
269,67,21785
270,67,21786
271,67,21787
272,67,21788
273,67,21789
274,67,21790
275,67,21791
276,67,21792
277,67,21793
278,67,21794
279,67,21795
280,67,21796
281,67,21797
282,67,21798
283,67,21799
284,67,21800
285,67,21801
286,67,21802
287,67,21803
288,67,21804
289,67,21805
290,67,21806
291,67,21807
292,67,21808
293,67,21809
294,67,21810
295,67,21811
296,67,21812
297,67,21813
298,67,21814
299,67,21815
300,67,21816
301,67,21817
302,67,21818
303,67,21819
304,67,21820
305,67,21821
306,67,21822
307,67,21823
308,67,21824
309,67,21825
310,67,21826
311,67,21827
312,67,21828
313,67,21829
314,67,21830
315,67,21831
316,67,21832
317,67,21833
318,67,21834
319,67,21835
320,67,21836
321,67,21837
322,67,21838
323,67,21839
324,67,21840
325,67,21841
326,67,21842
1,68,21843
2,68,21844
3,68,21845
4,68,21846
5,68,21847
6,68,21848
7,68,21849
8,68,21850
9,68,21851
10,68,21852
11,68,21853
12,68,21854
13,68,21855
14,68,21856
15,68,21857
16,68,21858
17,68,21859
18,68,21860
19,68,21861
20,68,21862
21,68,21863
22,68,21864
23,68,21865
24,68,21866
25,68,21867
26,68,21868
27,68,21869
28,68,21870
29,68,21871
30,68,21872
31,68,21873
32,68,21874
33,68,21875
34,68,21876
35,68,21877
36,68,21878
37,68,21879
38,68,21880
39,68,21881
40,68,21882
41,68,21883
42,68,21884
43,68,21885
44,68,21886
45,68,21887
46,68,21888
47,68,21889
48,68,21890
49,68,21891
50,68,21892
51,68,21893
52,68,21894
53,68,21895
54,68,21896
55,68,21897
56,68,21898
57,68,21899
58,68,21900
59,68,21901
60,68,21902
61,68,21903
62,68,21904
63,68,21905
64,68,21906
65,68,21907
66,68,21908
67,68,21909
68,68,21910
69,68,21911
70,68,21912
71,68,21913
72,68,21914
73,68,21915
74,68,21916
75,68,21917
76,68,21918
77,68,21919
78,68,21920
79,68,21921
80,68,21922
81,68,21923
82,68,21924
83,68,21925
84,68,21926
85,68,21927
86,68,21928
87,68,21929
88,68,21930
89,68,21931
90,68,21932
91,68,21933
92,68,21934
93,68,21935
94,68,21936
95,68,21937
96,68,21938
97,68,21939
98,68,21940
99,68,21941
100,68,21942
101,68,21943
102,68,21944
103,68,21945
104,68,21946
105,68,21947
106,68,21948
107,68,21949
108,68,21950
109,68,21951
110,68,21952
111,68,21953
112,68,21954
113,68,21955
114,68,21956
115,68,21957
116,68,21958
117,68,21959
118,68,21960
119,68,21961
120,68,21962
121,68,21963
122,68,21964
123,68,21965
124,68,21966
125,68,21967
126,68,21968
127,68,21969
128,68,21970
129,68,21971
130,68,21972
131,68,21973
132,68,21974
133,68,21975
134,68,21976
135,68,21977
136,68,21978
137,68,21979
138,68,21980
139,68,21981
140,68,21982
141,68,21983
142,68,21984
143,68,21985
144,68,21986
145,68,21987
146,68,21988
147,68,21989
148,68,21990
149,68,21991
150,68,21992
151,68,21993
152,68,21994
153,68,21995
154,68,21996
155,68,21997
156,68,21998
157,68,21999
158,68,22000
159,68,22001
160,68,22002
161,68,22003
162,68,22004
163,68,22005
164,68,22006
165,68,22007
166,68,22008
167,68,22009
168,68,22010
169,68,22011
170,68,22012
171,68,22013
172,68,22014
173,68,22015
174,68,22016
175,68,22017
176,68,22018
177,68,22019
178,68,22020
179,68,22021
180,68,22022
181,68,22023
182,68,22024
183,68,22025
184,68,22026
185,68,22027
186,68,22028
187,68,22029
188,68,22030
189,68,22031
190,68,22032
191,68,22033
192,68,22034
193,68,22035
194,68,22036
195,68,22037
196,68,22038
197,68,22039
198,68,22040
199,68,22041
200,68,22042
201,68,22043
202,68,22044
203,68,22045
204,68,22046
205,68,22047
206,68,22048
207,68,22049
208,68,22050
209,68,22051
210,68,22052
211,68,22053
212,68,22054
213,68,22055
214,68,22056
215,68,22057
216,68,22058
217,68,22059
218,68,22060
219,68,22061
220,68,22062
221,68,22063
222,68,22064
223,68,22065
224,68,22066
225,68,22067
226,68,22068
227,68,22069
228,68,22070
229,68,22071
230,68,22072
231,68,22073
232,68,22074
233,68,22075
234,68,22076
235,68,22077
236,68,22078
237,68,22079
238,68,22080
239,68,22081
240,68,22082
241,68,22083
242,68,22084
243,68,22085
244,68,22086
245,68,22087
246,68,22088
247,68,22089
248,68,22090
249,68,22091
250,68,22092
251,68,22093
252,68,22094
253,68,22095
254,68,22096
255,68,22097
256,68,22098
257,68,22099
258,68,22100
259,68,22101
260,68,22102
261,68,22103
262,68,22104
263,68,22105
264,68,22106
265,68,22107
266,68,22108
267,68,22109
268,68,22110
269,68,22111
270,68,22112
271,68,22113
272,68,22114
273,68,22115
274,68,22116
275,68,22117
276,68,22118
277,68,22119
278,68,22120
279,68,22121
280,68,22122
281,68,22123
282,68,22124
283,68,22125
284,68,22126
285,68,22127
286,68,22128
287,68,22129
288,68,22130
289,68,22131
290,68,22132
291,68,22133
292,68,22134
293,68,22135
294,68,22136
295,68,22137
296,68,22138
297,68,22139
298,68,22140
299,68,22141
300,68,22142
301,68,22143
302,68,22144
303,68,22145
304,68,22146
305,68,22147
306,68,22148
307,68,22149
308,68,22150
309,68,22151
310,68,22152
311,68,22153
312,68,22154
313,68,22155
314,68,22156
315,68,22157
316,68,22158
317,68,22159
318,68,22160
319,68,22161
320,68,22162
321,68,22163
322,68,22164
323,68,22165
324,68,22166
325,68,22167
326,68,22168
1,69,22169
2,69,22170
3,69,22171
4,69,22172
5,69,22173
6,69,22174
7,69,22175
8,69,22176
9,69,22177
10,69,22178
11,69,22179
12,69,22180
13,69,22181
14,69,22182
15,69,22183
16,69,22184
17,69,22185
18,69,22186
19,69,22187
20,69,22188
21,69,22189
22,69,22190
23,69,22191
24,69,22192
25,69,22193
26,69,22194
27,69,22195
28,69,22196
29,69,22197
30,69,22198
31,69,22199
32,69,22200
33,69,22201
34,69,22202
35,69,22203
36,69,22204
37,69,22205
38,69,22206
39,69,22207
40,69,22208
41,69,22209
42,69,22210
43,69,22211
44,69,22212
45,69,22213
46,69,22214
47,69,22215
48,69,22216
49,69,22217
50,69,22218
51,69,22219
52,69,22220
53,69,22221
54,69,22222
55,69,22223
56,69,22224
57,69,22225
58,69,22226
59,69,22227
60,69,22228
61,69,22229
62,69,22230
63,69,22231
64,69,22232
65,69,22233
66,69,22234
67,69,22235
68,69,22236
69,69,22237
70,69,22238
71,69,22239
72,69,22240
73,69,22241
74,69,22242
75,69,22243
76,69,22244
77,69,22245
78,69,22246
79,69,22247
80,69,22248
81,69,22249
82,69,22250
83,69,22251
84,69,22252
85,69,22253
86,69,22254
87,69,22255
88,69,22256
89,69,22257
90,69,22258
91,69,22259
92,69,22260
93,69,22261
94,69,22262
95,69,22263
96,69,22264
97,69,22265
98,69,22266
99,69,22267
100,69,22268
101,69,22269
102,69,22270
103,69,22271
104,69,22272
105,69,22273
106,69,22274
107,69,22275
108,69,22276
109,69,22277
110,69,22278
111,69,22279
112,69,22280
113,69,22281
114,69,22282
115,69,22283
116,69,22284
117,69,22285
118,69,22286
119,69,22287
120,69,22288
121,69,22289
122,69,22290
123,69,22291
124,69,22292
125,69,22293
126,69,22294
127,69,22295
128,69,22296
129,69,22297
130,69,22298
131,69,22299
132,69,22300
133,69,22301
134,69,22302
135,69,22303
136,69,22304
137,69,22305
138,69,22306
139,69,22307
140,69,22308
141,69,22309
142,69,22310
143,69,22311
144,69,22312
145,69,22313
146,69,22314
147,69,22315
148,69,22316
149,69,22317
150,69,22318
151,69,22319
152,69,22320
153,69,22321
154,69,22322
155,69,22323
156,69,22324
157,69,22325
158,69,22326
159,69,22327
160,69,22328
161,69,22329
162,69,22330
163,69,22331
164,69,22332
165,69,22333
166,69,22334
167,69,22335
168,69,22336
169,69,22337
170,69,22338
171,69,22339
172,69,22340
173,69,22341
174,69,22342
175,69,22343
176,69,22344
177,69,22345
178,69,22346
179,69,22347
180,69,22348
181,69,22349
182,69,22350
183,69,22351
184,69,22352
185,69,22353
186,69,22354
187,69,22355
188,69,22356
189,69,22357
190,69,22358
191,69,22359
192,69,22360
193,69,22361
194,69,22362
195,69,22363
196,69,22364
197,69,22365
198,69,22366
199,69,22367
200,69,22368
201,69,22369
202,69,22370
203,69,22371
204,69,22372
205,69,22373
206,69,22374
207,69,22375
208,69,22376
209,69,22377
210,69,22378
211,69,22379
212,69,22380
213,69,22381
214,69,22382
215,69,22383
216,69,22384
217,69,22385
218,69,22386
219,69,22387
220,69,22388
221,69,22389
222,69,22390
223,69,22391
224,69,22392
225,69,22393
226,69,22394
227,69,22395
228,69,22396
229,69,22397
230,69,22398
231,69,22399
232,69,22400
233,69,22401
234,69,22402
235,69,22403
236,69,22404
237,69,22405
238,69,22406
239,69,22407
240,69,22408
241,69,22409
242,69,22410
243,69,22411
244,69,22412
245,69,22413
246,69,22414
247,69,22415
248,69,22416
249,69,22417
250,69,22418
251,69,22419
252,69,22420
253,69,22421
254,69,22422
255,69,22423
256,69,22424
257,69,22425
258,69,22426
259,69,22427
260,69,22428
261,69,22429
262,69,22430
263,69,22431
264,69,22432
265,69,22433
266,69,22434
267,69,22435
268,69,22436
269,69,22437
270,69,22438
271,69,22439
272,69,22440
273,69,22441
274,69,22442
275,69,22443
276,69,22444
277,69,22445
278,69,22446
279,69,22447
280,69,22448
281,69,22449
282,69,22450
283,69,22451
284,69,22452
285,69,22453
286,69,22454
287,69,22455
288,69,22456
289,69,22457
290,69,22458
291,69,22459
292,69,22460
293,69,22461
294,69,22462
295,69,22463
296,69,22464
297,69,22465
298,69,22466
299,69,22467
300,69,22468
301,69,22469
302,69,22470
303,69,22471
304,69,22472
305,69,22473
306,69,22474
307,69,22475
308,69,22476
309,69,22477
310,69,22478
311,69,22479
312,69,22480
313,69,22481
314,69,22482
315,69,22483
316,69,22484
317,69,22485
318,69,22486
319,69,22487
320,69,22488
321,69,22489
322,69,22490
323,69,22491
324,69,22492
325,69,22493
326,69,22494
1,70,22495
2,70,22496
3,70,22497
4,70,22498
5,70,22499
6,70,22500
7,70,22501
8,70,22502
9,70,22503
10,70,22504
11,70,22505
12,70,22506
13,70,22507
14,70,22508
15,70,22509
16,70,22510
17,70,22511
18,70,22512
19,70,22513
20,70,22514
21,70,22515
22,70,22516
23,70,22517
24,70,22518
25,70,22519
26,70,22520
27,70,22521
28,70,22522
29,70,22523
30,70,22524
31,70,22525
32,70,22526
33,70,22527
34,70,22528
35,70,22529
36,70,22530
37,70,22531
38,70,22532
39,70,22533
40,70,22534
41,70,22535
42,70,22536
43,70,22537
44,70,22538
45,70,22539
46,70,22540
47,70,22541
48,70,22542
49,70,22543
50,70,22544
51,70,22545
52,70,22546
53,70,22547
54,70,22548
55,70,22549
56,70,22550
57,70,22551
58,70,22552
59,70,22553
60,70,22554
61,70,22555
62,70,22556
63,70,22557
64,70,22558
65,70,22559
66,70,22560
67,70,22561
68,70,22562
69,70,22563
70,70,22564
71,70,22565
72,70,22566
73,70,22567
74,70,22568
75,70,22569
76,70,22570
77,70,22571
78,70,22572
79,70,22573
80,70,22574
81,70,22575
82,70,22576
83,70,22577
84,70,22578
85,70,22579
86,70,22580
87,70,22581
88,70,22582
89,70,22583
90,70,22584
91,70,22585
92,70,22586
93,70,22587
94,70,22588
95,70,22589
96,70,22590
97,70,22591
98,70,22592
99,70,22593
100,70,22594
101,70,22595
102,70,22596
103,70,22597
104,70,22598
105,70,22599
106,70,22600
107,70,22601
108,70,22602
109,70,22603
110,70,22604
111,70,22605
112,70,22606
113,70,22607
114,70,22608
115,70,22609
116,70,22610
117,70,22611
118,70,22612
119,70,22613
120,70,22614
121,70,22615
122,70,22616
123,70,22617
124,70,22618
125,70,22619
126,70,22620
127,70,22621
128,70,22622
129,70,22623
130,70,22624
131,70,22625
132,70,22626
133,70,22627
134,70,22628
135,70,22629
136,70,22630
137,70,22631
138,70,22632
139,70,22633
140,70,22634
141,70,22635
142,70,22636
143,70,22637
144,70,22638
145,70,22639
146,70,22640
147,70,22641
148,70,22642
149,70,22643
150,70,22644
151,70,22645
152,70,22646
153,70,22647
154,70,22648
155,70,22649
156,70,22650
157,70,22651
158,70,22652
159,70,22653
160,70,22654
161,70,22655
162,70,22656
163,70,22657
164,70,22658
165,70,22659
166,70,22660
167,70,22661
168,70,22662
169,70,22663
170,70,22664
171,70,22665
172,70,22666
173,70,22667
174,70,22668
175,70,22669
176,70,22670
177,70,22671
178,70,22672
179,70,22673
180,70,22674
181,70,22675
182,70,22676
183,70,22677
184,70,22678
185,70,22679
186,70,22680
187,70,22681
188,70,22682
189,70,22683
190,70,22684
191,70,22685
192,70,22686
193,70,22687
194,70,22688
195,70,22689
196,70,22690
197,70,22691
198,70,22692
199,70,22693
200,70,22694
201,70,22695
202,70,22696
203,70,22697
204,70,22698
205,70,22699
206,70,22700
207,70,22701
208,70,22702
209,70,22703
210,70,22704
211,70,22705
212,70,22706
213,70,22707
214,70,22708
215,70,22709
216,70,22710
217,70,22711
218,70,22712
219,70,22713
220,70,22714
221,70,22715
222,70,22716
223,70,22717
224,70,22718
225,70,22719
226,70,22720
227,70,22721
228,70,22722
229,70,22723
230,70,22724
231,70,22725
232,70,22726
233,70,22727
234,70,22728
235,70,22729
236,70,22730
237,70,22731
238,70,22732
239,70,22733
240,70,22734
241,70,22735
242,70,22736
243,70,22737
244,70,22738
245,70,22739
246,70,22740
247,70,22741
248,70,22742
249,70,22743
250,70,22744
251,70,22745
252,70,22746
253,70,22747
254,70,22748
255,70,22749
256,70,22750
257,70,22751
258,70,22752
259,70,22753
260,70,22754
261,70,22755
262,70,22756
263,70,22757
264,70,22758
265,70,22759
266,70,22760
267,70,22761
268,70,22762
269,70,22763
270,70,22764
271,70,22765
272,70,22766
273,70,22767
274,70,22768
275,70,22769
276,70,22770
277,70,22771
278,70,22772
279,70,22773
280,70,22774
281,70,22775
282,70,22776
283,70,22777
284,70,22778
285,70,22779
286,70,22780
287,70,22781
288,70,22782
289,70,22783
290,70,22784
291,70,22785
292,70,22786
293,70,22787
294,70,22788
295,70,22789
296,70,22790
297,70,22791
298,70,22792
299,70,22793
300,70,22794
301,70,22795
302,70,22796
303,70,22797
304,70,22798
305,70,22799
306,70,22800
307,70,22801
308,70,22802
309,70,22803
310,70,22804
311,70,22805
312,70,22806
313,70,22807
314,70,22808
315,70,22809
316,70,22810
317,70,22811
318,70,22812
319,70,22813
320,70,22814
321,70,22815
322,70,22816
323,70,22817
324,70,22818
325,70,22819
326,70,22820
1,71,22821
2,71,22822
3,71,22823
4,71,22824
5,71,22825
6,71,22826
7,71,22827
8,71,22828
9,71,22829
10,71,22830
11,71,22831
12,71,22832
13,71,22833
14,71,22834
15,71,22835
16,71,22836
17,71,22837
18,71,22838
19,71,22839
20,71,22840
21,71,22841
22,71,22842
23,71,22843
24,71,22844
25,71,22845
26,71,22846
27,71,22847
28,71,22848
29,71,22849
30,71,22850
31,71,22851
32,71,22852
33,71,22853
34,71,22854
35,71,22855
36,71,22856
37,71,22857
38,71,22858
39,71,22859
40,71,22860
41,71,22861
42,71,22862
43,71,22863
44,71,22864
45,71,22865
46,71,22866
47,71,22867
48,71,22868
49,71,22869
50,71,22870
51,71,22871
52,71,22872
53,71,22873
54,71,22874
55,71,22875
56,71,22876
57,71,22877
58,71,22878
59,71,22879
60,71,22880
61,71,22881
62,71,22882
63,71,22883
64,71,22884
65,71,22885
66,71,22886
67,71,22887
68,71,22888
69,71,22889
70,71,22890
71,71,22891
72,71,22892
73,71,22893
74,71,22894
75,71,22895
76,71,22896
77,71,22897
78,71,22898
79,71,22899
80,71,22900
81,71,22901
82,71,22902
83,71,22903
84,71,22904
85,71,22905
86,71,22906
87,71,22907
88,71,22908
89,71,22909
90,71,22910
91,71,22911
92,71,22912
93,71,22913
94,71,22914
95,71,22915
96,71,22916
97,71,22917
98,71,22918
99,71,22919
100,71,22920
101,71,22921
102,71,22922
103,71,22923
104,71,22924
105,71,22925
106,71,22926
107,71,22927
108,71,22928
109,71,22929
110,71,22930
111,71,22931
112,71,22932
113,71,22933
114,71,22934
115,71,22935
116,71,22936
117,71,22937
118,71,22938
119,71,22939
120,71,22940
121,71,22941
122,71,22942
123,71,22943
124,71,22944
125,71,22945
126,71,22946
127,71,22947
128,71,22948
129,71,22949
130,71,22950
131,71,22951
132,71,22952
133,71,22953
134,71,22954
135,71,22955
136,71,22956
137,71,22957
138,71,22958
139,71,22959
140,71,22960
141,71,22961
142,71,22962
143,71,22963
144,71,22964
145,71,22965
146,71,22966
147,71,22967
148,71,22968
149,71,22969
150,71,22970
151,71,22971
152,71,22972
153,71,22973
154,71,22974
155,71,22975
156,71,22976
157,71,22977
158,71,22978
159,71,22979
160,71,22980
161,71,22981
162,71,22982
163,71,22983
164,71,22984
165,71,22985
166,71,22986
167,71,22987
168,71,22988
169,71,22989
170,71,22990
171,71,22991
172,71,22992
173,71,22993
174,71,22994
175,71,22995
176,71,22996
177,71,22997
178,71,22998
179,71,22999
180,71,23000
181,71,23001
182,71,23002
183,71,23003
184,71,23004
185,71,23005
186,71,23006
187,71,23007
188,71,23008
189,71,23009
190,71,23010
191,71,23011
192,71,23012
193,71,23013
194,71,23014
195,71,23015
196,71,23016
197,71,23017
198,71,23018
199,71,23019
200,71,23020
201,71,23021
202,71,23022
203,71,23023
204,71,23024
205,71,23025
206,71,23026
207,71,23027
208,71,23028
209,71,23029
210,71,23030
211,71,23031
212,71,23032
213,71,23033
214,71,23034
215,71,23035
216,71,23036
217,71,23037
218,71,23038
219,71,23039
220,71,23040
221,71,23041
222,71,23042
223,71,23043
224,71,23044
225,71,23045
226,71,23046
227,71,23047
228,71,23048
229,71,23049
230,71,23050
231,71,23051
232,71,23052
233,71,23053
234,71,23054
235,71,23055
236,71,23056
237,71,23057
238,71,23058
239,71,23059
240,71,23060
241,71,23061
242,71,23062
243,71,23063
244,71,23064
245,71,23065
246,71,23066
247,71,23067
248,71,23068
249,71,23069
250,71,23070
251,71,23071
252,71,23072
253,71,23073
254,71,23074
255,71,23075
256,71,23076
257,71,23077
258,71,23078
259,71,23079
260,71,23080
261,71,23081
262,71,23082
263,71,23083
264,71,23084
265,71,23085
266,71,23086
267,71,23087
268,71,23088
269,71,23089
270,71,23090
271,71,23091
272,71,23092
273,71,23093
274,71,23094
275,71,23095
276,71,23096
277,71,23097
278,71,23098
279,71,23099
280,71,23100
281,71,23101
282,71,23102
283,71,23103
284,71,23104
285,71,23105
286,71,23106
287,71,23107
288,71,23108
289,71,23109
290,71,23110
291,71,23111
292,71,23112
293,71,23113
294,71,23114
295,71,23115
296,71,23116
297,71,23117
298,71,23118
299,71,23119
300,71,23120
301,71,23121
302,71,23122
303,71,23123
304,71,23124
305,71,23125
306,71,23126
307,71,23127
308,71,23128
309,71,23129
310,71,23130
311,71,23131
312,71,23132
313,71,23133
314,71,23134
315,71,23135
316,71,23136
317,71,23137
318,71,23138
319,71,23139
320,71,23140
321,71,23141
322,71,23142
323,71,23143
324,71,23144
325,71,23145
326,71,23146
1,72,23147
2,72,23148
3,72,23149
4,72,23150
5,72,23151
6,72,23152
7,72,23153
8,72,23154
9,72,23155
10,72,23156
11,72,23157
12,72,23158
13,72,23159
14,72,23160
15,72,23161
16,72,23162
17,72,23163
18,72,23164
19,72,23165
20,72,23166
21,72,23167
22,72,23168
23,72,23169
24,72,23170
25,72,23171
26,72,23172
27,72,23173
28,72,23174
29,72,23175
30,72,23176
31,72,23177
32,72,23178
33,72,23179
34,72,23180
35,72,23181
36,72,23182
37,72,23183
38,72,23184
39,72,23185
40,72,23186
41,72,23187
42,72,23188
43,72,23189
44,72,23190
45,72,23191
46,72,23192
47,72,23193
48,72,23194
49,72,23195
50,72,23196
51,72,23197
52,72,23198
53,72,23199
54,72,23200
55,72,23201
56,72,23202
57,72,23203
58,72,23204
59,72,23205
60,72,23206
61,72,23207
62,72,23208
63,72,23209
64,72,23210
65,72,23211
66,72,23212
67,72,23213
68,72,23214
69,72,23215
70,72,23216
71,72,23217
72,72,23218
73,72,23219
74,72,23220
75,72,23221
76,72,23222
77,72,23223
78,72,23224
79,72,23225
80,72,23226
81,72,23227
82,72,23228
83,72,23229
84,72,23230
85,72,23231
86,72,23232
87,72,23233
88,72,23234
89,72,23235
90,72,23236
91,72,23237
92,72,23238
93,72,23239
94,72,23240
95,72,23241
96,72,23242
97,72,23243
98,72,23244
99,72,23245
100,72,23246
101,72,23247
102,72,23248
103,72,23249
104,72,23250
105,72,23251
106,72,23252
107,72,23253
108,72,23254
109,72,23255
110,72,23256
111,72,23257
112,72,23258
113,72,23259
114,72,23260
115,72,23261
116,72,23262
117,72,23263
118,72,23264
119,72,23265
120,72,23266
121,72,23267
122,72,23268
123,72,23269
124,72,23270
125,72,23271
126,72,23272
127,72,23273
128,72,23274
129,72,23275
130,72,23276
131,72,23277
132,72,23278
133,72,23279
134,72,23280
135,72,23281
136,72,23282
137,72,23283
138,72,23284
139,72,23285
140,72,23286
141,72,23287
142,72,23288
143,72,23289
144,72,23290
145,72,23291
146,72,23292
147,72,23293
148,72,23294
149,72,23295
150,72,23296
151,72,23297
152,72,23298
153,72,23299
154,72,23300
155,72,23301
156,72,23302
157,72,23303
158,72,23304
159,72,23305
160,72,23306
161,72,23307
162,72,23308
163,72,23309
164,72,23310
165,72,23311
166,72,23312
167,72,23313
168,72,23314
169,72,23315
170,72,23316
171,72,23317
172,72,23318
173,72,23319
174,72,23320
175,72,23321
176,72,23322
177,72,23323
178,72,23324
179,72,23325
180,72,23326
181,72,23327
182,72,23328
183,72,23329
184,72,23330
185,72,23331
186,72,23332
187,72,23333
188,72,23334
189,72,23335
190,72,23336
191,72,23337
192,72,23338
193,72,23339
194,72,23340
195,72,23341
196,72,23342
197,72,23343
198,72,23344
199,72,23345
200,72,23346
201,72,23347
202,72,23348
203,72,23349
204,72,23350
205,72,23351
206,72,23352
207,72,23353
208,72,23354
209,72,23355
210,72,23356
211,72,23357
212,72,23358
213,72,23359
214,72,23360
215,72,23361
216,72,23362
217,72,23363
218,72,23364
219,72,23365
220,72,23366
221,72,23367
222,72,23368
223,72,23369
224,72,23370
225,72,23371
226,72,23372
227,72,23373
228,72,23374
229,72,23375
230,72,23376
231,72,23377
232,72,23378
233,72,23379
234,72,23380
235,72,23381
236,72,23382
237,72,23383
238,72,23384
239,72,23385
240,72,23386
241,72,23387
242,72,23388
243,72,23389
244,72,23390
245,72,23391
246,72,23392
247,72,23393
248,72,23394
249,72,23395
250,72,23396
251,72,23397
252,72,23398
253,72,23399
254,72,23400
255,72,23401
256,72,23402
257,72,23403
258,72,23404
259,72,23405
260,72,23406
261,72,23407
262,72,23408
263,72,23409
264,72,23410
265,72,23411
266,72,23412
267,72,23413
268,72,23414
269,72,23415
270,72,23416
271,72,23417
272,72,23418
273,72,23419
274,72,23420
275,72,23421
276,72,23422
277,72,23423
278,72,23424
279,72,23425
280,72,23426
281,72,23427
282,72,23428
283,72,23429
284,72,23430
285,72,23431
286,72,23432
287,72,23433
288,72,23434
289,72,23435
290,72,23436
291,72,23437
292,72,23438
293,72,23439
294,72,23440
295,72,23441
296,72,23442
297,72,23443
298,72,23444
299,72,23445
300,72,23446
301,72,23447
302,72,23448
303,72,23449
304,72,23450
305,72,23451
306,72,23452
307,72,23453
308,72,23454
309,72,23455
310,72,23456
311,72,23457
312,72,23458
313,72,23459
314,72,23460
315,72,23461
316,72,23462
317,72,23463
318,72,23464
319,72,23465
320,72,23466
321,72,23467
322,72,23468
323,72,23469
324,72,23470
325,72,23471
326,72,23472
1,73,23473
2,73,23474
3,73,23475
4,73,23476
5,73,23477
6,73,23478
7,73,23479
8,73,23480
9,73,23481
10,73,23482
11,73,23483
12,73,23484
13,73,23485
14,73,23486
15,73,23487
16,73,23488
17,73,23489
18,73,23490
19,73,23491
20,73,23492
21,73,23493
22,73,23494
23,73,23495
24,73,23496
25,73,23497
26,73,23498
27,73,23499
28,73,23500
29,73,23501
30,73,23502
31,73,23503
32,73,23504
33,73,23505
34,73,23506
35,73,23507
36,73,23508
37,73,23509
38,73,23510
39,73,23511
40,73,23512
41,73,23513
42,73,23514
43,73,23515
44,73,23516
45,73,23517
46,73,23518
47,73,23519
48,73,23520
49,73,23521
50,73,23522
51,73,23523
52,73,23524
53,73,23525
54,73,23526
55,73,23527
56,73,23528
57,73,23529
58,73,23530
59,73,23531
60,73,23532
61,73,23533
62,73,23534
63,73,23535
64,73,23536
65,73,23537
66,73,23538
67,73,23539
68,73,23540
69,73,23541
70,73,23542
71,73,23543
72,73,23544
73,73,23545
74,73,23546
75,73,23547
76,73,23548
77,73,23549
78,73,23550
79,73,23551
80,73,23552
81,73,23553
82,73,23554
83,73,23555
84,73,23556
85,73,23557
86,73,23558
87,73,23559
88,73,23560
89,73,23561
90,73,23562
91,73,23563
92,73,23564
93,73,23565
94,73,23566
95,73,23567
96,73,23568
97,73,23569
98,73,23570
99,73,23571
100,73,23572
101,73,23573
102,73,23574
103,73,23575
104,73,23576
105,73,23577
106,73,23578
107,73,23579
108,73,23580
109,73,23581
110,73,23582
111,73,23583
112,73,23584
113,73,23585
114,73,23586
115,73,23587
116,73,23588
117,73,23589
118,73,23590
119,73,23591
120,73,23592
121,73,23593
122,73,23594
123,73,23595
124,73,23596
125,73,23597
126,73,23598
127,73,23599
128,73,23600
129,73,23601
130,73,23602
131,73,23603
132,73,23604
133,73,23605
134,73,23606
135,73,23607
136,73,23608
137,73,23609
138,73,23610
139,73,23611
140,73,23612
141,73,23613
142,73,23614
143,73,23615
144,73,23616
145,73,23617
146,73,23618
147,73,23619
148,73,23620
149,73,23621
150,73,23622
151,73,23623
152,73,23624
153,73,23625
154,73,23626
155,73,23627
156,73,23628
157,73,23629
158,73,23630
159,73,23631
160,73,23632
161,73,23633
162,73,23634
163,73,23635
164,73,23636
165,73,23637
166,73,23638
167,73,23639
168,73,23640
169,73,23641
170,73,23642
171,73,23643
172,73,23644
173,73,23645
174,73,23646
175,73,23647
176,73,23648
177,73,23649
178,73,23650
179,73,23651
180,73,23652
181,73,23653
182,73,23654
183,73,23655
184,73,23656
185,73,23657
186,73,23658
187,73,23659
188,73,23660
189,73,23661
190,73,23662
191,73,23663
192,73,23664
193,73,23665
194,73,23666
195,73,23667
196,73,23668
197,73,23669
198,73,23670
199,73,23671
200,73,23672
201,73,23673
202,73,23674
203,73,23675
204,73,23676
205,73,23677
206,73,23678
207,73,23679
208,73,23680
209,73,23681
210,73,23682
211,73,23683
212,73,23684
213,73,23685
214,73,23686
215,73,23687
216,73,23688
217,73,23689
218,73,23690
219,73,23691
220,73,23692
221,73,23693
222,73,23694
223,73,23695
224,73,23696
225,73,23697
226,73,23698
227,73,23699
228,73,23700
229,73,23701
230,73,23702
231,73,23703
232,73,23704
233,73,23705
234,73,23706
235,73,23707
236,73,23708
237,73,23709
238,73,23710
239,73,23711
240,73,23712
241,73,23713
242,73,23714
243,73,23715
244,73,23716
245,73,23717
246,73,23718
247,73,23719
248,73,23720
249,73,23721
250,73,23722
251,73,23723
252,73,23724
253,73,23725
254,73,23726
255,73,23727
256,73,23728
257,73,23729
258,73,23730
259,73,23731
260,73,23732
261,73,23733
262,73,23734
263,73,23735
264,73,23736
265,73,23737
266,73,23738
267,73,23739
268,73,23740
269,73,23741
270,73,23742
271,73,23743
272,73,23744
273,73,23745
274,73,23746
275,73,23747
276,73,23748
277,73,23749
278,73,23750
279,73,23751
280,73,23752
281,73,23753
282,73,23754
283,73,23755
284,73,23756
285,73,23757
286,73,23758
287,73,23759
288,73,23760
289,73,23761
290,73,23762
291,73,23763
292,73,23764
293,73,23765
294,73,23766
295,73,23767
296,73,23768
297,73,23769
298,73,23770
299,73,23771
300,73,23772
301,73,23773
302,73,23774
303,73,23775
304,73,23776
305,73,23777
306,73,23778
307,73,23779
308,73,23780
309,73,23781
310,73,23782
311,73,23783
312,73,23784
313,73,23785
314,73,23786
315,73,23787
316,73,23788
317,73,23789
318,73,23790
319,73,23791
320,73,23792
321,73,23793
322,73,23794
323,73,23795
324,73,23796
325,73,23797
326,73,23798
1,74,23799
2,74,23800
3,74,23801
4,74,23802
5,74,23803
6,74,23804
7,74,23805
8,74,23806
9,74,23807
10,74,23808
11,74,23809
12,74,23810
13,74,23811
14,74,23812
15,74,23813
16,74,23814
17,74,23815
18,74,23816
19,74,23817
20,74,23818
21,74,23819
22,74,23820
23,74,23821
24,74,23822
25,74,23823
26,74,23824
27,74,23825
28,74,23826
29,74,23827
30,74,23828
31,74,23829
32,74,23830
33,74,23831
34,74,23832
35,74,23833
36,74,23834
37,74,23835
38,74,23836
39,74,23837
40,74,23838
41,74,23839
42,74,23840
43,74,23841
44,74,23842
45,74,23843
46,74,23844
47,74,23845
48,74,23846
49,74,23847
50,74,23848
51,74,23849
52,74,23850
53,74,23851
54,74,23852
55,74,23853
56,74,23854
57,74,23855
58,74,23856
59,74,23857
60,74,23858
61,74,23859
62,74,23860
63,74,23861
64,74,23862
65,74,23863
66,74,23864
67,74,23865
68,74,23866
69,74,23867
70,74,23868
71,74,23869
72,74,23870
73,74,23871
74,74,23872
75,74,23873
76,74,23874
77,74,23875
78,74,23876
79,74,23877
80,74,23878
81,74,23879
82,74,23880
83,74,23881
84,74,23882
85,74,23883
86,74,23884
87,74,23885
88,74,23886
89,74,23887
90,74,23888
91,74,23889
92,74,23890
93,74,23891
94,74,23892
95,74,23893
96,74,23894
97,74,23895
98,74,23896
99,74,23897
100,74,23898
101,74,23899
102,74,23900
103,74,23901
104,74,23902
105,74,23903
106,74,23904
107,74,23905
108,74,23906
109,74,23907
110,74,23908
111,74,23909
112,74,23910
113,74,23911
114,74,23912
115,74,23913
116,74,23914
117,74,23915
118,74,23916
119,74,23917
120,74,23918
121,74,23919
122,74,23920
123,74,23921
124,74,23922
125,74,23923
126,74,23924
127,74,23925
128,74,23926
129,74,23927
130,74,23928
131,74,23929
132,74,23930
133,74,23931
134,74,23932
135,74,23933
136,74,23934
137,74,23935
138,74,23936
139,74,23937
140,74,23938
141,74,23939
142,74,23940
143,74,23941
144,74,23942
145,74,23943
146,74,23944
147,74,23945
148,74,23946
149,74,23947
150,74,23948
151,74,23949
152,74,23950
153,74,23951
154,74,23952
155,74,23953
156,74,23954
157,74,23955
158,74,23956
159,74,23957
160,74,23958
161,74,23959
162,74,23960
163,74,23961
164,74,23962
165,74,23963
166,74,23964
167,74,23965
168,74,23966
169,74,23967
170,74,23968
171,74,23969
172,74,23970
173,74,23971
174,74,23972
175,74,23973
176,74,23974
177,74,23975
178,74,23976
179,74,23977
180,74,23978
181,74,23979
182,74,23980
183,74,23981
184,74,23982
185,74,23983
186,74,23984
187,74,23985
188,74,23986
189,74,23987
190,74,23988
191,74,23989
192,74,23990
193,74,23991
194,74,23992
195,74,23993
196,74,23994
197,74,23995
198,74,23996
199,74,23997
200,74,23998
201,74,23999
202,74,24000
203,74,24001
204,74,24002
205,74,24003
206,74,24004
207,74,24005
208,74,24006
209,74,24007
210,74,24008
211,74,24009
212,74,24010
213,74,24011
214,74,24012
215,74,24013
216,74,24014
217,74,24015
218,74,24016
219,74,24017
220,74,24018
221,74,24019
222,74,24020
223,74,24021
224,74,24022
225,74,24023
226,74,24024
227,74,24025
228,74,24026
229,74,24027
230,74,24028
231,74,24029
232,74,24030
233,74,24031
234,74,24032
235,74,24033
236,74,24034
237,74,24035
238,74,24036
239,74,24037
240,74,24038
241,74,24039
242,74,24040
243,74,24041
244,74,24042
245,74,24043
246,74,24044
247,74,24045
248,74,24046
249,74,24047
250,74,24048
251,74,24049
252,74,24050
253,74,24051
254,74,24052
255,74,24053
256,74,24054
257,74,24055
258,74,24056
259,74,24057
260,74,24058
261,74,24059
262,74,24060
263,74,24061
264,74,24062
265,74,24063
266,74,24064
267,74,24065
268,74,24066
269,74,24067
270,74,24068
271,74,24069
272,74,24070
273,74,24071
274,74,24072
275,74,24073
276,74,24074
277,74,24075
278,74,24076
279,74,24077
280,74,24078
281,74,24079
282,74,24080
283,74,24081
284,74,24082
285,74,24083
286,74,24084
287,74,24085
288,74,24086
289,74,24087
290,74,24088
291,74,24089
292,74,24090
293,74,24091
294,74,24092
295,74,24093
296,74,24094
297,74,24095
298,74,24096
299,74,24097
300,74,24098
301,74,24099
302,74,24100
303,74,24101
304,74,24102
305,74,24103
306,74,24104
307,74,24105
308,74,24106
309,74,24107
310,74,24108
311,74,24109
312,74,24110
313,74,24111
314,74,24112
315,74,24113
316,74,24114
317,74,24115
318,74,24116
319,74,24117
320,74,24118
321,74,24119
322,74,24120
323,74,24121
324,74,24122
325,74,24123
326,74,24124
1,75,24125
2,75,24126
3,75,24127
4,75,24128
5,75,24129
6,75,24130
7,75,24131
8,75,24132
9,75,24133
10,75,24134
11,75,24135
12,75,24136
13,75,24137
14,75,24138
15,75,24139
16,75,24140
17,75,24141
18,75,24142
19,75,24143
20,75,24144
21,75,24145
22,75,24146
23,75,24147
24,75,24148
25,75,24149
26,75,24150
27,75,24151
28,75,24152
29,75,24153
30,75,24154
31,75,24155
32,75,24156
33,75,24157
34,75,24158
35,75,24159
36,75,24160
37,75,24161
38,75,24162
39,75,24163
40,75,24164
41,75,24165
42,75,24166
43,75,24167
44,75,24168
45,75,24169
46,75,24170
47,75,24171
48,75,24172
49,75,24173
50,75,24174
51,75,24175
52,75,24176
53,75,24177
54,75,24178
55,75,24179
56,75,24180
57,75,24181
58,75,24182
59,75,24183
60,75,24184
61,75,24185
62,75,24186
63,75,24187
64,75,24188
65,75,24189
66,75,24190
67,75,24191
68,75,24192
69,75,24193
70,75,24194
71,75,24195
72,75,24196
73,75,24197
74,75,24198
75,75,24199
76,75,24200
77,75,24201
78,75,24202
79,75,24203
80,75,24204
81,75,24205
82,75,24206
83,75,24207
84,75,24208
85,75,24209
86,75,24210
87,75,24211
88,75,24212
89,75,24213
90,75,24214
91,75,24215
92,75,24216
93,75,24217
94,75,24218
95,75,24219
96,75,24220
97,75,24221
98,75,24222
99,75,24223
100,75,24224
101,75,24225
102,75,24226
103,75,24227
104,75,24228
105,75,24229
106,75,24230
107,75,24231
108,75,24232
109,75,24233
110,75,24234
111,75,24235
112,75,24236
113,75,24237
114,75,24238
115,75,24239
116,75,24240
117,75,24241
118,75,24242
119,75,24243
120,75,24244
121,75,24245
122,75,24246
123,75,24247
124,75,24248
125,75,24249
126,75,24250
127,75,24251
128,75,24252
129,75,24253
130,75,24254
131,75,24255
132,75,24256
133,75,24257
134,75,24258
135,75,24259
136,75,24260
137,75,24261
138,75,24262
139,75,24263
140,75,24264
141,75,24265
142,75,24266
143,75,24267
144,75,24268
145,75,24269
146,75,24270
147,75,24271
148,75,24272
149,75,24273
150,75,24274
151,75,24275
152,75,24276
153,75,24277
154,75,24278
155,75,24279
156,75,24280
157,75,24281
158,75,24282
159,75,24283
160,75,24284
161,75,24285
162,75,24286
163,75,24287
164,75,24288
165,75,24289
166,75,24290
167,75,24291
168,75,24292
169,75,24293
170,75,24294
171,75,24295
172,75,24296
173,75,24297
174,75,24298
175,75,24299
176,75,24300
177,75,24301
178,75,24302
179,75,24303
180,75,24304
181,75,24305
182,75,24306
183,75,24307
184,75,24308
185,75,24309
186,75,24310
187,75,24311
188,75,24312
189,75,24313
190,75,24314
191,75,24315
192,75,24316
193,75,24317
194,75,24318
195,75,24319
196,75,24320
197,75,24321
198,75,24322
199,75,24323
200,75,24324
201,75,24325
202,75,24326
203,75,24327
204,75,24328
205,75,24329
206,75,24330
207,75,24331
208,75,24332
209,75,24333
210,75,24334
211,75,24335
212,75,24336
213,75,24337
214,75,24338
215,75,24339
216,75,24340
217,75,24341
218,75,24342
219,75,24343
220,75,24344
221,75,24345
222,75,24346
223,75,24347
224,75,24348
225,75,24349
226,75,24350
227,75,24351
228,75,24352
229,75,24353
230,75,24354
231,75,24355
232,75,24356
233,75,24357
234,75,24358
235,75,24359
236,75,24360
237,75,24361
238,75,24362
239,75,24363
240,75,24364
241,75,24365
242,75,24366
243,75,24367
244,75,24368
245,75,24369
246,75,24370
247,75,24371
248,75,24372
249,75,24373
250,75,24374
251,75,24375
252,75,24376
253,75,24377
254,75,24378
255,75,24379
256,75,24380
257,75,24381
258,75,24382
259,75,24383
260,75,24384
261,75,24385
262,75,24386
263,75,24387
264,75,24388
265,75,24389
266,75,24390
267,75,24391
268,75,24392
269,75,24393
270,75,24394
271,75,24395
272,75,24396
273,75,24397
274,75,24398
275,75,24399
276,75,24400
277,75,24401
278,75,24402
279,75,24403
280,75,24404
281,75,24405
282,75,24406
283,75,24407
284,75,24408
285,75,24409
286,75,24410
287,75,24411
288,75,24412
289,75,24413
290,75,24414
291,75,24415
292,75,24416
293,75,24417
294,75,24418
295,75,24419
296,75,24420
297,75,24421
298,75,24422
299,75,24423
300,75,24424
301,75,24425
302,75,24426
303,75,24427
304,75,24428
305,75,24429
306,75,24430
307,75,24431
308,75,24432
309,75,24433
310,75,24434
311,75,24435
312,75,24436
313,75,24437
314,75,24438
315,75,24439
316,75,24440
317,75,24441
318,75,24442
319,75,24443
320,75,24444
321,75,24445
322,75,24446
323,75,24447
324,75,24448
325,75,24449
326,75,24450
1,76,24451
2,76,24452
3,76,24453
4,76,24454
5,76,24455
6,76,24456
7,76,24457
8,76,24458
9,76,24459
10,76,24460
11,76,24461
12,76,24462
13,76,24463
14,76,24464
15,76,24465
16,76,24466
17,76,24467
18,76,24468
19,76,24469
20,76,24470
21,76,24471
22,76,24472
23,76,24473
24,76,24474
25,76,24475
26,76,24476
27,76,24477
28,76,24478
29,76,24479
30,76,24480
31,76,24481
32,76,24482
33,76,24483
34,76,24484
35,76,24485
36,76,24486
37,76,24487
38,76,24488
39,76,24489
40,76,24490
41,76,24491
42,76,24492
43,76,24493
44,76,24494
45,76,24495
46,76,24496
47,76,24497
48,76,24498
49,76,24499
50,76,24500
51,76,24501
52,76,24502
53,76,24503
54,76,24504
55,76,24505
56,76,24506
57,76,24507
58,76,24508
59,76,24509
60,76,24510
61,76,24511
62,76,24512
63,76,24513
64,76,24514
65,76,24515
66,76,24516
67,76,24517
68,76,24518
69,76,24519
70,76,24520
71,76,24521
72,76,24522
73,76,24523
74,76,24524
75,76,24525
76,76,24526
77,76,24527
78,76,24528
79,76,24529
80,76,24530
81,76,24531
82,76,24532
83,76,24533
84,76,24534
85,76,24535
86,76,24536
87,76,24537
88,76,24538
89,76,24539
90,76,24540
91,76,24541
92,76,24542
93,76,24543
94,76,24544
95,76,24545
96,76,24546
97,76,24547
98,76,24548
99,76,24549
100,76,24550
101,76,24551
102,76,24552
103,76,24553
104,76,24554
105,76,24555
106,76,24556
107,76,24557
108,76,24558
109,76,24559
110,76,24560
111,76,24561
112,76,24562
113,76,24563
114,76,24564
115,76,24565
116,76,24566
117,76,24567
118,76,24568
119,76,24569
120,76,24570
121,76,24571
122,76,24572
123,76,24573
124,76,24574
125,76,24575
126,76,24576
127,76,24577
128,76,24578
129,76,24579
130,76,24580
131,76,24581
132,76,24582
133,76,24583
134,76,24584
135,76,24585
136,76,24586
137,76,24587
138,76,24588
139,76,24589
140,76,24590
141,76,24591
142,76,24592
143,76,24593
144,76,24594
145,76,24595
146,76,24596
147,76,24597
148,76,24598
149,76,24599
150,76,24600
151,76,24601
152,76,24602
153,76,24603
154,76,24604
155,76,24605
156,76,24606
157,76,24607
158,76,24608
159,76,24609
160,76,24610
161,76,24611
162,76,24612
163,76,24613
164,76,24614
165,76,24615
166,76,24616
167,76,24617
168,76,24618
169,76,24619
170,76,24620
171,76,24621
172,76,24622
173,76,24623
174,76,24624
175,76,24625
176,76,24626
177,76,24627
178,76,24628
179,76,24629
180,76,24630
181,76,24631
182,76,24632
183,76,24633
184,76,24634
185,76,24635
186,76,24636
187,76,24637
188,76,24638
189,76,24639
190,76,24640
191,76,24641
192,76,24642
193,76,24643
194,76,24644
195,76,24645
196,76,24646
197,76,24647
198,76,24648
199,76,24649
200,76,24650
201,76,24651
202,76,24652
203,76,24653
204,76,24654
205,76,24655
206,76,24656
207,76,24657
208,76,24658
209,76,24659
210,76,24660
211,76,24661
212,76,24662
213,76,24663
214,76,24664
215,76,24665
216,76,24666
217,76,24667
218,76,24668
219,76,24669
220,76,24670
221,76,24671
222,76,24672
223,76,24673
224,76,24674
225,76,24675
226,76,24676
227,76,24677
228,76,24678
229,76,24679
230,76,24680
231,76,24681
232,76,24682
233,76,24683
234,76,24684
235,76,24685
236,76,24686
237,76,24687
238,76,24688
239,76,24689
240,76,24690
241,76,24691
242,76,24692
243,76,24693
244,76,24694
245,76,24695
246,76,24696
247,76,24697
248,76,24698
249,76,24699
250,76,24700
251,76,24701
252,76,24702
253,76,24703
254,76,24704
255,76,24705
256,76,24706
257,76,24707
258,76,24708
259,76,24709
260,76,24710
261,76,24711
262,76,24712
263,76,24713
264,76,24714
265,76,24715
266,76,24716
267,76,24717
268,76,24718
269,76,24719
270,76,24720
271,76,24721
272,76,24722
273,76,24723
274,76,24724
275,76,24725
276,76,24726
277,76,24727
278,76,24728
279,76,24729
280,76,24730
281,76,24731
282,76,24732
283,76,24733
284,76,24734
285,76,24735
286,76,24736
287,76,24737
288,76,24738
289,76,24739
290,76,24740
291,76,24741
292,76,24742
293,76,24743
294,76,24744
295,76,24745
296,76,24746
297,76,24747
298,76,24748
299,76,24749
300,76,24750
301,76,24751
302,76,24752
303,76,24753
304,76,24754
305,76,24755
306,76,24756
307,76,24757
308,76,24758
309,76,24759
310,76,24760
311,76,24761
312,76,24762
313,76,24763
314,76,24764
315,76,24765
316,76,24766
317,76,24767
318,76,24768
319,76,24769
320,76,24770
321,76,24771
322,76,24772
323,76,24773
324,76,24774
325,76,24775
326,76,24776
1,77,24777
2,77,24778
3,77,24779
4,77,24780
5,77,24781
6,77,24782
7,77,24783
8,77,24784
9,77,24785
10,77,24786
11,77,24787
12,77,24788
13,77,24789
14,77,24790
15,77,24791
16,77,24792
17,77,24793
18,77,24794
19,77,24795
20,77,24796
21,77,24797
22,77,24798
23,77,24799
24,77,24800
25,77,24801
26,77,24802
27,77,24803
28,77,24804
29,77,24805
30,77,24806
31,77,24807
32,77,24808
33,77,24809
34,77,24810
35,77,24811
36,77,24812
37,77,24813
38,77,24814
39,77,24815
40,77,24816
41,77,24817
42,77,24818
43,77,24819
44,77,24820
45,77,24821
46,77,24822
47,77,24823
48,77,24824
49,77,24825
50,77,24826
51,77,24827
52,77,24828
53,77,24829
54,77,24830
55,77,24831
56,77,24832
57,77,24833
58,77,24834
59,77,24835
60,77,24836
61,77,24837
62,77,24838
63,77,24839
64,77,24840
65,77,24841
66,77,24842
67,77,24843
68,77,24844
69,77,24845
70,77,24846
71,77,24847
72,77,24848
73,77,24849
74,77,24850
75,77,24851
76,77,24852
77,77,24853
78,77,24854
79,77,24855
80,77,24856
81,77,24857
82,77,24858
83,77,24859
84,77,24860
85,77,24861
86,77,24862
87,77,24863
88,77,24864
89,77,24865
90,77,24866
91,77,24867
92,77,24868
93,77,24869
94,77,24870
95,77,24871
96,77,24872
97,77,24873
98,77,24874
99,77,24875
100,77,24876
101,77,24877
102,77,24878
103,77,24879
104,77,24880
105,77,24881
106,77,24882
107,77,24883
108,77,24884
109,77,24885
110,77,24886
111,77,24887
112,77,24888
113,77,24889
114,77,24890
115,77,24891
116,77,24892
117,77,24893
118,77,24894
119,77,24895
120,77,24896
121,77,24897
122,77,24898
123,77,24899
124,77,24900
125,77,24901
126,77,24902
127,77,24903
128,77,24904
129,77,24905
130,77,24906
131,77,24907
132,77,24908
133,77,24909
134,77,24910
135,77,24911
136,77,24912
137,77,24913
138,77,24914
139,77,24915
140,77,24916
141,77,24917
142,77,24918
143,77,24919
144,77,24920
145,77,24921
146,77,24922
147,77,24923
148,77,24924
149,77,24925
150,77,24926
151,77,24927
152,77,24928
153,77,24929
154,77,24930
155,77,24931
156,77,24932
157,77,24933
158,77,24934
159,77,24935
160,77,24936
161,77,24937
162,77,24938
163,77,24939
164,77,24940
165,77,24941
166,77,24942
167,77,24943
168,77,24944
169,77,24945
170,77,24946
171,77,24947
172,77,24948
173,77,24949
174,77,24950
175,77,24951
176,77,24952
177,77,24953
178,77,24954
179,77,24955
180,77,24956
181,77,24957
182,77,24958
183,77,24959
184,77,24960
185,77,24961
186,77,24962
187,77,24963
188,77,24964
189,77,24965
190,77,24966
191,77,24967
192,77,24968
193,77,24969
194,77,24970
195,77,24971
196,77,24972
197,77,24973
198,77,24974
199,77,24975
200,77,24976
201,77,24977
202,77,24978
203,77,24979
204,77,24980
205,77,24981
206,77,24982
207,77,24983
208,77,24984
209,77,24985
210,77,24986
211,77,24987
212,77,24988
213,77,24989
214,77,24990
215,77,24991
216,77,24992
217,77,24993
218,77,24994
219,77,24995
220,77,24996
221,77,24997
222,77,24998
223,77,24999
224,77,25000
225,77,25001
226,77,25002
227,77,25003
228,77,25004
229,77,25005
230,77,25006
231,77,25007
232,77,25008
233,77,25009
234,77,25010
235,77,25011
236,77,25012
237,77,25013
238,77,25014
239,77,25015
240,77,25016
241,77,25017
242,77,25018
243,77,25019
244,77,25020
245,77,25021
246,77,25022
247,77,25023
248,77,25024
249,77,25025
250,77,25026
251,77,25027
252,77,25028
253,77,25029
254,77,25030
255,77,25031
256,77,25032
257,77,25033
258,77,25034
259,77,25035
260,77,25036
261,77,25037
262,77,25038
263,77,25039
264,77,25040
265,77,25041
266,77,25042
267,77,25043
268,77,25044
269,77,25045
270,77,25046
271,77,25047
272,77,25048
273,77,25049
274,77,25050
275,77,25051
276,77,25052
277,77,25053
278,77,25054
279,77,25055
280,77,25056
281,77,25057
282,77,25058
283,77,25059
284,77,25060
285,77,25061
286,77,25062
287,77,25063
288,77,25064
289,77,25065
290,77,25066
291,77,25067
292,77,25068
293,77,25069
294,77,25070
295,77,25071
296,77,25072
297,77,25073
298,77,25074
299,77,25075
300,77,25076
301,77,25077
302,77,25078
303,77,25079
304,77,25080
305,77,25081
306,77,25082
307,77,25083
308,77,25084
309,77,25085
310,77,25086
311,77,25087
312,77,25088
313,77,25089
314,77,25090
315,77,25091
316,77,25092
317,77,25093
318,77,25094
319,77,25095
320,77,25096
321,77,25097
322,77,25098
323,77,25099
324,77,25100
325,77,25101
326,77,25102
1,78,25103
2,78,25104
3,78,25105
4,78,25106
5,78,25107
6,78,25108
7,78,25109
8,78,25110
9,78,25111
10,78,25112
11,78,25113
12,78,25114
13,78,25115
14,78,25116
15,78,25117
16,78,25118
17,78,25119
18,78,25120
19,78,25121
20,78,25122
21,78,25123
22,78,25124
23,78,25125
24,78,25126
25,78,25127
26,78,25128
27,78,25129
28,78,25130
29,78,25131
30,78,25132
31,78,25133
32,78,25134
33,78,25135
34,78,25136
35,78,25137
36,78,25138
37,78,25139
38,78,25140
39,78,25141
40,78,25142
41,78,25143
42,78,25144
43,78,25145
44,78,25146
45,78,25147
46,78,25148
47,78,25149
48,78,25150
49,78,25151
50,78,25152
51,78,25153
52,78,25154
53,78,25155
54,78,25156
55,78,25157
56,78,25158
57,78,25159
58,78,25160
59,78,25161
60,78,25162
61,78,25163
62,78,25164
63,78,25165
64,78,25166
65,78,25167
66,78,25168
67,78,25169
68,78,25170
69,78,25171
70,78,25172
71,78,25173
72,78,25174
73,78,25175
74,78,25176
75,78,25177
76,78,25178
77,78,25179
78,78,25180
79,78,25181
80,78,25182
81,78,25183
82,78,25184
83,78,25185
84,78,25186
85,78,25187
86,78,25188
87,78,25189
88,78,25190
89,78,25191
90,78,25192
91,78,25193
92,78,25194
93,78,25195
94,78,25196
95,78,25197
96,78,25198
97,78,25199
98,78,25200
99,78,25201
100,78,25202
101,78,25203
102,78,25204
103,78,25205
104,78,25206
105,78,25207
106,78,25208
107,78,25209
108,78,25210
109,78,25211
110,78,25212
111,78,25213
112,78,25214
113,78,25215
114,78,25216
115,78,25217
116,78,25218
117,78,25219
118,78,25220
119,78,25221
120,78,25222
121,78,25223
122,78,25224
123,78,25225
124,78,25226
125,78,25227
126,78,25228
127,78,25229
128,78,25230
129,78,25231
130,78,25232
131,78,25233
132,78,25234
133,78,25235
134,78,25236
135,78,25237
136,78,25238
137,78,25239
138,78,25240
139,78,25241
140,78,25242
141,78,25243
142,78,25244
143,78,25245
144,78,25246
145,78,25247
146,78,25248
147,78,25249
148,78,25250
149,78,25251
150,78,25252
151,78,25253
152,78,25254
153,78,25255
154,78,25256
155,78,25257
156,78,25258
157,78,25259
158,78,25260
159,78,25261
160,78,25262
161,78,25263
162,78,25264
163,78,25265
164,78,25266
165,78,25267
166,78,25268
167,78,25269
168,78,25270
169,78,25271
170,78,25272
171,78,25273
172,78,25274
173,78,25275
174,78,25276
175,78,25277
176,78,25278
177,78,25279
178,78,25280
179,78,25281
180,78,25282
181,78,25283
182,78,25284
183,78,25285
184,78,25286
185,78,25287
186,78,25288
187,78,25289
188,78,25290
189,78,25291
190,78,25292
191,78,25293
192,78,25294
193,78,25295
194,78,25296
195,78,25297
196,78,25298
197,78,25299
198,78,25300
199,78,25301
200,78,25302
201,78,25303
202,78,25304
203,78,25305
204,78,25306
205,78,25307
206,78,25308
207,78,25309
208,78,25310
209,78,25311
210,78,25312
211,78,25313
212,78,25314
213,78,25315
214,78,25316
215,78,25317
216,78,25318
217,78,25319
218,78,25320
219,78,25321
220,78,25322
221,78,25323
222,78,25324
223,78,25325
224,78,25326
225,78,25327
226,78,25328
227,78,25329
228,78,25330
229,78,25331
230,78,25332
231,78,25333
232,78,25334
233,78,25335
234,78,25336
235,78,25337
236,78,25338
237,78,25339
238,78,25340
239,78,25341
240,78,25342
241,78,25343
242,78,25344
243,78,25345
244,78,25346
245,78,25347
246,78,25348
247,78,25349
248,78,25350
249,78,25351
250,78,25352
251,78,25353
252,78,25354
253,78,25355
254,78,25356
255,78,25357
256,78,25358
257,78,25359
258,78,25360
259,78,25361
260,78,25362
261,78,25363
262,78,25364
263,78,25365
264,78,25366
265,78,25367
266,78,25368
267,78,25369
268,78,25370
269,78,25371
270,78,25372
271,78,25373
272,78,25374
273,78,25375
274,78,25376
275,78,25377
276,78,25378
277,78,25379
278,78,25380
279,78,25381
280,78,25382
281,78,25383
282,78,25384
283,78,25385
284,78,25386
285,78,25387
286,78,25388
287,78,25389
288,78,25390
289,78,25391
290,78,25392
291,78,25393
292,78,25394
293,78,25395
294,78,25396
295,78,25397
296,78,25398
297,78,25399
298,78,25400
299,78,25401
300,78,25402
301,78,25403
302,78,25404
303,78,25405
304,78,25406
305,78,25407
306,78,25408
307,78,25409
308,78,25410
309,78,25411
310,78,25412
311,78,25413
312,78,25414
313,78,25415
314,78,25416
315,78,25417
316,78,25418
317,78,25419
318,78,25420
319,78,25421
320,78,25422
321,78,25423
322,78,25424
323,78,25425
324,78,25426
325,78,25427
326,78,25428
1,79,25429
2,79,25430
3,79,25431
4,79,25432
5,79,25433
6,79,25434
7,79,25435
8,79,25436
9,79,25437
10,79,25438
11,79,25439
12,79,25440
13,79,25441
14,79,25442
15,79,25443
16,79,25444
17,79,25445
18,79,25446
19,79,25447
20,79,25448
21,79,25449
22,79,25450
23,79,25451
24,79,25452
25,79,25453
26,79,25454
27,79,25455
28,79,25456
29,79,25457
30,79,25458
31,79,25459
32,79,25460
33,79,25461
34,79,25462
35,79,25463
36,79,25464
37,79,25465
38,79,25466
39,79,25467
40,79,25468
41,79,25469
42,79,25470
43,79,25471
44,79,25472
45,79,25473
46,79,25474
47,79,25475
48,79,25476
49,79,25477
50,79,25478
51,79,25479
52,79,25480
53,79,25481
54,79,25482
55,79,25483
56,79,25484
57,79,25485
58,79,25486
59,79,25487
60,79,25488
61,79,25489
62,79,25490
63,79,25491
64,79,25492
65,79,25493
66,79,25494
67,79,25495
68,79,25496
69,79,25497
70,79,25498
71,79,25499
72,79,25500
73,79,25501
74,79,25502
75,79,25503
76,79,25504
77,79,25505
78,79,25506
79,79,25507
80,79,25508
81,79,25509
82,79,25510
83,79,25511
84,79,25512
85,79,25513
86,79,25514
87,79,25515
88,79,25516
89,79,25517
90,79,25518
91,79,25519
92,79,25520
93,79,25521
94,79,25522
95,79,25523
96,79,25524
97,79,25525
98,79,25526
99,79,25527
100,79,25528
101,79,25529
102,79,25530
103,79,25531
104,79,25532
105,79,25533
106,79,25534
107,79,25535
108,79,25536
109,79,25537
110,79,25538
111,79,25539
112,79,25540
113,79,25541
114,79,25542
115,79,25543
116,79,25544
117,79,25545
118,79,25546
119,79,25547
120,79,25548
121,79,25549
122,79,25550
123,79,25551
124,79,25552
125,79,25553
126,79,25554
127,79,25555
128,79,25556
129,79,25557
130,79,25558
131,79,25559
132,79,25560
133,79,25561
134,79,25562
135,79,25563
136,79,25564
137,79,25565
138,79,25566
139,79,25567
140,79,25568
141,79,25569
142,79,25570
143,79,25571
144,79,25572
145,79,25573
146,79,25574
147,79,25575
148,79,25576
149,79,25577
150,79,25578
151,79,25579
152,79,25580
153,79,25581
154,79,25582
155,79,25583
156,79,25584
157,79,25585
158,79,25586
159,79,25587
160,79,25588
161,79,25589
162,79,25590
163,79,25591
164,79,25592
165,79,25593
166,79,25594
167,79,25595
168,79,25596
169,79,25597
170,79,25598
171,79,25599
172,79,25600
173,79,25601
174,79,25602
175,79,25603
176,79,25604
177,79,25605
178,79,25606
179,79,25607
180,79,25608
181,79,25609
182,79,25610
183,79,25611
184,79,25612
185,79,25613
186,79,25614
187,79,25615
188,79,25616
189,79,25617
190,79,25618
191,79,25619
192,79,25620
193,79,25621
194,79,25622
195,79,25623
196,79,25624
197,79,25625
198,79,25626
199,79,25627
200,79,25628
201,79,25629
202,79,25630
203,79,25631
204,79,25632
205,79,25633
206,79,25634
207,79,25635
208,79,25636
209,79,25637
210,79,25638
211,79,25639
212,79,25640
213,79,25641
214,79,25642
215,79,25643
216,79,25644
217,79,25645
218,79,25646
219,79,25647
220,79,25648
221,79,25649
222,79,25650
223,79,25651
224,79,25652
225,79,25653
226,79,25654
227,79,25655
228,79,25656
229,79,25657
230,79,25658
231,79,25659
232,79,25660
233,79,25661
234,79,25662
235,79,25663
236,79,25664
237,79,25665
238,79,25666
239,79,25667
240,79,25668
241,79,25669
242,79,25670
243,79,25671
244,79,25672
245,79,25673
246,79,25674
247,79,25675
248,79,25676
249,79,25677
250,79,25678
251,79,25679
252,79,25680
253,79,25681
254,79,25682
255,79,25683
256,79,25684
257,79,25685
258,79,25686
259,79,25687
260,79,25688
261,79,25689
262,79,25690
263,79,25691
264,79,25692
265,79,25693
266,79,25694
267,79,25695
268,79,25696
269,79,25697
270,79,25698
271,79,25699
272,79,25700
273,79,25701
274,79,25702
275,79,25703
276,79,25704
277,79,25705
278,79,25706
279,79,25707
280,79,25708
281,79,25709
282,79,25710
283,79,25711
284,79,25712
285,79,25713
286,79,25714
287,79,25715
288,79,25716
289,79,25717
290,79,25718
291,79,25719
292,79,25720
293,79,25721
294,79,25722
295,79,25723
296,79,25724
297,79,25725
298,79,25726
299,79,25727
300,79,25728
301,79,25729
302,79,25730
303,79,25731
304,79,25732
305,79,25733
306,79,25734
307,79,25735
308,79,25736
309,79,25737
310,79,25738
311,79,25739
312,79,25740
313,79,25741
314,79,25742
315,79,25743
316,79,25744
317,79,25745
318,79,25746
319,79,25747
320,79,25748
321,79,25749
322,79,25750
323,79,25751
324,79,25752
325,79,25753
326,79,25754
1,80,25755
2,80,25756
3,80,25757
4,80,25758
5,80,25759
6,80,25760
7,80,25761
8,80,25762
9,80,25763
10,80,25764
11,80,25765
12,80,25766
13,80,25767
14,80,25768
15,80,25769
16,80,25770
17,80,25771
18,80,25772
19,80,25773
20,80,25774
21,80,25775
22,80,25776
23,80,25777
24,80,25778
25,80,25779
26,80,25780
27,80,25781
28,80,25782
29,80,25783
30,80,25784
31,80,25785
32,80,25786
33,80,25787
34,80,25788
35,80,25789
36,80,25790
37,80,25791
38,80,25792
39,80,25793
40,80,25794
41,80,25795
42,80,25796
43,80,25797
44,80,25798
45,80,25799
46,80,25800
47,80,25801
48,80,25802
49,80,25803
50,80,25804
51,80,25805
52,80,25806
53,80,25807
54,80,25808
55,80,25809
56,80,25810
57,80,25811
58,80,25812
59,80,25813
60,80,25814
61,80,25815
62,80,25816
63,80,25817
64,80,25818
65,80,25819
66,80,25820
67,80,25821
68,80,25822
69,80,25823
70,80,25824
71,80,25825
72,80,25826
73,80,25827
74,80,25828
75,80,25829
76,80,25830
77,80,25831
78,80,25832
79,80,25833
80,80,25834
81,80,25835
82,80,25836
83,80,25837
84,80,25838
85,80,25839
86,80,25840
87,80,25841
88,80,25842
89,80,25843
90,80,25844
91,80,25845
92,80,25846
93,80,25847
94,80,25848
95,80,25849
96,80,25850
97,80,25851
98,80,25852
99,80,25853
100,80,25854
101,80,25855
102,80,25856
103,80,25857
104,80,25858
105,80,25859
106,80,25860
107,80,25861
108,80,25862
109,80,25863
110,80,25864
111,80,25865
112,80,25866
113,80,25867
114,80,25868
115,80,25869
116,80,25870
117,80,25871
118,80,25872
119,80,25873
120,80,25874
121,80,25875
122,80,25876
123,80,25877
124,80,25878
125,80,25879
126,80,25880
127,80,25881
128,80,25882
129,80,25883
130,80,25884
131,80,25885
132,80,25886
133,80,25887
134,80,25888
135,80,25889
136,80,25890
137,80,25891
138,80,25892
139,80,25893
140,80,25894
141,80,25895
142,80,25896
143,80,25897
144,80,25898
145,80,25899
146,80,25900
147,80,25901
148,80,25902
149,80,25903
150,80,25904
151,80,25905
152,80,25906
153,80,25907
154,80,25908
155,80,25909
156,80,25910
157,80,25911
158,80,25912
159,80,25913
160,80,25914
161,80,25915
162,80,25916
163,80,25917
164,80,25918
165,80,25919
166,80,25920
167,80,25921
168,80,25922
169,80,25923
170,80,25924
171,80,25925
172,80,25926
173,80,25927
174,80,25928
175,80,25929
176,80,25930
177,80,25931
178,80,25932
179,80,25933
180,80,25934
181,80,25935
182,80,25936
183,80,25937
184,80,25938
185,80,25939
186,80,25940
187,80,25941
188,80,25942
189,80,25943
190,80,25944
191,80,25945
192,80,25946
193,80,25947
194,80,25948
195,80,25949
196,80,25950
197,80,25951
198,80,25952
199,80,25953
200,80,25954
201,80,25955
202,80,25956
203,80,25957
204,80,25958
205,80,25959
206,80,25960
207,80,25961
208,80,25962
209,80,25963
210,80,25964
211,80,25965
212,80,25966
213,80,25967
214,80,25968
215,80,25969
216,80,25970
217,80,25971
218,80,25972
219,80,25973
220,80,25974
221,80,25975
222,80,25976
223,80,25977
224,80,25978
225,80,25979
226,80,25980
227,80,25981
228,80,25982
229,80,25983
230,80,25984
231,80,25985
232,80,25986
233,80,25987
234,80,25988
235,80,25989
236,80,25990
237,80,25991
238,80,25992
239,80,25993
240,80,25994
241,80,25995
242,80,25996
243,80,25997
244,80,25998
245,80,25999
246,80,26000
247,80,26001
248,80,26002
249,80,26003
250,80,26004
251,80,26005
252,80,26006
253,80,26007
254,80,26008
255,80,26009
256,80,26010
257,80,26011
258,80,26012
259,80,26013
260,80,26014
261,80,26015
262,80,26016
263,80,26017
264,80,26018
265,80,26019
266,80,26020
267,80,26021
268,80,26022
269,80,26023
270,80,26024
271,80,26025
272,80,26026
273,80,26027
274,80,26028
275,80,26029
276,80,26030
277,80,26031
278,80,26032
279,80,26033
280,80,26034
281,80,26035
282,80,26036
283,80,26037
284,80,26038
285,80,26039
286,80,26040
287,80,26041
288,80,26042
289,80,26043
290,80,26044
291,80,26045
292,80,26046
293,80,26047
294,80,26048
295,80,26049
296,80,26050
297,80,26051
298,80,26052
299,80,26053
300,80,26054
301,80,26055
302,80,26056
303,80,26057
304,80,26058
305,80,26059
306,80,26060
307,80,26061
308,80,26062
309,80,26063
310,80,26064
311,80,26065
312,80,26066
313,80,26067
314,80,26068
315,80,26069
316,80,26070
317,80,26071
318,80,26072
319,80,26073
320,80,26074
321,80,26075
322,80,26076
323,80,26077
324,80,26078
325,80,26079
326,80,26080
1,81,26081
2,81,26082
3,81,26083
4,81,26084
5,81,26085
6,81,26086
7,81,26087
8,81,26088
9,81,26089
10,81,26090
11,81,26091
12,81,26092
13,81,26093
14,81,26094
15,81,26095
16,81,26096
17,81,26097
18,81,26098
19,81,26099
20,81,26100
21,81,26101
22,81,26102
23,81,26103
24,81,26104
25,81,26105
26,81,26106
27,81,26107
28,81,26108
29,81,26109
30,81,26110
31,81,26111
32,81,26112
33,81,26113
34,81,26114
35,81,26115
36,81,26116
37,81,26117
38,81,26118
39,81,26119
40,81,26120
41,81,26121
42,81,26122
43,81,26123
44,81,26124
45,81,26125
46,81,26126
47,81,26127
48,81,26128
49,81,26129
50,81,26130
51,81,26131
52,81,26132
53,81,26133
54,81,26134
55,81,26135
56,81,26136
57,81,26137
58,81,26138
59,81,26139
60,81,26140
61,81,26141
62,81,26142
63,81,26143
64,81,26144
65,81,26145
66,81,26146
67,81,26147
68,81,26148
69,81,26149
70,81,26150
71,81,26151
72,81,26152
73,81,26153
74,81,26154
75,81,26155
76,81,26156
77,81,26157
78,81,26158
79,81,26159
80,81,26160
81,81,26161
82,81,26162
83,81,26163
84,81,26164
85,81,26165
86,81,26166
87,81,26167
88,81,26168
89,81,26169
90,81,26170
91,81,26171
92,81,26172
93,81,26173
94,81,26174
95,81,26175
96,81,26176
97,81,26177
98,81,26178
99,81,26179
100,81,26180
101,81,26181
102,81,26182
103,81,26183
104,81,26184
105,81,26185
106,81,26186
107,81,26187
108,81,26188
109,81,26189
110,81,26190
111,81,26191
112,81,26192
113,81,26193
114,81,26194
115,81,26195
116,81,26196
117,81,26197
118,81,26198
119,81,26199
120,81,26200
121,81,26201
122,81,26202
123,81,26203
124,81,26204
125,81,26205
126,81,26206
127,81,26207
128,81,26208
129,81,26209
130,81,26210
131,81,26211
132,81,26212
133,81,26213
134,81,26214
135,81,26215
136,81,26216
137,81,26217
138,81,26218
139,81,26219
140,81,26220
141,81,26221
142,81,26222
143,81,26223
144,81,26224
145,81,26225
146,81,26226
147,81,26227
148,81,26228
149,81,26229
150,81,26230
151,81,26231
152,81,26232
153,81,26233
154,81,26234
155,81,26235
156,81,26236
157,81,26237
158,81,26238
159,81,26239
160,81,26240
161,81,26241
162,81,26242
163,81,26243
164,81,26244
165,81,26245
166,81,26246
167,81,26247
168,81,26248
169,81,26249
170,81,26250
171,81,26251
172,81,26252
173,81,26253
174,81,26254
175,81,26255
176,81,26256
177,81,26257
178,81,26258
179,81,26259
180,81,26260
181,81,26261
182,81,26262
183,81,26263
184,81,26264
185,81,26265
186,81,26266
187,81,26267
188,81,26268
189,81,26269
190,81,26270
191,81,26271
192,81,26272
193,81,26273
194,81,26274
195,81,26275
196,81,26276
197,81,26277
198,81,26278
199,81,26279
200,81,26280
201,81,26281
202,81,26282
203,81,26283
204,81,26284
205,81,26285
206,81,26286
207,81,26287
208,81,26288
209,81,26289
210,81,26290
211,81,26291
212,81,26292
213,81,26293
214,81,26294
215,81,26295
216,81,26296
217,81,26297
218,81,26298
219,81,26299
220,81,26300
221,81,26301
222,81,26302
223,81,26303
224,81,26304
225,81,26305
226,81,26306
227,81,26307
228,81,26308
229,81,26309
230,81,26310
231,81,26311
232,81,26312
233,81,26313
234,81,26314
235,81,26315
236,81,26316
237,81,26317
238,81,26318
239,81,26319
240,81,26320
241,81,26321
242,81,26322
243,81,26323
244,81,26324
245,81,26325
246,81,26326
247,81,26327
248,81,26328
249,81,26329
250,81,26330
251,81,26331
252,81,26332
253,81,26333
254,81,26334
255,81,26335
256,81,26336
257,81,26337
258,81,26338
259,81,26339
260,81,26340
261,81,26341
262,81,26342
263,81,26343
264,81,26344
265,81,26345
266,81,26346
267,81,26347
268,81,26348
269,81,26349
270,81,26350
271,81,26351
272,81,26352
273,81,26353
274,81,26354
275,81,26355
276,81,26356
277,81,26357
278,81,26358
279,81,26359
280,81,26360
281,81,26361
282,81,26362
283,81,26363
284,81,26364
285,81,26365
286,81,26366
287,81,26367
288,81,26368
289,81,26369
290,81,26370
291,81,26371
292,81,26372
293,81,26373
294,81,26374
295,81,26375
296,81,26376
297,81,26377
298,81,26378
299,81,26379
300,81,26380
301,81,26381
302,81,26382
303,81,26383
304,81,26384
305,81,26385
306,81,26386
307,81,26387
308,81,26388
309,81,26389
310,81,26390
311,81,26391
312,81,26392
313,81,26393
314,81,26394
315,81,26395
316,81,26396
317,81,26397
318,81,26398
319,81,26399
320,81,26400
321,81,26401
322,81,26402
323,81,26403
324,81,26404
325,81,26405
326,81,26406
1,82,26407
2,82,26408
3,82,26409
4,82,26410
5,82,26411
6,82,26412
7,82,26413
8,82,26414
9,82,26415
10,82,26416
11,82,26417
12,82,26418
13,82,26419
14,82,26420
15,82,26421
16,82,26422
17,82,26423
18,82,26424
19,82,26425
20,82,26426
21,82,26427
22,82,26428
23,82,26429
24,82,26430
25,82,26431
26,82,26432
27,82,26433
28,82,26434
29,82,26435
30,82,26436
31,82,26437
32,82,26438
33,82,26439
34,82,26440
35,82,26441
36,82,26442
37,82,26443
38,82,26444
39,82,26445
40,82,26446
41,82,26447
42,82,26448
43,82,26449
44,82,26450
45,82,26451
46,82,26452
47,82,26453
48,82,26454
49,82,26455
50,82,26456
51,82,26457
52,82,26458
53,82,26459
54,82,26460
55,82,26461
56,82,26462
57,82,26463
58,82,26464
59,82,26465
60,82,26466
61,82,26467
62,82,26468
63,82,26469
64,82,26470
65,82,26471
66,82,26472
67,82,26473
68,82,26474
69,82,26475
70,82,26476
71,82,26477
72,82,26478
73,82,26479
74,82,26480
75,82,26481
76,82,26482
77,82,26483
78,82,26484
79,82,26485
80,82,26486
81,82,26487
82,82,26488
83,82,26489
84,82,26490
85,82,26491
86,82,26492
87,82,26493
88,82,26494
89,82,26495
90,82,26496
91,82,26497
92,82,26498
93,82,26499
94,82,26500
95,82,26501
96,82,26502
97,82,26503
98,82,26504
99,82,26505
100,82,26506
101,82,26507
102,82,26508
103,82,26509
104,82,26510
105,82,26511
106,82,26512
107,82,26513
108,82,26514
109,82,26515
110,82,26516
111,82,26517
112,82,26518
113,82,26519
114,82,26520
115,82,26521
116,82,26522
117,82,26523
118,82,26524
119,82,26525
120,82,26526
121,82,26527
122,82,26528
123,82,26529
124,82,26530
125,82,26531
126,82,26532
127,82,26533
128,82,26534
129,82,26535
130,82,26536
131,82,26537
132,82,26538
133,82,26539
134,82,26540
135,82,26541
136,82,26542
137,82,26543
138,82,26544
139,82,26545
140,82,26546
141,82,26547
142,82,26548
143,82,26549
144,82,26550
145,82,26551
146,82,26552
147,82,26553
148,82,26554
149,82,26555
150,82,26556
151,82,26557
152,82,26558
153,82,26559
154,82,26560
155,82,26561
156,82,26562
157,82,26563
158,82,26564
159,82,26565
160,82,26566
161,82,26567
162,82,26568
163,82,26569
164,82,26570
165,82,26571
166,82,26572
167,82,26573
168,82,26574
169,82,26575
170,82,26576
171,82,26577
172,82,26578
173,82,26579
174,82,26580
175,82,26581
176,82,26582
177,82,26583
178,82,26584
179,82,26585
180,82,26586
181,82,26587
182,82,26588
183,82,26589
184,82,26590
185,82,26591
186,82,26592
187,82,26593
188,82,26594
189,82,26595
190,82,26596
191,82,26597
192,82,26598
193,82,26599
194,82,26600
195,82,26601
196,82,26602
197,82,26603
198,82,26604
199,82,26605
200,82,26606
201,82,26607
202,82,26608
203,82,26609
204,82,26610
205,82,26611
206,82,26612
207,82,26613
208,82,26614
209,82,26615
210,82,26616
211,82,26617
212,82,26618
213,82,26619
214,82,26620
215,82,26621
216,82,26622
217,82,26623
218,82,26624
219,82,26625
220,82,26626
221,82,26627
222,82,26628
223,82,26629
224,82,26630
225,82,26631
226,82,26632
227,82,26633
228,82,26634
229,82,26635
230,82,26636
231,82,26637
232,82,26638
233,82,26639
234,82,26640
235,82,26641
236,82,26642
237,82,26643
238,82,26644
239,82,26645
240,82,26646
241,82,26647
242,82,26648
243,82,26649
244,82,26650
245,82,26651
246,82,26652
247,82,26653
248,82,26654
249,82,26655
250,82,26656
251,82,26657
252,82,26658
253,82,26659
254,82,26660
255,82,26661
256,82,26662
257,82,26663
258,82,26664
259,82,26665
260,82,26666
261,82,26667
262,82,26668
263,82,26669
264,82,26670
265,82,26671
266,82,26672
267,82,26673
268,82,26674
269,82,26675
270,82,26676
271,82,26677
272,82,26678
273,82,26679
274,82,26680
275,82,26681
276,82,26682
277,82,26683
278,82,26684
279,82,26685
280,82,26686
281,82,26687
282,82,26688
283,82,26689
284,82,26690
285,82,26691
286,82,26692
287,82,26693
288,82,26694
289,82,26695
290,82,26696
291,82,26697
292,82,26698
293,82,26699
294,82,26700
295,82,26701
296,82,26702
297,82,26703
298,82,26704
299,82,26705
300,82,26706
301,82,26707
302,82,26708
303,82,26709
304,82,26710
305,82,26711
306,82,26712
307,82,26713
308,82,26714
309,82,26715
310,82,26716
311,82,26717
312,82,26718
313,82,26719
314,82,26720
315,82,26721
316,82,26722
317,82,26723
318,82,26724
319,82,26725
320,82,26726
321,82,26727
322,82,26728
323,82,26729
324,82,26730
325,82,26731
326,82,26732
1,83,26733
2,83,26734
3,83,26735
4,83,26736
5,83,26737
6,83,26738
7,83,26739
8,83,26740
9,83,26741
10,83,26742
11,83,26743
12,83,26744
13,83,26745
14,83,26746
15,83,26747
16,83,26748
17,83,26749
18,83,26750
19,83,26751
20,83,26752
21,83,26753
22,83,26754
23,83,26755
24,83,26756
25,83,26757
26,83,26758
27,83,26759
28,83,26760
29,83,26761
30,83,26762
31,83,26763
32,83,26764
33,83,26765
34,83,26766
35,83,26767
36,83,26768
37,83,26769
38,83,26770
39,83,26771
40,83,26772
41,83,26773
42,83,26774
43,83,26775
44,83,26776
45,83,26777
46,83,26778
47,83,26779
48,83,26780
49,83,26781
50,83,26782
51,83,26783
52,83,26784
53,83,26785
54,83,26786
55,83,26787
56,83,26788
57,83,26789
58,83,26790
59,83,26791
60,83,26792
61,83,26793
62,83,26794
63,83,26795
64,83,26796
65,83,26797
66,83,26798
67,83,26799
68,83,26800
69,83,26801
70,83,26802
71,83,26803
72,83,26804
73,83,26805
74,83,26806
75,83,26807
76,83,26808
77,83,26809
78,83,26810
79,83,26811
80,83,26812
81,83,26813
82,83,26814
83,83,26815
84,83,26816
85,83,26817
86,83,26818
87,83,26819
88,83,26820
89,83,26821
90,83,26822
91,83,26823
92,83,26824
93,83,26825
94,83,26826
95,83,26827
96,83,26828
97,83,26829
98,83,26830
99,83,26831
100,83,26832
101,83,26833
102,83,26834
103,83,26835
104,83,26836
105,83,26837
106,83,26838
107,83,26839
108,83,26840
109,83,26841
110,83,26842
111,83,26843
112,83,26844
113,83,26845
114,83,26846
115,83,26847
116,83,26848
117,83,26849
118,83,26850
119,83,26851
120,83,26852
121,83,26853
122,83,26854
123,83,26855
124,83,26856
125,83,26857
126,83,26858
127,83,26859
128,83,26860
129,83,26861
130,83,26862
131,83,26863
132,83,26864
133,83,26865
134,83,26866
135,83,26867
136,83,26868
137,83,26869
138,83,26870
139,83,26871
140,83,26872
141,83,26873
142,83,26874
143,83,26875
144,83,26876
145,83,26877
146,83,26878
147,83,26879
148,83,26880
149,83,26881
150,83,26882
151,83,26883
152,83,26884
153,83,26885
154,83,26886
155,83,26887
156,83,26888
157,83,26889
158,83,26890
159,83,26891
160,83,26892
161,83,26893
162,83,26894
163,83,26895
164,83,26896
165,83,26897
166,83,26898
167,83,26899
168,83,26900
169,83,26901
170,83,26902
171,83,26903
172,83,26904
173,83,26905
174,83,26906
175,83,26907
176,83,26908
177,83,26909
178,83,26910
179,83,26911
180,83,26912
181,83,26913
182,83,26914
183,83,26915
184,83,26916
185,83,26917
186,83,26918
187,83,26919
188,83,26920
189,83,26921
190,83,26922
191,83,26923
192,83,26924
193,83,26925
194,83,26926
195,83,26927
196,83,26928
197,83,26929
198,83,26930
199,83,26931
200,83,26932
201,83,26933
202,83,26934
203,83,26935
204,83,26936
205,83,26937
206,83,26938
207,83,26939
208,83,26940
209,83,26941
210,83,26942
211,83,26943
212,83,26944
213,83,26945
214,83,26946
215,83,26947
216,83,26948
217,83,26949
218,83,26950
219,83,26951
220,83,26952
221,83,26953
222,83,26954
223,83,26955
224,83,26956
225,83,26957
226,83,26958
227,83,26959
228,83,26960
229,83,26961
230,83,26962
231,83,26963
232,83,26964
233,83,26965
234,83,26966
235,83,26967
236,83,26968
237,83,26969
238,83,26970
239,83,26971
240,83,26972
241,83,26973
242,83,26974
243,83,26975
244,83,26976
245,83,26977
246,83,26978
247,83,26979
248,83,26980
249,83,26981
250,83,26982
251,83,26983
252,83,26984
253,83,26985
254,83,26986
255,83,26987
256,83,26988
257,83,26989
258,83,26990
259,83,26991
260,83,26992
261,83,26993
262,83,26994
263,83,26995
264,83,26996
265,83,26997
266,83,26998
267,83,26999
268,83,27000
269,83,27001
270,83,27002
271,83,27003
272,83,27004
273,83,27005
274,83,27006
275,83,27007
276,83,27008
277,83,27009
278,83,27010
279,83,27011
280,83,27012
281,83,27013
282,83,27014
283,83,27015
284,83,27016
285,83,27017
286,83,27018
287,83,27019
288,83,27020
289,83,27021
290,83,27022
291,83,27023
292,83,27024
293,83,27025
294,83,27026
295,83,27027
296,83,27028
297,83,27029
298,83,27030
299,83,27031
300,83,27032
301,83,27033
302,83,27034
303,83,27035
304,83,27036
305,83,27037
306,83,27038
307,83,27039
308,83,27040
309,83,27041
310,83,27042
311,83,27043
312,83,27044
313,83,27045
314,83,27046
315,83,27047
316,83,27048
317,83,27049
318,83,27050
319,83,27051
320,83,27052
321,83,27053
322,83,27054
323,83,27055
324,83,27056
325,83,27057
326,83,27058
1,84,27059
2,84,27060
3,84,27061
4,84,27062
5,84,27063
6,84,27064
7,84,27065
8,84,27066
9,84,27067
10,84,27068
11,84,27069
12,84,27070
13,84,27071
14,84,27072
15,84,27073
16,84,27074
17,84,27075
18,84,27076
19,84,27077
20,84,27078
21,84,27079
22,84,27080
23,84,27081
24,84,27082
25,84,27083
26,84,27084
27,84,27085
28,84,27086
29,84,27087
30,84,27088
31,84,27089
32,84,27090
33,84,27091
34,84,27092
35,84,27093
36,84,27094
37,84,27095
38,84,27096
39,84,27097
40,84,27098
41,84,27099
42,84,27100
43,84,27101
44,84,27102
45,84,27103
46,84,27104
47,84,27105
48,84,27106
49,84,27107
50,84,27108
51,84,27109
52,84,27110
53,84,27111
54,84,27112
55,84,27113
56,84,27114
57,84,27115
58,84,27116
59,84,27117
60,84,27118
61,84,27119
62,84,27120
63,84,27121
64,84,27122
65,84,27123
66,84,27124
67,84,27125
68,84,27126
69,84,27127
70,84,27128
71,84,27129
72,84,27130
73,84,27131
74,84,27132
75,84,27133
76,84,27134
77,84,27135
78,84,27136
79,84,27137
80,84,27138
81,84,27139
82,84,27140
83,84,27141
84,84,27142
85,84,27143
86,84,27144
87,84,27145
88,84,27146
89,84,27147
90,84,27148
91,84,27149
92,84,27150
93,84,27151
94,84,27152
95,84,27153
96,84,27154
97,84,27155
98,84,27156
99,84,27157
100,84,27158
101,84,27159
102,84,27160
103,84,27161
104,84,27162
105,84,27163
106,84,27164
107,84,27165
108,84,27166
109,84,27167
110,84,27168
111,84,27169
112,84,27170
113,84,27171
114,84,27172
115,84,27173
116,84,27174
117,84,27175
118,84,27176
119,84,27177
120,84,27178
121,84,27179
122,84,27180
123,84,27181
124,84,27182
125,84,27183
126,84,27184
127,84,27185
128,84,27186
129,84,27187
130,84,27188
131,84,27189
132,84,27190
133,84,27191
134,84,27192
135,84,27193
136,84,27194
137,84,27195
138,84,27196
139,84,27197
140,84,27198
141,84,27199
142,84,27200
143,84,27201
144,84,27202
145,84,27203
146,84,27204
147,84,27205
148,84,27206
149,84,27207
150,84,27208
151,84,27209
152,84,27210
153,84,27211
154,84,27212
155,84,27213
156,84,27214
157,84,27215
158,84,27216
159,84,27217
160,84,27218
161,84,27219
162,84,27220
163,84,27221
164,84,27222
165,84,27223
166,84,27224
167,84,27225
168,84,27226
169,84,27227
170,84,27228
171,84,27229
172,84,27230
173,84,27231
174,84,27232
175,84,27233
176,84,27234
177,84,27235
178,84,27236
179,84,27237
180,84,27238
181,84,27239
182,84,27240
183,84,27241
184,84,27242
185,84,27243
186,84,27244
187,84,27245
188,84,27246
189,84,27247
190,84,27248
191,84,27249
192,84,27250
193,84,27251
194,84,27252
195,84,27253
196,84,27254
197,84,27255
198,84,27256
199,84,27257
200,84,27258
201,84,27259
202,84,27260
203,84,27261
204,84,27262
205,84,27263
206,84,27264
207,84,27265
208,84,27266
209,84,27267
210,84,27268
211,84,27269
212,84,27270
213,84,27271
214,84,27272
215,84,27273
216,84,27274
217,84,27275
218,84,27276
219,84,27277
220,84,27278
221,84,27279
222,84,27280
223,84,27281
224,84,27282
225,84,27283
226,84,27284
227,84,27285
228,84,27286
229,84,27287
230,84,27288
231,84,27289
232,84,27290
233,84,27291
234,84,27292
235,84,27293
236,84,27294
237,84,27295
238,84,27296
239,84,27297
240,84,27298
241,84,27299
242,84,27300
243,84,27301
244,84,27302
245,84,27303
246,84,27304
247,84,27305
248,84,27306
249,84,27307
250,84,27308
251,84,27309
252,84,27310
253,84,27311
254,84,27312
255,84,27313
256,84,27314
257,84,27315
258,84,27316
259,84,27317
260,84,27318
261,84,27319
262,84,27320
263,84,27321
264,84,27322
265,84,27323
266,84,27324
267,84,27325
268,84,27326
269,84,27327
270,84,27328
271,84,27329
272,84,27330
273,84,27331
274,84,27332
275,84,27333
276,84,27334
277,84,27335
278,84,27336
279,84,27337
280,84,27338
281,84,27339
282,84,27340
283,84,27341
284,84,27342
285,84,27343
286,84,27344
287,84,27345
288,84,27346
289,84,27347
290,84,27348
291,84,27349
292,84,27350
293,84,27351
294,84,27352
295,84,27353
296,84,27354
297,84,27355
298,84,27356
299,84,27357
300,84,27358
301,84,27359
302,84,27360
303,84,27361
304,84,27362
305,84,27363
306,84,27364
307,84,27365
308,84,27366
309,84,27367
310,84,27368
311,84,27369
312,84,27370
313,84,27371
314,84,27372
315,84,27373
316,84,27374
317,84,27375
318,84,27376
319,84,27377
320,84,27378
321,84,27379
322,84,27380
323,84,27381
324,84,27382
325,84,27383
326,84,27384
1,85,27385
2,85,27386
3,85,27387
4,85,27388
5,85,27389
6,85,27390
7,85,27391
8,85,27392
9,85,27393
10,85,27394
11,85,27395
12,85,27396
13,85,27397
14,85,27398
15,85,27399
16,85,27400
17,85,27401
18,85,27402
19,85,27403
20,85,27404
21,85,27405
22,85,27406
23,85,27407
24,85,27408
25,85,27409
26,85,27410
27,85,27411
28,85,27412
29,85,27413
30,85,27414
31,85,27415
32,85,27416
33,85,27417
34,85,27418
35,85,27419
36,85,27420
37,85,27421
38,85,27422
39,85,27423
40,85,27424
41,85,27425
42,85,27426
43,85,27427
44,85,27428
45,85,27429
46,85,27430
47,85,27431
48,85,27432
49,85,27433
50,85,27434
51,85,27435
52,85,27436
53,85,27437
54,85,27438
55,85,27439
56,85,27440
57,85,27441
58,85,27442
59,85,27443
60,85,27444
61,85,27445
62,85,27446
63,85,27447
64,85,27448
65,85,27449
66,85,27450
67,85,27451
68,85,27452
69,85,27453
70,85,27454
71,85,27455
72,85,27456
73,85,27457
74,85,27458
75,85,27459
76,85,27460
77,85,27461
78,85,27462
79,85,27463
80,85,27464
81,85,27465
82,85,27466
83,85,27467
84,85,27468
85,85,27469
86,85,27470
87,85,27471
88,85,27472
89,85,27473
90,85,27474
91,85,27475
92,85,27476
93,85,27477
94,85,27478
95,85,27479
96,85,27480
97,85,27481
98,85,27482
99,85,27483
100,85,27484
101,85,27485
102,85,27486
103,85,27487
104,85,27488
105,85,27489
106,85,27490
107,85,27491
108,85,27492
109,85,27493
110,85,27494
111,85,27495
112,85,27496
113,85,27497
114,85,27498
115,85,27499
116,85,27500
117,85,27501
118,85,27502
119,85,27503
120,85,27504
121,85,27505
122,85,27506
123,85,27507
124,85,27508
125,85,27509
126,85,27510
127,85,27511
128,85,27512
129,85,27513
130,85,27514
131,85,27515
132,85,27516
133,85,27517
134,85,27518
135,85,27519
136,85,27520
137,85,27521
138,85,27522
139,85,27523
140,85,27524
141,85,27525
142,85,27526
143,85,27527
144,85,27528
145,85,27529
146,85,27530
147,85,27531
148,85,27532
149,85,27533
150,85,27534
151,85,27535
152,85,27536
153,85,27537
154,85,27538
155,85,27539
156,85,27540
157,85,27541
158,85,27542
159,85,27543
160,85,27544
161,85,27545
162,85,27546
163,85,27547
164,85,27548
165,85,27549
166,85,27550
167,85,27551
168,85,27552
169,85,27553
170,85,27554
171,85,27555
172,85,27556
173,85,27557
174,85,27558
175,85,27559
176,85,27560
177,85,27561
178,85,27562
179,85,27563
180,85,27564
181,85,27565
182,85,27566
183,85,27567
184,85,27568
185,85,27569
186,85,27570
187,85,27571
188,85,27572
189,85,27573
190,85,27574
191,85,27575
192,85,27576
193,85,27577
194,85,27578
195,85,27579
196,85,27580
197,85,27581
198,85,27582
199,85,27583
200,85,27584
201,85,27585
202,85,27586
203,85,27587
204,85,27588
205,85,27589
206,85,27590
207,85,27591
208,85,27592
209,85,27593
210,85,27594
211,85,27595
212,85,27596
213,85,27597
214,85,27598
215,85,27599
216,85,27600
217,85,27601
218,85,27602
219,85,27603
220,85,27604
221,85,27605
222,85,27606
223,85,27607
224,85,27608
225,85,27609
226,85,27610
227,85,27611
228,85,27612
229,85,27613
230,85,27614
231,85,27615
232,85,27616
233,85,27617
234,85,27618
235,85,27619
236,85,27620
237,85,27621
238,85,27622
239,85,27623
240,85,27624
241,85,27625
242,85,27626
243,85,27627
244,85,27628
245,85,27629
246,85,27630
247,85,27631
248,85,27632
249,85,27633
250,85,27634
251,85,27635
252,85,27636
253,85,27637
254,85,27638
255,85,27639
256,85,27640
257,85,27641
258,85,27642
259,85,27643
260,85,27644
261,85,27645
262,85,27646
263,85,27647
264,85,27648
265,85,27649
266,85,27650
267,85,27651
268,85,27652
269,85,27653
270,85,27654
271,85,27655
272,85,27656
273,85,27657
274,85,27658
275,85,27659
276,85,27660
277,85,27661
278,85,27662
279,85,27663
280,85,27664
281,85,27665
282,85,27666
283,85,27667
284,85,27668
285,85,27669
286,85,27670
287,85,27671
288,85,27672
289,85,27673
290,85,27674
291,85,27675
292,85,27676
293,85,27677
294,85,27678
295,85,27679
296,85,27680
297,85,27681
298,85,27682
299,85,27683
300,85,27684
301,85,27685
302,85,27686
303,85,27687
304,85,27688
305,85,27689
306,85,27690
307,85,27691
308,85,27692
309,85,27693
310,85,27694
311,85,27695
312,85,27696
313,85,27697
314,85,27698
315,85,27699
316,85,27700
317,85,27701
318,85,27702
319,85,27703
320,85,27704
321,85,27705
322,85,27706
323,85,27707
324,85,27708
325,85,27709
326,85,27710
1,86,27711
2,86,27712
3,86,27713
4,86,27714
5,86,27715
6,86,27716
7,86,27717
8,86,27718
9,86,27719
10,86,27720
11,86,27721
12,86,27722
13,86,27723
14,86,27724
15,86,27725
16,86,27726
17,86,27727
18,86,27728
19,86,27729
20,86,27730
21,86,27731
22,86,27732
23,86,27733
24,86,27734
25,86,27735
26,86,27736
27,86,27737
28,86,27738
29,86,27739
30,86,27740
31,86,27741
32,86,27742
33,86,27743
34,86,27744
35,86,27745
36,86,27746
37,86,27747
38,86,27748
39,86,27749
40,86,27750
41,86,27751
42,86,27752
43,86,27753
44,86,27754
45,86,27755
46,86,27756
47,86,27757
48,86,27758
49,86,27759
50,86,27760
51,86,27761
52,86,27762
53,86,27763
54,86,27764
55,86,27765
56,86,27766
57,86,27767
58,86,27768
59,86,27769
60,86,27770
61,86,27771
62,86,27772
63,86,27773
64,86,27774
65,86,27775
66,86,27776
67,86,27777
68,86,27778
69,86,27779
70,86,27780
71,86,27781
72,86,27782
73,86,27783
74,86,27784
75,86,27785
76,86,27786
77,86,27787
78,86,27788
79,86,27789
80,86,27790
81,86,27791
82,86,27792
83,86,27793
84,86,27794
85,86,27795
86,86,27796
87,86,27797
88,86,27798
89,86,27799
90,86,27800
91,86,27801
92,86,27802
93,86,27803
94,86,27804
95,86,27805
96,86,27806
97,86,27807
98,86,27808
99,86,27809
100,86,27810
101,86,27811
102,86,27812
103,86,27813
104,86,27814
105,86,27815
106,86,27816
107,86,27817
108,86,27818
109,86,27819
110,86,27820
111,86,27821
112,86,27822
113,86,27823
114,86,27824
115,86,27825
116,86,27826
117,86,27827
118,86,27828
119,86,27829
120,86,27830
121,86,27831
122,86,27832
123,86,27833
124,86,27834
125,86,27835
126,86,27836
127,86,27837
128,86,27838
129,86,27839
130,86,27840
131,86,27841
132,86,27842
133,86,27843
134,86,27844
135,86,27845
136,86,27846
137,86,27847
138,86,27848
139,86,27849
140,86,27850
141,86,27851
142,86,27852
143,86,27853
144,86,27854
145,86,27855
146,86,27856
147,86,27857
148,86,27858
149,86,27859
150,86,27860
151,86,27861
152,86,27862
153,86,27863
154,86,27864
155,86,27865
156,86,27866
157,86,27867
158,86,27868
159,86,27869
160,86,27870
161,86,27871
162,86,27872
163,86,27873
164,86,27874
165,86,27875
166,86,27876
167,86,27877
168,86,27878
169,86,27879
170,86,27880
171,86,27881
172,86,27882
173,86,27883
174,86,27884
175,86,27885
176,86,27886
177,86,27887
178,86,27888
179,86,27889
180,86,27890
181,86,27891
182,86,27892
183,86,27893
184,86,27894
185,86,27895
186,86,27896
187,86,27897
188,86,27898
189,86,27899
190,86,27900
191,86,27901
192,86,27902
193,86,27903
194,86,27904
195,86,27905
196,86,27906
197,86,27907
198,86,27908
199,86,27909
200,86,27910
201,86,27911
202,86,27912
203,86,27913
204,86,27914
205,86,27915
206,86,27916
207,86,27917
208,86,27918
209,86,27919
210,86,27920
211,86,27921
212,86,27922
213,86,27923
214,86,27924
215,86,27925
216,86,27926
217,86,27927
218,86,27928
219,86,27929
220,86,27930
221,86,27931
222,86,27932
223,86,27933
224,86,27934
225,86,27935
226,86,27936
227,86,27937
228,86,27938
229,86,27939
230,86,27940
231,86,27941
232,86,27942
233,86,27943
234,86,27944
235,86,27945
236,86,27946
237,86,27947
238,86,27948
239,86,27949
240,86,27950
241,86,27951
242,86,27952
243,86,27953
244,86,27954
245,86,27955
246,86,27956
247,86,27957
248,86,27958
249,86,27959
250,86,27960
251,86,27961
252,86,27962
253,86,27963
254,86,27964
255,86,27965
256,86,27966
257,86,27967
258,86,27968
259,86,27969
260,86,27970
261,86,27971
262,86,27972
263,86,27973
264,86,27974
265,86,27975
266,86,27976
267,86,27977
268,86,27978
269,86,27979
270,86,27980
271,86,27981
272,86,27982
273,86,27983
274,86,27984
275,86,27985
276,86,27986
277,86,27987
278,86,27988
279,86,27989
280,86,27990
281,86,27991
282,86,27992
283,86,27993
284,86,27994
285,86,27995
286,86,27996
287,86,27997
288,86,27998
289,86,27999
290,86,28000
291,86,28001
292,86,28002
293,86,28003
294,86,28004
295,86,28005
296,86,28006
297,86,28007
298,86,28008
299,86,28009
300,86,28010
301,86,28011
302,86,28012
303,86,28013
304,86,28014
305,86,28015
306,86,28016
307,86,28017
308,86,28018
309,86,28019
310,86,28020
311,86,28021
312,86,28022
313,86,28023
314,86,28024
315,86,28025
316,86,28026
317,86,28027
318,86,28028
319,86,28029
320,86,28030
321,86,28031
322,86,28032
323,86,28033
324,86,28034
325,86,28035
326,86,28036
1,87,28037
2,87,28038
3,87,28039
4,87,28040
5,87,28041
6,87,28042
7,87,28043
8,87,28044
9,87,28045
10,87,28046
11,87,28047
12,87,28048
13,87,28049
14,87,28050
15,87,28051
16,87,28052
17,87,28053
18,87,28054
19,87,28055
20,87,28056
21,87,28057
22,87,28058
23,87,28059
24,87,28060
25,87,28061
26,87,28062
27,87,28063
28,87,28064
29,87,28065
30,87,28066
31,87,28067
32,87,28068
33,87,28069
34,87,28070
35,87,28071
36,87,28072
37,87,28073
38,87,28074
39,87,28075
40,87,28076
41,87,28077
42,87,28078
43,87,28079
44,87,28080
45,87,28081
46,87,28082
47,87,28083
48,87,28084
49,87,28085
50,87,28086
51,87,28087
52,87,28088
53,87,28089
54,87,28090
55,87,28091
56,87,28092
57,87,28093
58,87,28094
59,87,28095
60,87,28096
61,87,28097
62,87,28098
63,87,28099
64,87,28100
65,87,28101
66,87,28102
67,87,28103
68,87,28104
69,87,28105
70,87,28106
71,87,28107
72,87,28108
73,87,28109
74,87,28110
75,87,28111
76,87,28112
77,87,28113
78,87,28114
79,87,28115
80,87,28116
81,87,28117
82,87,28118
83,87,28119
84,87,28120
85,87,28121
86,87,28122
87,87,28123
88,87,28124
89,87,28125
90,87,28126
91,87,28127
92,87,28128
93,87,28129
94,87,28130
95,87,28131
96,87,28132
97,87,28133
98,87,28134
99,87,28135
100,87,28136
101,87,28137
102,87,28138
103,87,28139
104,87,28140
105,87,28141
106,87,28142
107,87,28143
108,87,28144
109,87,28145
110,87,28146
111,87,28147
112,87,28148
113,87,28149
114,87,28150
115,87,28151
116,87,28152
117,87,28153
118,87,28154
119,87,28155
120,87,28156
121,87,28157
122,87,28158
123,87,28159
124,87,28160
125,87,28161
126,87,28162
127,87,28163
128,87,28164
129,87,28165
130,87,28166
131,87,28167
132,87,28168
133,87,28169
134,87,28170
135,87,28171
136,87,28172
137,87,28173
138,87,28174
139,87,28175
140,87,28176
141,87,28177
142,87,28178
143,87,28179
144,87,28180
145,87,28181
146,87,28182
147,87,28183
148,87,28184
149,87,28185
150,87,28186
151,87,28187
152,87,28188
153,87,28189
154,87,28190
155,87,28191
156,87,28192
157,87,28193
158,87,28194
159,87,28195
160,87,28196
161,87,28197
162,87,28198
163,87,28199
164,87,28200
165,87,28201
166,87,28202
167,87,28203
168,87,28204
169,87,28205
170,87,28206
171,87,28207
172,87,28208
173,87,28209
174,87,28210
175,87,28211
176,87,28212
177,87,28213
178,87,28214
179,87,28215
180,87,28216
181,87,28217
182,87,28218
183,87,28219
184,87,28220
185,87,28221
186,87,28222
187,87,28223
188,87,28224
189,87,28225
190,87,28226
191,87,28227
192,87,28228
193,87,28229
194,87,28230
195,87,28231
196,87,28232
197,87,28233
198,87,28234
199,87,28235
200,87,28236
201,87,28237
202,87,28238
203,87,28239
204,87,28240
205,87,28241
206,87,28242
207,87,28243
208,87,28244
209,87,28245
210,87,28246
211,87,28247
212,87,28248
213,87,28249
214,87,28250
215,87,28251
216,87,28252
217,87,28253
218,87,28254
219,87,28255
220,87,28256
221,87,28257
222,87,28258
223,87,28259
224,87,28260
225,87,28261
226,87,28262
227,87,28263
228,87,28264
229,87,28265
230,87,28266
231,87,28267
232,87,28268
233,87,28269
234,87,28270
235,87,28271
236,87,28272
237,87,28273
238,87,28274
239,87,28275
240,87,28276
241,87,28277
242,87,28278
243,87,28279
244,87,28280
245,87,28281
246,87,28282
247,87,28283
248,87,28284
249,87,28285
250,87,28286
251,87,28287
252,87,28288
253,87,28289
254,87,28290
255,87,28291
256,87,28292
257,87,28293
258,87,28294
259,87,28295
260,87,28296
261,87,28297
262,87,28298
263,87,28299
264,87,28300
265,87,28301
266,87,28302
267,87,28303
268,87,28304
269,87,28305
270,87,28306
271,87,28307
272,87,28308
273,87,28309
274,87,28310
275,87,28311
276,87,28312
277,87,28313
278,87,28314
279,87,28315
280,87,28316
281,87,28317
282,87,28318
283,87,28319
284,87,28320
285,87,28321
286,87,28322
287,87,28323
288,87,28324
289,87,28325
290,87,28326
291,87,28327
292,87,28328
293,87,28329
294,87,28330
295,87,28331
296,87,28332
297,87,28333
298,87,28334
299,87,28335
300,87,28336
301,87,28337
302,87,28338
303,87,28339
304,87,28340
305,87,28341
306,87,28342
307,87,28343
308,87,28344
309,87,28345
310,87,28346
311,87,28347
312,87,28348
313,87,28349
314,87,28350
315,87,28351
316,87,28352
317,87,28353
318,87,28354
319,87,28355
320,87,28356
321,87,28357
322,87,28358
323,87,28359
324,87,28360
325,87,28361
326,87,28362
1,88,28363
2,88,28364
3,88,28365
4,88,28366
5,88,28367
6,88,28368
7,88,28369
8,88,28370
9,88,28371
10,88,28372
11,88,28373
12,88,28374
13,88,28375
14,88,28376
15,88,28377
16,88,28378
17,88,28379
18,88,28380
19,88,28381
20,88,28382
21,88,28383
22,88,28384
23,88,28385
24,88,28386
25,88,28387
26,88,28388
27,88,28389
28,88,28390
29,88,28391
30,88,28392
31,88,28393
32,88,28394
33,88,28395
34,88,28396
35,88,28397
36,88,28398
37,88,28399
38,88,28400
39,88,28401
40,88,28402
41,88,28403
42,88,28404
43,88,28405
44,88,28406
45,88,28407
46,88,28408
47,88,28409
48,88,28410
49,88,28411
50,88,28412
51,88,28413
52,88,28414
53,88,28415
54,88,28416
55,88,28417
56,88,28418
57,88,28419
58,88,28420
59,88,28421
60,88,28422
61,88,28423
62,88,28424
63,88,28425
64,88,28426
65,88,28427
66,88,28428
67,88,28429
68,88,28430
69,88,28431
70,88,28432
71,88,28433
72,88,28434
73,88,28435
74,88,28436
75,88,28437
76,88,28438
77,88,28439
78,88,28440
79,88,28441
80,88,28442
81,88,28443
82,88,28444
83,88,28445
84,88,28446
85,88,28447
86,88,28448
87,88,28449
88,88,28450
89,88,28451
90,88,28452
91,88,28453
92,88,28454
93,88,28455
94,88,28456
95,88,28457
96,88,28458
97,88,28459
98,88,28460
99,88,28461
100,88,28462
101,88,28463
102,88,28464
103,88,28465
104,88,28466
105,88,28467
106,88,28468
107,88,28469
108,88,28470
109,88,28471
110,88,28472
111,88,28473
112,88,28474
113,88,28475
114,88,28476
115,88,28477
116,88,28478
117,88,28479
118,88,28480
119,88,28481
120,88,28482
121,88,28483
122,88,28484
123,88,28485
124,88,28486
125,88,28487
126,88,28488
127,88,28489
128,88,28490
129,88,28491
130,88,28492
131,88,28493
132,88,28494
133,88,28495
134,88,28496
135,88,28497
136,88,28498
137,88,28499
138,88,28500
139,88,28501
140,88,28502
141,88,28503
142,88,28504
143,88,28505
144,88,28506
145,88,28507
146,88,28508
147,88,28509
148,88,28510
149,88,28511
150,88,28512
151,88,28513
152,88,28514
153,88,28515
154,88,28516
155,88,28517
156,88,28518
157,88,28519
158,88,28520
159,88,28521
160,88,28522
161,88,28523
162,88,28524
163,88,28525
164,88,28526
165,88,28527
166,88,28528
167,88,28529
168,88,28530
169,88,28531
170,88,28532
171,88,28533
172,88,28534
173,88,28535
174,88,28536
175,88,28537
176,88,28538
177,88,28539
178,88,28540
179,88,28541
180,88,28542
181,88,28543
182,88,28544
183,88,28545
184,88,28546
185,88,28547
186,88,28548
187,88,28549
188,88,28550
189,88,28551
190,88,28552
191,88,28553
192,88,28554
193,88,28555
194,88,28556
195,88,28557
196,88,28558
197,88,28559
198,88,28560
199,88,28561
200,88,28562
201,88,28563
202,88,28564
203,88,28565
204,88,28566
205,88,28567
206,88,28568
207,88,28569
208,88,28570
209,88,28571
210,88,28572
211,88,28573
212,88,28574
213,88,28575
214,88,28576
215,88,28577
216,88,28578
217,88,28579
218,88,28580
219,88,28581
220,88,28582
221,88,28583
222,88,28584
223,88,28585
224,88,28586
225,88,28587
226,88,28588
227,88,28589
228,88,28590
229,88,28591
230,88,28592
231,88,28593
232,88,28594
233,88,28595
234,88,28596
235,88,28597
236,88,28598
237,88,28599
238,88,28600
239,88,28601
240,88,28602
241,88,28603
242,88,28604
243,88,28605
244,88,28606
245,88,28607
246,88,28608
247,88,28609
248,88,28610
249,88,28611
250,88,28612
251,88,28613
252,88,28614
253,88,28615
254,88,28616
255,88,28617
256,88,28618
257,88,28619
258,88,28620
259,88,28621
260,88,28622
261,88,28623
262,88,28624
263,88,28625
264,88,28626
265,88,28627
266,88,28628
267,88,28629
268,88,28630
269,88,28631
270,88,28632
271,88,28633
272,88,28634
273,88,28635
274,88,28636
275,88,28637
276,88,28638
277,88,28639
278,88,28640
279,88,28641
280,88,28642
281,88,28643
282,88,28644
283,88,28645
284,88,28646
285,88,28647
286,88,28648
287,88,28649
288,88,28650
289,88,28651
290,88,28652
291,88,28653
292,88,28654
293,88,28655
294,88,28656
295,88,28657
296,88,28658
297,88,28659
298,88,28660
299,88,28661
300,88,28662
301,88,28663
302,88,28664
303,88,28665
304,88,28666
305,88,28667
306,88,28668
307,88,28669
308,88,28670
309,88,28671
310,88,28672
311,88,28673
312,88,28674
313,88,28675
314,88,28676
315,88,28677
316,88,28678
317,88,28679
318,88,28680
319,88,28681
320,88,28682
321,88,28683
322,88,28684
323,88,28685
324,88,28686
325,88,28687
326,88,28688
1,89,28689
2,89,28690
3,89,28691
4,89,28692
5,89,28693
6,89,28694
7,89,28695
8,89,28696
9,89,28697
10,89,28698
11,89,28699
12,89,28700
13,89,28701
14,89,28702
15,89,28703
16,89,28704
17,89,28705
18,89,28706
19,89,28707
20,89,28708
21,89,28709
22,89,28710
23,89,28711
24,89,28712
25,89,28713
26,89,28714
27,89,28715
28,89,28716
29,89,28717
30,89,28718
31,89,28719
32,89,28720
33,89,28721
34,89,28722
35,89,28723
36,89,28724
37,89,28725
38,89,28726
39,89,28727
40,89,28728
41,89,28729
42,89,28730
43,89,28731
44,89,28732
45,89,28733
46,89,28734
47,89,28735
48,89,28736
49,89,28737
50,89,28738
51,89,28739
52,89,28740
53,89,28741
54,89,28742
55,89,28743
56,89,28744
57,89,28745
58,89,28746
59,89,28747
60,89,28748
61,89,28749
62,89,28750
63,89,28751
64,89,28752
65,89,28753
66,89,28754
67,89,28755
68,89,28756
69,89,28757
70,89,28758
71,89,28759
72,89,28760
73,89,28761
74,89,28762
75,89,28763
76,89,28764
77,89,28765
78,89,28766
79,89,28767
80,89,28768
81,89,28769
82,89,28770
83,89,28771
84,89,28772
85,89,28773
86,89,28774
87,89,28775
88,89,28776
89,89,28777
90,89,28778
91,89,28779
92,89,28780
93,89,28781
94,89,28782
95,89,28783
96,89,28784
97,89,28785
98,89,28786
99,89,28787
100,89,28788
101,89,28789
102,89,28790
103,89,28791
104,89,28792
105,89,28793
106,89,28794
107,89,28795
108,89,28796
109,89,28797
110,89,28798
111,89,28799
112,89,28800
113,89,28801
114,89,28802
115,89,28803
116,89,28804
117,89,28805
118,89,28806
119,89,28807
120,89,28808
121,89,28809
122,89,28810
123,89,28811
124,89,28812
125,89,28813
126,89,28814
127,89,28815
128,89,28816
129,89,28817
130,89,28818
131,89,28819
132,89,28820
133,89,28821
134,89,28822
135,89,28823
136,89,28824
137,89,28825
138,89,28826
139,89,28827
140,89,28828
141,89,28829
142,89,28830
143,89,28831
144,89,28832
145,89,28833
146,89,28834
147,89,28835
148,89,28836
149,89,28837
150,89,28838
151,89,28839
152,89,28840
153,89,28841
154,89,28842
155,89,28843
156,89,28844
157,89,28845
158,89,28846
159,89,28847
160,89,28848
161,89,28849
162,89,28850
163,89,28851
164,89,28852
165,89,28853
166,89,28854
167,89,28855
168,89,28856
169,89,28857
170,89,28858
171,89,28859
172,89,28860
173,89,28861
174,89,28862
175,89,28863
176,89,28864
177,89,28865
178,89,28866
179,89,28867
180,89,28868
181,89,28869
182,89,28870
183,89,28871
184,89,28872
185,89,28873
186,89,28874
187,89,28875
188,89,28876
189,89,28877
190,89,28878
191,89,28879
192,89,28880
193,89,28881
194,89,28882
195,89,28883
196,89,28884
197,89,28885
198,89,28886
199,89,28887
200,89,28888
201,89,28889
202,89,28890
203,89,28891
204,89,28892
205,89,28893
206,89,28894
207,89,28895
208,89,28896
209,89,28897
210,89,28898
211,89,28899
212,89,28900
213,89,28901
214,89,28902
215,89,28903
216,89,28904
217,89,28905
218,89,28906
219,89,28907
220,89,28908
221,89,28909
222,89,28910
223,89,28911
224,89,28912
225,89,28913
226,89,28914
227,89,28915
228,89,28916
229,89,28917
230,89,28918
231,89,28919
232,89,28920
233,89,28921
234,89,28922
235,89,28923
236,89,28924
237,89,28925
238,89,28926
239,89,28927
240,89,28928
241,89,28929
242,89,28930
243,89,28931
244,89,28932
245,89,28933
246,89,28934
247,89,28935
248,89,28936
249,89,28937
250,89,28938
251,89,28939
252,89,28940
253,89,28941
254,89,28942
255,89,28943
256,89,28944
257,89,28945
258,89,28946
259,89,28947
260,89,28948
261,89,28949
262,89,28950
263,89,28951
264,89,28952
265,89,28953
266,89,28954
267,89,28955
268,89,28956
269,89,28957
270,89,28958
271,89,28959
272,89,28960
273,89,28961
274,89,28962
275,89,28963
276,89,28964
277,89,28965
278,89,28966
279,89,28967
280,89,28968
281,89,28969
282,89,28970
283,89,28971
284,89,28972
285,89,28973
286,89,28974
287,89,28975
288,89,28976
289,89,28977
290,89,28978
291,89,28979
292,89,28980
293,89,28981
294,89,28982
295,89,28983
296,89,28984
297,89,28985
298,89,28986
299,89,28987
300,89,28988
301,89,28989
302,89,28990
303,89,28991
304,89,28992
305,89,28993
306,89,28994
307,89,28995
308,89,28996
309,89,28997
310,89,28998
311,89,28999
312,89,29000
313,89,29001
314,89,29002
315,89,29003
316,89,29004
317,89,29005
318,89,29006
319,89,29007
320,89,29008
321,89,29009
322,89,29010
323,89,29011
324,89,29012
325,89,29013
326,89,29014
